{
"type": "FeatureCollection",
"name": "ne_10m_ocean",
"crs": { "type": "name", "properties": { "name": "urn:ogc:def:crs:OGC:1.3:CRS84" } },
"features": [
{ "type": "Feature", "properties": { "featurecla": "Ocean", "scalerank": 0, "min_zoom": 0 }, "geometry": { "type": "MultiPolygon", "coordinates": [ [ [ [ -77.135621347452997, 58.0 ], [ -77.12726803299995, 57.984930731000077 ], [ -77.120269334999932, 57.976548570000034 ], [ -77.112416144999941, 57.97016022300005 ], [ -77.106271938999953, 57.966172593000067 ], [ -77.099354620999918, 57.964097398000035 ], [ -77.089222785999937, 57.963568427000041 ], [ -77.079335089999915, 57.961493231000077 ], [ -77.074370897999927, 57.956406968000067 ], [ -77.071115688999953, 57.949774481000077 ], [ -77.066273566999939, 57.943060614000046 ], [ -77.054066535999937, 57.929877020000049 ], [ -77.008290167999917, 57.866034247000073 ], [ -76.997222459999932, 57.857367255000042 ], [ -76.98306230399993, 57.853705145000049 ], [ -76.980376756999931, 57.846502997000073 ], [ -76.949818488999938, 57.827826239000046 ], [ -76.942128058999913, 57.81586334800005 ], [ -76.937326626999948, 57.805121161000045 ], [ -76.926136847999942, 57.789984442000048 ], [ -76.913644985999952, 57.776434637000079 ], [ -76.90461178299995, 57.770493882000039 ], [ -76.895741339999915, 57.762925523000035 ], [ -76.860218878999945, 57.719916083000044 ], [ -76.808705206999946, 57.675523179000038 ], [ -76.805572068999936, 57.613470770000049 ], [ -76.796620245999918, 57.598618882000039 ], [ -76.764637824999909, 57.558823960000041 ], [ -76.734974738999938, 57.49986399900007 ], [ -76.714995897999927, 57.473334052000041 ], [ -76.695708787999934, 57.469427802000041 ], [ -76.695301886999914, 57.465806382000039 ], [ -76.696115688999953, 57.463446356000077 ], [ -76.697743292999917, 57.462632554000038 ], [ -76.701975063999953, 57.462632554000038 ], [ -76.709339972999942, 57.462632554000038 ], [ -76.701283331999946, 57.453558661000045 ], [ -76.686268683999913, 57.42719147300005 ], [ -76.678334113999938, 57.421698309000078 ], [ -76.665191209999932, 57.416489976000037 ], [ -76.656605597999942, 57.404364325000074 ], [ -76.589344855999911, 57.271307684000078 ], [ -76.565337693999936, 57.192002671000068 ], [ -76.56663977799991, 57.164007880000042 ], [ -76.564605272999927, 57.153509833000044 ], [ -76.557932094999899, 57.141099351000037 ], [ -76.54906165299991, 57.132066148000035 ], [ -76.539784308999913, 57.124741929000038 ], [ -76.532704230999911, 57.115301825000074 ], [ -76.531076626999948, 57.102769273000035 ], [ -76.532866990999935, 57.087225653000075 ], [ -76.552601691999939, 57.053208726000037 ], [ -76.557932094999899, 57.031236070000034 ], [ -76.556141730999911, 57.016058661000045 ], [ -76.547027147999927, 56.979722398000035 ], [ -76.54165605399993, 56.938666083000044 ], [ -76.52765865799995, 56.89789459800005 ], [ -76.520985480999911, 56.855536200000074 ], [ -76.508859829999949, 56.814561265000066 ], [ -76.510731574999909, 56.797837632000039 ], [ -76.503732876999948, 56.783758856000077 ], [ -76.504302537999934, 56.764105536000045 ], [ -76.510731574999909, 56.72960032800006 ], [ -76.507191535999937, 56.711493231000077 ], [ -76.527455206999946, 56.594468492000033 ], [ -76.528146938999953, 56.531805731000077 ], [ -76.524403449999909, 56.510484117000033 ], [ -76.526966925999943, 56.504339911000045 ], [ -76.52603105399993, 56.493963934000078 ], [ -76.522450324999909, 56.481634833000044 ], [ -76.516957160999937, 56.469549872000073 ], [ -76.524403449999909, 56.462103583000044 ], [ -76.515126105999911, 56.438177802000041 ], [ -76.518422003999945, 56.413641669000071 ], [ -76.526234503999945, 56.390244859000063 ], [ -76.530629035999937, 56.369614976000037 ], [ -76.53156490799995, 56.34361399900007 ], [ -76.535755988999938, 56.318467515000066 ], [ -76.54515540299991, 56.295030015000066 ], [ -76.578480597999942, 56.255804755000042 ], [ -76.588856574999909, 56.237860419000071 ], [ -76.61554928299995, 56.176703192000048 ], [ -76.618763800999943, 56.166083075000074 ], [ -76.622059699999909, 56.139471747000073 ], [ -76.658680792999917, 56.072984117000033 ], [ -76.681548631999931, 56.042914130000042 ], [ -76.711537238999938, 56.018622137000079 ], [ -76.750355597999942, 56.002752997000073 ], [ -76.781849738999938, 55.998155015000066 ], [ -76.796986456999946, 55.994208075000074 ], [ -76.808705206999946, 55.986029364000046 ], [ -76.813343878999945, 55.977484442000048 ], [ -76.81704667899993, 55.960191148000035 ], [ -76.822010870999918, 55.951849677000041 ], [ -76.841908331999946, 55.933661200000074 ], [ -76.901193813999953, 55.900336005000042 ], [ -77.044545050999943, 55.783026434000078 ], [ -77.163807745999918, 55.709173895000049 ], [ -77.189198370999918, 55.681870835000041 ], [ -77.169992641999897, 55.682969468000067 ], [ -77.139393683999913, 55.697455145000049 ], [ -77.109120245999918, 55.705511786000045 ], [ -77.095773891999897, 55.71275462400007 ], [ -77.088693813999953, 55.714219468000067 ], [ -77.093006964999915, 55.701117255000042 ], [ -77.112904425999943, 55.675360419000071 ], [ -77.138010219999899, 55.657700914000031 ], [ -77.164621548999946, 55.643255927000041 ], [ -77.237538214999915, 55.591742255000042 ], [ -77.635975714999915, 55.37681712400007 ], [ -77.657785610999952, 55.372788804000038 ], [ -77.674956834999932, 55.366929429000038 ], [ -77.781605597999942, 55.273504950000074 ], [ -77.800526495999918, 55.264105536000045 ], [ -77.874419725999928, 55.248643296000068 ], [ -78.007801886999914, 55.188666083000044 ], [ -78.051909959999932, 55.180975653000075 ], [ -78.045725063999953, 55.180975653000075 ], [ -78.155588344999899, 55.14008209800005 ], [ -78.237416144999941, 55.092230536000045 ], [ -78.261138475999928, 55.08539459800005 ], [ -78.27017167899993, 55.081651109000063 ], [ -78.312611456999946, 55.05805084800005 ], [ -78.364613410999937, 55.040635484000063 ], [ -78.378081834999932, 55.033270575000074 ], [ -78.392241990999935, 55.027533270000049 ], [ -78.449777798999946, 55.023382880000042 ], [ -78.504383917999917, 55.002875067000048 ], [ -78.529652472999942, 55.003851630000042 ], [ -78.578277147999927, 54.97569407800006 ], [ -78.60374915299991, 54.968085028000075 ], [ -78.629261847999942, 54.964951890000066 ], [ -78.677601691999939, 54.951280015000066 ], [ -78.726673956999946, 54.944322007000039 ], [ -78.773060675999943, 54.926133531000062 ], [ -78.874867316999939, 54.90766022300005 ], [ -78.895415818999936, 54.899766343000067 ], [ -78.951161261999914, 54.857977606000077 ], [ -78.96743730399993, 54.851996161000045 ], [ -79.292632615999935, 54.797430731000077 ], [ -79.324615037999934, 54.779730536000045 ], [ -79.337391730999911, 54.776922919000071 ], [ -79.384144660999937, 54.775336005000042 ], [ -79.391997850999928, 54.773179429000038 ], [ -79.410878058999913, 54.762681382000039 ], [ -79.484486456999946, 54.756415106000077 ], [ -79.496001756999931, 54.752752997000073 ], [ -79.505197719999899, 54.747992255000042 ], [ -79.516021287999934, 54.743882554000038 ], [ -79.54710852799991, 54.739976304000038 ], [ -79.572377081999946, 54.730658270000049 ], [ -79.595366990999935, 54.725653387000079 ], [ -79.616932745999918, 54.714667059000078 ], [ -79.628488735999952, 54.714829820000034 ], [ -79.636057094999899, 54.719794012000079 ], [ -79.641916469999899, 54.728461005000042 ], [ -79.638091600999928, 54.735947984000063 ], [ -79.628488735999952, 54.742173570000034 ], [ -79.642933722999942, 54.738226630000042 ], [ -79.645985480999911, 54.72601959800005 ], [ -79.640980597999942, 54.716050523000035 ], [ -79.643544074999909, 54.700751044000071 ], [ -79.653187628999945, 54.697943427000041 ], [ -79.664051886999914, 54.696600653000075 ], [ -79.676340298999946, 54.693793036000045 ], [ -79.741810675999943, 54.662298895000049 ], [ -79.765614386999914, 54.65961334800005 ], [ -79.765614386999914, 54.652777411000045 ], [ -79.69945227799991, 54.652940171000068 ], [ -79.67446855399993, 54.658921617000033 ], [ -79.683094855999911, 54.673895575000074 ], [ -79.670643683999913, 54.673895575000074 ], [ -79.659494594999899, 54.669297593000067 ], [ -79.651437954999949, 54.660996812000064 ], [ -79.648304816999939, 54.649725653000075 ], [ -79.653675910999937, 54.642523505000042 ], [ -79.690541144999941, 54.632920640000066 ], [ -79.593739386999914, 54.632920640000066 ], [ -79.59203040299991, 54.621039130000042 ], [ -79.604807094999899, 54.60773346600007 ], [ -79.622466600999928, 54.593247789000031 ], [ -79.635324673999946, 54.577704169000071 ], [ -79.619862433999913, 54.577460028000075 ], [ -79.606353318999936, 54.580755927000041 ], [ -79.580677863999938, 54.591376044000071 ], [ -79.586903449999909, 54.591376044000071 ], [ -79.59203040299991, 54.591864325000074 ], [ -79.596669074999909, 54.593817450000074 ], [ -79.601185675999943, 54.598130601000037 ], [ -79.582142706999946, 54.606390692000048 ], [ -79.559478318999936, 54.608954169000071 ], [ -79.538726365999935, 54.604356187000064 ], [ -79.525461391999897, 54.591376044000071 ], [ -79.529408331999946, 54.577215887000079 ], [ -79.550404425999943, 54.569688218000067 ], [ -79.601185675999943, 54.564642645000049 ], [ -79.601185675999943, 54.557196356000077 ], [ -79.569243943999936, 54.552069403000075 ], [ -79.539865688999953, 54.53502024900007 ], [ -79.529164191999939, 54.517075914000031 ], [ -79.55337480399993, 54.509385484000063 ], [ -79.54523678299995, 54.504828192000048 ], [ -79.537098761999914, 54.502427476000037 ], [ -79.528553839999915, 54.501654364000046 ], [ -79.519195115999935, 54.501939195000034 ], [ -79.519642706999946, 54.494696356000077 ], [ -79.513783331999946, 54.483384507000039 ], [ -79.504505988999938, 54.473008531000062 ], [ -79.494740363999938, 54.468451239000046 ], [ -79.490630662999934, 54.462591864000046 ], [ -79.494252081999946, 54.44953034100007 ], [ -79.504994269999941, 54.426825262000079 ], [ -79.49046790299991, 54.426703192000048 ], [ -79.450306769999941, 54.420030015000066 ], [ -79.450306769999941, 54.413804429000038 ], [ -79.47329667899993, 54.40733470300006 ], [ -79.485422329999949, 54.405747789000031 ], [ -79.498158331999946, 54.406358140000066 ], [ -79.496164516999897, 54.401922919000071 ], [ -79.493234829999949, 54.390448309000078 ], [ -79.491322394999941, 54.38585032800006 ], [ -79.49673417899993, 54.38267649900007 ], [ -79.499663865999935, 54.379339911000045 ], [ -79.501820441999939, 54.375799872000073 ], [ -79.504994269999941, 54.372259833000044 ], [ -79.479888475999928, 54.369696356000077 ], [ -79.463368292999917, 54.353338934000078 ], [ -79.457386847999942, 54.330877997000073 ], [ -79.463978644999941, 54.310166734000063 ], [ -79.435658331999946, 54.310492255000042 ], [ -79.424183722999942, 54.30695221600007 ], [ -79.415598110999952, 54.29718659100007 ], [ -79.424875454999949, 54.295965887000079 ], [ -79.430897589999915, 54.293646552000041 ], [ -79.443511522999927, 54.28351471600007 ], [ -79.408111131999931, 54.270860093000067 ], [ -79.29320227799991, 54.261460679000038 ], [ -79.285878058999913, 54.255560614000046 ], [ -79.290882941999939, 54.244086005000042 ], [ -79.305409308999913, 54.241563218000067 ], [ -79.322255011999914, 54.244370835000041 ], [ -79.33429928299995, 54.248724677000041 ], [ -79.340443488999938, 54.24249909100007 ], [ -79.32681230399993, 54.235052802000041 ], [ -79.32681230399993, 54.228216864000046 ], [ -79.357533331999946, 54.215440171000068 ], [ -79.371815558999913, 54.206244208000044 ], [ -79.382069464999915, 54.194077867000033 ], [ -79.355946417999917, 54.198553778000075 ], [ -79.32054602799991, 54.19672272300005 ], [ -79.291859503999945, 54.188421942000048 ], [ -79.285878058999913, 54.173651434000078 ], [ -79.273101365999935, 54.173203843000067 ], [ -79.261057094999899, 54.174546617000033 ], [ -79.238026495999918, 54.180487372000073 ], [ -79.238270636999914, 54.161688544000071 ], [ -79.213937954999949, 54.163397528000075 ], [ -79.16234290299991, 54.180487372000073 ], [ -79.101389126999948, 54.187608140000066 ], [ -79.068918423999946, 54.187486070000034 ], [ -79.046254035999937, 54.180487372000073 ], [ -79.057362433999913, 54.175604559000078 ], [ -79.07249915299991, 54.162095445000034 ], [ -79.083485480999911, 54.15928782800006 ], [ -79.115345831999946, 54.158270575000074 ], [ -79.12954667899993, 54.154364325000074 ], [ -79.142445441999939, 54.145697333000044 ], [ -79.131418423999946, 54.146429755000042 ], [ -79.120594855999911, 54.145493882000039 ], [ -79.110340949999909, 54.143133856000077 ], [ -79.100900844999899, 54.139471747000073 ], [ -79.10179602799991, 54.134955145000049 ], [ -79.102894660999937, 54.131903387000079 ], [ -79.104644334999932, 54.129014390000066 ], [ -79.10773678299995, 54.125189520000049 ], [ -79.122670050999943, 54.132513739000046 ], [ -79.128651495999918, 54.128526109000063 ], [ -79.124094204999949, 54.119696356000077 ], [ -79.10773678299995, 54.112127997000073 ], [ -79.129383917999917, 54.107489325000074 ], [ -79.156809048999946, 54.112127997000073 ], [ -79.175038214999915, 54.111517645000049 ], [ -79.169178839999915, 54.091050523000035 ], [ -79.266468878999945, 54.099351304000038 ], [ -79.292632615999935, 54.091050523000035 ], [ -79.269357876999948, 54.083563544000071 ], [ -79.137115037999934, 54.082993882000039 ], [ -79.09406490799995, 54.071234442000048 ], [ -79.100738084999932, 54.066758531000062 ], [ -79.103586391999897, 54.065293687000064 ], [ -79.10773678299995, 54.063788153000075 ], [ -79.043690558999913, 54.043198960000041 ], [ -79.032582160999937, 54.046983140000066 ], [ -79.023508266999897, 54.033921617000033 ], [ -78.979562954999949, 54.019232489000046 ], [ -78.964344855999911, 54.002305406000062 ], [ -79.048980272999927, 54.010117906000062 ], [ -79.073597785999937, 54.002305406000062 ], [ -79.067982550999943, 53.999212958000044 ], [ -79.064930792999917, 53.996283270000049 ], [ -79.06273352799991, 53.993109442000048 ], [ -79.059315558999913, 53.989243882000039 ], [ -79.070708787999934, 53.989976304000038 ], [ -79.081613735999952, 53.98936595300006 ], [ -79.091704881999931, 53.986802476000037 ], [ -79.100900844999899, 53.981797593000067 ], [ -79.064035610999952, 53.983465887000079 ], [ -79.048003709999932, 53.979681708000044 ], [ -79.038807745999918, 53.967596747000073 ], [ -79.07640540299991, 53.967596747000073 ], [ -79.042836066999939, 53.96124909100007 ], [ -79.025217251999948, 53.961371161000045 ], [ -79.042347785999937, 53.947211005000042 ], [ -79.073638475999928, 53.948553778000075 ], [ -79.13508053299995, 53.961371161000045 ], [ -79.099191860999952, 53.949408270000049 ], [ -79.022287563999953, 53.935980536000045 ], [ -78.991688605999911, 53.912909247000073 ], [ -79.020904100999928, 53.912665106000077 ], [ -79.050770636999914, 53.916205145000049 ], [ -79.080148891999897, 53.91632721600007 ], [ -79.10773678299995, 53.90611399900007 ], [ -79.084462042999917, 53.902167059000078 ], [ -79.066558397999927, 53.894273179000038 ], [ -79.05890865799995, 53.880194403000075 ], [ -79.066151495999918, 53.857652085000041 ], [ -78.971424933999913, 53.855088609000063 ], [ -78.928618943999936, 53.843451239000046 ], [ -78.901682094999899, 53.817328192000048 ], [ -78.940297003999945, 53.821966864000046 ], [ -78.97679602799991, 53.836004950000074 ], [ -79.013498501999948, 53.845892645000049 ], [ -79.052479620999918, 53.837836005000042 ], [ -79.052479620999918, 53.831000067000048 ], [ -79.043080206999946, 53.831122137000079 ], [ -79.035145636999914, 53.830023505000042 ], [ -79.018910285999937, 53.824164130000042 ], [ -79.073597785999937, 53.803656317000048 ], [ -79.060902472999942, 53.794256903000075 ], [ -79.055083787999934, 53.791571356000077 ], [ -79.046254035999937, 53.790025132000039 ], [ -79.063384568999936, 53.757147528000075 ], [ -79.062611456999946, 53.744086005000042 ], [ -79.038807745999918, 53.74164459800005 ], [ -79.048817511999914, 53.725653387000079 ], [ -79.057362433999913, 53.720038153000075 ], [ -79.126942511999914, 53.722845770000049 ], [ -79.145497199999909, 53.719427802000041 ], [ -79.156117316999939, 53.708075262000079 ], [ -79.130482550999943, 53.706000067000048 ], [ -79.085275844999899, 53.696600653000075 ], [ -79.059315558999913, 53.69444407800006 ], [ -79.033029751999948, 53.695868231000077 ], [ -79.019276495999918, 53.693915106000077 ], [ -79.011545376999948, 53.686997789000031 ], [ -79.013335740999935, 53.677313544000071 ], [ -79.023508266999897, 53.672674872000073 ], [ -79.036244269999941, 53.671576239000046 ], [ -79.046254035999937, 53.672715562000064 ], [ -79.041411912999934, 53.660508531000062 ], [ -79.033762173999946, 53.654730536000045 ], [ -79.022816535999937, 53.652940171000068 ], [ -79.008412238999938, 53.652818101000037 ], [ -79.007557745999918, 53.647650458000044 ], [ -79.012603318999936, 53.63780345300006 ], [ -79.023101365999935, 53.632066148000035 ], [ -79.038807745999918, 53.639227606000077 ], [ -79.048410610999952, 53.630235093000067 ], [ -79.056304490999935, 53.620347398000035 ], [ -79.062367316999939, 53.609564520000049 ], [ -79.066151495999918, 53.598211981000077 ], [ -79.05532792899993, 53.60187409100007 ], [ -79.035959438999953, 53.602769273000035 ], [ -79.025217251999948, 53.604437567000048 ], [ -78.997873501999948, 53.618109442000048 ], [ -78.981760219999899, 53.615423895000049 ], [ -78.965199347999942, 53.608954169000071 ], [ -78.954701300999943, 53.600083726000037 ], [ -78.956898566999939, 53.590765692000048 ], [ -78.956898566999939, 53.584580796000068 ], [ -78.931304490999935, 53.578599351000037 ], [ -78.923085089999915, 53.56671784100007 ], [ -78.932606574999909, 53.555121161000045 ], [ -78.960601365999935, 53.549790757000039 ], [ -78.978586391999897, 53.555975653000075 ], [ -78.999867316999939, 53.566839911000045 ], [ -79.019520636999914, 53.570868231000077 ], [ -79.032582160999937, 53.556626695000034 ], [ -79.021066860999952, 53.553697007000039 ], [ -79.01390540299991, 53.547919012000079 ], [ -79.001576300999943, 53.532782294000071 ], [ -78.992176886999914, 53.527573960000041 ], [ -78.967762824999909, 53.521429755000042 ], [ -78.956898566999939, 53.516302802000041 ], [ -78.978423631999931, 53.505479234000063 ], [ -79.00413977799991, 53.497666734000063 ], [ -79.028431769999941, 53.499090887000079 ], [ -79.046254035999937, 53.516302802000041 ], [ -79.038807745999918, 53.522528387000079 ], [ -79.046254035999937, 53.529364325000074 ], [ -79.038238084999932, 53.532822984000063 ], [ -79.030018683999913, 53.535101630000042 ], [ -79.042062954999949, 53.534979559000078 ], [ -79.070057745999918, 53.530625718000067 ], [ -79.094593878999945, 53.522284247000073 ], [ -79.114572719999899, 53.508856512000079 ], [ -79.097035285999937, 53.49359772300005 ], [ -79.087757941999939, 53.480414130000042 ], [ -79.076283331999946, 53.469427802000041 ], [ -79.052479620999918, 53.461045640000066 ], [ -79.052479620999918, 53.453599351000037 ], [ -79.065256313999953, 53.447862046000068 ], [ -79.063221808999913, 53.441961981000077 ], [ -79.053334113999938, 53.43931712400007 ], [ -79.042551235999952, 53.44367096600007 ], [ -79.032866990999935, 53.449571031000062 ], [ -79.018788214999915, 53.454046942000048 ], [ -79.003814256999931, 53.455796617000033 ], [ -78.991688605999911, 53.453599351000037 ], [ -78.985666469999899, 53.445746161000045 ], [ -78.97288977799991, 53.418524481000077 ], [ -78.96743730399993, 53.412665106000077 ], [ -78.957386847999942, 53.409735419000071 ], [ -78.949818488999938, 53.402289130000042 ], [ -78.944935675999943, 53.392279364000046 ], [ -78.943226691999939, 53.381903387000079 ], [ -78.946888800999943, 53.370347398000035 ], [ -78.962025519999941, 53.357123114000046 ], [ -78.964344855999911, 53.344427802000041 ], [ -78.958119269999941, 53.336615302000041 ], [ -78.946278449999909, 53.327337958000044 ], [ -78.937367316999939, 53.317002671000068 ], [ -78.939808722999942, 53.306219794000071 ], [ -78.953724738999938, 53.295111395000049 ], [ -78.952015753999945, 53.291489976000037 ], [ -78.943226691999939, 53.282945054000038 ], [ -78.934193488999938, 53.27765534100007 ], [ -78.920277472999942, 53.272813218000067 ], [ -78.905913865999935, 53.269598700000074 ], [ -78.895415818999936, 53.268622137000079 ], [ -78.895415818999936, 53.261786200000074 ], [ -78.903309699999909, 53.259588934000078 ], [ -78.922718878999945, 53.248155015000066 ], [ -78.910511847999942, 53.249701239000046 ], [ -78.899281378999945, 53.248236395000049 ], [ -78.891184048999946, 53.242621161000045 ], [ -78.888010219999899, 53.231756903000075 ], [ -78.893422003999945, 53.229844468000067 ], [ -78.919667120999918, 53.224798895000049 ], [ -78.928944464999915, 53.220892645000049 ], [ -78.919829881999931, 53.218369859000063 ], [ -78.912464972999942, 53.21430084800005 ], [ -78.90648352799991, 53.208563544000071 ], [ -78.901682094999899, 53.200995184000078 ], [ -78.921213344999899, 53.191392320000034 ], [ -78.937367316999939, 53.186712958000044 ], [ -78.939279751999948, 53.180365302000041 ], [ -78.915923631999931, 53.166205145000049 ], [ -78.977365688999953, 53.070013739000046 ], [ -78.959868943999936, 53.070257880000042 ], [ -78.943959113999938, 53.072699286000045 ], [ -78.929432745999918, 53.072211005000042 ], [ -78.915923631999931, 53.063828843000067 ], [ -78.926625128999945, 53.049546617000033 ], [ -78.945383266999897, 53.03851959800005 ], [ -78.966460740999935, 53.031317450000074 ], [ -78.984201626999948, 53.02842845300006 ], [ -78.960682745999918, 53.015122789000031 ], [ -78.927154100999928, 53.00499095300006 ], [ -78.893055792999917, 53.001654364000046 ], [ -78.86750240799995, 53.008612372000073 ], [ -78.871490037999934, 53.010687567000048 ], [ -78.872385219999899, 53.011297919000071 ], [ -78.872670050999943, 53.012193101000037 ], [ -78.874989386999914, 53.015448309000078 ], [ -78.857045050999943, 53.017157294000071 ], [ -78.848744269999941, 53.011664130000042 ], [ -78.844146287999934, 53.002020575000074 ], [ -78.837147589999915, 52.991156317000048 ], [ -78.825835740999935, 52.983872789000031 ], [ -78.813221808999913, 52.981390692000048 ], [ -78.785552537999934, 52.98187897300005 ], [ -78.788685675999943, 52.974595445000034 ], [ -78.793039516999897, 52.968858140000066 ], [ -78.798817511999914, 52.964178778000075 ], [ -78.806060350999928, 52.960150458000044 ], [ -78.821888800999943, 52.967149156000062 ], [ -78.852406378999945, 52.960516669000071 ], [ -78.86750240799995, 52.967596747000073 ], [ -78.866932745999918, 52.949571031000062 ], [ -78.874501105999911, 52.939805406000062 ], [ -78.901682094999899, 52.926621812000064 ], [ -78.889963344999899, 52.922064520000049 ], [ -78.880970831999946, 52.91197337400007 ], [ -78.86750240799995, 52.892523505000042 ], [ -78.855295376999948, 52.88389720300006 ], [ -78.842355923999946, 52.877997137000079 ], [ -78.82835852799991, 52.874212958000044 ], [ -78.796009894999941, 52.870917059000078 ], [ -78.783070441999939, 52.871527411000045 ], [ -78.704945441999939, 52.885687567000048 ], [ -78.690012173999946, 52.88507721600007 ], [ -78.774973110999952, 52.826157945000034 ], [ -78.780384894999941, 52.819647528000075 ], [ -78.771595831999946, 52.816758531000062 ], [ -78.760609503999945, 52.817857164000031 ], [ -78.750152147999927, 52.820868231000077 ], [ -78.730946417999917, 52.830430406000062 ], [ -78.72687740799995, 52.811143296000068 ], [ -78.726470506999931, 52.798081773000035 ], [ -78.73501542899993, 52.789170640000066 ], [ -78.757639126999948, 52.78266022300005 ], [ -78.830799933999913, 52.782538153000075 ], [ -78.847035285999937, 52.775213934000078 ], [ -78.850168423999946, 52.757391669000071 ], [ -78.830555792999917, 52.749335028000075 ], [ -78.803781704999949, 52.745672919000071 ], [ -78.785552537999934, 52.741034247000073 ], [ -78.772043423999946, 52.724188544000071 ], [ -78.778391079999949, 52.713812567000048 ], [ -78.796864386999914, 52.70844147300005 ], [ -78.819732225999928, 52.70689524900007 ], [ -78.819732225999928, 52.700669664000031 ], [ -78.783558722999942, 52.700262762000079 ], [ -78.762440558999913, 52.696030992000033 ], [ -78.761463995999918, 52.683783270000049 ], [ -78.785552537999934, 52.659125067000048 ], [ -78.771107550999943, 52.650824286000045 ], [ -78.756011522999927, 52.646470445000034 ], [ -78.740345831999946, 52.646673895000049 ], [ -78.724191860999952, 52.652289130000042 ], [ -78.718861456999946, 52.638251044000071 ], [ -78.709868943999936, 52.624986070000034 ], [ -78.730946417999917, 52.624986070000034 ], [ -78.730946417999917, 52.617539781000062 ], [ -78.71939042899993, 52.614976304000038 ], [ -78.709095831999946, 52.611070054000038 ], [ -78.69945227799991, 52.605414130000042 ], [ -78.690012173999946, 52.597723700000074 ], [ -78.710316535999937, 52.594427802000041 ], [ -78.74445553299995, 52.577500718000067 ], [ -78.765126105999911, 52.577215887000079 ], [ -78.765126105999911, 52.570379950000074 ], [ -78.750721808999913, 52.568548895000049 ], [ -78.72484290299991, 52.562445380000042 ], [ -78.709868943999936, 52.562933661000045 ], [ -78.711822068999936, 52.558213609000063 ], [ -78.71515865799995, 52.546942450000074 ], [ -78.717274542999917, 52.54242584800005 ], [ -78.699045376999948, 52.545843817000048 ], [ -78.683461066999939, 52.552557684000078 ], [ -78.667713995999918, 52.555975653000075 ], [ -78.649037238999938, 52.549261786000045 ], [ -78.652821417999917, 52.531724351000037 ], [ -78.632679816999939, 52.531683661000045 ], [ -78.586333787999934, 52.54242584800005 ], [ -78.575795050999943, 52.53937409100007 ], [ -78.563059048999946, 52.533270575000074 ], [ -78.551665818999936, 52.52484772300005 ], [ -78.545399542999917, 52.515122789000031 ], [ -78.545399542999917, 52.505479234000063 ], [ -78.55101477799991, 52.50141022300005 ], [ -78.558949347999942, 52.497381903000075 ], [ -78.566477016999897, 52.487860419000071 ], [ -78.521473761999914, 52.480943101000037 ], [ -78.515980597999942, 52.476752020000049 ], [ -78.51203365799995, 52.467352606000077 ], [ -78.513579881999931, 52.457953192000048 ], [ -78.540353969999899, 52.449408270000049 ], [ -78.543080206999946, 52.440049546000068 ], [ -78.535145636999914, 52.430650132000039 ], [ -78.518381313999953, 52.426377671000068 ], [ -78.509877081999946, 52.421372789000031 ], [ -78.515695766999897, 52.41046784100007 ], [ -78.526112433999913, 52.399766343000067 ], [ -78.531727667999917, 52.395331122000073 ], [ -78.523508266999897, 52.376776434000078 ], [ -78.50812740799995, 52.36749909100007 ], [ -78.499582485999952, 52.355821031000062 ], [ -78.511830206999946, 52.330186265000066 ], [ -78.546864386999914, 52.304429429000038 ], [ -78.558949347999942, 52.288804429000038 ], [ -78.552845831999946, 52.268133856000077 ], [ -78.535064256999931, 52.275742906000062 ], [ -78.512277798999946, 52.277573960000041 ], [ -78.467152472999942, 52.275580145000049 ], [ -78.448719855999911, 52.272406317000048 ], [ -78.436390753999945, 52.264837958000044 ], [ -78.424672003999945, 52.255845445000034 ], [ -78.408192511999914, 52.248236395000049 ], [ -78.408192511999914, 52.240790106000077 ], [ -78.489979620999918, 52.256699937000064 ], [ -78.518055792999917, 52.255072333000044 ], [ -78.546742316999939, 52.246649481000077 ], [ -78.55296790299991, 52.236395575000074 ], [ -78.531727667999917, 52.199774481000077 ], [ -78.537220831999946, 52.18891022300005 ], [ -78.552479620999918, 52.174058335000041 ], [ -78.558990037999934, 52.165716864000046 ], [ -78.56314042899993, 52.155625718000067 ], [ -78.569488084999932, 52.133490302000041 ], [ -78.573312954999949, 52.124701239000046 ], [ -78.591297980999911, 52.106146552000041 ], [ -78.61164303299995, 52.098456122000073 ], [ -78.633290167999917, 52.093573309000078 ], [ -78.655262824999909, 52.083726304000038 ], [ -78.649728969999899, 52.079901434000078 ], [ -78.64093990799995, 52.07212962400007 ], [ -78.634755011999914, 52.06944407800006 ], [ -78.649728969999899, 52.058661200000074 ], [ -78.669260219999899, 52.055121161000045 ], [ -78.709868943999936, 52.056463934000078 ], [ -78.701527472999942, 52.048203843000067 ], [ -78.697417772999927, 52.039496161000045 ], [ -78.696197068999936, 52.029730536000045 ], [ -78.696197068999936, 52.018255927000041 ], [ -78.700591600999928, 52.014349677000041 ], [ -78.710113084999932, 52.015000718000067 ], [ -78.719715949999909, 52.01398346600007 ], [ -78.730824347999942, 51.98741282800006 ], [ -78.747181769999941, 51.97687409100007 ], [ -78.827259894999941, 51.957871812000064 ], [ -78.871205206999946, 51.95343659100007 ], [ -78.892567511999914, 51.946763414000031 ], [ -78.891509568999936, 51.932074286000045 ], [ -78.874989386999914, 51.908677476000037 ], [ -78.868397589999915, 51.890326239000046 ], [ -78.839670376999948, 51.86827220300006 ], [ -78.833363410999937, 51.857163804000038 ], [ -78.840565558999913, 51.842271226000037 ], [ -78.857085740999935, 51.826890367000033 ], [ -78.876372850999928, 51.814886786000045 ], [ -78.901722785999937, 51.807928778000075 ], [ -78.923817511999914, 51.798203843000067 ], [ -78.936390753999945, 51.795721747000073 ], [ -78.947987433999913, 51.796576239000046 ], [ -78.967884894999941, 51.801459052000041 ], [ -78.977365688999953, 51.802557684000078 ], [ -78.997466600999928, 51.801255601000037 ], [ -79.014963344999899, 51.796128648000035 ], [ -79.029042120999918, 51.785711981000077 ], [ -79.038807745999918, 51.768500067000048 ], [ -79.019398566999939, 51.763169664000088 ], [ -79.009103969999899, 51.753526109000063 ], [ -78.991688605999911, 51.72687409100007 ], [ -78.980580206999946, 51.718573309000078 ], [ -78.965687628999945, 51.711127020000049 ], [ -78.936390753999945, 51.700140692000048 ], [ -78.942494269999941, 51.675116278000075 ], [ -78.929269985999952, 51.66046784100007 ], [ -78.905100063999953, 51.653509833000044 ], [ -78.878407355999911, 51.651719468000067 ], [ -78.86750240799995, 51.646836656000062 ], [ -78.848255988999938, 51.624090887000079 ], [ -78.840809699999909, 51.617010809000078 ], [ -78.829335089999915, 51.614243882000039 ], [ -78.804025844999899, 51.613511460000041 ], [ -78.792388475999928, 51.61078522300005 ], [ -78.808216925999943, 51.595648505000042 ], [ -78.819732225999928, 51.567979234000063 ], [ -78.822661912999934, 51.537705796000068 ], [ -78.812855597999942, 51.514593817000048 ], [ -78.782297329999949, 51.503607489000046 ], [ -78.71312415299991, 51.506537177000041 ], [ -78.690012173999946, 51.487290757000039 ], [ -78.744292772999927, 51.487290757000039 ], [ -78.753570115999935, 51.48619212400007 ], [ -78.793812628999945, 51.47447337400007 ], [ -78.809722459999932, 51.460516669000071 ], [ -78.833363410999937, 51.432684637000079 ], [ -78.84992428299995, 51.422349351000037 ], [ -78.867746548999946, 51.413682359000063 ], [ -78.882150844999899, 51.403265692000048 ], [ -78.888010219999899, 51.387640692000048 ], [ -78.879709438999953, 51.374497789000088 ], [ -78.84007727799991, 51.362901109000063 ], [ -78.826568162999934, 51.350083726000037 ], [ -78.848052537999934, 51.350897528000075 ], [ -78.862375454999949, 51.344183661000045 ], [ -78.884877081999946, 51.319688218000067 ], [ -78.903309699999909, 51.304388739000046 ], [ -78.909047003999945, 51.296087958000044 ], [ -78.912220831999946, 51.289170640000066 ], [ -78.919056769999941, 51.250596421000068 ], [ -78.919789191999939, 51.232977606000077 ], [ -78.91429602799991, 51.219183661000045 ], [ -78.882923956999946, 51.207261460000041 ], [ -78.870187954999949, 51.19281647300005 ], [ -78.858713344999899, 51.176377671000068 ], [ -78.847035285999937, 51.164496161000045 ], [ -78.900949673999946, 51.177069403000075 ], [ -78.912505662999934, 51.182481187000064 ], [ -78.953195766999897, 51.219224351000037 ], [ -78.959828253999945, 51.232489325000074 ], [ -78.963368292999917, 51.247381903000075 ], [ -78.960601365999935, 51.257920640000066 ], [ -78.940907355999911, 51.272284247000073 ], [ -78.935047980999911, 51.281602281000062 ], [ -78.939808722999942, 51.292669989000046 ], [ -78.952463344999899, 51.311590887000079 ], [ -78.970570441999939, 51.377427476000037 ], [ -78.978627081999946, 51.389146226000037 ], [ -78.99836178299995, 51.406805731000077 ], [ -79.005279100999928, 51.419012762000079 ], [ -79.007191535999937, 51.431870835000041 ], [ -79.006581183999913, 51.455755927000041 ], [ -79.011545376999948, 51.467393296000068 ], [ -79.029123501999948, 51.47992584800005 ], [ -79.082753058999913, 51.506659247000073 ], [ -79.09406490799995, 51.518296617000033 ], [ -79.10960852799991, 51.53070709800005 ], [ -79.128163214999915, 51.542547919000071 ], [ -79.141224738999938, 51.542547919000071 ], [ -79.149810350999928, 51.538641669000071 ], [ -79.157948370999918, 51.533148505000042 ], [ -79.169178839999915, 51.528265692000048 ], [ -79.184152798999946, 51.52570221600007 ], [ -79.26585852799991, 51.527777411000045 ], [ -79.27562415299991, 51.531602281000062 ], [ -79.285633917999917, 51.551988023000035 ], [ -79.281117316999939, 51.572088934000078 ], [ -79.258534308999913, 51.603949286000045 ], [ -79.244536912999934, 51.630926825000074 ], [ -79.255482550999943, 51.638739325000074 ], [ -79.278960740999935, 51.64203522300005 ], [ -79.323231574999909, 51.666978257000039 ], [ -79.34601803299995, 51.661810614000046 ], [ -79.468129035999937, 51.580186265000066 ], [ -79.516428188999953, 51.560288804000038 ], [ -79.560170050999943, 51.555528062000064 ], [ -79.545318162999934, 51.536729234000063 ], [ -79.529693162999934, 51.509711005000042 ], [ -79.519113735999952, 51.48350657800006 ], [ -79.519195115999935, 51.467393296000068 ], [ -79.520822719999899, 51.466701565000051 ], [ -79.53189042899993, 51.461737372000073 ], [ -79.590646938999953, 51.453111070000034 ], [ -79.605051235999952, 51.447821356000077 ], [ -79.627837693999936, 51.424383856000077 ], [ -79.645253058999913, 51.419012762000079 ], [ -79.690337693999936, 51.399481512000079 ], [ -79.696766730999911, 51.398504950000074 ], [ -79.700754360999952, 51.385443427000041 ], [ -79.699574347999942, 51.368353583000044 ], [ -79.694569464999915, 51.351670640000066 ], [ -79.686838344999899, 51.339829820000034 ], [ -79.679514126999948, 51.313177802000041 ], [ -79.693959113999938, 51.280991929000038 ], [ -79.731516079999949, 51.233384507000039 ], [ -79.747141079999949, 51.195502020000049 ], [ -79.742665167999917, 51.157578843000067 ], [ -79.725656704999949, 51.121771552000041 ], [ -79.703602667999917, 51.090033270000049 ], [ -79.669829881999931, 51.058417059000078 ], [ -79.545887824999909, 50.99445221600007 ], [ -79.528960740999935, 50.976752020000049 ], [ -79.520822719999899, 50.96548086100006 ], [ -79.497914191999939, 50.934027411000045 ], [ -79.481353318999936, 50.925604559000078 ], [ -79.463978644999941, 50.919134833000044 ], [ -79.443430141999897, 50.903794664000088 ], [ -79.409331834999932, 50.870306708000044 ], [ -79.369211391999897, 50.811387437000064 ], [ -79.357533331999946, 50.802069403000075 ], [ -79.339588995999918, 50.791815497000073 ], [ -79.334543423999946, 50.768418687000064 ], [ -79.33429928299995, 50.726914781000062 ], [ -79.347035285999937, 50.733018296000068 ], [ -79.352853969999899, 50.743353583000044 ], [ -79.354237433999913, 50.756537177000041 ], [ -79.354115363999938, 50.770982164000088 ], [ -79.358387824999909, 50.780462958000044 ], [ -79.391997850999928, 50.805121161000045 ], [ -79.40103105399993, 50.816961981000077 ], [ -79.414418097999942, 50.843451239000046 ], [ -79.423003709999932, 50.856634833000044 ], [ -79.520822719999899, 50.94289785400008 ], [ -79.569162563999953, 50.985581773000035 ], [ -79.675933397999927, 51.049790757000039 ], [ -79.69367428299995, 51.055283921000068 ], [ -79.705922003999945, 51.064520575000074 ], [ -79.744536912999934, 51.123521226000037 ], [ -79.784087693999936, 51.147406317000048 ], [ -79.877797003999945, 51.183091539000088 ], [ -79.923329230999911, 51.206732489000046 ], [ -79.985991990999935, 51.255113023000035 ], [ -80.008941209999932, 51.261338609000063 ], [ -80.067290818999936, 51.267564195000034 ], [ -80.08039303299995, 51.273260809000078 ], [ -80.096587693999936, 51.288885809000078 ], [ -80.108265753999945, 51.296087958000044 ], [ -80.136138475999928, 51.301336981000077 ], [ -80.197010870999918, 51.299383856000077 ], [ -80.224680141999897, 51.305731512000079 ], [ -80.251128709999932, 51.315171617000033 ], [ -80.385121222999942, 51.341376044000071 ], [ -80.410023566999939, 51.339544989000046 ], [ -80.452300584999932, 51.314927476000037 ], [ -80.525990363999938, 51.289252020000049 ], [ -80.567372199999909, 51.265122789000088 ], [ -80.586293097999942, 51.248155015000066 ], [ -80.594309048999946, 51.230292059000078 ], [ -80.604847785999937, 51.218817450000074 ], [ -80.669992641999897, 51.186224677000041 ], [ -80.676625128999945, 51.178574937000064 ], [ -80.682443813999896, 51.169297593000067 ], [ -80.68976803299995, 51.16156647300005 ], [ -80.701039191999939, 51.158311265000066 ], [ -80.712147589999915, 51.15656159100007 ], [ -80.745106574999909, 51.141221421000068 ], [ -80.77017167899993, 51.134263414000088 ], [ -80.823475714999915, 51.131333726000037 ], [ -80.848133917999917, 51.123521226000037 ], [ -80.878244594999899, 51.095648505000042 ], [ -80.917144334999932, 51.030096747000073 ], [ -80.951161261999914, 51.00812409100007 ], [ -80.957997199999909, 51.014960028000075 ], [ -80.934478318999936, 51.031683661000045 ], [ -80.930653449999909, 51.035386460000041 ], [ -80.930897589999915, 51.04405345300006 ], [ -80.934193488999938, 51.05186595300006 ], [ -80.940012173999946, 51.055609442000048 ], [ -80.960194464999915, 51.044623114000046 ], [ -80.978016730999911, 51.039496161000045 ], [ -81.012603318999936, 51.035386460000041 ], [ -80.999867316999939, 51.051947333000044 ], [ -80.984852667999917, 51.06476471600007 ], [ -80.966704881999931, 51.074652411000045 ], [ -80.909413214999915, 51.092962958000044 ], [ -80.899647589999915, 51.100287177000041 ], [ -80.87328040299991, 51.134385484000063 ], [ -80.861805792999917, 51.144639390000066 ], [ -80.838856574999909, 51.15611399900007 ], [ -80.765614386999914, 51.178778387000079 ], [ -80.745513475999928, 51.188421942000048 ], [ -80.738189256999931, 51.193711656000062 ], [ -80.728342251999948, 51.20298899900007 ], [ -80.72134355399993, 51.212225653000075 ], [ -80.709868943999936, 51.23350657800006 ], [ -80.704701300999943, 51.240830796000068 ], [ -80.668812628999945, 51.271063544000071 ], [ -80.628041144999941, 51.295640367000033 ], [ -80.58429928299995, 51.315049546000068 ], [ -80.469471808999913, 51.34796784100007 ], [ -80.447173631999931, 51.350083726000037 ], [ -80.429798956999946, 51.357163804000038 ], [ -80.427561001999948, 51.374090887000079 ], [ -80.437245245999918, 51.412176825000074 ], [ -80.436146613999938, 51.454453843000067 ], [ -80.440297003999945, 51.477280992000033 ], [ -80.454335089999915, 51.487290757000039 ], [ -80.47288977799991, 51.492743231000077 ], [ -80.491851365999935, 51.505926825000074 ], [ -80.508290167999917, 51.521673895000049 ], [ -80.519154425999943, 51.53502024900007 ], [ -80.549224412999934, 51.591050523000035 ], [ -80.55882727799991, 51.623236395000049 ], [ -80.585275844999899, 51.665961005000042 ], [ -80.594309048999946, 51.68585846600007 ], [ -80.595326300999943, 51.697943427000041 ], [ -80.593617316999939, 51.704657294000071 ], [ -80.594878709999932, 51.711371161000045 ], [ -80.605091925999943, 51.723456122000073 ], [ -80.624094204999949, 51.739569403000075 ], [ -80.634877081999946, 51.745184637000079 ], [ -80.646066860999952, 51.747300523000035 ], [ -80.657053188999896, 51.754746812000064 ], [ -80.690337693999936, 51.790269273000035 ], [ -80.704701300999943, 51.802557684000078 ], [ -80.741322394999941, 51.823919989000046 ], [ -80.769276495999918, 51.847276109000063 ], [ -80.777821417999917, 51.852769273000035 ], [ -80.814035610999952, 51.870184637000079 ], [ -80.816151495999918, 51.873399156000062 ], [ -80.815988735999952, 51.877061265000066 ], [ -80.816558397999927, 51.880926825000074 ], [ -80.820790167999917, 51.884507554000038 ], [ -80.827015753999945, 51.885687567000048 ], [ -80.841460740999935, 51.884344794000071 ], [ -80.848133917999917, 51.884507554000038 ], [ -80.897694464999915, 51.896551825000074 ], [ -80.920887824999909, 51.909409898000035 ], [ -80.930653449999909, 51.929185289000088 ], [ -80.934071417999917, 51.939032294000071 ], [ -80.957997199999909, 51.967027085000041 ], [ -80.973011847999942, 51.993963934000078 ], [ -80.979115363999938, 52.00181712400007 ], [ -81.002512173999946, 52.014837958000044 ], [ -81.05695553299995, 52.026556708000044 ], [ -81.078114386999914, 52.039048570000034 ], [ -81.098703579999949, 52.054632880000042 ], [ -81.113107876999948, 52.052110093000067 ], [ -81.129628058999913, 52.044012762000079 ], [ -81.156605597999942, 52.042792059000078 ], [ -81.23306230399993, 52.070868231000077 ], [ -81.270659959999932, 52.091009833000044 ], [ -81.355213995999918, 52.104234117000033 ], [ -81.390614386999914, 52.127793687000064 ], [ -81.437408006999931, 52.190781968000067 ], [ -81.46507727799991, 52.220322984000063 ], [ -81.51203365799995, 52.239325262000079 ], [ -81.746815558999913, 52.241888739000046 ], [ -81.771311001999948, 52.236436265000066 ], [ -81.808949347999942, 52.209214585000041 ], [ -81.832508917999917, 52.199286200000074 ], [ -81.85806230399993, 52.194077867000033 ], [ -81.882801886999914, 52.193589585000041 ], [ -81.851633266999897, 52.220648505000042 ], [ -81.821359829999949, 52.240790106000077 ], [ -81.827544725999928, 52.248236395000049 ], [ -81.837228969999899, 52.242783921000068 ], [ -81.847157355999911, 52.238959052000041 ], [ -81.869130011999914, 52.234564520000049 ], [ -81.848378058999913, 52.248032945000034 ], [ -81.820179816999939, 52.259385484000063 ], [ -81.791859503999945, 52.264227606000077 ], [ -81.770415818999936, 52.258164781000062 ], [ -81.753895636999914, 52.251166083000044 ], [ -81.744007941999939, 52.258164781000062 ], [ -81.735422329999949, 52.275580145000049 ], [ -81.721587693999936, 52.276922919000071 ], [ -81.606556769999941, 52.313666083000044 ], [ -81.581450975999928, 52.316473700000074 ], [ -81.47874915299991, 52.303452867000033 ], [ -81.490223761999914, 52.314439195000034 ], [ -81.531402147999927, 52.339544989000046 ], [ -81.543568488999938, 52.344427802000041 ], [ -81.554514126999948, 52.353094794000071 ], [ -81.566477016999897, 52.395819403000075 ], [ -81.574940558999913, 52.412095445000034 ], [ -81.560292120999918, 52.430161851000037 ], [ -81.556752081999946, 52.444403387000079 ], [ -81.563832160999937, 52.456244208000044 ], [ -81.646351691999939, 52.501532294000071 ], [ -81.679798956999946, 52.510931708000044 ], [ -81.710764126999948, 52.533636786000045 ], [ -81.815907355999911, 52.633653062000064 ], [ -81.851673956999946, 52.656439520000049 ], [ -81.886219855999911, 52.665961005000042 ], [ -81.91820227799991, 52.680365302000041 ], [ -81.959787563999896, 52.747748114000046 ], [ -81.985829230999911, 52.768377997000073 ], [ -81.977040167999917, 52.782171942000048 ], [ -81.988148566999939, 52.798447984000063 ], [ -82.041859503999945, 52.842840887000079 ], [ -82.109364386999914, 52.88507721600007 ], [ -82.124989386999914, 52.891831773000035 ], [ -82.170806443999936, 52.899359442000048 ], [ -82.177805141999897, 52.903509833000044 ], [ -82.186268683999913, 52.910223700000074 ], [ -82.196359829999949, 52.916449286000045 ], [ -82.23664303299995, 52.925970770000049 ], [ -82.274728969999899, 52.957505601000037 ], [ -82.301177537999934, 52.967596747000073 ], [ -82.286284959999932, 52.977769273000035 ], [ -82.283273891999897, 52.99164459800005 ], [ -82.288238084999932, 53.006293036000045 ], [ -82.297718878999945, 53.018866278000075 ], [ -82.303456183999913, 53.032700914000031 ], [ -82.28970292899993, 53.110174872000073 ], [ -82.277943488999938, 53.141099351000037 ], [ -82.245961066999939, 53.200995184000078 ], [ -82.250559048999946, 53.212958075000074 ], [ -82.238148566999939, 53.221421617000033 ], [ -82.218576626999948, 53.226629950000074 ], [ -82.201527472999942, 53.228338934000078 ], [ -82.188588019999941, 53.232041734000063 ], [ -82.140126105999911, 53.258734442000048 ], [ -82.118519660999937, 53.277289130000042 ], [ -82.114409959999932, 53.289007880000042 ], [ -82.115589972999942, 53.309637762000079 ], [ -82.14875240799995, 53.426336981000077 ], [ -82.16242428299995, 53.454087632000039 ], [ -82.191802537999934, 53.49164459800005 ], [ -82.201161261999914, 53.508530992000033 ], [ -82.208159959999932, 53.526597398000035 ], [ -82.211781378999945, 53.543565171000068 ], [ -82.209706183999913, 53.559027411000045 ], [ -82.20539303299995, 53.574693101000037 ], [ -82.206125454999949, 53.590073960000041 ], [ -82.219227667999917, 53.604437567000048 ], [ -82.212554490999935, 53.622666734000063 ], [ -82.207753058999913, 53.648016669000071 ], [ -82.200795050999943, 53.670477606000077 ], [ -82.187896287999934, 53.680161851000037 ], [ -82.150257941999939, 53.731675523000035 ], [ -82.143462693999936, 53.745347398000035 ], [ -82.130686001999948, 53.785589911000045 ], [ -82.126047329999949, 53.812201239000046 ], [ -82.132964647999927, 53.824164130000042 ], [ -82.142445441999939, 53.835882880000042 ], [ -82.15453040299991, 53.887559312000064 ], [ -82.160267706999946, 53.899278062000064 ], [ -82.177845831999946, 53.91905345300006 ], [ -82.242583787999934, 54.065049546000068 ], [ -82.256337042999917, 54.079453843000067 ], [ -82.313710089999915, 54.117377020000049 ], [ -82.324045376999948, 54.122259833000044 ], [ -82.335316535999937, 54.125189520000049 ], [ -82.348947719999899, 54.124619859000063 ], [ -82.360422329999949, 54.12140534100007 ], [ -82.371245897999927, 54.120062567000048 ], [ -82.38304602799991, 54.125189520000049 ], [ -82.368763800999943, 54.137884833000044 ], [ -82.371652798999946, 54.150580145000049 ], [ -82.410145636999914, 54.18663157800006 ], [ -82.420318162999934, 54.199042059000078 ], [ -82.427316860999952, 54.212388414000031 ], [ -82.430897589999915, 54.228216864000046 ], [ -82.430897589999915, 54.29718659100007 ], [ -82.427113410999937, 54.317694403000075 ], [ -82.429269985999952, 54.327704169000071 ], [ -82.441070115999935, 54.331854559000078 ], [ -82.439361131999931, 54.33702220300006 ], [ -82.444488084999932, 54.365423895000049 ], [ -82.438710089999915, 54.371446031000062 ], [ -82.420969204999949, 54.383856512000079 ], [ -82.417225714999915, 54.38898346600007 ], [ -82.414947068999936, 54.39984772300005 ], [ -82.39671790299991, 54.426825262000079 ], [ -82.377837693999936, 54.479071356000077 ], [ -82.315337693999936, 54.577460028000075 ], [ -82.260161912999934, 54.715643622000073 ], [ -82.20140540299991, 54.833929755000042 ], [ -82.198557094999899, 54.85578034100007 ], [ -82.208363410999937, 54.875921942000048 ], [ -82.217884894999941, 54.880235093000067 ], [ -82.242990688999896, 54.88194407800006 ], [ -82.253407355999911, 54.88617584800005 ], [ -82.256459113999938, 54.892930406000062 ], [ -82.266428188999896, 54.927720445000034 ], [ -82.27017167899993, 54.932562567000048 ], [ -82.272694464999915, 54.93781159100007 ], [ -82.273833787999934, 54.944525458000044 ], [ -82.27171790299991, 54.950181382000039 ], [ -82.266997850999928, 54.952744859000063 ], [ -82.262318488999938, 54.954575914000031 ], [ -82.260161912999934, 54.957831122000073 ], [ -82.258534308999913, 54.968817450000074 ], [ -82.256011522999927, 54.976263739000046 ], [ -82.256459113999938, 54.983099677000041 ], [ -82.277902798999946, 55.010931708000044 ], [ -82.282704230999911, 55.028143622000073 ], [ -82.278635219999899, 55.045477606000077 ], [ -82.256703253999945, 55.079087632000039 ], [ -82.248768683999913, 55.099595445000034 ], [ -82.25226803299995, 55.117905992000033 ], [ -82.297027147999927, 55.132757880000042 ], [ -82.330922003999945, 55.162543036000045 ], [ -82.355824347999942, 55.167914130000042 ], [ -82.338612433999913, 55.148789781000062 ], [ -82.316965298999946, 55.132757880000042 ], [ -82.311390753999945, 55.11859772300005 ], [ -82.342762824999909, 55.105292059000078 ], [ -82.32445227799991, 55.081854559000078 ], [ -82.321034308999913, 55.071112372000073 ], [ -82.335316535999937, 55.078599351000037 ], [ -82.35374915299991, 55.080308335000041 ], [ -82.394032355999911, 55.084458726000037 ], [ -82.411040818999936, 55.092230536000045 ], [ -82.41429602799991, 55.098089911000045 ], [ -82.412180141999897, 55.102891343000067 ], [ -82.409413214999915, 55.107530015000066 ], [ -82.411040818999936, 55.11273834800005 ], [ -82.416127081999946, 55.116034247000073 ], [ -82.427845831999946, 55.118719794000071 ], [ -82.434315558999913, 55.122626044000071 ], [ -82.446766730999911, 55.133612372000073 ], [ -82.458485480999911, 55.141180731000077 ], [ -82.472645636999914, 55.145453192000048 ], [ -82.492665167999917, 55.146836656000062 ], [ -82.503895636999914, 55.151109117000033 ], [ -82.515451626999948, 55.159979559000078 ], [ -82.529367641999897, 55.167588609000063 ], [ -82.547596808999913, 55.167914130000042 ], [ -82.54556230399993, 55.163275458000044 ], [ -82.542713995999918, 55.151597398000035 ], [ -82.540760870999918, 55.146836656000062 ], [ -82.56663977799991, 55.14789459800005 ], [ -82.617339647999927, 55.168809312000064 ], [ -82.644398566999939, 55.17413971600007 ], [ -82.671742316999939, 55.170721747000073 ], [ -82.746205206999946, 55.146836656000062 ], [ -82.762928839999915, 55.145127671000068 ], [ -82.81509355399993, 55.146836656000062 ], [ -82.830881313999896, 55.149481512000079 ], [ -82.862538214999915, 55.159898179000038 ], [ -82.87718665299991, 55.160508531000062 ], [ -82.897531704999949, 55.149400132000039 ], [ -82.928944464999915, 55.116929429000038 ], [ -82.951649542999917, 55.11273834800005 ], [ -82.927723761999914, 55.137762762000079 ], [ -82.924305792999917, 55.143418687000064 ], [ -82.92015540299991, 55.156683661000045 ], [ -82.911040818999936, 55.163885809000078 ], [ -82.901926235999952, 55.168443101000037 ], [ -82.897613084999932, 55.17413971600007 ], [ -82.920318162999934, 55.220526434000078 ], [ -82.975697394999941, 55.239081122000073 ], [ -83.03970292899993, 55.238959052000041 ], [ -83.088856574999909, 55.229356187000064 ], [ -83.157541469999899, 55.204291083000044 ], [ -83.185047980999911, 55.20148346600007 ], [ -83.193267381999931, 55.204291083000044 ], [ -83.214588995999918, 55.217474677000041 ], [ -83.225941535999937, 55.221909898000035 ], [ -83.239491339999915, 55.223578192000048 ], [ -83.281239386999914, 55.221909898000035 ], [ -83.399566209999932, 55.231390692000048 ], [ -83.42446855399993, 55.240342515000066 ], [ -83.438303188999896, 55.242417710000041 ], [ -83.483631964999915, 55.239569403000075 ], [ -83.500355597999942, 55.242417710000041 ], [ -83.575306769999941, 55.267320054000038 ], [ -83.689523891999897, 55.284857489000046 ], [ -83.713246222999942, 55.276556708000044 ], [ -83.688099738999938, 55.260199286000045 ], [ -83.674672003999945, 55.25377024900007 ], [ -83.658029751999948, 55.248643296000068 ], [ -83.615793423999946, 55.245591539000031 ], [ -83.592884894999941, 55.241522528000075 ], [ -83.582875128999945, 55.232489325000074 ], [ -83.581044074999909, 55.215887762000079 ], [ -83.575998501999948, 55.204901434000078 ], [ -83.558013475999928, 55.18467845300006 ], [ -83.559315558999913, 55.175726630000042 ], [ -83.56899980399993, 55.166205145000049 ], [ -83.572377081999946, 55.154771226000037 ], [ -83.55492102799991, 55.14008209800005 ], [ -83.561146613999938, 55.133164781000062 ], [ -83.573963995999918, 55.140244859000063 ], [ -83.583159959999932, 55.14789459800005 ], [ -83.588286912999934, 55.156805731000077 ], [ -83.589100714999915, 55.167914130000042 ], [ -83.573557094999899, 55.181992906000062 ], [ -83.566883917999917, 55.190741278000075 ], [ -83.572010870999918, 55.194647528000075 ], [ -83.583078579999949, 55.198065497000073 ], [ -83.589263475999928, 55.206366278000075 ], [ -83.593739386999914, 55.216498114000046 ], [ -83.599680141999897, 55.225653387000079 ], [ -83.611480272999927, 55.232163804000038 ], [ -83.623646613999938, 55.231512762000079 ], [ -83.636789516999897, 55.228867906000062 ], [ -83.651193813999896, 55.229356187000064 ], [ -83.663075324999909, 55.235174872000073 ], [ -83.673247850999928, 55.242905992000033 ], [ -83.684315558999913, 55.248765367000033 ], [ -83.698963995999918, 55.248643296000068 ], [ -83.702992316999939, 55.243841864000046 ], [ -83.711048956999946, 55.225897528000075 ], [ -83.716297980999911, 55.221909898000035 ], [ -83.73664303299995, 55.224554755000042 ], [ -83.732899542999917, 55.23187897300005 ], [ -83.724232550999943, 55.243638414000031 ], [ -83.729969855999911, 55.259507554000038 ], [ -83.767567511999914, 55.281317450000074 ], [ -83.861236131999931, 55.305121161000045 ], [ -83.904408331999946, 55.321275132000039 ], [ -83.929066535999937, 55.326524156000062 ], [ -83.95726477799991, 55.322088934000078 ], [ -84.079009568999936, 55.277451890000066 ], [ -84.098093227999925, 55.276760158000059 ], [ -84.13117428299995, 55.280340887000079 ], [ -84.193511522999927, 55.295477606000077 ], [ -84.227162238999938, 55.297064520000049 ], [ -84.421620245999918, 55.281927802000041 ], [ -84.44359290299991, 55.272528387000079 ], [ -84.481597459999932, 55.267564195000034 ], [ -84.555531378999945, 55.248643296000068 ], [ -84.613148566999939, 55.245184637000079 ], [ -84.946400519999941, 55.295152085000041 ], [ -85.053944464999915, 55.294134833000044 ], [ -85.105620897999927, 55.284735419000071 ], [ -85.15453040299991, 55.267808335000041 ], [ -85.199126756999931, 55.242417710000041 ], [ -85.324615037999934, 55.123236395000049 ], [ -85.336984829999949, 55.105292059000078 ], [ -85.366363084999932, 55.038885809000078 ], [ -85.381662563999896, 55.019883531000062 ], [ -85.403553839999915, 55.003119208000044 ], [ -85.417307094999899, 54.999212958000044 ], [ -85.419097459999932, 55.009711005000042 ], [ -85.405181443999936, 55.036363023000035 ], [ -85.388091600999928, 55.061875718000067 ], [ -85.385365363999938, 55.067694403000075 ], [ -85.387440558999913, 55.076117255000042 ], [ -85.396351691999939, 55.089911200000074 ], [ -85.398426886999914, 55.095648505000042 ], [ -85.389027472999942, 55.112127997000073 ], [ -85.322661912999934, 55.153672593000067 ], [ -85.309315558999913, 55.170355536000045 ], [ -85.286936001999948, 55.207220770000049 ], [ -85.27179928299995, 55.225653387000079 ], [ -85.259632941999939, 55.233750718000067 ], [ -85.232167120999918, 55.242377020000049 ], [ -85.220285610999952, 55.248643296000068 ], [ -85.212961391999897, 55.257798570000034 ], [ -85.207875128999945, 55.275376695000034 ], [ -85.199126756999931, 55.284002997000073 ], [ -85.174712693999936, 55.29132721600007 ], [ -85.148101365999935, 55.293890692000048 ], [ -85.126616990999935, 55.302557684000078 ], [ -85.11782792899993, 55.32843659100007 ], [ -85.127919074999909, 55.349798895000049 ], [ -85.152007615999935, 55.360419012000079 ], [ -85.264068162999934, 55.37445709800005 ], [ -85.321522589999915, 55.389715887000079 ], [ -85.439160290999951, 55.428429553000058 ], [ -85.503163214999915, 55.473496812000064 ], [ -85.523138671999902, 55.488783742000066 ], [ -85.556569422999928, 55.506663235000076 ], [ -85.580612921999943, 55.533801186000062 ], [ -85.611279399999944, 55.551566215000037 ], [ -85.649084506999941, 55.568752220000079 ], [ -85.682613437999919, 55.586584187000085 ], [ -85.696442745999946, 55.603783660000033 ], [ -85.731266829999925, 55.608871620000059 ], [ -85.770096779999903, 55.61646709200005 ], [ -85.798831806999942, 55.626134537000041 ], [ -85.8315879459999, 55.638308228000085 ], [ -85.873268536999944, 55.645958003000032 ], [ -85.904273362999902, 55.662049487000047 ], [ -85.970948946999897, 55.675196820000053 ], [ -86.046569740999928, 55.683777320000047 ], [ -86.28934617199991, 55.725649648000058 ], [ -86.372844323999914, 55.762188171000048 ], [ -86.581736010999919, 55.81703406400004 ], [ -86.683705206999946, 55.851670640000066 ], [ -86.718332485999952, 55.86900462400007 ], [ -86.738433397999927, 55.873724677000041 ], [ -86.778187628999945, 55.877549546000068 ], [ -86.817250128999945, 55.886704820000034 ], [ -86.874908006999931, 55.911322333000044 ], [ -86.895497199999909, 55.914618231000077 ], [ -86.953724738999938, 55.908555406000062 ], [ -86.968129035999937, 55.914618231000077 ], [ -86.961496548999946, 55.917466539000031 ], [ -86.958811001999948, 55.920396226000037 ], [ -86.957142706999946, 55.923814195000034 ], [ -86.953846808999913, 55.928290106000077 ], [ -86.980091925999943, 55.933579820000034 ], [ -87.05687415299991, 55.928290106000077 ], [ -87.316273566999939, 55.96234772300005 ], [ -87.365345831999946, 55.948187567000048 ], [ -87.350168423999946, 55.98741282800006 ], [ -87.355132615999935, 56.003607489000046 ], [ -87.382435675999943, 56.010199286000045 ], [ -87.463286912999934, 56.010809637000079 ], [ -87.488270636999914, 56.01703522300005 ], [ -87.484771287999934, 56.03461334800005 ], [ -87.500803188999896, 56.044867255000042 ], [ -87.525990363999938, 56.049790757000039 ], [ -87.550363735999952, 56.051214911000045 ], [ -87.579009568999936, 56.046210028000075 ], [ -87.593413865999935, 56.033392645000049 ], [ -87.603382941999939, 56.017320054000038 ], [ -87.618560350999928, 56.002752997000073 ], [ -87.621652798999946, 56.017645575000074 ], [ -87.626047329999949, 56.03070709800005 ], [ -87.596547003999945, 56.058294989000046 ], [ -87.591297980999911, 56.064805406000062 ], [ -87.589222785999937, 56.079820054000038 ], [ -87.595855272999927, 56.084947007000039 ], [ -87.60806230399993, 56.087632554000038 ], [ -87.622303839999915, 56.09556712400007 ], [ -87.65103105399993, 56.127305406000062 ], [ -87.673410610999952, 56.145575262000079 ], [ -87.697132941999939, 56.153631903000075 ], [ -87.709055141999897, 56.16002024900007 ], [ -87.71353105399993, 56.174058335000041 ], [ -87.71507727799991, 56.188177802000041 ], [ -87.717884894999941, 56.194566148000035 ], [ -87.850656704999949, 56.322821356000077 ], [ -87.938872850999928, 56.37999095300006 ], [ -87.95376542899993, 56.393784898000035 ], [ -87.972075975999928, 56.427679755000042 ], [ -87.975493943999936, 56.431382554000038 ], [ -87.979562954999949, 56.442857164000031 ], [ -87.989654100999928, 56.449448960000041 ], [ -88.04328365799995, 56.468247789000031 ], [ -88.103016730999911, 56.477240302000041 ], [ -88.311350063999896, 56.538031317000048 ], [ -88.36587480399993, 56.565130927000041 ], [ -88.373199022999927, 56.571600653000075 ], [ -88.378773566999939, 56.578314520000049 ], [ -88.387196417999917, 56.583482164000031 ], [ -88.403146938999896, 56.585638739000046 ], [ -88.41234290299991, 56.588446356000077 ], [ -88.436594204999949, 56.603135484000063 ], [ -88.466664191999939, 56.628648179000038 ], [ -88.495513475999928, 56.648382880000042 ], [ -88.52375240799995, 56.661688544000071 ], [ -88.544056769999941, 56.661322333000044 ], [ -88.607411261999914, 56.685288804000038 ], [ -88.643950975999928, 56.693426825000074 ], [ -88.660959438999896, 56.704820054000038 ], [ -88.687408006999931, 56.72960032800006 ], [ -88.724964972999942, 56.755113023000035 ], [ -88.803822394999941, 56.791001695000034 ], [ -88.838246222999942, 56.812201239000046 ], [ -88.817290818999936, 56.826890367000033 ], [ -88.823353644999941, 56.835150458000044 ], [ -88.843088344999899, 56.838690497000073 ], [ -88.862782355999911, 56.839463609000063 ], [ -88.86782792899993, 56.842230536000045 ], [ -88.873931443999936, 56.855576890000066 ], [ -88.87922115799995, 56.859930731000077 ], [ -88.891184048999946, 56.861273505000042 ], [ -88.901682094999899, 56.859198309000078 ], [ -88.920765753999945, 56.853094794000071 ], [ -88.946970180999926, 56.853216864000046 ], [ -89.003488735999952, 56.853583075000074 ], [ -89.020130988999938, 56.849676825000074 ], [ -89.036244269999941, 56.842515367000033 ], [ -89.056141730999911, 56.845526434000078 ], [ -89.075062628999945, 56.854071356000077 ], [ -89.088368292999917, 56.863348700000074 ], [ -89.107289191999939, 56.869940497000073 ], [ -89.188343878999945, 56.872992255000042 ], [ -89.265614386999914, 56.896918036000045 ], [ -89.315744594999899, 56.904242255000042 ], [ -89.367014126999948, 56.922715562000064 ], [ -89.393788214999915, 56.928168036000045 ], [ -89.482533331999946, 56.921983140000066 ], [ -89.512766079999949, 56.927069403000075 ], [ -89.574696417999917, 56.944810289000031 ], [ -89.827015753999945, 56.97601959800005 ], [ -89.872710740999935, 56.997422593000067 ], [ -89.962961391999897, 57.003973700000074 ], [ -89.987782355999911, 57.013739325000074 ], [ -90.057932094999899, 57.055161851000037 ], [ -90.072255011999914, 57.06085846600007 ], [ -90.154693162999934, 57.079046942000048 ], [ -90.159291144999941, 57.082017320000034 ], [ -90.168365037999934, 57.092718817000048 ], [ -90.261301235999952, 57.115790106000077 ], [ -90.315174933999913, 57.143622137000079 ], [ -90.380604620999918, 57.15460846600007 ], [ -90.387521938999896, 57.174627997000073 ], [ -90.409291144999941, 57.187486070000034 ], [ -90.435210740999935, 57.192613023000035 ], [ -90.489898240999935, 57.195746161000045 ], [ -90.515207485999952, 57.201646226000037 ], [ -90.585519985999952, 57.22992584800005 ], [ -90.609974738999938, 57.233221747000073 ], [ -90.689116990999935, 57.22992584800005 ], [ -90.853667772999927, 57.261094468000067 ], [ -91.031117316999939, 57.264634507000039 ], [ -91.210194464999915, 57.229071356000077 ], [ -91.484974738999938, 57.169419664000031 ], [ -91.766590949999909, 57.11469147300005 ], [ -91.961659308999913, 57.060248114000046 ], [ -92.112456834999932, 57.044134833000044 ], [ -92.223500128999945, 57.021470445000034 ], [ -92.313710089999915, 56.969590562000064 ], [ -92.337391730999911, 56.959540106000077 ], [ -92.41820227799991, 56.94953034100007 ], [ -92.470529751999948, 56.935044664000031 ], [ -92.470529751999948, 56.941880601000037 ], [ -92.454335089999915, 56.947699286000045 ], [ -92.423980272999927, 56.965440171000068 ], [ -92.405669725999928, 56.969183661000045 ], [ -92.37132727799991, 56.972479559000078 ], [ -92.354807094999899, 56.976752020000049 ], [ -92.340199347999942, 56.982855536000045 ], [ -92.274281378999945, 57.037176825000074 ], [ -92.251088019999941, 57.044907945000034 ], [ -92.237172003999945, 57.047430731000077 ], [ -92.22329667899993, 57.053900458000044 ], [ -92.218129035999937, 57.06281159100007 ], [ -92.230336066999939, 57.072821356000077 ], [ -92.24242102799991, 57.074693101000037 ], [ -92.278716600999928, 57.065375067000048 ], [ -92.490956183999913, 57.038072007000039 ], [ -92.538644985999895, 57.018906968000067 ], [ -92.676584438999896, 56.941880601000037 ], [ -92.725819464999915, 56.927435614000046 ], [ -92.859771287999934, 56.907538153000075 ], [ -92.881988084999932, 56.914536851000037 ], [ -92.842640753999945, 56.920518296000068 ], [ -92.761708136999914, 56.943589585000041 ], [ -92.720692511999914, 56.948716539000031 ], [ -92.704904751999948, 56.95538971600007 ], [ -92.689320441999939, 56.970811265000066 ], [ -92.665760870999918, 57.000555731000077 ], [ -92.597157355999911, 57.048325914000031 ], [ -92.542876756999931, 57.10578034100007 ], [ -92.456776495999918, 57.22296784100007 ], [ -92.439523891999897, 57.253281968000067 ], [ -92.428944464999915, 57.29132721600007 ], [ -92.422352667999917, 57.334173895000049 ], [ -92.423573370999918, 57.354437567000048 ], [ -92.442534959999932, 57.387640692000048 ], [ -92.450835740999935, 57.432603257000039 ], [ -92.456857876999948, 57.448960679000038 ], [ -92.46703040299991, 57.458726304000038 ], [ -92.478179490999935, 57.466498114000046 ], [ -92.487294074999909, 57.474839585000041 ], [ -92.492583787999934, 57.493882554000038 ], [ -92.496652798999946, 57.504014390000066 ], [ -92.502023891999897, 57.51398346600007 ], [ -92.507720506999931, 57.520982164000031 ], [ -92.519602016999897, 57.527167059000078 ], [ -92.550200975999928, 57.538275458000044 ], [ -92.55923417899993, 57.544541734000063 ], [ -92.561350063999896, 57.553656317000048 ], [ -92.558338995999918, 57.57648346600007 ], [ -92.55923417899993, 57.586127020000049 ], [ -92.601185675999943, 57.641669012000079 ], [ -92.60773678299995, 57.658433335000041 ], [ -92.615956183999913, 57.671250718000067 ], [ -92.645008917999917, 57.695990302000041 ], [ -92.669097459999932, 57.716498114000046 ], [ -92.694691535999937, 57.766180731000077 ], [ -92.714833136999914, 57.792914130000042 ], [ -92.723622199999909, 57.81627024900007 ], [ -92.730580206999946, 57.825751044000071 ], [ -92.743316209999932, 57.832098700000074 ], [ -92.771962042999917, 57.834784247000073 ], [ -92.78579667899993, 57.839422919000071 ], [ -92.756988084999932, 57.865912177000041 ], [ -92.766102667999917, 57.910996812000064 ], [ -92.805734829999949, 57.997666734000063 ], [ -92.805652013450612, 58.0 ], [ -77.135621347452997, 58.0 ] ], [ [ -79.846669074999909, 53.153631903000075 ], [ -79.849720831999946, 53.162095445000034 ], [ -79.855295376999948, 53.16937897300005 ], [ -79.894927537999934, 53.180650132000039 ], [ -79.916574673999946, 53.170314846000053 ], [ -79.930897589999915, 53.149481512000079 ], [ -79.936350063999896, 53.12531159100007 ], [ -79.929839647999927, 53.09438711100006 ], [ -79.912098761999914, 53.088934637000079 ], [ -79.887766079999949, 53.09210846600007 ], [ -79.849354620999918, 53.085150458000044 ], [ -79.833648240999935, 53.087103583000044 ], [ -79.818104620999918, 53.091701565000051 ], [ -79.806630011999914, 53.097357489000046 ], [ -79.795074022999927, 53.105414130000042 ], [ -79.793690558999913, 53.107977606000077 ], [ -79.796864386999914, 53.111314195000034 ], [ -79.799183722999942, 53.121893622000073 ], [ -79.80532792899993, 53.126125393000052 ], [ -79.841379360999952, 53.145738023000035 ], [ -79.846669074999909, 53.153631903000075 ] ], [ [ -79.948841925999943, 53.357489325000074 ], [ -79.948882615999935, 53.362127997000073 ], [ -79.94790605399993, 53.36664459800005 ], [ -79.943755662999934, 53.371649481000077 ], [ -79.971831834999932, 53.365423895000049 ], [ -80.042795376999948, 53.366197007000039 ], [ -80.070708787999934, 53.35492584800005 ], [ -80.086048956999946, 53.33038971600007 ], [ -80.070790167999917, 53.318508205000057 ], [ -80.046050584999932, 53.309271552000041 ], [ -80.01821855399993, 53.27374909100007 ], [ -79.984201626999948, 53.265122789000031 ], [ -79.947132941999939, 53.26593659100007 ], [ -79.923329230999911, 53.275458075000074 ], [ -79.917347785999937, 53.297430731000077 ], [ -79.956695115999935, 53.323065497000073 ], [ -79.950021938999896, 53.351792710000041 ], [ -79.948841925999943, 53.357489325000074 ] ], [ [ -79.861887173999946, 53.920355536000045 ], [ -79.913319464999915, 53.938381252000056 ], [ -79.930083787999934, 53.94086334800005 ], [ -79.92023678299995, 53.926255601000037 ], [ -79.90689042899993, 53.917710679000038 ], [ -79.874867316999939, 53.906154690000051 ], [ -79.87140865799995, 53.908433335000041 ], [ -79.869007941999939, 53.910956122000073 ], [ -79.866322394999941, 53.912665106000077 ], [ -79.861887173999946, 53.912909247000073 ], [ -79.861887173999946, 53.920355536000045 ] ], [ [ -79.715728318999936, 56.309149481000077 ], [ -79.678781704999949, 56.331284898000035 ], [ -79.642160610999952, 56.365912177000041 ], [ -79.592600063999953, 56.430121161000045 ], [ -79.569976365999935, 56.46938711100006 ], [ -79.560170050999943, 56.503648179000038 ], [ -79.553456183999913, 56.50922272300005 ], [ -79.548695441999939, 56.51508209800005 ], [ -79.546050584999932, 56.521877346000053 ], [ -79.545887824999909, 56.530340887000079 ], [ -79.561594204999949, 56.521673895000049 ], [ -79.577056443999936, 56.510158596000053 ], [ -79.588978644999941, 56.494208075000074 ], [ -79.593739386999914, 56.472642320000034 ], [ -79.600209113999938, 56.455226955000057 ], [ -79.615223761999914, 56.433783270000049 ], [ -79.632435675999943, 56.415716864000046 ], [ -79.654123501999948, 56.40375397300005 ], [ -79.674427863999938, 56.384507554000038 ], [ -79.686838344999899, 56.380194403000075 ], [ -79.699940558999913, 56.378159898000035 ], [ -79.728911912999934, 56.368841864000046 ], [ -79.744536912999934, 56.365912177000041 ], [ -79.774810350999928, 56.367336330000057 ], [ -79.831898566999939, 56.37921784100007 ], [ -79.86001542899993, 56.38617584800005 ], [ -79.86742102799991, 56.385484117000033 ], [ -79.877023891999897, 56.381293036000045 ], [ -79.881703253999945, 56.376776434000078 ], [ -79.878163214999915, 56.368353583000044 ], [ -79.863636847999942, 56.354803778000075 ], [ -79.861887173999946, 56.345404364000046 ], [ -79.87173417899993, 56.335516669000071 ], [ -79.891346808999913, 56.329413153000075 ], [ -80.00031490799995, 56.325873114000046 ], [ -80.030995245999918, 56.319728908000059 ], [ -80.059885219999899, 56.304429429000038 ], [ -80.059885219999899, 56.298244533000059 ], [ -80.052398240999935, 56.283677476000037 ], [ -80.060047980999911, 56.27179596600007 ], [ -80.09797115799995, 56.239935614000046 ], [ -80.100168423999946, 56.233384507000039 ], [ -80.102772589999915, 56.205796617000033 ], [ -80.104969855999911, 56.200506903000075 ], [ -80.10187740799995, 56.19757721600007 ], [ -80.087757941999939, 56.191473700000074 ], [ -80.063832160999937, 56.187445380000042 ], [ -80.032866990999935, 56.189886786000045 ], [ -79.977935350999928, 56.202053127000056 ], [ -79.715728318999936, 56.309149481000077 ] ], [ [ -79.560414191999939, 56.747259833000044 ], [ -79.547596808999913, 56.727525132000039 ], [ -79.556792772999927, 56.70538971600007 ], [ -79.555897589999915, 56.701564846000053 ], [ -79.564116990999935, 56.675279039000031 ], [ -79.570301886999914, 56.664129950000074 ], [ -79.577870245999918, 56.657782294000071 ], [ -79.583322719999899, 56.648871161000045 ], [ -79.580677863999938, 56.633978583000044 ], [ -79.564930792999917, 56.62055084800005 ], [ -79.548573370999918, 56.634100653000075 ], [ -79.531971808999913, 56.656073309000078 ], [ -79.515492316999939, 56.667547919000071 ], [ -79.495594855999911, 56.661444403000075 ], [ -79.487700975999928, 56.663641669000071 ], [ -79.479969855999911, 56.695135809000078 ], [ -79.481312628999945, 56.704779364000046 ], [ -79.491322394999941, 56.715969143000052 ], [ -79.480336066999939, 56.723211981000077 ], [ -79.483265753999945, 56.739447333000044 ], [ -79.498158331999946, 56.771185614000046 ], [ -79.501088019999941, 56.774644273000035 ], [ -79.503407355999911, 56.776434637000079 ], [ -79.504872199999909, 56.775580145000049 ], [ -79.504994269999941, 56.771185614000046 ], [ -79.510650193999936, 56.783677476000037 ], [ -79.51781165299991, 56.786078192000048 ], [ -79.525502081999946, 56.784409898000035 ], [ -79.538197394999941, 56.785345770000049 ], [ -79.545033331999946, 56.784572658000059 ], [ -79.550892706999946, 56.784735419000071 ], [ -79.55337480399993, 56.787909247000073 ], [ -79.559803839999915, 56.802923895000049 ], [ -79.560170050999943, 56.805365302000041 ], [ -79.565541144999941, 56.810288804000038 ], [ -79.569162563999953, 56.816107489000046 ], [ -79.573353644999941, 56.818182684000078 ], [ -79.580677863999938, 56.812201239000046 ], [ -79.586415167999917, 56.80304596600007 ], [ -79.587391730999911, 56.795314846000053 ], [ -79.583322719999899, 56.789129950000074 ], [ -79.573841925999943, 56.784857489000046 ], [ -79.573841925999943, 56.777411200000074 ], [ -79.580189581999946, 56.776678778000075 ], [ -79.593739386999914, 56.771185614000046 ], [ -79.560414191999939, 56.747259833000044 ] ], [ [ -79.878163214999915, 56.884955145000049 ], [ -79.812489386999914, 56.896673895000049 ], [ -79.799183722999942, 56.87641022300005 ], [ -79.79710852799991, 56.864732164000031 ], [ -79.788156704999949, 56.836859442000048 ], [ -79.786122199999909, 56.825832424000055 ], [ -79.791086391999897, 56.807440497000073 ], [ -79.790760870999918, 56.796087958000044 ], [ -79.783070441999939, 56.791083075000074 ], [ -79.751210089999915, 56.793198960000041 ], [ -79.730865037999934, 56.801906643000052 ], [ -79.723703579999949, 56.820746161000045 ], [ -79.731516079999949, 56.853094794000071 ], [ -79.749623175999943, 56.891587632000039 ], [ -79.752023891999897, 56.903998114000046 ], [ -79.756214972999942, 56.916449286000045 ], [ -79.765980597999942, 56.926011460000041 ], [ -79.786122199999909, 56.941880601000037 ], [ -79.795033331999946, 56.951605536000045 ], [ -79.80728105399993, 56.95062897300005 ], [ -79.819162563999896, 56.941880601000037 ], [ -79.827056443999936, 56.928168036000045 ], [ -79.842274542999917, 56.937323309000078 ], [ -79.851470506999931, 56.938788153000075 ], [ -79.858794725999928, 56.934963283000059 ], [ -79.875355597999942, 56.922796942000048 ], [ -79.895822719999899, 56.903713283000059 ], [ -79.902821417999917, 56.894110419000071 ], [ -79.878163214999915, 56.884955145000049 ] ], [ [ -79.784494594999899, 57.444322007000039 ], [ -79.784169074999909, 57.493353583000044 ], [ -79.77993730399993, 57.511053778000075 ], [ -79.761097785999937, 57.520453192000048 ], [ -79.722767706999946, 57.501898505000042 ], [ -79.703602667999917, 57.511053778000075 ], [ -79.696400519999941, 57.529486395000049 ], [ -79.696115688999953, 57.552313544000071 ], [ -79.701324022999927, 57.573309637000079 ], [ -79.712757941999939, 57.589056708000044 ], [ -79.72134355399993, 57.607611395000049 ], [ -79.728098110999952, 57.617173570000034 ], [ -79.737172003999945, 57.622015692000048 ], [ -79.744211391999897, 57.617865302000041 ], [ -79.749908006999931, 57.610988674000055 ], [ -79.755116339999915, 57.607326565000051 ], [ -79.771839972999942, 57.60101959800005 ], [ -79.791086391999897, 57.586371161000045 ], [ -79.80687415299991, 57.569281317000048 ], [ -79.813465949999909, 57.555487372000073 ], [ -79.825672980999911, 57.539048570000034 ], [ -79.828236456999946, 57.52875397300005 ], [ -79.817209438999896, 57.524115302000041 ], [ -79.795806443999936, 57.535345770000049 ], [ -79.784738735999952, 57.537787177000041 ], [ -79.77993730399993, 57.527777411000045 ], [ -79.784047003999945, 57.52212148600006 ], [ -79.79328365799995, 57.517767645000049 ], [ -79.802479620999918, 57.511623440000051 ], [ -79.811675584999932, 57.485256252000056 ], [ -79.823882615999935, 57.485174872000073 ], [ -79.838490363999938, 57.489325262000079 ], [ -79.850982225999928, 57.486517645000049 ], [ -79.846547003999945, 57.473456122000073 ], [ -79.828846808999913, 57.452215887000079 ], [ -79.807769334999932, 57.433539130000042 ], [ -79.792958136999914, 57.428534247000073 ], [ -79.784494594999899, 57.444322007000039 ] ], [ [ -79.443837042999917, 52.066107489000046 ], [ -79.456206834999932, 52.063381252000056 ], [ -79.483998175999943, 52.06391022300005 ], [ -79.494740363999938, 52.059556382000039 ], [ -79.512766079999949, 52.044134833000044 ], [ -79.533599412999934, 52.029730536000045 ], [ -79.557443813999953, 52.019029039000031 ], [ -79.584095831999946, 52.014837958000044 ], [ -79.599476691999939, 52.017645575000074 ], [ -79.610463019999941, 52.02289459800005 ], [ -79.621083136999914, 52.025783596000053 ], [ -79.635324673999946, 52.021673895000049 ], [ -79.639800584999932, 52.016180731000077 ], [ -79.655751105999911, 51.987494208000044 ], [ -79.621652798999946, 51.939154364000046 ], [ -79.619292772999927, 51.931586005000042 ], [ -79.621001756999931, 51.925034898000035 ], [ -79.620432094999899, 51.920477606000077 ], [ -79.611073370999918, 51.918646552000041 ], [ -79.604115363999938, 51.920884507000039 ], [ -79.590728318999936, 51.930650132000039 ], [ -79.584095831999946, 51.932928778000075 ], [ -79.515492316999939, 51.946600653000075 ], [ -79.413970506999931, 51.938299872000073 ], [ -79.393055792999917, 51.940252997000073 ], [ -79.373402472999942, 51.945257880000042 ], [ -79.354115363999938, 51.95343659100007 ], [ -79.336496548999946, 51.963324286000045 ], [ -79.328602667999917, 51.971380927000041 ], [ -79.326649542999917, 51.981756903000075 ], [ -79.326893683999913, 52.009466864000046 ], [ -79.325591600999928, 52.021307684000078 ], [ -79.32054602799991, 52.03351471600007 ], [ -79.309437628999945, 52.045884507000039 ], [ -79.29523678299995, 52.055405992000033 ], [ -79.251698370999918, 52.076890367000033 ], [ -79.272328253999945, 52.091376044000071 ], [ -79.283680792999917, 52.096502997000073 ], [ -79.29946855399993, 52.097398179000038 ], [ -79.329009568999936, 52.104966539000031 ], [ -79.348703579999949, 52.105047919000071 ], [ -79.367583787999934, 52.097845770000049 ], [ -79.395090298999946, 52.083726304000038 ], [ -79.443837042999917, 52.066107489000046 ] ], [ [ -80.768422003999945, 52.934800523000035 ], [ -80.77953040299991, 52.948716539000031 ], [ -80.87913977799991, 53.032171942000048 ], [ -80.934885219999899, 53.060614325000074 ], [ -80.94790605399993, 53.069525458000044 ], [ -80.968251105999911, 53.101060289000031 ], [ -80.977609829999949, 53.110296942000048 ], [ -80.985096808999913, 53.11554596600007 ], [ -81.005767381999931, 53.12531159100007 ], [ -81.122792120999918, 53.202215887000079 ], [ -81.174224412999934, 53.21234772300005 ], [ -81.424387173999946, 53.22882721600007 ], [ -81.494862433999913, 53.213120835000041 ], [ -81.614857550999943, 53.213812567000048 ], [ -81.66624915299991, 53.206976630000042 ], [ -81.757069464999915, 53.182603257000039 ], [ -81.780384894999941, 53.179877020000049 ], [ -81.857777472999942, 53.185248114000046 ], [ -81.882801886999914, 53.179877020000049 ], [ -81.944081183999913, 53.143703518000052 ], [ -81.98501542899993, 53.107001044000071 ], [ -82.007679816999939, 53.075751044000071 ], [ -82.013172980999911, 53.070013739000046 ], [ -82.053618943999936, 53.039740302000041 ], [ -82.062652147999927, 53.022772528000075 ], [ -82.015980597999942, 53.010443427000041 ], [ -81.951730923999946, 52.974432684000078 ], [ -81.792347785999937, 52.942206122000073 ], [ -81.649403449999909, 52.903509833000044 ], [ -81.468820766999897, 52.861273505000042 ], [ -81.286284959999932, 52.844142971000053 ], [ -81.151763475999928, 52.803168036000045 ], [ -81.026844855999911, 52.752630927000041 ], [ -80.784535285999937, 52.723049221000053 ], [ -80.743804490999935, 52.700181382000039 ], [ -80.717681443999936, 52.694973049000055 ], [ -80.69953365799995, 52.700140692000048 ], [ -80.704701300999943, 52.721258856000077 ], [ -80.669585740999935, 52.742010809000078 ], [ -80.67837480399993, 52.780422268000052 ], [ -80.718373175999943, 52.847560940000051 ], [ -80.723703579999949, 52.862779039000031 ], [ -80.759348110999952, 52.919175523000035 ], [ -80.768422003999945, 52.934800523000035 ] ], [ [ -79.750965949999909, 53.518377997000073 ], [ -79.732777472999942, 53.512762762000079 ], [ -79.724720831999946, 53.508856512000079 ], [ -79.712880011999914, 53.509588934000078 ], [ -79.708159959999932, 53.511542059000078 ], [ -79.703602667999917, 53.516302802000041 ], [ -79.765614386999914, 53.546698309000078 ], [ -79.767201300999943, 53.539007880000042 ], [ -79.769195115999935, 53.53546784100007 ], [ -79.767648891999897, 53.531439520000049 ], [ -79.758168097999942, 53.522528387000079 ], [ -79.750965949999909, 53.518377997000073 ] ], [ [ -79.307199673999946, 54.909328518000052 ], [ -79.348052537999934, 54.895900783000059 ], [ -79.367787238999938, 54.893011786000045 ], [ -79.469634568999936, 54.889593817000048 ], [ -79.653920050999943, 54.854437567000048 ], [ -79.697255011999914, 54.840765692000048 ], [ -79.731516079999949, 54.817857164000031 ], [ -79.683094855999911, 54.817857164000031 ], [ -79.683094855999911, 54.811102606000077 ], [ -79.705881313999953, 54.810126044000071 ], [ -79.73501542899993, 54.804754950000074 ], [ -79.762440558999913, 54.795721747000073 ], [ -79.77993730399993, 54.783758856000077 ], [ -79.757923956999946, 54.780178127000056 ], [ -79.603505011999914, 54.828802802000041 ], [ -79.401926235999952, 54.851996161000045 ], [ -79.312652147999927, 54.881984768000052 ], [ -79.292632615999935, 54.879339911000045 ], [ -79.268055792999917, 54.89203522300005 ], [ -79.241688605999911, 54.897935289000031 ], [ -79.151356574999909, 54.902289130000042 ], [ -79.035959438999953, 54.926947333000044 ], [ -79.02603105399993, 54.931708075000074 ], [ -79.018910285999937, 54.940822658000059 ], [ -79.285878058999913, 54.91351959800005 ], [ -79.307199673999946, 54.909328518000052 ] ], [ [ -77.329172329999949, 55.614203192000048 ], [ -77.343373175999943, 55.602362372000073 ], [ -77.366688605999911, 55.578273830000057 ], [ -77.380197719999899, 55.572455145000049 ], [ -77.413075324999909, 55.562323309000078 ], [ -77.448394334999932, 55.534084377000056 ], [ -77.619007941999939, 55.437486070000034 ], [ -77.647857225999928, 55.427435614000046 ], [ -77.586293097999942, 55.436224677000041 ], [ -77.526112433999913, 55.465399481000077 ], [ -77.377512173999946, 55.560288804000038 ], [ -77.352406378999945, 55.567368882000039 ], [ -77.319203253999945, 55.582017320000034 ], [ -77.237172003999945, 55.631903387000079 ], [ -77.223866339999915, 55.63735586100006 ], [ -77.20962480399993, 55.639715887000079 ], [ -77.21125240799995, 55.65375397300005 ], [ -77.244984503999945, 55.64484284100007 ], [ -77.312082485999952, 55.619208075000074 ], [ -77.329172329999949, 55.614203192000048 ] ], [ [ -78.979847785999937, 56.031805731000077 ], [ -78.966135219999899, 56.036322333000044 ], [ -78.950672980999911, 56.037543036000045 ], [ -78.950672980999911, 56.043768622000073 ], [ -78.954823370999918, 56.050197658000059 ], [ -78.955555792999917, 56.058417059000078 ], [ -78.95376542899993, 56.068019924000055 ], [ -78.950672980999911, 56.078517971000053 ], [ -78.965687628999945, 56.083644924000055 ], [ -78.987294074999909, 56.064398505000042 ], [ -79.002552863999938, 56.063869533000059 ], [ -79.013295050999943, 56.059068101000037 ], [ -79.018625454999949, 56.049261786000045 ], [ -79.025217251999948, 56.024481512000079 ], [ -79.028065558999913, 55.992580471000053 ], [ -79.032582160999937, 55.982326565000051 ], [ -79.057525193999936, 55.92999909100007 ], [ -79.089751756999931, 55.857082424000055 ], [ -79.105376756999931, 55.831203518000052 ], [ -79.123890753999945, 55.809027411000045 ], [ -79.142445441999939, 55.797349351000037 ], [ -79.112172003999945, 55.80023834800005 ], [ -79.078277147999927, 55.83429596600007 ], [ -79.048980272999927, 55.879299221000053 ], [ -79.032582160999937, 55.914618231000077 ], [ -79.021392381999931, 55.953680731000077 ], [ -78.998605923999946, 55.982611395000049 ], [ -78.970326300999943, 56.005031643000052 ], [ -78.936390753999945, 56.024481512000079 ], [ -78.952707485999952, 56.03070709800005 ], [ -78.970448370999918, 56.028021552000041 ], [ -79.005279100999928, 56.01703522300005 ], [ -78.979847785999937, 56.031805731000077 ] ], [ [ -78.765126105999911, 56.161078192000048 ], [ -78.751576300999943, 56.161363023000035 ], [ -78.741322394999941, 56.165838934000078 ], [ -78.724191860999952, 56.181545315000051 ], [ -78.712391730999911, 56.175726630000042 ], [ -78.699940558999913, 56.174505927000041 ], [ -78.687489386999914, 56.176906643000052 ], [ -78.675689256999931, 56.181545315000051 ], [ -78.681304490999935, 56.197211005000042 ], [ -78.674387173999946, 56.209784247000073 ], [ -78.662993943999936, 56.221828518000052 ], [ -78.655262824999909, 56.236151434000078 ], [ -78.655995245999918, 56.252630927000041 ], [ -78.660145636999914, 56.267564195000034 ], [ -78.660267706999946, 56.280462958000044 ], [ -78.649037238999938, 56.290757554000038 ], [ -78.659657355999911, 56.319403387000079 ], [ -78.663441535999937, 56.35297272300005 ], [ -78.662709113999938, 56.421128648000035 ], [ -78.670765753999945, 56.443060614000046 ], [ -78.699574347999942, 56.449042059000078 ], [ -78.733550584999932, 56.444484768000052 ], [ -78.757639126999948, 56.434800523000035 ], [ -78.777740037999934, 56.414862372000073 ], [ -78.787993943999936, 56.401434637000079 ], [ -78.798166469999899, 56.37921784100007 ], [ -78.825021938999953, 56.358343817000048 ], [ -78.833363410999937, 56.345404364000046 ], [ -78.812855597999942, 56.345404364000046 ], [ -78.821766730999911, 56.325100002000056 ], [ -78.826568162999934, 56.318752346000053 ], [ -78.814564581999946, 56.310248114000046 ], [ -78.821359829999949, 56.300482489000046 ], [ -78.835804816999939, 56.289618231000077 ], [ -78.847035285999937, 56.277777411000045 ], [ -78.828968878999945, 56.269029039000031 ], [ -78.84048417899993, 56.248480536000045 ], [ -78.919341600999928, 56.17133209800005 ], [ -78.924916144999941, 56.160956122000073 ], [ -78.931385870999918, 56.131781317000048 ], [ -78.936390753999945, 56.11945221600007 ], [ -78.884510870999918, 56.121893622000073 ], [ -78.833363410999937, 56.13312409100007 ], [ -78.815052863999938, 56.145209052000041 ], [ -78.796498175999943, 56.161769924000055 ], [ -78.777455206999946, 56.172674872000073 ], [ -78.757639126999948, 56.167914130000042 ], [ -78.765126105999911, 56.161078192000048 ] ], [ [ -79.631825324999909, 55.941229559000078 ], [ -79.767160610999952, 55.818060614000046 ], [ -79.786122199999909, 55.79047272300005 ], [ -79.774240688999953, 55.791693427000041 ], [ -79.764475063999953, 55.795111395000049 ], [ -79.758534308999913, 55.799750067000048 ], [ -79.758168097999942, 55.804754950000074 ], [ -79.739084438999953, 55.811835028000075 ], [ -79.645253058999913, 55.896673895000049 ], [ -79.633859829999949, 55.90298086100006 ], [ -79.622914191999939, 55.899318752000056 ], [ -79.607411261999914, 55.886704820000034 ], [ -79.553822394999941, 55.868475653000075 ], [ -79.509266730999911, 55.864976304000038 ], [ -79.469349738999938, 55.879380601000037 ], [ -79.381011522999927, 55.961981512000079 ], [ -79.364654100999928, 55.969305731000077 ], [ -79.354847785999937, 55.977850653000075 ], [ -79.248402472999942, 56.14516836100006 ], [ -79.189849412999934, 56.21320221600007 ], [ -79.17218990799995, 56.229315497000073 ], [ -79.155588344999899, 56.236151434000078 ], [ -79.140980597999942, 56.226792710000041 ], [ -79.131418423999946, 56.205023505000042 ], [ -79.128732876999948, 56.179917710000041 ], [ -79.128163214999915, 56.161078192000048 ], [ -79.197092251999948, 56.010199286000045 ], [ -79.280629035999937, 55.888088283000059 ], [ -79.285878058999913, 55.866278387000079 ], [ -79.219105597999942, 55.952215887000079 ], [ -79.14867102799991, 56.075140692000048 ], [ -79.144357876999948, 56.087062893000052 ], [ -79.125111456999946, 56.109564520000049 ], [ -79.120716925999943, 56.116034247000073 ], [ -79.112619594999899, 56.140122789000031 ], [ -79.073312954999949, 56.180405992000033 ], [ -79.059315558999913, 56.202053127000056 ], [ -79.063343878999945, 56.203517971000053 ], [ -79.073597785999937, 56.208889065000051 ], [ -79.06663977799991, 56.212062893000052 ], [ -79.061675584999932, 56.216498114000046 ], [ -79.052479620999918, 56.229315497000073 ], [ -79.059315558999913, 56.229315497000073 ], [ -79.065663214999915, 56.223537502000056 ], [ -79.074696417999917, 56.219427802000041 ], [ -79.085560675999943, 56.21710846600007 ], [ -79.097482876999948, 56.216294664000031 ], [ -79.102284308999913, 56.221502997000073 ], [ -79.100493943999936, 56.23305898600006 ], [ -79.056223110999952, 56.348578192000048 ], [ -79.049387173999946, 56.360663153000075 ], [ -79.042551235999952, 56.365912177000041 ], [ -79.033599412999934, 56.366400458000044 ], [ -79.02603105399993, 56.367905992000033 ], [ -79.011545376999948, 56.37335846600007 ], [ -79.00812740799995, 56.376532294000071 ], [ -79.006662563999953, 56.380926825000074 ], [ -79.00609290299991, 56.384955145000049 ], [ -79.005279100999928, 56.38703034100007 ], [ -78.980213995999918, 56.39203522300005 ], [ -78.974720831999946, 56.384588934000078 ], [ -78.98273678299995, 56.369940497000073 ], [ -78.997873501999948, 56.352850653000075 ], [ -78.970204230999911, 56.342840887000079 ], [ -78.973622199999909, 56.304266669000071 ], [ -78.990101691999939, 56.262600002000056 ], [ -79.111073370999918, 56.086981512000079 ], [ -79.119862433999913, 56.055365302000041 ], [ -79.143381313999953, 56.023138739000046 ], [ -79.153472459999932, 55.995062567000048 ], [ -79.183461066999939, 55.948187567000048 ], [ -79.201568162999934, 55.905951239000046 ], [ -79.210113084999932, 55.89288971600007 ], [ -79.203277147999927, 55.89288971600007 ], [ -79.213734503999945, 55.883246161000045 ], [ -79.218373175999943, 55.872219143000052 ], [ -79.21548417899993, 55.863104559000078 ], [ -79.203277147999927, 55.859442450000074 ], [ -79.195464647999927, 55.904771226000037 ], [ -79.098011847999942, 56.050848700000074 ], [ -79.062163865999935, 56.139349677000041 ], [ -78.98078365799995, 56.23273346600007 ], [ -78.970570441999939, 56.24750397300005 ], [ -78.957508917999917, 56.277411200000074 ], [ -78.943226691999939, 56.290757554000038 ], [ -78.926625128999945, 56.297674872000073 ], [ -78.908192511999914, 56.302964585000041 ], [ -78.891957160999937, 56.31085846600007 ], [ -78.881825324999909, 56.325588283000059 ], [ -78.946929490999935, 56.318752346000053 ], [ -78.952219204999949, 56.322455145000049 ], [ -78.948597785999937, 56.330877997000073 ], [ -78.936390753999945, 56.345404364000046 ], [ -78.934071417999917, 56.344183661000045 ], [ -78.909047003999945, 56.345404364000046 ], [ -78.913970506999931, 56.351223049000055 ], [ -78.925770636999914, 56.360581773000035 ], [ -78.928944464999915, 56.365912177000041 ], [ -78.929188605999911, 56.377386786000045 ], [ -78.922718878999945, 56.397365627000056 ], [ -78.922718878999945, 56.408107815000051 ], [ -78.936146613999938, 56.430243231000077 ], [ -78.957753058999913, 56.434719143000052 ], [ -79.011545376999948, 56.427964585000041 ], [ -79.057606574999909, 56.43695709800005 ], [ -79.093495245999918, 56.458970445000034 ], [ -79.117543097999942, 56.491034247000073 ], [ -79.130970831999946, 56.544175523000035 ], [ -79.138050910999937, 56.547796942000048 ], [ -79.159250454999949, 56.544663804000038 ], [ -79.190297003999945, 56.552069403000075 ], [ -79.234974738999938, 56.551459052000041 ], [ -79.246991473999913, 56.562066261000041 ], [ -79.25528421599995, 56.59533160400008 ], [ -79.247637632999897, 56.631747461000032 ], [ -79.223020042999906, 56.649504534000073 ], [ -79.189983455999936, 56.642910156000084 ], [ -79.17602977599995, 56.621933320000039 ], [ -79.153910255999904, 56.605384412000035 ], [ -79.132651371999941, 56.615098387000046 ], [ -79.134263287999943, 56.634404212000049 ], [ -79.165675411999928, 56.659408915000085 ], [ -79.203958650999937, 56.684984116000066 ], [ -79.258318713999927, 56.681843061000052 ], [ -79.284931140999902, 56.661041046000037 ], [ -79.285878058999913, 56.60610586100006 ], [ -79.290638800999943, 56.585679429000038 ], [ -79.29914303299995, 56.47992584800005 ], [ -79.308745897999927, 56.435288804000038 ], [ -79.324777798999946, 56.39484284100007 ], [ -79.360991990999935, 56.348456122000073 ], [ -79.409331834999932, 56.232855536000045 ], [ -79.409331834999932, 56.222479559000078 ], [ -79.428700324999909, 56.210150458000044 ], [ -79.449289516999897, 56.203517971000053 ], [ -79.498158331999946, 56.194566148000035 ], [ -79.530832485999952, 56.184719143000052 ], [ -79.546376105999911, 56.17719147300005 ], [ -79.560170050999943, 56.167914130000042 ], [ -79.568023240999935, 56.158880927000041 ], [ -79.580067511999914, 56.139064846000053 ], [ -79.587513800999943, 56.13312409100007 ], [ -79.59829667899993, 56.12921784100007 ], [ -79.604644334999932, 56.129055080000057 ], [ -79.607329881999931, 56.134466864000046 ], [ -79.607411261999914, 56.147406317000048 ], [ -79.603871222999942, 56.161444403000075 ], [ -79.596180792999917, 56.169175523000035 ], [ -79.573841925999943, 56.181545315000051 ], [ -79.515492316999939, 56.23273346600007 ], [ -79.504709438999953, 56.246079820000034 ], [ -79.482411261999914, 56.286281643000052 ], [ -79.478260870999918, 56.301336981000077 ], [ -79.479237433999913, 56.311509507000039 ], [ -79.484486456999946, 56.335760809000078 ], [ -79.481271938999953, 56.347072658000059 ], [ -79.474232550999943, 56.356675523000035 ], [ -79.467193162999934, 56.364325262000079 ], [ -79.463978644999941, 56.369614976000037 ], [ -79.458648240999935, 56.381293036000045 ], [ -79.435170050999943, 56.414211330000057 ], [ -79.429839647999927, 56.431382554000038 ], [ -79.42796790299991, 56.463568427000041 ], [ -79.423695441999939, 56.480536200000074 ], [ -79.415598110999952, 56.496893622000073 ], [ -79.42601477799991, 56.503485419000071 ], [ -79.42992102799991, 56.509955145000049 ], [ -79.445790167999917, 56.55499909100007 ], [ -79.453724738999938, 56.559515692000048 ], [ -79.470814581999946, 56.552069403000075 ], [ -79.468861456999946, 56.547349351000037 ], [ -79.465972459999932, 56.535101630000042 ], [ -79.463978644999941, 56.530340887000079 ], [ -79.468495245999918, 56.52960846600007 ], [ -79.471547003999945, 56.528021552000041 ], [ -79.474354620999918, 56.526068427000041 ], [ -79.478260870999918, 56.524155992000033 ], [ -79.461293097999942, 56.479681708000044 ], [ -79.467518683999913, 56.428697007000039 ], [ -79.504994269999941, 56.33234284100007 ], [ -79.525380011999914, 56.293646552000041 ], [ -79.55101477799991, 56.266302802000041 ], [ -79.737172003999945, 56.161444403000075 ], [ -79.949045376999948, 55.96820709800005 ], [ -79.987619594999899, 55.955267645000049 ], [ -80.002512173999946, 55.939276434000078 ], [ -80.02570553299995, 55.900336005000042 ], [ -79.970855272999927, 55.896918036000045 ], [ -79.949126756999931, 55.889064846000053 ], [ -79.936350063999896, 55.873724677000041 ], [ -79.934071417999917, 55.867092190000051 ], [ -79.923573370999918, 55.857082424000055 ], [ -79.912668423999946, 55.843247789000031 ], [ -79.909047003999945, 55.825262762000079 ], [ -79.895253058999913, 55.834214585000041 ], [ -79.879750128999945, 55.837144273000035 ], [ -79.867054816999939, 55.843491929000038 ], [ -79.861887173999946, 55.862779039000031 ], [ -79.856353318999936, 55.87140534100007 ], [ -79.830148891999897, 55.898627020000049 ], [ -79.722767706999946, 55.978583075000074 ], [ -79.584055141999897, 56.110663153000075 ], [ -79.545887824999909, 56.13312409100007 ], [ -79.523915167999917, 56.135321356000077 ], [ -79.493153449999909, 56.131577867000033 ], [ -79.470814581999946, 56.121039130000042 ], [ -79.474517381999931, 56.102728583000044 ], [ -79.528797980999911, 56.061224677000041 ], [ -79.545887824999909, 56.043768622000073 ], [ -79.631825324999909, 55.941229559000078 ] ], [ [ -79.914947068999936, 56.862860419000071 ], [ -79.938221808999913, 56.844916083000044 ], [ -79.943755662999934, 56.839504299000055 ], [ -79.952381964999915, 56.814683335000041 ], [ -79.951730923999946, 56.785223700000074 ], [ -79.939361131999931, 56.760484117000033 ], [ -79.912709113999938, 56.750067450000074 ], [ -79.888050910999937, 56.749090887000079 ], [ -79.879750128999945, 56.752752997000073 ], [ -79.868031378999945, 56.763739325000074 ], [ -79.866078253999945, 56.768011786000045 ], [ -79.863270636999914, 56.780910549000055 ], [ -79.861887173999946, 56.784857489000046 ], [ -79.856027798999946, 56.789252020000049 ], [ -79.843617316999939, 56.79132721600007 ], [ -79.837961391999897, 56.794501044000071 ], [ -79.823353644999941, 56.813055731000077 ], [ -79.817372199999909, 56.831610419000071 ], [ -79.824208136999914, 56.84796784100007 ], [ -79.857980923999946, 56.86554596600007 ], [ -79.872954881999931, 56.867377020000049 ], [ -79.905913865999935, 56.866848049000055 ], [ -79.914947068999936, 56.862860419000071 ] ], [ [ -79.045399542999917, 52.11273834800005 ], [ -79.080148891999897, 52.106512762000079 ], [ -79.086659308999913, 52.097479559000078 ], [ -79.031605597999942, 52.093410549000055 ], [ -79.006662563999953, 52.097886460000041 ], [ -79.001861131999931, 52.107570705000057 ], [ -79.01789303299995, 52.112372137000079 ], [ -79.027455206999946, 52.11359284100007 ], [ -79.045399542999917, 52.11273834800005 ] ], [ [ -79.44562740799995, 52.262396552000041 ], [ -79.484934048999946, 52.253322658000059 ], [ -79.49478105399993, 52.245754299000055 ], [ -79.501616990999935, 52.23663971600007 ], [ -79.501291469999899, 52.233099677000041 ], [ -79.474964972999942, 52.237494208000044 ], [ -79.400868292999917, 52.240912177000041 ], [ -79.381255662999934, 52.24477773600006 ], [ -79.379302537999934, 52.251898505000042 ], [ -79.385324673999946, 52.255764065000051 ], [ -79.405669725999928, 52.260972398000035 ], [ -79.44562740799995, 52.262396552000041 ] ], [ [ -78.752430792999917, 52.447943427000041 ], [ -78.768544074999909, 52.447699286000045 ], [ -78.796376105999911, 52.438869533000059 ], [ -78.814523891999897, 52.435248114000046 ], [ -78.827259894999941, 52.427639065000051 ], [ -78.820790167999917, 52.423814195000034 ], [ -78.807769334999932, 52.42914459800005 ], [ -78.801665818999936, 52.43390534100007 ], [ -78.799224412999934, 52.429348049000055 ], [ -78.801503058999913, 52.417669989000046 ], [ -78.800038214999915, 52.412787177000041 ], [ -78.796986456999946, 52.41351959800005 ], [ -78.794911261999914, 52.413885809000078 ], [ -78.793324347999942, 52.413478908000059 ], [ -78.794504360999952, 52.411932684000078 ], [ -78.792632615999935, 52.411444403000075 ], [ -78.786773240999935, 52.41274648600006 ], [ -78.783558722999942, 52.413804429000038 ], [ -78.782093878999945, 52.414129950000074 ], [ -78.774403449999909, 52.411810614000046 ], [ -78.766590949999909, 52.412502346000053 ], [ -78.762562628999945, 52.413763739000046 ], [ -78.761097785999937, 52.411322333000044 ], [ -78.760894334999932, 52.406439520000049 ], [ -78.749826626999948, 52.406195380000042 ], [ -78.726958787999934, 52.412339585000041 ], [ -78.728016730999911, 52.417385158000059 ], [ -78.751047329999949, 52.418931382000039 ], [ -78.755238410999937, 52.422064520000049 ], [ -78.739898240999935, 52.427313544000071 ], [ -78.723500128999945, 52.434759833000044 ], [ -78.708404100999928, 52.44399648600006 ], [ -78.707386847999942, 52.44757721600007 ], [ -78.719471808999913, 52.445542710000041 ], [ -78.734242316999939, 52.445135809000078 ], [ -78.752430792999917, 52.447943427000041 ] ], [ [ -79.588734503999945, 52.563950914000031 ], [ -79.588286912999934, 52.571356512000079 ], [ -79.591420050999943, 52.576727606000077 ], [ -79.601551886999914, 52.577826239000046 ], [ -79.612416144999941, 52.577337958000044 ], [ -79.616281704999949, 52.572414455000057 ], [ -79.621449347999942, 52.555853583000044 ], [ -79.638172980999911, 52.537827867000033 ], [ -79.639393683999913, 52.532619533000059 ], [ -79.609445766999897, 52.535101630000042 ], [ -79.581369594999899, 52.539862372000073 ], [ -79.572173631999931, 52.542466539000031 ], [ -79.565297003999945, 52.545355536000045 ], [ -79.572173631999931, 52.547674872000073 ], [ -79.58462480399993, 52.555161851000037 ], [ -79.588734503999945, 52.563950914000031 ] ], [ [ -81.098540818999936, 54.330267645000049 ], [ -81.094715949999909, 54.332098700000074 ], [ -81.09007727799991, 54.337551174000055 ], [ -81.086048956999946, 54.348211981000077 ], [ -81.088693813999896, 54.359076239000046 ], [ -81.093617316999939, 54.370184637000079 ], [ -81.10179602799991, 54.374090887000079 ], [ -81.108021613999938, 54.366034247000073 ], [ -81.108998175999943, 54.353989976000037 ], [ -81.108469204999949, 54.342962958000044 ], [ -81.105213995999918, 54.332912502000056 ], [ -81.098540818999936, 54.330267645000049 ] ], [ [ -76.735666469999899, 56.162298895000049 ], [ -76.745269334999932, 56.166489976000037 ], [ -76.756459113999938, 56.178859768000052 ], [ -76.765492316999939, 56.175970770000049 ], [ -76.772857225999928, 56.165350653000075 ], [ -76.772938605999911, 56.151841539000031 ], [ -76.770090298999946, 56.138332424000055 ], [ -76.772043423999946, 56.123724677000041 ], [ -76.780344204999949, 56.10805898600006 ], [ -76.774810350999928, 56.103664455000057 ], [ -76.734527147999927, 56.118312893000052 ], [ -76.720773891999897, 56.125392971000053 ], [ -76.715931769999941, 56.138006903000075 ], [ -76.724029100999928, 56.153631903000075 ], [ -76.730458136999914, 56.160834052000041 ], [ -76.735666469999899, 56.162298895000049 ] ], [ [ -77.841175910999937, 56.320379950000074 ], [ -77.841420050999943, 56.323309637000079 ], [ -77.847645636999914, 56.323553778000075 ], [ -77.940541144999941, 56.311428127000056 ], [ -77.948963995999918, 56.313381252000056 ], [ -77.956776495999918, 56.311428127000056 ], [ -77.960316535999937, 56.308783270000049 ], [ -77.963937954999949, 56.305609442000048 ], [ -77.970448370999918, 56.295803127000056 ], [ -77.980091925999943, 56.286607164000031 ], [ -77.972320115999935, 56.286607164000031 ], [ -77.927601691999939, 56.298773505000042 ], [ -77.91234290299991, 56.29828522300005 ], [ -77.884632941999939, 56.303534247000073 ], [ -77.84984290299991, 56.315252997000073 ], [ -77.841175910999937, 56.320379950000074 ] ], [ [ -77.491566535999937, 56.441148179000038 ], [ -77.499379035999937, 56.436997789000031 ], [ -77.503977016999897, 56.430121161000045 ], [ -77.505034959999932, 56.423041083000044 ], [ -77.506703253999945, 56.417385158000059 ], [ -77.515777147999927, 56.410956122000073 ], [ -77.529408331999946, 56.404038804000038 ], [ -77.537017381999931, 56.397040106000077 ], [ -77.537261522999927, 56.38812897300005 ], [ -77.53538977799991, 56.37954336100006 ], [ -77.521555141999897, 56.376044012000079 ], [ -77.502552863999938, 56.386460679000038 ], [ -77.490142381999931, 56.41828034100007 ], [ -77.483631964999915, 56.42719147300005 ], [ -77.478382941999939, 56.430731512000079 ], [ -77.477609829999949, 56.436468817000048 ], [ -77.48306230399993, 56.441229559000078 ], [ -77.487049933999913, 56.442124742000033 ], [ -77.491566535999937, 56.441148179000038 ] ], [ [ -78.782948370999918, 56.655096747000073 ], [ -78.753000454999949, 56.657294012000079 ], [ -78.739898240999935, 56.666978257000039 ], [ -78.750070766999897, 56.675604559000078 ], [ -78.765044725999928, 56.67719147300005 ], [ -78.778228318999936, 56.675767320000034 ], [ -78.840687628999945, 56.675767320000034 ], [ -78.850941535999937, 56.672674872000073 ], [ -78.838612433999913, 56.669867255000042 ], [ -78.832183397999927, 56.669338283000059 ], [ -78.819935675999943, 56.660874742000033 ], [ -78.811146613999938, 56.65766022300005 ], [ -78.782948370999918, 56.655096747000073 ] ], [ [ -76.620716925999943, 56.683579820000034 ], [ -76.616118943999936, 56.695502020000049 ], [ -76.624256964999915, 56.710272528000075 ], [ -76.634185350999928, 56.715277411000045 ], [ -76.634266730999911, 56.65656159100007 ], [ -76.647857225999928, 56.626532294000071 ], [ -76.654286261999914, 56.604885158000059 ], [ -76.655384894999941, 56.587469794000071 ], [ -76.649484829999949, 56.574408270000049 ], [ -76.64907792899993, 56.561428127000056 ], [ -76.654693162999934, 56.548895575000074 ], [ -76.646351691999939, 56.550482489000046 ], [ -76.626698370999918, 56.568793036000045 ], [ -76.619048631999931, 56.586900132000039 ], [ -76.622385219999899, 56.617254950000074 ], [ -76.625843878999945, 56.633612372000073 ], [ -76.624908006999931, 56.643622137000079 ], [ -76.620838995999918, 56.648179429000038 ], [ -76.620838995999918, 56.655585028000075 ], [ -76.62523352799991, 56.671779690000051 ], [ -76.626942511999914, 56.675604559000078 ], [ -76.62564042899993, 56.679429429000038 ], [ -76.623443162999934, 56.681463934000078 ], [ -76.620716925999943, 56.683579820000034 ] ], [ [ -76.655669725999928, 57.074774481000077 ], [ -76.657826300999943, 57.078070380000042 ], [ -76.654286261999914, 57.08266836100006 ], [ -76.655384894999941, 57.087836005000042 ], [ -76.671457485999952, 57.098537502000056 ], [ -76.675933397999927, 57.108872789000031 ], [ -76.672474738999938, 57.117254950000074 ], [ -76.66234290299991, 57.120835679000038 ], [ -76.653553839999915, 57.128851630000042 ], [ -76.655995245999918, 57.139797268000052 ], [ -76.668446417999917, 57.145453192000048 ], [ -76.678578253999945, 57.151841539000031 ], [ -76.681548631999931, 57.17023346600007 ], [ -76.698475714999915, 57.192206122000073 ], [ -76.711415167999917, 57.196356512000079 ], [ -76.725087042999917, 57.190822658000059 ], [ -76.731434699999909, 57.186468817000048 ], [ -76.733469204999949, 57.17641836100006 ], [ -76.727691209999932, 57.157538153000075 ], [ -76.720082160999937, 57.146307684000078 ], [ -76.720611131999931, 57.141424872000073 ], [ -76.718617316999939, 57.132717190000051 ], [ -76.708485480999911, 57.110663153000075 ], [ -76.706613735999952, 57.100653387000079 ], [ -76.700917120999918, 57.08266836100006 ], [ -76.693267381999931, 57.071966864000046 ], [ -76.675119594999899, 57.065375067000048 ], [ -76.660959438999953, 57.065375067000048 ], [ -76.654693162999934, 57.067124742000033 ], [ -76.651966925999943, 57.071356512000079 ], [ -76.655669725999928, 57.074774481000077 ] ], [ [ -78.297840949999909, 57.20648834800005 ], [ -78.311634894999941, 57.208726304000038 ], [ -78.325550910999937, 57.20766836100006 ], [ -78.352650519999941, 57.198187567000048 ], [ -78.357574022999927, 57.195461330000057 ], [ -78.358794725999928, 57.190741278000075 ], [ -78.360259568999936, 57.188177802000041 ], [ -78.366281704999949, 57.18891022300005 ], [ -78.373646613999938, 57.185248114000046 ], [ -78.382435675999943, 57.178127346000053 ], [ -78.381947394999941, 57.17446523600006 ], [ -78.357818162999934, 57.170396226000037 ], [ -78.341297980999911, 57.169907945000034 ], [ -78.332997199999909, 57.170477606000077 ], [ -78.324330206999946, 57.171861070000034 ], [ -78.308461066999939, 57.177476304000038 ], [ -78.300445115999935, 57.185614325000074 ], [ -78.296701626999948, 57.191229559000078 ], [ -78.291371222999942, 57.192531643000052 ], [ -78.286976691999939, 57.190741278000075 ], [ -78.282866990999935, 57.189439195000034 ], [ -78.278920050999943, 57.190741278000075 ], [ -78.271880662999934, 57.191636460000041 ], [ -78.261626756999931, 57.191595770000049 ], [ -78.256947394999941, 57.194484768000052 ], [ -78.262847459999932, 57.197739976000037 ], [ -78.268381313999953, 57.198635158000059 ], [ -78.297840949999909, 57.20648834800005 ] ], [ [ -78.32640540299991, 57.317775783000059 ], [ -78.347157355999911, 57.328558661000045 ], [ -78.381011522999927, 57.328802802000041 ], [ -78.458119269999941, 57.304754950000074 ], [ -78.474476691999939, 57.296861070000034 ], [ -78.48078365799995, 57.291449286000045 ], [ -78.478016730999911, 57.287543036000045 ], [ -78.468413865999935, 57.287014065000051 ], [ -78.427479620999918, 57.27960846600007 ], [ -78.415394660999937, 57.279282945000034 ], [ -78.379750128999945, 57.288153387000079 ], [ -78.336496548999946, 57.305161851000037 ], [ -78.32640540299991, 57.317775783000059 ] ], [ [ -76.783924933999913, 57.321030992000033 ], [ -76.774484829999949, 57.311428127000056 ], [ -76.76976477799991, 57.303778387000079 ], [ -76.763783331999946, 57.285060940000051 ], [ -76.75454667899993, 57.280503648000035 ], [ -76.739409959999932, 57.283880927000041 ], [ -76.732980923999946, 57.293524481000077 ], [ -76.738392706999946, 57.305731512000079 ], [ -76.745228644999941, 57.316595770000049 ], [ -76.749908006999931, 57.326402085000041 ], [ -76.750843878999945, 57.334906317000048 ], [ -76.747059699999909, 57.34125397300005 ], [ -76.743885870999918, 57.349432684000078 ], [ -76.745350714999915, 57.360174872000073 ], [ -76.751820441999939, 57.370306708000044 ], [ -76.75617428299995, 57.37531159100007 ], [ -76.759836391999897, 57.380357164000031 ], [ -76.771311001999948, 57.390611070000034 ], [ -76.80101477799991, 57.406073309000078 ], [ -76.808257615999935, 57.411607164000031 ], [ -76.818104620999918, 57.415350653000075 ], [ -76.826893683999913, 57.421576239000046 ], [ -76.835438605999911, 57.425767320000034 ], [ -76.839263475999928, 57.418850002000056 ], [ -76.832875128999945, 57.408270575000074 ], [ -76.823882615999935, 57.400539455000057 ], [ -76.817738410999937, 57.391017971000053 ], [ -76.814198370999918, 57.379584052000041 ], [ -76.807728644999941, 57.365179755000042 ], [ -76.792347785999937, 57.344183661000045 ], [ -76.791127081999946, 57.336086330000057 ], [ -76.783924933999913, 57.321030992000033 ] ], [ [ -76.662668423999946, 56.74673086100006 ], [ -76.662953253999945, 56.739121812000064 ], [ -76.659779425999943, 56.733587958000044 ], [ -76.651844855999911, 56.725897528000075 ], [ -76.62836666599992, 56.717474677000041 ], [ -76.620187954999949, 56.717474677000041 ], [ -76.616769985999952, 56.726548570000034 ], [ -76.621449347999942, 56.735256252000056 ], [ -76.621449347999942, 56.739894924000055 ], [ -76.622670050999943, 56.746120510000083 ], [ -76.63109290299991, 56.751572984000063 ], [ -76.636097785999937, 56.751328843000067 ], [ -76.640288865999935, 56.753322658000059 ], [ -76.644479946999923, 56.759059963000084 ], [ -76.651763475999928, 56.762315171000068 ], [ -76.658273891999897, 56.758042710000041 ], [ -76.662668423999946, 56.74673086100006 ] ], [ [ -76.661407029999907, 56.881659247000073 ], [ -76.663156704999949, 56.880357164000031 ], [ -76.66470292899993, 56.878322658000059 ], [ -76.664540167999917, 56.869981187000064 ], [ -76.668365037999934, 56.863755601000037 ], [ -76.673085089999915, 56.858710028000075 ], [ -76.675323045999903, 56.851060289000031 ], [ -76.670969204999949, 56.847398179000038 ], [ -76.663807745999918, 56.850816148000035 ], [ -76.657338019999941, 56.849514065000051 ], [ -76.64907792899993, 56.849676825000074 ], [ -76.644683397999927, 56.85610586100006 ], [ -76.644276495999918, 56.863755601000037 ], [ -76.646433071999923, 56.87055084800005 ], [ -76.650176561999899, 56.875067450000074 ], [ -76.661407029999907, 56.881659247000073 ] ], [ [ -76.65884355399993, 56.980658270000049 ], [ -76.666574673999946, 56.991685289000031 ], [ -76.671131964999915, 56.99205149900007 ], [ -76.688099738999938, 56.988674221000053 ], [ -76.695261196999923, 56.98187897300005 ], [ -76.698597785999937, 56.974025783000059 ], [ -76.698597785999937, 56.969183661000045 ], [ -76.693755662999934, 56.95656972900008 ], [ -76.687977667999917, 56.951361395000049 ], [ -76.681711391999897, 56.950669664000031 ], [ -76.679554816999939, 56.958604234000063 ], [ -76.669016079999949, 56.964911200000074 ], [ -76.660064256999931, 56.973374742000033 ], [ -76.65884355399993, 56.980658270000049 ] ], [ [ -76.707997199999909, 57.005967515000066 ], [ -76.706817186999899, 57.00181712400007 ], [ -76.701527472999942, 56.995591539000031 ], [ -76.694488084999932, 56.991359768000052 ], [ -76.690785285999937, 56.993475653000075 ], [ -76.688425258999928, 56.997748114000046 ], [ -76.686716274999924, 57.003322658000059 ], [ -76.681914842999902, 57.005926825000074 ], [ -76.669545050999943, 57.00735097900008 ], [ -76.654693162999934, 57.01430898600006 ], [ -76.653920050999943, 57.026393947000031 ], [ -76.665801561999899, 57.041815497000073 ], [ -76.673207160999937, 57.047267971000053 ], [ -76.704294399999924, 57.05650462400007 ], [ -76.713042772999927, 57.054795640000066 ], [ -76.713978644999941, 57.048854885000083 ], [ -76.712717251999948, 57.041693427000041 ], [ -76.71353105399993, 57.01821523600006 ], [ -76.711130337999919, 57.011623440000051 ], [ -76.707997199999909, 57.005967515000066 ] ], [ [ -76.749663865999935, 57.269273179000038 ], [ -76.763539191999939, 57.269639390000066 ], [ -76.77680416599992, 57.266384182000081 ], [ -76.780913865999935, 57.262274481000077 ], [ -76.76398678299995, 57.238633531000062 ], [ -76.75649980399993, 57.221828518000052 ], [ -76.7510066399999, 57.218817450000074 ], [ -76.741200324999909, 57.220078843000067 ], [ -76.731963670999903, 57.217962958000044 ], [ -76.729318813999953, 57.213731187000064 ], [ -76.729074673999946, 57.210557359000063 ], [ -76.727243618999921, 57.207505601000037 ], [ -76.723947719999899, 57.206651109000063 ], [ -76.7197566399999, 57.208400783000059 ], [ -76.718739386999914, 57.214422919000071 ], [ -76.720895962999919, 57.223415432000081 ], [ -76.725493943999936, 57.230088609000063 ], [ -76.731027798999946, 57.23423899900007 ], [ -76.731231248999904, 57.237168687000064 ], [ -76.72797604099992, 57.244655666000085 ], [ -76.737294074999909, 57.25531647300005 ], [ -76.749663865999935, 57.269273179000038 ] ], [ [ -78.429025844999899, 57.359401760000083 ], [ -78.417062954999949, 57.364976304000038 ], [ -78.420196092999902, 57.372056382000039 ], [ -78.445098436999899, 57.377101955000057 ], [ -78.47915605399993, 57.375392971000053 ], [ -78.507232225999928, 57.366441148000035 ], [ -78.516997850999928, 57.356024481000077 ], [ -78.499745245999918, 57.350368557000081 ], [ -78.461822068999936, 57.355739651000079 ], [ -78.429025844999899, 57.359401760000083 ] ], [ [ -78.510935024999924, 57.543198960000041 ], [ -78.540720180999926, 57.543239651000079 ], [ -78.544138149999924, 57.537949937000064 ], [ -78.536488410999937, 57.529242255000042 ], [ -78.525746222999942, 57.524766343000067 ], [ -78.515410936999899, 57.525946356000077 ], [ -78.508900519999941, 57.532416083000044 ], [ -78.505808071999923, 57.539129950000074 ], [ -78.510935024999924, 57.543198960000041 ] ], [ [ -76.86587480399993, 57.54523346600007 ], [ -76.866363084999932, 57.551214911000045 ], [ -76.89985104099992, 57.581773179000038 ], [ -76.906076626999948, 57.580674546000068 ], [ -76.90843665299991, 57.57335032800006 ], [ -76.9033503899999, 57.54991282800006 ], [ -76.878977016999897, 57.504828192000048 ], [ -76.872914191999939, 57.507025458000044 ], [ -76.86546790299991, 57.519517320000034 ], [ -76.863352016999897, 57.526678778000075 ], [ -76.867746548999946, 57.535915432000081 ], [ -76.86587480399993, 57.54523346600007 ] ], [ [ -79.654001430999926, 57.891628322000031 ], [ -79.653065558999913, 57.891587632000039 ], [ -79.64671790299991, 57.901312567000048 ], [ -79.64679928299995, 57.910956122000073 ], [ -79.648345506999931, 57.918565171000068 ], [ -79.653675910999937, 57.913112697000031 ], [ -79.652740037999934, 57.906276760000083 ], [ -79.656809048999946, 57.903387762000079 ], [ -79.655954555999926, 57.897487697000031 ], [ -79.654001430999926, 57.891628322000031 ] ], [ [ -79.08031165299991, 51.656317450000074 ], [ -79.086740688999953, 51.65102773600006 ], [ -79.086781378999945, 51.645331122000073 ], [ -79.082875128999945, 51.641791083000044 ], [ -79.07054602799991, 51.643377997000073 ], [ -79.059396938999953, 51.652126369000086 ], [ -79.060495571999923, 51.660142320000034 ], [ -79.066192186999899, 51.66046784100007 ], [ -79.072010870999918, 51.658799546000068 ], [ -79.08031165299991, 51.656317450000074 ] ], [ [ -79.194732225999928, 51.766465562000064 ], [ -79.204864061999899, 51.769191799000055 ], [ -79.234038865999935, 51.76939524900007 ], [ -79.284372524999924, 51.753241278000075 ], [ -79.286773240999935, 51.744330145000049 ], [ -79.274810350999928, 51.742621161000045 ], [ -79.232614712999919, 51.75499095300006 ], [ -79.21939042899993, 51.763861395000049 ], [ -79.205352342999902, 51.767604885000083 ], [ -79.194732225999928, 51.766465562000064 ] ], [ [ -79.248931443999936, 51.942368882000039 ], [ -79.240834113999938, 51.952012437000064 ], [ -79.240752732999908, 51.960231838000084 ], [ -79.247222459999932, 51.957749742000033 ], [ -79.274525519999941, 51.959824937000064 ], [ -79.28343665299991, 51.963812567000048 ], [ -79.289214647999927, 51.964504299000055 ], [ -79.312245245999918, 51.953355210000041 ], [ -79.317982550999943, 51.943589585000041 ], [ -79.318918423999946, 51.934108791000085 ], [ -79.312001105999911, 51.930243231000077 ], [ -79.262115037999934, 51.93976471600007 ], [ -79.248931443999936, 51.942368882000039 ] ], [ [ -79.220082160999937, 51.985256252000056 ], [ -79.203846808999913, 51.992702541000085 ], [ -79.197336391999897, 52.001328843000067 ], [ -79.198638475999928, 52.011460679000038 ], [ -79.204335089999915, 52.012193101000037 ], [ -79.23070227799991, 51.997463283000059 ], [ -79.231719529999907, 51.990016994000086 ], [ -79.220082160999937, 51.985256252000056 ] ], [ [ -78.946888800999943, 52.081976630000042 ], [ -78.946359829999949, 52.086778062000064 ], [ -78.952626105999911, 52.09914785400008 ], [ -78.963368292999917, 52.109523830000057 ], [ -78.97492428299995, 52.108750718000067 ], [ -78.987578904999907, 52.100938218000067 ], [ -78.991200324999909, 52.091945705000057 ], [ -78.954294399999924, 52.073309637000079 ], [ -78.948719855999911, 52.075384833000044 ], [ -78.947336391999897, 52.07766347900008 ], [ -78.949086066999939, 52.078802802000041 ], [ -78.946888800999943, 52.081976630000042 ] ], [ [ -79.176747199999909, 52.541856187000064 ], [ -79.177601691999939, 52.537583726000037 ], [ -79.177113410999937, 52.533026434000078 ], [ -79.174427863999938, 52.529527085000041 ], [ -79.170033331999946, 52.526678778000075 ], [ -79.164947068999936, 52.526149807000081 ], [ -79.152211066999939, 52.544745184000078 ], [ -79.155995245999918, 52.553452867000033 ], [ -79.167510545999903, 52.55967845300006 ], [ -79.175770636999914, 52.559597072000088 ], [ -79.178863084999932, 52.555405992000033 ], [ -79.174997524999924, 52.550767320000034 ], [ -79.17406165299991, 52.546210028000075 ], [ -79.176747199999909, 52.541856187000064 ] ], [ [ -78.85883541599992, 52.984035549000055 ], [ -78.869699673999946, 52.984890041000085 ], [ -78.888824022999927, 52.979885158000059 ], [ -78.921538865999935, 52.964911200000074 ], [ -78.905344204999949, 52.96743398600006 ], [ -78.897572394999941, 52.96743398600006 ], [ -78.887277798999946, 52.97178782800006 ], [ -78.878244594999899, 52.970811265000066 ], [ -78.869130011999914, 52.97219472900008 ], [ -78.86001542899993, 52.974269924000055 ], [ -78.85883541599992, 52.984035549000055 ] ], [ [ -79.024362758999928, 53.033596096000053 ], [ -79.018869594999899, 53.031236070000034 ], [ -79.007069464999915, 53.027451890000066 ], [ -79.007069464999915, 53.033107815000051 ], [ -79.0049128899999, 53.04087962400007 ], [ -79.018055792999917, 53.042710679000038 ], [ -79.029042120999918, 53.038275458000044 ], [ -79.024362758999928, 53.033596096000053 ] ], [ [ -79.008208787999934, 53.283148505000042 ], [ -79.003163214999915, 53.275864976000037 ], [ -78.977365688999953, 53.283880927000041 ], [ -78.977243618999921, 53.287543036000045 ], [ -78.982004360999952, 53.291083075000074 ], [ -78.99360104099992, 53.290106512000079 ], [ -79.004261847999942, 53.286688544000071 ], [ -79.009103969999899, 53.283880927000041 ], [ -79.008208787999934, 53.283148505000042 ] ], [ [ -79.01008053299995, 53.291367906000062 ], [ -79.000965949999909, 53.295925197000088 ], [ -79.001983201999906, 53.299221096000053 ], [ -79.012766079999949, 53.297227281000062 ], [ -79.039173956999946, 53.298936265000066 ], [ -79.045318162999934, 53.297105210000041 ], [ -79.048898891999897, 53.293239651000079 ], [ -79.049956834999932, 53.290513414000031 ], [ -79.04438229099992, 53.289007880000042 ], [ -79.01008053299995, 53.291367906000062 ] ], [ [ -79.678903774999924, 53.309475002000056 ], [ -79.682565883999928, 53.305243231000077 ], [ -79.660878058999913, 53.302476304000038 ], [ -79.657175258999928, 53.306708075000074 ], [ -79.678903774999924, 53.309475002000056 ] ], [ [ -79.013579881999931, 53.407090562000064 ], [ -79.007069464999915, 53.405096747000073 ], [ -78.993682420999903, 53.40460846600007 ], [ -78.991403774999924, 53.406520901000079 ], [ -78.993478969999899, 53.416734117000033 ], [ -78.997019008999928, 53.418443101000037 ], [ -79.02757727799991, 53.412624416000085 ], [ -79.032989061999899, 53.410264390000066 ], [ -79.03351803299995, 53.407456773000035 ], [ -79.028594529999907, 53.406765041000085 ], [ -79.020985480999911, 53.407375393000052 ], [ -79.013579881999931, 53.407090562000064 ] ], [ [ -79.113474087999919, 53.452215887000079 ], [ -79.116444464999915, 53.455349026000079 ], [ -79.118397589999915, 53.459214585000041 ], [ -79.120472785999937, 53.457912502000056 ], [ -79.125355597999942, 53.452826239000046 ], [ -79.14907792899993, 53.44094472900008 ], [ -79.153960740999935, 53.435695705000057 ], [ -79.149932420999903, 53.434963283000059 ], [ -79.145415818999936, 53.432643947000088 ], [ -79.13695227799991, 53.432806708000044 ], [ -79.134632941999939, 53.436428127000056 ], [ -79.138010219999899, 53.439276434000078 ], [ -79.13345292899993, 53.440415757000039 ], [ -79.119130011999914, 53.439805406000062 ], [ -79.118723110999952, 53.437526760000083 ], [ -79.119130011999914, 53.434352932000081 ], [ -79.114898240999935, 53.433579820000034 ], [ -79.10968990799995, 53.435288804000038 ], [ -79.107777472999942, 53.437974351000037 ], [ -79.114165818999936, 53.445868231000077 ], [ -79.112212693999936, 53.449652411000045 ], [ -79.102609829999949, 53.451931057000081 ], [ -79.104644334999932, 53.455064195000034 ], [ -79.107980923999946, 53.455023505000042 ], [ -79.110056118999921, 53.453314520000049 ], [ -79.113474087999919, 53.452215887000079 ] ], [ [ -79.243967251999948, 53.510362046000068 ], [ -79.238555467999902, 53.512640692000048 ], [ -79.232004360999952, 53.513332424000055 ], [ -79.228016730999911, 53.51203034100007 ], [ -79.217925584999932, 53.511989651000079 ], [ -79.214751756999931, 53.51508209800005 ], [ -79.217315232999908, 53.517360744000086 ], [ -79.225127732999908, 53.516424872000073 ], [ -79.24054928299995, 53.515977281000062 ], [ -79.249419725999928, 53.514878648000035 ], [ -79.251820441999939, 53.513657945000034 ], [ -79.25413977799991, 53.513006903000075 ], [ -79.257557745999918, 53.512762762000079 ], [ -79.252512173999946, 53.509873765000066 ], [ -79.24445553299995, 53.508937893000052 ], [ -79.243967251999948, 53.510362046000068 ] ], [ [ -79.141672329999949, 53.732570705000057 ], [ -79.13508053299995, 53.739894924000055 ], [ -79.14289303299995, 53.743963934000078 ], [ -79.151112433999913, 53.745306708000044 ], [ -79.158640102999925, 53.741929429000038 ], [ -79.161244269999941, 53.739447333000044 ], [ -79.164418097999942, 53.737168687000064 ], [ -79.161610480999911, 53.736924546000068 ], [ -79.156646287999934, 53.732570705000057 ], [ -79.141672329999949, 53.732570705000057 ] ], [ [ -79.501372850999928, 54.162583726000037 ], [ -79.4971003899999, 54.163885809000078 ], [ -79.494536912999934, 54.166083075000074 ], [ -79.491281704999949, 54.166408596000053 ], [ -79.484527147999927, 54.165513414000031 ], [ -79.473866339999915, 54.167141018000052 ], [ -79.466420050999943, 54.173041083000044 ], [ -79.463042772999927, 54.178412177000041 ], [ -79.45962480399993, 54.179022528000075 ], [ -79.454172329999949, 54.17759837400007 ], [ -79.432525193999936, 54.177354234000063 ], [ -79.428985154999907, 54.179185289000031 ], [ -79.430083787999934, 54.181301174000055 ], [ -79.454090949999909, 54.185370184000078 ], [ -79.473622199999909, 54.181016343000067 ], [ -79.48306230399993, 54.181586005000042 ], [ -79.494130011999914, 54.177964585000041 ], [ -79.505808071999923, 54.170111395000049 ], [ -79.507069464999915, 54.16750722900008 ], [ -79.504709438999953, 54.164984442000048 ], [ -79.501372850999928, 54.162583726000037 ] ], [ [ -79.41470292899993, 54.247300523000035 ], [ -79.435617641999897, 54.246283270000049 ], [ -79.442494269999941, 54.244370835000041 ], [ -79.447539842999902, 54.241115627000056 ], [ -79.45181230399993, 54.240993557000081 ], [ -79.457508917999917, 54.242254950000074 ], [ -79.461862758999928, 54.241400458000044 ], [ -79.463286912999934, 54.238796291000085 ], [ -79.466216600999928, 54.235947984000063 ], [ -79.419748501999948, 54.241481838000084 ], [ -79.412668423999946, 54.245062567000048 ], [ -79.41470292899993, 54.247300523000035 ] ], [ [ -79.394032355999911, 54.256577867000033 ], [ -79.387237107999908, 54.255926825000074 ], [ -79.382394985999952, 54.256699937000064 ], [ -79.384714321999923, 54.261216539000031 ], [ -79.398915167999917, 54.26548899900007 ], [ -79.413848436999899, 54.265529690000051 ], [ -79.415272589999915, 54.264634507000039 ], [ -79.407175258999928, 54.260524807000081 ], [ -79.40843665299991, 54.257961330000057 ], [ -79.414824998999904, 54.25377024900007 ], [ -79.414784308999913, 54.252224026000079 ], [ -79.394032355999911, 54.256577867000033 ] ], [ [ -79.533599412999934, 54.408758856000077 ], [ -79.532826300999943, 54.407131252000056 ], [ -79.524281378999945, 54.408921617000033 ], [ -79.525908982999908, 54.41514720300006 ], [ -79.535593227999925, 54.41587962400007 ], [ -79.546131964999915, 54.416205145000049 ], [ -79.550933397999927, 54.418117580000057 ], [ -79.548614061999899, 54.41351959800005 ], [ -79.544300910999937, 54.411525783000059 ], [ -79.541086391999897, 54.41079336100006 ], [ -79.534982876999948, 54.409572658000059 ], [ -79.533599412999934, 54.408758856000077 ] ], [ [ -76.770619269999941, 56.194362697000031 ], [ -76.730458136999914, 56.204331773000035 ], [ -76.726470506999931, 56.213934637000079 ], [ -76.72915605399993, 56.227484442000048 ], [ -76.737945115999935, 56.237046617000033 ], [ -76.749745245999918, 56.24249909100007 ], [ -76.758656378999945, 56.242214260000083 ], [ -76.76593990799995, 56.23781972900008 ], [ -76.775257941999939, 56.235337632000039 ], [ -76.769683397999927, 56.228461005000042 ], [ -76.750803188999953, 56.213934637000079 ], [ -76.751494920999903, 56.207749742000033 ], [ -76.755441860999952, 56.201524156000062 ], [ -76.762440558999913, 56.19790273600006 ], [ -76.770619269999941, 56.194362697000031 ] ], [ [ -78.049997524999924, 56.303900458000044 ], [ -78.076975063999953, 56.295314846000053 ], [ -78.080881313999953, 56.29014720300006 ], [ -78.080230272999927, 56.287990627000056 ], [ -78.073963995999918, 56.283026434000078 ], [ -78.064727342999902, 56.28624095300006 ], [ -78.050526495999918, 56.280178127000056 ], [ -78.043487107999908, 56.284206447000031 ], [ -78.037017381999931, 56.290920315000051 ], [ -78.028797980999911, 56.296698309000078 ], [ -78.011870897999927, 56.29913971600007 ], [ -78.008534308999913, 56.295803127000056 ], [ -78.008086717999902, 56.28892649900007 ], [ -78.005441860999952, 56.289292710000041 ], [ -78.0010066399999, 56.296616929000038 ], [ -78.003895636999914, 56.30109284100007 ], [ -78.015695766999897, 56.301906643000052 ], [ -78.049997524999924, 56.303900458000044 ] ], [ [ -76.67524166599992, 56.335638739000046 ], [ -76.672230597999942, 56.340684312000064 ], [ -76.673614061999899, 56.347154039000031 ], [ -76.683216925999943, 56.352565822000031 ], [ -76.685088670999903, 56.350083726000037 ], [ -76.684885219999899, 56.344346421000068 ], [ -76.682199673999946, 56.340033270000049 ], [ -76.682443813999953, 56.335679429000038 ], [ -76.696603969999899, 56.319932359000063 ], [ -76.74673417899993, 56.285101630000042 ], [ -76.749419725999928, 56.278306382000039 ], [ -76.745065883999928, 56.275539455000057 ], [ -76.679839647999927, 56.294948635000083 ], [ -76.664418097999942, 56.308498440000051 ], [ -76.659738735999952, 56.318264065000051 ], [ -76.660674607999908, 56.324733791000085 ], [ -76.664987758999928, 56.32798899900007 ], [ -76.671905076999906, 56.331284898000035 ], [ -76.67524166599992, 56.335638739000046 ] ], [ [ -77.779408331999946, 56.344346421000068 ], [ -77.780344204999949, 56.341498114000046 ], [ -77.777211066999939, 56.341213283000059 ], [ -77.777333136999914, 56.338283596000053 ], [ -77.779855923999946, 56.331406968000067 ], [ -77.780506964999915, 56.325751044000071 ], [ -77.77680416599992, 56.325873114000046 ], [ -77.770253058999913, 56.332993882000039 ], [ -77.762074347999942, 56.337713934000078 ], [ -77.762115037999934, 56.350897528000075 ], [ -77.764475063999953, 56.353501695000034 ], [ -77.772450324999909, 56.349269924000055 ], [ -77.779408331999946, 56.344346421000068 ] ], [ [ -77.73306230399993, 56.354396877000056 ], [ -77.738270636999914, 56.362331447000031 ], [ -77.74673417899993, 56.370347398000035 ], [ -77.754465298999946, 56.367417710000041 ], [ -77.752023891999897, 56.35923899900007 ], [ -77.742624477999925, 56.353094794000071 ], [ -77.73468990799995, 56.351141669000071 ], [ -77.73306230399993, 56.354396877000056 ] ], [ [ -77.77953040299991, 56.369370835000041 ], [ -77.774362758999928, 56.364935614000046 ], [ -77.773223436999899, 56.359157619000086 ], [ -77.769032355999911, 56.357936916000085 ], [ -77.763742641999897, 56.363674221000053 ], [ -77.764637824999909, 56.373439846000053 ], [ -77.774525519999941, 56.379502671000068 ], [ -77.786488410999937, 56.379624742000033 ], [ -77.792510545999903, 56.375840562000064 ], [ -77.797637498999904, 56.365383205000057 ], [ -77.794992641999897, 56.363674221000053 ], [ -77.788970506999931, 56.364935614000046 ], [ -77.784453904999907, 56.368760484000063 ], [ -77.77953040299991, 56.369370835000041 ] ], [ [ -76.650827602999925, 56.473822333000044 ], [ -76.658355272999927, 56.472479559000078 ], [ -76.677886522999927, 56.451564846000053 ], [ -76.681548631999931, 56.44171784100007 ], [ -76.677316860999952, 56.434841213000084 ], [ -76.648833787999934, 56.42564524900007 ], [ -76.63345292899993, 56.434637762000079 ], [ -76.621815558999913, 56.448228257000039 ], [ -76.62250729099992, 56.453192450000074 ], [ -76.632476365999935, 56.461452541000085 ], [ -76.650827602999925, 56.473822333000044 ] ], [ [ -78.052438930999926, 56.546047268000052 ], [ -78.063384568999936, 56.546454169000071 ], [ -78.058135545999903, 56.541042385000083 ], [ -78.04710852799991, 56.540757554000038 ], [ -78.052438930999926, 56.546047268000052 ] ], [ [ -78.11742102799991, 56.569484768000052 ], [ -78.120228644999941, 56.563788153000075 ], [ -78.106963670999903, 56.562526760000083 ], [ -78.095082160999937, 56.567979234000063 ], [ -78.102935350999928, 56.573513088000084 ], [ -78.11742102799991, 56.569484768000052 ] ], [ [ -78.355295376999948, 56.700832424000055 ], [ -78.397653774999924, 56.698879299000055 ], [ -78.42524166599992, 56.705064195000034 ], [ -78.433420376999948, 56.702826239000046 ], [ -78.433867967999902, 56.699693101000037 ], [ -78.347604946999923, 56.69086334800005 ], [ -78.341623501999948, 56.692084052000041 ], [ -78.338815883999928, 56.695217190000051 ], [ -78.344715949999909, 56.699448960000041 ], [ -78.355295376999948, 56.700832424000055 ] ] ], [ [ [ -74.0, 45.393844195984272 ], [ -74.001942511999914, 45.396104234000063 ], [ -74.014719204999949, 45.420314846000053 ], [ -74.008656378999945, 45.43618398600006 ], [ -74.016102667999917, 45.450425523000035 ], [ -74.037709113999938, 45.438462632000039 ], [ -74.05728105399993, 45.444484768000052 ], [ -74.077707485999952, 45.456691799000055 ], [ -74.101470506999931, 45.463446356000077 ], [ -74.126535610999952, 45.465440171000068 ], [ -74.277333136999914, 45.502793687000064 ], [ -74.30695553299995, 45.504461981000077 ], [ -74.329701300999943, 45.509670315000051 ], [ -74.342884894999941, 45.522365627000056 ], [ -74.352772589999915, 45.538234768000052 ], [ -74.365589972999942, 45.552842515000066 ], [ -74.379465298999946, 45.56163157800006 ], [ -74.359527147999927, 45.559475002000056 ], [ -74.334868943999936, 45.537014065000051 ], [ -74.321603969999899, 45.528794664000088 ], [ -74.30695553299995, 45.525539455000057 ], [ -74.214751756999931, 45.532375393000052 ], [ -74.199045376999948, 45.530910549000055 ], [ -74.19009355399993, 45.528306382000039 ], [ -74.173817511999914, 45.518133856000077 ], [ -74.147450324999909, 45.494370835000041 ], [ -74.135975714999915, 45.490790106000077 ], [ -74.125559048999946, 45.489732164000088 ], [ -74.104847785999937, 45.48501211100006 ], [ -74.043446417999917, 45.483994859000063 ], [ -74.001088019999941, 45.491278387000079 ], [ -74.0, 45.491634982041546 ], [ -74.0, 45.393844195984272 ] ] ], [ [ [ -74.0, 45.31740464873468 ], [ -74.001210089999915, 45.31671784100007 ], [ -74.032338019999941, 45.307196356000077 ], [ -74.043568488999938, 45.305650132000039 ], [ -74.121083136999914, 45.309068101000037 ], [ -74.128407355999911, 45.307562567000048 ], [ -74.141713019999941, 45.30219147300005 ], [ -74.154204881999931, 45.295111395000049 ], [ -74.162587042999917, 45.287787177000041 ], [ -74.16624915299991, 45.279120184000078 ], [ -74.165028449999909, 45.269720770000049 ], [ -74.158680792999917, 45.26007721600007 ], [ -74.153187628999945, 45.255601304000038 ], [ -74.146555141999897, 45.25259023600006 ], [ -74.139393683999913, 45.251166083000044 ], [ -74.081044074999909, 45.252752997000073 ], [ -74.047840949999909, 45.257635809000078 ], [ -74.028716600999928, 45.264105536000045 ], [ -74.003000454999949, 45.268703518000052 ], [ -74.0, 45.269758070979101 ], [ -74.0, 45.247661728918132 ], [ -74.004383917999917, 45.245184637000079 ], [ -74.048451300999943, 45.232530015000066 ], [ -74.145619269999941, 45.233954169000071 ], [ -74.164418097999942, 45.228623765000066 ], [ -74.19945227799991, 45.203843492000033 ], [ -74.219471808999913, 45.19757721600007 ], [ -74.308176235999952, 45.183986721000053 ], [ -74.329497850999928, 45.178086656000062 ], [ -74.356271938999953, 45.159816799000055 ], [ -74.367339647999927, 45.154364325000074 ], [ -74.37922115799995, 45.150295315000051 ], [ -74.389149542999917, 45.148789781000062 ], [ -74.399566209999932, 45.144761460000041 ], [ -74.403146938999953, 45.135158596000053 ], [ -74.404286261999914, 45.123887437000064 ], [ -74.407134568999936, 45.114650783000059 ], [ -74.436838344999899, 45.086330471000053 ], [ -74.473540818999936, 45.067124742000033 ], [ -74.634917772999927, 45.014024156000062 ], [ -74.712961391999897, 44.999253648000035 ], [ -74.653065558999913, 45.042547919000071 ], [ -74.547963019999941, 45.080226955000057 ], [ -74.526275193999936, 45.091131903000075 ], [ -74.516997850999928, 45.104396877000056 ], [ -74.510243292999917, 45.124904690000051 ], [ -74.493641730999911, 45.146226304000038 ], [ -74.473052537999934, 45.16437409100007 ], [ -74.454335089999915, 45.175441799000055 ], [ -74.444162563999953, 45.17837148600006 ], [ -74.413400844999899, 45.18227773600006 ], [ -74.402495897999927, 45.18663157800006 ], [ -74.378895636999914, 45.199937242000033 ], [ -74.375477667999917, 45.202785549000055 ], [ -74.364003058999913, 45.206122137000079 ], [ -74.346180792999917, 45.22056712400007 ], [ -74.334543423999946, 45.223944403000075 ], [ -74.321441209999932, 45.225002346000053 ], [ -74.313832160999937, 45.228094794000071 ], [ -74.307118292999917, 45.232407945000034 ], [ -74.233754035999937, 45.262111721000053 ], [ -74.211333787999934, 45.264878648000035 ], [ -74.199615037999934, 45.272365627000056 ], [ -74.168934699999909, 45.308010158000059 ], [ -74.153309699999909, 45.320135809000078 ], [ -74.109364386999914, 45.327460028000075 ], [ -74.013498501999948, 45.32843659100007 ], [ -74.0, 45.335114193731265 ], [ -74.0, 45.31740464873468 ] ] ], [ [ [ -74.0, 40.760324047028206 ], [ -74.003155496999909, 40.755871189000061 ], [ -74.011977144999946, 40.730038127000057 ], [ -74.016916469999899, 40.699286200000074 ], [ -74.002227342999902, 40.704046942000048 ], [ -74.0, 40.704887061089998 ], [ -74.0, 40.69280511966587 ], [ -74.001879397999915, 40.690127016000076 ], [ -74.015479257999914, 40.677803734000065 ], [ -74.012839686999939, 40.664700094000068 ], [ -74.023810964999939, 40.649200055000051 ], [ -74.035834780999949, 40.638859386000036 ], [ -74.039989745999947, 40.619785734000061 ], [ -74.030021284999918, 40.605497728000046 ], [ -74.004895487999931, 40.59718203400007 ], [ -74.0, 40.591753619540263 ], [ -74.0, 40.584966513255537 ], [ -74.000694911999915, 40.583271640000078 ], [ -74.011673825999935, 40.579288274000078 ], [ -74.003816963999952, 40.570550837000042 ], [ -74.0, 40.570263701855296 ], [ -74.0, 40.472694975668539 ], [ -74.01821855399993, 40.480536200000074 ], [ -74.0, 40.444654535214745 ], [ -74.0, 40.405832497560091 ], [ -74.032338019999941, 40.421616929000038 ], [ -74.119943813999953, 40.445257880000042 ], [ -74.145904100999928, 40.447699286000045 ], [ -74.197132941999939, 40.44086334800005 ], [ -74.205922003999945, 40.442938544000071 ], [ -74.221913214999915, 40.45189036700009 ], [ -74.256337042999917, 40.460028387000079 ], [ -74.269549955999935, 40.483058603000075 ], [ -74.282687445999898, 40.497318766000035 ], [ -74.269649527999945, 40.504920293000055 ], [ -74.263930321999908, 40.513289788000066 ], [ -74.259877644999904, 40.536731426000074 ], [ -74.260487582999929, 40.551819592000072 ], [ -74.24904380299995, 40.562974599000086 ], [ -74.233016929999906, 40.566537389000075 ], [ -74.221669074999909, 40.572088934000078 ], [ -74.215286196999898, 40.591657807000047 ], [ -74.209646772999918, 40.634230638000076 ], [ -74.190320658999951, 40.649383912000076 ], [ -74.179066535999937, 40.653509833000044 ], [ -74.160755988999938, 40.662461656000062 ], [ -74.15001813899994, 40.664183048000041 ], [ -74.142191382999897, 40.676120917000048 ], [ -74.133317875999921, 40.691238053000063 ], [ -74.126016755999899, 40.703170392000061 ], [ -74.11243542099993, 40.717893467000067 ], [ -74.105567969999925, 40.705192639000074 ], [ -74.138991247999911, 40.657847673000049 ], [ -74.142085422999912, 40.646322963000046 ], [ -74.13102220199994, 40.645176895000077 ], [ -74.110659702999953, 40.650361898000085 ], [ -74.096005799999944, 40.654757927000048 ], [ -74.089344855999911, 40.669256903000075 ], [ -74.071034308999913, 40.687201239000046 ], [ -74.048085089999915, 40.70062897300005 ], [ -74.031929412999943, 40.714180897000062 ], [ -74.02802820799991, 40.727857259000075 ], [ -74.020926850999899, 40.742051049000054 ], [ -74.018633012999942, 40.751682691000042 ], [ -74.014310803999933, 40.765843350000068 ], [ -74.006252545999928, 40.78061391600005 ], [ -74.0, 40.788396872939508 ], [ -74.0, 40.760324047028206 ] ], [ [ -74.153631248999943, 40.637489667000068 ], [ -74.170927338999945, 40.643410194000069 ], [ -74.182419048999918, 40.637422431000061 ], [ -74.191801699999928, 40.628264243000046 ], [ -74.194351857999948, 40.612766385000043 ], [ -74.197894548999898, 40.584956394000073 ], [ -74.201487383999904, 40.569856296000069 ], [ -74.207195510999952, 40.560311463000062 ], [ -74.21866523999995, 40.55313248200008 ], [ -74.232759232999911, 40.547928974000058 ], [ -74.241603460999897, 40.539165454000056 ], [ -74.238930238999899, 40.527258953000057 ], [ -74.23939217599991, 40.516939516000036 ], [ -74.248259573999917, 40.512937402000034 ], [ -74.252944180999918, 40.507354413000087 ], [ -74.250830956999948, 40.501396666000062 ], [ -74.242983653999943, 40.499434562000033 ], [ -74.22836888899991, 40.502257783000061 ], [ -74.209069023999916, 40.509462598000084 ], [ -74.192361444999904, 40.51148853400008 ], [ -74.179854991999946, 40.519861493000064 ], [ -74.163164211999913, 40.527446857000086 ], [ -74.148036611999942, 40.534629064000057 ], [ -74.139674179999929, 40.534644207000042 ], [ -74.133917983999936, 40.53266801500007 ], [ -74.102102654999953, 40.554570492000039 ], [ -74.053568731999917, 40.602703867000059 ], [ -74.061451202999933, 40.614608642000064 ], [ -74.07194127799994, 40.623331691000089 ], [ -74.07461513599992, 40.634032995000041 ], [ -74.071450231999904, 40.63803071600006 ], [ -74.073052142999927, 40.644372259000079 ], [ -74.076715703999923, 40.648744482000041 ], [ -74.083536306999918, 40.649517990000049 ], [ -74.097320115999935, 40.643500067000048 ], [ -74.110259568999936, 40.637762762000079 ], [ -74.126088019999941, 40.633490302000041 ], [ -74.153631248999943, 40.637489667000068 ] ] ], [ [ [ -74.0, 39.0 ], [ -74.794317057670654, 39.0 ], [ -74.783355272999927, 39.015122789000088 ], [ -74.785267706999946, 39.022040106000077 ], [ -74.78937740799995, 39.031195380000042 ], [ -74.788075324999909, 39.039048570000034 ], [ -74.764068162999934, 39.044256903000075 ], [ -74.753814256999931, 39.048773505000042 ], [ -74.745716925999943, 39.054510809000078 ], [ -74.737172003999945, 39.070257880000042 ], [ -74.713734503999945, 39.091131903000075 ], [ -74.708322719999899, 39.097723700000074 ], [ -74.710194464999915, 39.108791408000059 ], [ -74.716379360999952, 39.114935614000046 ], [ -74.72524980399993, 39.11595286700009 ], [ -74.735585089999915, 39.111395575000074 ], [ -74.73696855399993, 39.11469147300005 ], [ -74.736724412999934, 39.116766669000071 ], [ -74.737538214999915, 39.117743231000077 ], [ -74.74242102799991, 39.118150132000039 ], [ -74.733265753999945, 39.127427476000037 ], [ -74.722808397999927, 39.131822007000039 ], [ -74.711822068999936, 39.131008205000057 ], [ -74.70148678299995, 39.124416408000059 ], [ -74.654367641999897, 39.201361395000049 ], [ -74.643055792999917, 39.213812567000048 ], [ -74.620838995999918, 39.223211981000077 ], [ -74.578968878999945, 39.267767645000049 ], [ -74.550648566999939, 39.28266022300005 ], [ -74.550648566999939, 39.289496161000045 ], [ -74.605213995999918, 39.275213934000078 ], [ -74.618153449999909, 39.27875397300005 ], [ -74.629505988999938, 39.284369208000044 ], [ -74.642567511999914, 39.289007880000042 ], [ -74.66047115799995, 39.289496161000045 ], [ -74.642079230999911, 39.306708075000074 ], [ -74.614491339999915, 39.312404690000051 ], [ -74.550648566999939, 39.310614325000074 ], [ -74.550648566999939, 39.316229559000078 ], [ -74.555246548999946, 39.329291083000044 ], [ -74.542347785999937, 39.347316799000055 ], [ -74.509632941999939, 39.378851630000042 ], [ -74.481760219999899, 39.364650783000059 ], [ -74.508859829999949, 39.343451239000046 ], [ -74.521107550999943, 39.33038971600007 ], [ -74.530140753999945, 39.316229559000078 ], [ -74.530140753999945, 39.310614325000074 ], [ -74.502837693999936, 39.318182684000078 ], [ -74.444406704999949, 39.34711334800005 ], [ -74.413441535999937, 39.357123114000046 ], [ -74.421783006999931, 39.375230210000041 ], [ -74.434396938999953, 39.395005601000037 ], [ -74.450306769999941, 39.406439520000049 ], [ -74.468658006999931, 39.399359442000048 ], [ -74.467518683999913, 39.412095445000034 ], [ -74.462066209999932, 39.42641836100006 ], [ -74.454904751999948, 39.439032294000071 ], [ -74.448150193999936, 39.447170315000051 ], [ -74.432972785999937, 39.456203518000052 ], [ -74.42210852799991, 39.455145575000074 ], [ -74.411244269999941, 39.450181382000039 ], [ -74.396351691999939, 39.447170315000051 ], [ -74.383697068999936, 39.471096096000053 ], [ -74.380116339999915, 39.487494208000044 ], [ -74.389271613999938, 39.494940497000073 ], [ -74.401275193999936, 39.502427476000037 ], [ -74.40648352799991, 39.520086981000077 ], [ -74.407215949999909, 39.557033596000053 ], [ -74.398019985999952, 39.550034898000035 ], [ -74.386789516999897, 39.544419664000088 ], [ -74.373646613999938, 39.543443101000037 ], [ -74.358794725999928, 39.550197658000059 ], [ -74.321278449999909, 39.529730536000045 ], [ -74.318186001999948, 39.524644273000035 ], [ -74.316273566999939, 39.514553127000056 ], [ -74.310902472999942, 39.506659247000073 ], [ -74.297352667999917, 39.508612372000073 ], [ -74.290191209999932, 39.523138739000046 ], [ -74.303537563999953, 39.54165273600006 ], [ -74.329709796999907, 39.562177996000059 ], [ -74.328490899999906, 39.576184835000049 ], [ -74.306666225999948, 39.594895349000069 ], [ -74.290905097999939, 39.605187201000035 ], [ -74.276367305999941, 39.607072361000064 ], [ -74.256418423999946, 39.61163971600007 ], [ -74.247547980999911, 39.62140534100007 ], [ -74.252114890999906, 39.631354767000062 ], [ -74.243622470999924, 39.643485902000066 ], [ -74.210908821999908, 39.650965306000046 ], [ -74.198762344999921, 39.676139540000065 ], [ -74.181779425999935, 39.691988520000052 ], [ -74.167551235999952, 39.699367580000057 ], [ -74.166013727999939, 39.704098069000054 ], [ -74.161139800999933, 39.720868789000065 ], [ -74.163319464999915, 39.735174872000073 ], [ -74.190196861999937, 39.74416324300006 ], [ -74.186518894999949, 39.772110756000075 ], [ -74.165865231999931, 39.806564090000052 ], [ -74.145904100999928, 39.830755927000041 ], [ -74.12726803299995, 39.848456122000073 ], [ -74.125884568999936, 39.855617580000057 ], [ -74.131991183999901, 39.872293850000062 ], [ -74.136799836999899, 39.890967340000088 ], [ -74.127042612999901, 39.905893387000049 ], [ -74.10999225899991, 39.921740818000046 ], [ -74.113608745999898, 39.931076346000054 ], [ -74.132883266999897, 39.933783270000049 ], [ -74.112375454999949, 39.949693101000037 ], [ -74.102284308999913, 39.970933335000041 ], [ -74.105824347999942, 39.985541083000044 ], [ -74.126088019999941, 39.981594143000052 ], [ -74.122059699999909, 39.997300523000035 ], [ -74.109486456999946, 40.002834377000056 ], [ -74.103685518999953, 40.014023988000076 ], [ -74.08301556999993, 40.011209643000086 ], [ -74.075681355999905, 40.025177181000061 ], [ -74.063503002999937, 40.030751857000041 ], [ -74.067121821999933, 40.041934725000033 ], [ -74.078066071999899, 40.043810869000083 ], [ -74.080480269999953, 40.051265493000074 ], [ -74.060699022999927, 40.062160549000055 ], [ -74.050282355999911, 40.05499909100007 ], [ -74.051325299999917, 40.035393950000071 ], [ -74.057465276999949, 40.012122391000048 ], [ -74.066041948999953, 39.992554936000033 ], [ -74.072174928999914, 39.972990828000036 ], [ -74.080739697999945, 39.922878770000068 ], [ -74.100438434999944, 39.783232835000035 ], [ -74.093012632999944, 39.77633706000006 ], [ -74.072339591999935, 39.875379288000033 ], [ -74.067424091999953, 39.903305242000044 ], [ -74.062501720999933, 39.933095818000083 ], [ -74.058819376999907, 39.954516313000056 ], [ -74.046561585999939, 39.997336800000085 ], [ -74.0404106229999, 40.028078116000074 ], [ -74.036719425999934, 40.048585416000037 ], [ -74.030559571999902, 40.079340938000087 ], [ -74.0256056959999, 40.111030098000072 ], [ -74.018224365999913, 40.140894452000055 ], [ -74.010751982999921, 40.167555530000072 ], [ -74.0, 40.201667232246947 ], [ -74.0, 39.0 ] ], [ [ -74.37173417899993, 39.436590887000079 ], [ -74.386626756999931, 39.406480210000041 ], [ -74.399769660999937, 39.399359442000048 ], [ -74.413563605999911, 39.404771226000037 ], [ -74.421701626999948, 39.416937567000048 ], [ -74.430897589999915, 39.425360419000071 ], [ -74.448150193999936, 39.419867255000042 ], [ -74.425526495999918, 39.393744208000044 ], [ -74.393381313999953, 39.389146226000037 ], [ -74.359242316999939, 39.401556708000044 ], [ -74.330922003999945, 39.42609284100007 ], [ -74.317860480999911, 39.454006252000056 ], [ -74.313343878999945, 39.455145575000074 ], [ -74.30492102799991, 39.459784247000073 ], [ -74.302113410999937, 39.464748440000051 ], [ -74.351633266999897, 39.470200914000088 ], [ -74.367543097999942, 39.465033270000049 ], [ -74.358794725999928, 39.447170315000051 ], [ -74.37173417899993, 39.436590887000079 ] ], [ [ -74.159986580999941, 39.685463525000046 ], [ -74.240072096999938, 39.575387884000065 ], [ -74.254639712999904, 39.547361925000075 ], [ -74.254465298999946, 39.53461334800005 ], [ -74.255767381999931, 39.529730536000045 ], [ -74.256418423999946, 39.52220286700009 ], [ -74.231632420999915, 39.552991248000069 ], [ -74.184308354999928, 39.615554709000037 ], [ -74.147901462999926, 39.665895583000065 ], [ -74.129681643999902, 39.701289716000076 ], [ -74.10578365799995, 39.72915273600006 ], [ -74.098133917999917, 39.755682684000078 ], [ -74.109486456999946, 39.748928127000056 ], [ -74.118275519999941, 39.737982489000046 ], [ -74.132883266999897, 39.714667059000078 ], [ -74.159986580999941, 39.685463525000046 ] ] ], [ [ [ -75.327070497021609, 39.0 ], [ -75.342582121999953, 39.020211252000081 ], [ -75.369205114999943, 39.040257328000052 ], [ -75.393789890999926, 39.055551025000057 ], [ -75.401404340999932, 39.078287597000042 ], [ -75.39744518099991, 39.102636364000034 ], [ -75.401616235999938, 39.117166347000079 ], [ -75.404572667999901, 39.130647151000062 ], [ -75.40611640599991, 39.151998866000042 ], [ -75.404757128999904, 39.172230870000078 ], [ -75.394154425999943, 39.224595445000034 ], [ -75.398019985999952, 39.249335028000075 ], [ -75.407704230999911, 39.27024974200009 ], [ -75.428490187999898, 39.291292781000038 ], [ -75.434410619999937, 39.314873863000059 ], [ -75.459165256999938, 39.328292960000056 ], [ -75.482411261999914, 39.344671942000048 ], [ -75.48851477799991, 39.347316799000055 ], [ -75.490793423999946, 39.353461005000042 ], [ -75.527891175999912, 39.403390924000064 ], [ -75.552760578999937, 39.425793962000057 ], [ -75.568863115999932, 39.440354876000072 ], [ -75.587938167999937, 39.462770639000041 ], [ -75.583566860999952, 39.483343817000048 ], [ -75.575062628999945, 39.505194403000075 ], [ -75.56118730399993, 39.523016669000071 ], [ -75.554595506999931, 39.541164455000057 ], [ -75.555816209999932, 39.559271552000041 ], [ -75.565500454999949, 39.576849677000041 ], [ -75.574045376999948, 39.585598049000055 ], [ -75.602691209999932, 39.607896226000037 ], [ -75.605213995999918, 39.616685289000088 ], [ -75.601144985999952, 39.62726471600007 ], [ -75.595204230999911, 39.638495184000078 ], [ -75.592152472999942, 39.649237372000073 ], [ -75.586822068999936, 39.655951239000046 ], [ -75.551136847999942, 39.666245835000041 ], [ -75.545765753999945, 39.67023346600007 ], [ -75.500721808999913, 39.714260158000059 ], [ -75.487660285999937, 39.731675523000035 ], [ -75.476714647999927, 39.77212148600006 ], [ -75.462961391999897, 39.78461334800005 ], [ -75.427642381999931, 39.803412177000041 ], [ -75.391713019999941, 39.839585679000038 ], [ -75.376454230999911, 39.845038153000075 ], [ -75.358876105999911, 39.848334052000041 ], [ -75.297352667999917, 39.87173086100006 ], [ -75.273101365999935, 39.864081122000073 ], [ -75.24868730399993, 39.867254950000074 ], [ -75.207915818999936, 39.88540273600006 ], [ -75.147775844999899, 39.902573960000041 ], [ -75.133412238999938, 39.912665106000077 ], [ -75.138742641999897, 39.933579820000034 ], [ -75.132923956999946, 39.956122137000079 ], [ -75.119699673999946, 39.974188544000071 ], [ -75.102406378999945, 39.981594143000052 ], [ -75.079986131999931, 39.986395575000074 ], [ -75.046538865999935, 40.009100653000075 ], [ -75.023589647999927, 40.016302802000041 ], [ -75.039418097999942, 40.002630927000041 ], [ -75.07876542899993, 39.953599351000037 ], [ -75.085031704999949, 39.961086330000057 ], [ -75.098703579999949, 39.947455145000049 ], [ -75.115956183999913, 39.95258209800005 ], [ -75.120228644999941, 39.940741278000075 ], [ -75.113677537999934, 39.922064520000049 ], [ -75.098703579999949, 39.906439520000049 ], [ -75.114816860999952, 39.897162177000041 ], [ -75.129383917999917, 39.883856512000079 ], [ -75.144154425999943, 39.874904690000051 ], [ -75.160755988999938, 39.878566799000055 ], [ -75.16624915299991, 39.87335846600007 ], [ -75.167591925999943, 39.873480536000045 ], [ -75.168853318999936, 39.872707424000055 ], [ -75.192941860999952, 39.86749909100007 ], [ -75.229074673999946, 39.854559637000079 ], [ -75.246083136999914, 39.85187409100007 ], [ -75.268299933999913, 39.850775458000044 ], [ -75.310902472999942, 39.84320709800005 ], [ -75.367298956999946, 39.823797919000071 ], [ -75.406117316999939, 39.802923895000049 ], [ -75.440174933999913, 39.777004299000055 ], [ -75.461822068999936, 39.748236395000049 ], [ -75.463368292999917, 39.71938711100006 ], [ -75.465199347999942, 39.714667059000078 ], [ -75.476673956999946, 39.711371161000045 ], [ -75.483143683999913, 39.704169012000079 ], [ -75.487538214999915, 39.696844794000071 ], [ -75.501128709999932, 39.688299872000073 ], [ -75.504994269999941, 39.676011460000041 ], [ -75.507150844999899, 39.662298895000049 ], [ -75.510243292999917, 39.65265534100007 ], [ -75.516509568999936, 39.647772528000075 ], [ -75.53538977799991, 39.638902085000041 ], [ -75.557443813999953, 39.621242580000057 ], [ -75.558216925999943, 39.613470770000049 ], [ -75.547474738999938, 39.601060289000088 ], [ -75.513661261999914, 39.573797919000071 ], [ -75.51040605399993, 39.559637762000079 ], [ -75.521555141999897, 39.514105536000045 ], [ -75.523833787999934, 39.494940497000073 ], [ -75.531646287999934, 39.498480536000045 ], [ -75.53734290299991, 39.503159898000035 ], [ -75.54133053299995, 39.508856512000079 ], [ -75.531605597999942, 39.47797272300005 ], [ -75.508168097999942, 39.45734284100007 ], [ -75.477650519999941, 39.44086334800005 ], [ -75.375559048999946, 39.352728583000044 ], [ -75.371937628999945, 39.347723700000074 ], [ -75.367176886999914, 39.342596747000073 ], [ -75.359364386999914, 39.337876695000034 ], [ -75.354481574999909, 39.338568427000041 ], [ -75.348215298999946, 39.342027085000041 ], [ -75.340565558999913, 39.345038153000075 ], [ -75.331410285999937, 39.344142971000053 ], [ -75.320912238999938, 39.333685614000046 ], [ -75.313221808999913, 39.31781647300005 ], [ -75.303618943999936, 39.303290106000077 ], [ -75.28742428299995, 39.296942450000074 ], [ -75.249501105999911, 39.296942450000074 ], [ -75.242095506999931, 39.292629299000055 ], [ -75.234201626999948, 39.273382880000042 ], [ -75.225941535999937, 39.26898834800005 ], [ -75.211659308999913, 39.264349677000041 ], [ -75.175770636999914, 39.242010809000078 ], [ -75.166981574999909, 39.234279690000051 ], [ -75.165638800999943, 39.228338934000078 ], [ -75.168812628999945, 39.216009833000044 ], [ -75.166981574999909, 39.207586981000077 ], [ -75.159331834999932, 39.198635158000059 ], [ -75.145008917999917, 39.191473700000074 ], [ -75.146473761999914, 39.187079169000071 ], [ -75.128895636999914, 39.187689520000049 ], [ -75.117176886999914, 39.19281647300005 ], [ -75.106597459999932, 39.200140692000048 ], [ -75.09243730399993, 39.207586981000077 ], [ -75.061146613999938, 39.21352773600006 ], [ -75.040272589999915, 39.214544989000046 ], [ -75.026682094999899, 39.210679429000038 ], [ -75.022857225999928, 39.202460028000075 ], [ -75.023426886999914, 39.194891669000071 ], [ -75.022206183999913, 39.189276434000078 ], [ -75.013050910999937, 39.187079169000071 ], [ -75.003732876999948, 39.188055731000077 ], [ -74.986439581999946, 39.192328192000048 ], [ -74.978871222999942, 39.193304755000042 ], [ -74.938588019999941, 39.192531643000052 ], [ -74.922230597999942, 39.188544012000079 ], [ -74.906320766999897, 39.179632880000042 ], [ -74.887277798999946, 39.14679596600007 ], [ -74.894439256999931, 39.107611395000049 ], [ -74.944325324999909, 39.024725653000075 ], [ -74.952566038999919, 39.00754816400007 ], [ -74.954197937005134, 39.0 ], [ -75.327070497021609, 39.0 ] ] ], [ [ [ -76.289581318676525, 39.0 ], [ -76.293261957999903, 39.008770509000044 ], [ -76.295033331999946, 39.02765534100007 ], [ -76.306385870999918, 39.031317450000074 ], [ -76.315297003999945, 39.029364325000074 ], [ -76.322092251999948, 39.006415106000077 ], [ -76.326190114347938, 39.0 ], [ -76.448987916579725, 39.0 ], [ -76.44595292899993, 39.005194403000075 ], [ -76.438710089999915, 39.008978583000044 ], [ -76.415191209999932, 39.009955145000049 ], [ -76.398548956999946, 39.01439036700009 ], [ -76.394195115999935, 39.024562893000052 ], [ -76.409910302999947, 39.037846908000063 ], [ -76.42913332899991, 39.045707992000075 ], [ -76.476327458999947, 39.064003322000076 ], [ -76.499849053999924, 39.068428057000062 ], [ -76.516476568999906, 39.075635855000087 ], [ -76.519276023999907, 39.085708683000064 ], [ -76.513209942999936, 39.086458471000071 ], [ -76.497432875999948, 39.078572207000036 ], [ -76.478375574999916, 39.080825592000053 ], [ -76.469146287999934, 39.08344147300005 ], [ -76.455922003999945, 39.090725002000056 ], [ -76.443267381999931, 39.088690497000073 ], [ -76.443571550999934, 39.076527794000071 ], [ -76.432993946999943, 39.067224002000046 ], [ -76.42530667199992, 39.074052964000089 ], [ -76.419506400999921, 39.089620823000075 ], [ -76.430226769999933, 39.106334232000052 ], [ -76.433282714999905, 39.131218416000081 ], [ -76.441029425999943, 39.135158596000053 ], [ -76.469334925999931, 39.155031707000035 ], [ -76.480002036999906, 39.167023043000086 ], [ -76.493792709999923, 39.161469948000047 ], [ -76.499989386999914, 39.164862372000073 ], [ -76.517562154999951, 39.176663129000076 ], [ -76.524672531999897, 39.184657017000063 ], [ -76.528289328999904, 39.191345123000076 ], [ -76.53026744899995, 39.203441508000083 ], [ -76.53652017099995, 39.211443883000072 ], [ -76.563590118999912, 39.215819648000036 ], [ -76.563902226999915, 39.231303655000033 ], [ -76.57027626799993, 39.244692263000047 ], [ -76.585845506999931, 39.248521226000037 ], [ -76.602592743999935, 39.248324191000052 ], [ -76.610463019999941, 39.254461981000077 ], [ -76.623199022999927, 39.259711005000042 ], [ -76.616566535999937, 39.262193101000037 ], [ -76.591053839999915, 39.263495184000078 ], [ -76.581166144999941, 39.267320054000038 ], [ -76.57081758399994, 39.273637551000036 ], [ -76.564572869999949, 39.264964190000057 ], [ -76.531995680999898, 39.245839572000079 ], [ -76.508297803999938, 39.236026734000063 ], [ -76.492467796999904, 39.227464775000044 ], [ -76.497315597999943, 39.208557395000071 ], [ -76.482508973999927, 39.207388024000068 ], [ -76.469470108999928, 39.207542411000077 ], [ -76.463002081999946, 39.213812567000048 ], [ -76.45531165299991, 39.22016022300005 ], [ -76.445238776999929, 39.217904850000082 ], [ -76.448559498999941, 39.208435067000039 ], [ -76.449177867999936, 39.194956886000057 ], [ -76.431966554999917, 39.205936307000059 ], [ -76.402770358999931, 39.227816484000073 ], [ -76.396865045999903, 39.237981451000053 ], [ -76.421538865999935, 39.238348700000074 ], [ -76.447743292999917, 39.256740627000056 ], [ -76.467762824999909, 39.282904364000046 ], [ -76.483469204999949, 39.310614325000074 ], [ -76.450672980999911, 39.302069403000075 ], [ -76.442494269999941, 39.296942450000074 ], [ -76.425933397999927, 39.27374909100007 ], [ -76.416900193999936, 39.26398346600007 ], [ -76.401478644999941, 39.256008205000057 ], [ -76.391184048999946, 39.264878648000035 ], [ -76.390492316999939, 39.271551825000074 ], [ -76.423451300999943, 39.305650132000039 ], [ -76.430816209999932, 39.318101304000038 ], [ -76.42446855399993, 39.32367584800005 ], [ -76.369130011999914, 39.313177802000041 ], [ -76.366525844999899, 39.317328192000048 ], [ -76.373605923999946, 39.330471096000053 ], [ -76.362375454999949, 39.337225653000075 ], [ -76.351633266999897, 39.33820221600007 ], [ -76.341664191999939, 39.34048086100006 ], [ -76.332630988999938, 39.350978908000059 ], [ -76.338856574999909, 39.350978908000059 ], [ -76.336659308999913, 39.369208075000074 ], [ -76.35806230399993, 39.377101955000057 ], [ -76.385568813999953, 39.38226959800005 ], [ -76.401478644999941, 39.392523505000042 ], [ -76.325184699999909, 39.40766022300005 ], [ -76.311512824999909, 39.402777411000045 ], [ -76.29165605399993, 39.357123114000046 ], [ -76.284169074999909, 39.310614325000074 ], [ -76.254017706999946, 39.340073960000041 ], [ -76.246652798999946, 39.344142971000053 ], [ -76.245228644999941, 39.349554755000042 ], [ -76.252674933999913, 39.361517645000049 ], [ -76.266835089999915, 39.378851630000042 ], [ -76.253163214999915, 39.454006252000056 ], [ -76.246815558999913, 39.458238023000035 ], [ -76.240142381999931, 39.467027085000041 ], [ -76.232492641999897, 39.474514065000051 ], [ -76.222767706999946, 39.474514065000051 ], [ -76.215809699999909, 39.467596747000073 ], [ -76.216135219999899, 39.459377346000053 ], [ -76.222767706999946, 39.440334377000056 ], [ -76.229603644999941, 39.397528387000079 ], [ -76.225900844999899, 39.377834377000056 ], [ -76.209706183999913, 39.364650783000059 ], [ -76.183705206999946, 39.383002020000049 ], [ -76.122425910999937, 39.411037502000056 ], [ -76.074126756999931, 39.448797919000071 ], [ -76.067534959999932, 39.457831122000073 ], [ -76.06509355399993, 39.470770575000074 ], [ -76.073068813999953, 39.475083726000037 ], [ -76.109730597999942, 39.48501211100006 ], [ -76.120350714999915, 39.494940497000073 ], [ -76.092396613999938, 39.550197658000059 ], [ -76.082997199999909, 39.557806708000044 ], [ -76.064796225999942, 39.555634986000086 ], [ -76.038206562999903, 39.556620648000035 ], [ -76.008350392999944, 39.548687008000059 ], [ -75.97915605399993, 39.567287502000056 ], [ -75.962554490999935, 39.590765692000048 ], [ -75.951039191999939, 39.60101959800005 ], [ -75.934722459999932, 39.604193427000041 ], [ -75.946848110999952, 39.565375067000048 ], [ -75.954660610999952, 39.548081773000035 ], [ -75.96548417899993, 39.532863674000055 ], [ -75.990630662999934, 39.504461981000077 ], [ -75.999663865999935, 39.485500393000052 ], [ -76.000712972999906, 39.452790123000057 ], [ -75.96605236399995, 39.481731521000086 ], [ -75.904930942999897, 39.521531681000056 ], [ -75.889149542999917, 39.545477606000077 ], [ -75.873402472999942, 39.562892971000053 ], [ -75.856027798999946, 39.577378648000035 ], [ -75.831695115999935, 39.584377346000053 ], [ -75.839263475999928, 39.561468817000048 ], [ -75.851307745999918, 39.538397528000075 ], [ -75.869130011999914, 39.519476630000042 ], [ -75.893788214999915, 39.508612372000073 ], [ -75.884022589999915, 39.492254950000074 ], [ -75.868763800999943, 39.480658270000049 ], [ -75.839182094999899, 39.466986395000049 ], [ -75.839182094999899, 39.460760809000078 ], [ -75.866118943999936, 39.46430084800005 ], [ -75.912464972999942, 39.476385809000078 ], [ -75.934722459999932, 39.474514065000051 ], [ -75.951975063999953, 39.465806382000039 ], [ -75.973947719999899, 39.450832424000055 ], [ -76.01390540299991, 39.416164455000057 ], [ -76.034264631999918, 39.392877297000041 ], [ -76.006596698999942, 39.380548214000044 ], [ -75.904705704999913, 39.374283418000061 ], [ -75.864017137999952, 39.379595491000089 ], [ -75.839182094999899, 39.371486721000053 ], [ -75.860092653999914, 39.361784515000068 ], [ -75.885676099999898, 39.362528612000062 ], [ -75.931492847999948, 39.364984416000084 ], [ -75.999639207999905, 39.362216741000054 ], [ -76.027857738999899, 39.362445336000064 ], [ -76.059605949999934, 39.369628903000034 ], [ -76.105362293999917, 39.372047815000087 ], [ -76.116607225999928, 39.364650783000059 ], [ -76.119984503999945, 39.360174872000073 ], [ -76.127797003999945, 39.33852773600006 ], [ -76.133412238999938, 39.330471096000053 ], [ -76.142933722999942, 39.326646226000037 ], [ -76.164865688999953, 39.323309637000079 ], [ -76.174956834999932, 39.316229559000078 ], [ -76.178618943999936, 39.307847398000035 ], [ -76.180572068999936, 39.288072007000039 ], [ -76.212807782999903, 39.261966868000059 ], [ -76.234091715999909, 39.230449344000078 ], [ -76.2558610399999, 39.188536055000043 ], [ -76.272628040999905, 39.167992072000061 ], [ -76.272685777999925, 39.151551665000056 ], [ -76.251445571999909, 39.132604068000035 ], [ -76.242597408999927, 39.126783396000064 ], [ -76.243045528999914, 39.115753230000053 ], [ -76.235717566999938, 39.098208193000062 ], [ -76.231109359999948, 39.058275918000049 ], [ -76.242618050999909, 39.03325963900005 ], [ -76.234876474999908, 39.024751929000047 ], [ -76.217211676999909, 39.01311396400007 ], [ -76.20420624399992, 39.01453323800007 ], [ -76.207625050999923, 39.029812234000076 ], [ -76.212461065999946, 39.051791498000057 ], [ -76.203910987999905, 39.080235820000041 ], [ -76.185121968999908, 39.094164026000044 ], [ -76.175119594999899, 39.124090887000079 ], [ -76.14085852799991, 39.138657945000034 ], [ -76.14085852799991, 39.131822007000039 ], [ -76.154449022999927, 39.124416408000059 ], [ -76.130523240999935, 39.11782461100006 ], [ -76.108998175999943, 39.125921942000048 ], [ -76.087798631999931, 39.138657945000034 ], [ -76.06509355399993, 39.146144924000055 ], [ -76.077219204999949, 39.12836334800005 ], [ -76.121652798999946, 39.092474677000041 ], [ -76.14085852799991, 39.06976959800005 ], [ -76.133412238999938, 39.062933661000045 ], [ -76.144602016999897, 39.060126044000071 ], [ -76.168120897999927, 39.056708075000074 ], [ -76.165191209999932, 39.04751211100006 ], [ -76.160878058999913, 39.039740302000041 ], [ -76.154896613999938, 39.033677476000037 ], [ -76.147043423999946, 39.029486395000049 ], [ -76.150990363999938, 39.009100653000075 ], [ -76.163018296667289, 39.0 ], [ -76.289581318676525, 39.0 ] ], [ [ -76.378502062999928, 39.249807100000055 ], [ -76.381286773999932, 39.24832026100006 ], [ -76.383672976999947, 39.245553657000073 ], [ -76.382941632999916, 39.242401579000045 ], [ -76.379613607999943, 39.239733999000066 ], [ -76.373679897999921, 39.23832599800005 ], [ -76.365652861999934, 39.239822959000037 ], [ -76.376075553999897, 39.25084006700007 ], [ -76.378502062999928, 39.249807100000055 ] ] ], [ [ [ -76.504648923199113, 39.0 ], [ -76.512505774999909, 39.005725367000082 ], [ -76.530955476999907, 39.02163573100006 ], [ -76.5432939989999, 39.031580718000043 ], [ -76.561587209999914, 39.036066782000034 ], [ -76.571187251999902, 39.038643620000073 ], [ -76.568511522999927, 39.05609772300005 ], [ -76.569162563999953, 39.066392320000034 ], [ -76.563547329999949, 39.074286200000074 ], [ -76.551665818999936, 39.077215887000079 ], [ -76.539591457999904, 39.064068545000055 ], [ -76.524618285999907, 39.045392050000089 ], [ -76.511942426999951, 39.02196327300004 ], [ -76.479786380713563, 39.0 ], [ -76.504648923199113, 39.0 ] ] ] ] } }
]
}
