{
"type": "FeatureCollection",
"name": "ne_10m_admin_1_states_provinces_lines",
"crs": { "type": "name", "properties": { "name": "urn:ogc:def:crs:OGC:1.3:CRS84" } },
"features": [
{ "type": "Feature", "properties": { "FEATURECLA": "Admin-1 boundary", "NAME": null, "ADM0_A3": "CAN", "ADM0_NAME": "Canada", "SHAPE_LENG": 0.00265792933, "MAPCOLOR13": 2, "MAPCOLOR9": 2, "SOV_A3": null, "NAME_L": null, "NAME_R": null, "NAME_ALT_L": null, "NAME_ALT_R": null, "NAME_LOC_L": null, "NAME_LOC_R": null, "NAME_LEN_L": 0, "NAME_LEN_R": 0, "NOTE": "Canada_13", "TYPE": null, "MIN_ZOOM": 2.0, "MIN_LABEL": 7.5, "SCALERANK": 2, "FCLASS_ISO": null, "FCLASS_US": null, "FCLASS_FR": null, "FCLASS_RU": null, "FCLASS_ES": null, "FCLASS_CN": null, "FCLASS_TW": null, "FCLASS_IN": null, "FCLASS_NP": null, "FCLASS_PK": null, "FCLASS_DE": null, "FCLASS_GB": null, "FCLASS_BR": null, "FCLASS_IL": null, "FCLASS_PS": null, "FCLASS_SA": null, "FCLASS_EG": null, "FCLASS_MA": null, "FCLASS_PT": null, "FCLASS_AR": null, "FCLASS_JP": null, "FCLASS_KO": null, "FCLASS_VN": null, "FCLASS_TR": null, "FCLASS_ID": null, "FCLASS_PL": null, "FCLASS_GR": null, "FCLASS_IT": null, "FCLASS_NL": null, "FCLASS_SE": null, "FCLASS_BD": null, "FCLASS_UA": null, "ne_id": 1746710591, "BRK_A3": null, "FCLASS_OSM": null, "FCLASS_TLC": null }, "geometry": { "type": "LineString", "coordinates": [ [ -79.520799526776727, 50.942915242444485 ], [ -79.520799526776727, 50.942877400771408 ] ] } },
{ "type": "Feature", "properties": { "FEATURECLA": "Admin-1 boundary", "NAME": null, "ADM0_A3": "USA", "ADM0_NAME": "United States of America", "SHAPE_LENG": 39.802900085700003, "MAPCOLOR13": 1, "MAPCOLOR9": 1, "SOV_A3": "US1", "NAME_L": null, "NAME_R": null, "NAME_ALT_L": null, "NAME_ALT_R": null, "NAME_LOC_L": null, "NAME_LOC_R": null, "NAME_LEN_L": 0, "NAME_LEN_R": 0, "NOTE": "US_102", "TYPE": null, "MIN_ZOOM": 2.0, "MIN_LABEL": 7.5, "SCALERANK": 9, "FCLASS_ISO": null, "FCLASS_US": null, "FCLASS_FR": null, "FCLASS_RU": null, "FCLASS_ES": null, "FCLASS_CN": null, "FCLASS_TW": null, "FCLASS_IN": null, "FCLASS_NP": null, "FCLASS_PK": null, "FCLASS_DE": null, "FCLASS_GB": null, "FCLASS_BR": null, "FCLASS_IL": null, "FCLASS_PS": null, "FCLASS_SA": null, "FCLASS_EG": null, "FCLASS_MA": null, "FCLASS_PT": null, "FCLASS_AR": null, "FCLASS_JP": null, "FCLASS_KO": null, "FCLASS_VN": null, "FCLASS_TR": null, "FCLASS_ID": null, "FCLASS_PL": null, "FCLASS_GR": null, "FCLASS_IT": null, "FCLASS_NL": null, "FCLASS_SE": null, "FCLASS_BD": null, "FCLASS_UA": null, "ne_id": 1746711713, "BRK_A3": null, "FCLASS_OSM": null, "FCLASS_TLC": null }, "geometry": { "type": "LineString", "coordinates": [ [ -74.054622, 40.653406 ], [ -74.085614770305369, 40.654426283945838 ], [ -74.120614949020649, 40.641301217377247 ], [ -74.143802567734326, 40.641738719566206 ], [ -74.172240212715622, 40.648738755489148 ], [ -74.199802854218319, 40.631238666131537 ], [ -74.202797211721929, 40.589966580393366 ], [ -74.214677930442122, 40.567363339346628 ], [ -74.229464111379627, 40.560759976391751 ], [ -74.248365601691148, 40.545488228099202 ], [ -74.250115611346359, 40.527550636552633 ], [ -74.259303158214152, 40.510488049383923 ], [ -74.256678144181024, 40.490800448182142 ], [ -74.226756412328086, 40.477498803726341 ], [ -74.187552791128383, 40.480300394747417 ] ] } },
{ "type": "Feature", "properties": { "FEATURECLA": "Admin-1 boundary", "NAME": "Wyoming - Utah", "ADM0_A3": "USA", "ADM0_NAME": "United States of America", "SHAPE_LENG": 306.35001387599999, "MAPCOLOR13": 1, "MAPCOLOR9": 1, "SOV_A3": "US1", "NAME_L": "Wyoming", "NAME_R": "Utah", "NAME_ALT_L": "WY|Wyo.", "NAME_ALT_R": "UT", "NAME_LOC_L": null, "NAME_LOC_R": null, "NAME_LEN_L": 7, "NAME_LEN_R": 4, "NOTE": "US_109", "TYPE": null, "MIN_ZOOM": 2.0, "MIN_LABEL": 7.5, "SCALERANK": 2, "FCLASS_ISO": null, "FCLASS_US": null, "FCLASS_FR": null, "FCLASS_RU": null, "FCLASS_ES": null, "FCLASS_CN": null, "FCLASS_TW": null, "FCLASS_IN": null, "FCLASS_NP": null, "FCLASS_PK": null, "FCLASS_DE": null, "FCLASS_GB": null, "FCLASS_BR": null, "FCLASS_IL": null, "FCLASS_PS": null, "FCLASS_SA": null, "FCLASS_EG": null, "FCLASS_MA": null, "FCLASS_PT": null, "FCLASS_AR": null, "FCLASS_JP": null, "FCLASS_KO": null, "FCLASS_VN": null, "FCLASS_TR": null, "FCLASS_ID": null, "FCLASS_PL": null, "FCLASS_GR": null, "FCLASS_IT": null, "FCLASS_NL": null, "FCLASS_SE": null, "FCLASS_BD": null, "FCLASS_UA": null, "ne_id": 1746714497, "BRK_A3": null, "FCLASS_OSM": null, "FCLASS_TLC": null }, "geometry": { "type": "LineString", "coordinates": [ [ -110.0, 40.999833189250239 ], [ -109.922918743605123, 40.999833189250239 ], [ -109.797674603100404, 40.999833189250239 ], [ -109.672479291286265, 40.999833189250239 ], [ -109.547235149882226, 40.999833189250239 ], [ -109.422015424172457, 40.999833189250239 ], [ -109.296820110559622, 40.999833189250239 ], [ -109.171575970954279, 40.999833189250239 ], [ -109.046331829550297, 40.999833189250239 ] ] } },
{ "type": "Feature", "properties": { "FEATURECLA": "Admin-1 boundary", "NAME": "Wyoming - Colorado", "ADM0_A3": "USA", "ADM0_NAME": "United States of America", "SHAPE_LENG": 555.77397229400003, "MAPCOLOR13": 1, "MAPCOLOR9": 1, "SOV_A3": "US1", "NAME_L": "Wyoming", "NAME_R": "Colorado", "NAME_ALT_L": "WY|Wyo.", "NAME_ALT_R": "CO|Colo.", "NAME_LOC_L": null, "NAME_LOC_R": null, "NAME_LEN_L": 7, "NAME_LEN_R": 8, "NOTE": "US_105", "TYPE": null, "MIN_ZOOM": 2.0, "MIN_LABEL": 7.5, "SCALERANK": 2, "FCLASS_ISO": null, "FCLASS_US": null, "FCLASS_FR": null, "FCLASS_RU": null, "FCLASS_ES": null, "FCLASS_CN": null, "FCLASS_TW": null, "FCLASS_IN": null, "FCLASS_NP": null, "FCLASS_PK": null, "FCLASS_DE": null, "FCLASS_GB": null, "FCLASS_BR": null, "FCLASS_IL": null, "FCLASS_PS": null, "FCLASS_SA": null, "FCLASS_EG": null, "FCLASS_MA": null, "FCLASS_PT": null, "FCLASS_AR": null, "FCLASS_JP": null, "FCLASS_KO": null, "FCLASS_VN": null, "FCLASS_TR": null, "FCLASS_ID": null, "FCLASS_PL": null, "FCLASS_GR": null, "FCLASS_IT": null, "FCLASS_NL": null, "FCLASS_SE": null, "FCLASS_BD": null, "FCLASS_UA": null, "ne_id": 1746714515, "BRK_A3": null, "FCLASS_OSM": null, "FCLASS_TLC": null }, "geometry": { "type": "LineString", "coordinates": [ [ -109.046331829550297, 40.999833189250239 ], [ -108.889324994153128, 40.999833189250239 ], [ -108.732269330065492, 40.999833189250239 ], [ -108.57526249376906, 40.999833189250239 ], [ -108.418255658371891, 40.999833189250239 ], [ -108.261273235971032, 40.999833189250239 ], [ -108.104217571883396, 40.999833189250239 ], [ -107.94718632169139, 40.999833189250239 ], [ -107.790155072398647, 40.999833189250239 ], [ -107.633123822206585, 40.999833189250239 ], [ -107.476092572014579, 40.999833189250239 ], [ -107.319061321822517, 40.999833189250239 ], [ -107.162054486425404, 40.999833189250239 ], [ -107.005072064024489, 40.999833189250239 ], [ -106.84801639993691, 40.999833189250239 ], [ -106.690985149744847, 40.999833189250239 ], [ -106.533953899552785, 40.999833189250239 ], [ -106.376922650260099, 40.999833189250239 ], [ -106.219891400068036, 40.999833189250239 ], [ -106.062860149875974, 40.999833189250239 ], [ -105.905853313579541, 40.999833189250239 ], [ -105.748870892078003, 40.999833189250239 ], [ -105.591815227990367, 40.999833189250239 ], [ -105.434783977798304, 40.999833189250239 ], [ -105.277752727606298, 40.999833189250239 ], [ -105.120721478313556, 40.999833189250239 ], [ -104.963714642017067, 40.999833189250239 ], [ -104.806732221414848, 40.999833189250239 ], [ -104.649700971222842, 40.999833189250239 ], [ -104.492645306235886, 40.999833189250239 ], [ -104.335614056043823, 40.999833189250239 ], [ -104.178582805851761, 40.999833189250239 ], [ -104.053729291273726, 40.999833189250239 ] ] } },
{ "type": "Feature", "properties": { "FEATURECLA": "Admin-1 boundary", "NAME": "Colorado - Utah", "ADM0_A3": "USA", "ADM0_NAME": "United States of America", "SHAPE_LENG": 345.49104430800003, "MAPCOLOR13": 1, "MAPCOLOR9": 1, "SOV_A3": "US1", "NAME_L": "Colorado", "NAME_R": "Utah", "NAME_ALT_L": "CO|Colo.", "NAME_ALT_R": "UT", "NAME_LOC_L": null, "NAME_LOC_R": null, "NAME_LEN_L": 8, "NAME_LEN_R": 4, "NOTE": "US_104", "TYPE": null, "MIN_ZOOM": 2.0, "MIN_LABEL": 7.5, "SCALERANK": 2, "FCLASS_ISO": null, "FCLASS_US": null, "FCLASS_FR": null, "FCLASS_RU": null, "FCLASS_ES": null, "FCLASS_CN": null, "FCLASS_TW": null, "FCLASS_IN": null, "FCLASS_NP": null, "FCLASS_PK": null, "FCLASS_DE": null, "FCLASS_GB": null, "FCLASS_BR": null, "FCLASS_IL": null, "FCLASS_PS": null, "FCLASS_SA": null, "FCLASS_EG": null, "FCLASS_MA": null, "FCLASS_PT": null, "FCLASS_AR": null, "FCLASS_JP": null, "FCLASS_KO": null, "FCLASS_VN": null, "FCLASS_TR": null, "FCLASS_ID": null, "FCLASS_PL": null, "FCLASS_GR": null, "FCLASS_IT": null, "FCLASS_NL": null, "FCLASS_SE": null, "FCLASS_BD": null, "FCLASS_UA": null, "ne_id": 1746714521, "BRK_A3": null, "FCLASS_OSM": null, "FCLASS_TLC": null }, "geometry": { "type": "LineString", "coordinates": [ [ -109.046331829550297, 40.999833189250239 ], [ -109.046331829550297, 40.874808774705173 ], [ -109.046331829550297, 40.749833188850573 ], [ -109.046331829550297, 40.624857602995974 ], [ -109.046380658240764, 40.49983318935017 ], [ -109.046453899927542, 40.374808774805103 ], [ -109.046453899927542, 40.2497843611593 ], [ -109.046453899927542, 40.1248087753047 ], [ -109.046453899927542, 39.999833189450101 ], [ -109.046453899927542, 39.874833188800608 ], [ -109.046453899927542, 39.749808775154804 ], [ -109.046453899927542, 39.624808775404631 ], [ -109.046453899927542, 39.499808774755138 ], [ -109.046502727718689, 39.374784361109334 ], [ -109.046502727718689, 39.249808775254735 ], [ -109.046502727718689, 39.124808775504562 ], [ -109.046502727718689, 39.0 ] ] } },
{ "type": "Feature", "properties": { "FEATURECLA": "Admin-1 statistical meta bounds", "NAME": "North Dakota - Montana", "ADM0_A3": "USA", "ADM0_NAME": "United States of America", "SHAPE_LENG": 229.67079049700001, "MAPCOLOR13": 1, "MAPCOLOR9": 1, "SOV_A3": "US1", "NAME_L": "North Dakota", "NAME_R": "Montana", "NAME_ALT_L": "ND|N.D.", "NAME_ALT_R": "MT|Mont.", "NAME_LOC_L": null, "NAME_LOC_R": null, "NAME_LEN_L": 12, "NAME_LEN_R": 7, "NOTE": "US_101", "TYPE": null, "MIN_ZOOM": 2.0, "MIN_LABEL": 7.5, "SCALERANK": 2, "FCLASS_ISO": null, "FCLASS_US": null, "FCLASS_FR": null, "FCLASS_RU": null, "FCLASS_ES": null, "FCLASS_CN": null, "FCLASS_TW": null, "FCLASS_IN": null, "FCLASS_NP": null, "FCLASS_PK": null, "FCLASS_DE": null, "FCLASS_GB": null, "FCLASS_BR": null, "FCLASS_IL": null, "FCLASS_PS": null, "FCLASS_SA": null, "FCLASS_EG": null, "FCLASS_MA": null, "FCLASS_PT": null, "FCLASS_AR": null, "FCLASS_JP": null, "FCLASS_KO": null, "FCLASS_VN": null, "FCLASS_TR": null, "FCLASS_ID": null, "FCLASS_PL": null, "FCLASS_GR": null, "FCLASS_IT": null, "FCLASS_NL": null, "FCLASS_SE": null, "FCLASS_BD": null, "FCLASS_UA": null, "ne_id": 1746714533, "BRK_A3": null, "FCLASS_OSM": null, "FCLASS_TLC": null }, "geometry": { "type": "LineString", "coordinates": [ [ -104.047574447202976, 48.992617899896118 ], [ -104.046234174067877, 48.802299010390982 ], [ -104.04625858796345, 48.635453306724685 ], [ -104.04625858796345, 48.468607603058388 ], [ -104.04625858796345, 48.301761900291467 ], [ -104.04625858796345, 48.134891782729539 ], [ -104.04625858796345, 47.968021666066988 ], [ -104.04625858796345, 47.801175963300068 ], [ -104.04625858796345, 47.63433026053309 ], [ -104.04625858796345, 47.467484556866793 ], [ -104.04625858796345, 47.300638853200496 ], [ -104.04625858796345, 47.133793150433519 ], [ -104.04625858796345, 46.966947446767222 ], [ -104.04625858796345, 46.800101744000244 ], [ -104.04625858796345, 46.633256041233267 ], [ -104.04625858796345, 46.466410338466346 ], [ -104.04625858796345, 46.299564634800049 ], [ -104.04625858796345, 46.132694518137498 ], [ -104.044891399918129, 45.942020688703792 ] ] } },
{ "type": "Feature", "properties": { "FEATURECLA": "Admin-1 statistical meta bounds", "NAME": "Montana - South Dakota", "ADM0_A3": "USA", "ADM0_NAME": "United States of America", "SHAPE_LENG": 75.4898802636, "MAPCOLOR13": 1, "MAPCOLOR9": 1, "SOV_A3": "US1", "NAME_L": "Montana", "NAME_R": "South Dakota", "NAME_ALT_L": "MT|Mont.", "NAME_ALT_R": "SD|S.D.", "NAME_LOC_L": null, "NAME_LOC_R": null, "NAME_LEN_L": 7, "NAME_LEN_R": 12, "NOTE": "US_100", "TYPE": null, "MIN_ZOOM": 2.0, "MIN_LABEL": 7.5, "SCALERANK": 2, "FCLASS_ISO": null, "FCLASS_US": null, "FCLASS_FR": null, "FCLASS_RU": null, "FCLASS_ES": null, "FCLASS_CN": null, "FCLASS_TW": null, "FCLASS_IN": null, "FCLASS_NP": null, "FCLASS_PK": null, "FCLASS_DE": null, "FCLASS_GB": null, "FCLASS_BR": null, "FCLASS_IL": null, "FCLASS_PS": null, "FCLASS_SA": null, "FCLASS_EG": null, "FCLASS_MA": null, "FCLASS_PT": null, "FCLASS_AR": null, "FCLASS_JP": null, "FCLASS_KO": null, "FCLASS_VN": null, "FCLASS_TR": null, "FCLASS_ID": null, "FCLASS_PL": null, "FCLASS_GR": null, "FCLASS_IT": null, "FCLASS_NL": null, "FCLASS_SE": null, "FCLASS_BD": null, "FCLASS_UA": null, "ne_id": 1746714539, "BRK_A3": null, "FCLASS_OSM": null, "FCLASS_TLC": null }, "geometry": { "type": "MultiLineString", "coordinates": [ [ [ -104.039300580057727, 44.999930845831841 ], [ -104.038592571689833, 45.012455259702449 ], [ -104.038665814275873, 45.070023619394476 ], [ -104.039764446771756, 45.182523619169672 ], [ -104.04047245513965, 45.290970885298066 ], [ -104.041229291298748, 45.399515807008868 ], [ -104.041961712662896, 45.508011900029146 ], [ -104.042694134926364, 45.616507993948744 ], [ -104.043426556290513, 45.725004087868342 ], [ -104.044183391550234, 45.833524596582834 ], [ -104.044891399918129, 45.942020688703792 ] ], [ [ -104.056658977629695, 45.000101744000233 ], [ -104.039300580057727, 44.999930845831841 ] ] ] } },
{ "type": "Feature", "properties": { "FEATURECLA": "Admin-1 statistical meta bounds", "NAME": "Wyoming - South Dakota", "ADM0_A3": "USA", "ADM0_NAME": "United States of America", "SHAPE_LENG": 160.08494164300001, "MAPCOLOR13": 1, "MAPCOLOR9": 1, "SOV_A3": "US1", "NAME_L": "Wyoming", "NAME_R": "South Dakota", "NAME_ALT_L": "WY|Wyo.", "NAME_ALT_R": "SD|S.D.", "NAME_LOC_L": null, "NAME_LOC_R": null, "NAME_LEN_L": 7, "NAME_LEN_R": 12, "NOTE": "US_99", "TYPE": null, "MIN_ZOOM": 2.0, "MIN_LABEL": 7.5, "SCALERANK": 2, "FCLASS_ISO": null, "FCLASS_US": null, "FCLASS_FR": null, "FCLASS_RU": null, "FCLASS_ES": null, "FCLASS_CN": null, "FCLASS_TW": null, "FCLASS_IN": null, "FCLASS_NP": null, "FCLASS_PK": null, "FCLASS_DE": null, "FCLASS_GB": null, "FCLASS_BR": null, "FCLASS_IL": null, "FCLASS_PS": null, "FCLASS_SA": null, "FCLASS_EG": null, "FCLASS_MA": null, "FCLASS_PT": null, "FCLASS_AR": null, "FCLASS_JP": null, "FCLASS_KO": null, "FCLASS_VN": null, "FCLASS_TR": null, "FCLASS_ID": null, "FCLASS_PL": null, "FCLASS_GR": null, "FCLASS_IT": null, "FCLASS_NL": null, "FCLASS_SE": null, "FCLASS_BD": null, "FCLASS_UA": null, "ne_id": 1746714543, "BRK_A3": null, "FCLASS_OSM": null, "FCLASS_TLC": null }, "geometry": { "type": "LineString", "coordinates": [ [ -104.053118939387502, 43.000370299050019 ], [ -104.053485149619917, 43.125370298800249 ], [ -104.053949017233322, 43.250394713345315 ], [ -104.05468143859747, 43.375345885304341 ], [ -104.054827923769665, 43.500321471158941 ], [ -104.054949994146909, 43.625272643117967 ], [ -104.055145306210875, 43.750248228073247 ], [ -104.055365033069791, 43.87524822782342 ], [ -104.05468143859747, 44.000223814577339 ], [ -104.054583783015175, 44.125223814327569 ], [ -104.055389446965364, 44.250223814077742 ], [ -104.055633587719853, 44.375223813827915 ], [ -104.055902142369973, 44.500174985786941 ], [ -104.055731244201525, 44.625834166113862 ], [ -104.055828899783876, 44.748978697209111 ], [ -104.056121869228832, 44.87510174425006 ], [ -104.056658977629695, 45.000101744000233 ] ] } },
{ "type": "Feature", "properties": { "FEATURECLA": "Admin-1 boundary", "NAME": "South Dakota - North Dakota", "ADM0_A3": "USA", "ADM0_NAME": "United States of America", "SHAPE_LENG": 833.62155227599999, "MAPCOLOR13": 1, "MAPCOLOR9": 1, "SOV_A3": "US1", "NAME_L": "South Dakota", "NAME_R": "North Dakota", "NAME_ALT_L": "SD|S.D.", "NAME_ALT_R": "ND|N.D.", "NAME_LOC_L": null, "NAME_LOC_R": null, "NAME_LEN_L": 12, "NAME_LEN_R": 12, "NOTE": "US_98", "TYPE": null, "MIN_ZOOM": 2.0, "MIN_LABEL": 7.5, "SCALERANK": 2, "FCLASS_ISO": null, "FCLASS_US": null, "FCLASS_FR": null, "FCLASS_RU": null, "FCLASS_ES": null, "FCLASS_CN": null, "FCLASS_TW": null, "FCLASS_IN": null, "FCLASS_NP": null, "FCLASS_PK": null, "FCLASS_DE": null, "FCLASS_GB": null, "FCLASS_BR": null, "FCLASS_IL": null, "FCLASS_PS": null, "FCLASS_SA": null, "FCLASS_EG": null, "FCLASS_MA": null, "FCLASS_PT": null, "FCLASS_AR": null, "FCLASS_JP": null, "FCLASS_KO": null, "FCLASS_VN": null, "FCLASS_TR": null, "FCLASS_ID": null, "FCLASS_PL": null, "FCLASS_GR": null, "FCLASS_IT": null, "FCLASS_NL": null, "FCLASS_SE": null, "FCLASS_BD": null, "FCLASS_UA": null, "ne_id": 1746714547, "BRK_A3": null, "FCLASS_OSM": null, "FCLASS_TLC": null }, "geometry": { "type": "MultiLineString", "coordinates": [ [ [ -103.77807011124662, 45.941996274808218 ], [ -104.044891399918129, 45.942020688703792 ] ], [ [ -100.98258671270662, 45.941898619225867 ], [ -101.215545697076266, 45.941947447017014 ], [ -101.448504681445854, 45.941996274808218 ] ], [ [ -101.448504681445854, 45.941996274808218 ], [ -101.681488079711073, 45.941996274808218 ], [ -101.914422650185145, 45.941996274808218 ], [ -102.14738163455479, 45.941996274808218 ], [ -102.380340618924379, 45.941996274808218 ], [ -102.613299603294024, 45.941996274808218 ], [ -102.846258587663669, 45.941996274808218 ], [ -103.079217572033315, 45.941996274808218 ], [ -103.31217655640296, 45.941996274808218 ], [ -103.545086712981401, 45.941996274808218 ], [ -103.77807011124662, 45.941996274808218 ] ], [ [ -99.118866009958367, 45.94184979143472 ], [ -99.351824994328013, 45.941874205330294 ], [ -99.584783977798338, 45.941898619225867 ] ], [ [ -99.584783977798338, 45.941898619225867 ], [ -99.81779179085845, 45.941898619225867 ], [ -100.050726361332465, 45.941898619225867 ], [ -100.283685345702111, 45.941898619225867 ], [ -100.516644330071756, 45.941898619225867 ], [ -100.749578899646508, 45.941898619225867 ], [ -100.98258671270662, 45.941898619225867 ] ], [ [ -97.255218548896892, 45.941752134953049 ], [ -97.488177533266537, 45.941800962744196 ], [ -97.721136516736863, 45.94184979143472 ] ], [ [ -97.721136516736863, 45.94184979143472 ], [ -97.954095502005771, 45.94184979143472 ], [ -98.187054486375416, 45.94184979143472 ], [ -98.420013470745062, 45.94184979143472 ], [ -98.652948041219133, 45.94184979143472 ], [ -98.885907024689402, 45.94184979143472 ], [ -99.118866009958367, 45.94184979143472 ] ], [ [ -96.556341595788012, 45.941752134953049 ], [ -96.789276166262027, 45.941752134953049 ], [ -97.02228397842282, 45.941752134953049 ], [ -97.255218548896892, 45.941752134953049 ] ] ] } },
{ "type": "Feature", "properties": { "FEATURECLA": "Admin-1 statistical meta bounds", "NAME": "Wyoming - Nebraska", "ADM0_A3": "USA", "ADM0_NAME": "United States of America", "SHAPE_LENG": 165.37167165400001, "MAPCOLOR13": 1, "MAPCOLOR9": 1, "SOV_A3": "US1", "NAME_L": "Wyoming", "NAME_R": "Nebraska", "NAME_ALT_L": "WY|Wyo.", "NAME_ALT_R": "NE|Nebr.", "NAME_LOC_L": null, "NAME_LOC_R": null, "NAME_LEN_L": 7, "NAME_LEN_R": 8, "NOTE": "US_97", "TYPE": null, "MIN_ZOOM": 2.0, "MIN_LABEL": 7.5, "SCALERANK": 2, "FCLASS_ISO": null, "FCLASS_US": null, "FCLASS_FR": null, "FCLASS_RU": null, "FCLASS_ES": null, "FCLASS_CN": null, "FCLASS_TW": null, "FCLASS_IN": null, "FCLASS_NP": null, "FCLASS_PK": null, "FCLASS_DE": null, "FCLASS_GB": null, "FCLASS_BR": null, "FCLASS_IL": null, "FCLASS_PS": null, "FCLASS_SA": null, "FCLASS_EG": null, "FCLASS_MA": null, "FCLASS_PT": null, "FCLASS_AR": null, "FCLASS_JP": null, "FCLASS_KO": null, "FCLASS_VN": null, "FCLASS_TR": null, "FCLASS_ID": null, "FCLASS_PL": null, "FCLASS_GR": null, "FCLASS_IT": null, "FCLASS_NL": null, "FCLASS_SE": null, "FCLASS_BD": null, "FCLASS_UA": null, "ne_id": 1746714551, "BRK_A3": null, "FCLASS_OSM": null, "FCLASS_TLC": null }, "geometry": { "type": "LineString", "coordinates": [ [ -104.053729291273726, 40.999833189250239 ], [ -104.052923627323537, 41.124857602896043 ], [ -104.052923627323537, 41.249882018340429 ], [ -104.052484173605706, 41.374906431986233 ], [ -104.052362103228461, 41.49995526042693 ], [ -104.052972455114684, 41.624979674072677 ], [ -104.052899213427963, 41.750004087718423 ], [ -104.052996869010258, 41.875077330054694 ], [ -104.052703899565302, 42.000126158495391 ], [ -104.05260624398295, 42.125126158245564 ], [ -104.052801556046973, 42.250199400581835 ], [ -104.052801556046973, 42.375248228123212 ], [ -104.053094524592609, 42.500248227873385 ], [ -104.05260624398295, 42.625297057213402 ], [ -104.052801556046973, 42.750297056963575 ], [ -104.052996869010258, 42.875370299299846 ], [ -104.053118939387502, 43.000370299050019 ] ] } },
{ "type": "Feature", "properties": { "FEATURECLA": "Admin-1 statistical meta bounds", "NAME": "Colorado - Nebraska", "ADM0_A3": "USA", "ADM0_NAME": "United States of America", "SHAPE_LENG": 307.36764555600001, "MAPCOLOR13": 1, "MAPCOLOR9": 1, "SOV_A3": "US1", "NAME_L": "Colorado", "NAME_R": "Nebraska", "NAME_ALT_L": "CO|Colo.", "NAME_ALT_R": "NE|Nebr.", "NAME_LOC_L": null, "NAME_LOC_R": null, "NAME_LEN_L": 8, "NAME_LEN_R": 8, "NOTE": "US_96", "TYPE": null, "MIN_ZOOM": 2.0, "MIN_LABEL": 7.5, "SCALERANK": 2, "FCLASS_ISO": null, "FCLASS_US": null, "FCLASS_FR": null, "FCLASS_RU": null, "FCLASS_ES": null, "FCLASS_CN": null, "FCLASS_TW": null, "FCLASS_IN": null, "FCLASS_NP": null, "FCLASS_PK": null, "FCLASS_DE": null, "FCLASS_GB": null, "FCLASS_BR": null, "FCLASS_IL": null, "FCLASS_PS": null, "FCLASS_SA": null, "FCLASS_EG": null, "FCLASS_MA": null, "FCLASS_PT": null, "FCLASS_AR": null, "FCLASS_JP": null, "FCLASS_KO": null, "FCLASS_VN": null, "FCLASS_TR": null, "FCLASS_ID": null, "FCLASS_PL": null, "FCLASS_GR": null, "FCLASS_IT": null, "FCLASS_NL": null, "FCLASS_SE": null, "FCLASS_BD": null, "FCLASS_UA": null, "ne_id": 1746714559, "BRK_A3": null, "FCLASS_OSM": null, "FCLASS_TLC": null }, "geometry": { "type": "MultiLineString", "coordinates": [ [ [ -103.664471478076223, 40.999735532768625 ], [ -103.783538860729834, 40.999759947563518 ], [ -103.902533001696668, 40.999833189250239 ] ], [ [ -103.902533001696668, 40.999833189250239 ], [ -104.053729291273726, 40.999833189250239 ] ], [ [ -102.950262494218691, 40.999662291081847 ], [ -103.069256635185525, 40.999711118872995 ], [ -103.188299603044243, 40.999735532768625 ] ], [ [ -103.188299603044243, 40.999735532768625 ], [ -103.307342571802224, 40.999735532768625 ], [ -103.426385540560204, 40.999735532768625 ], [ -103.545404096321988, 40.999735532768625 ], [ -103.664471478076223, 40.999735532768625 ] ], [ [ -102.236004680771373, 40.99958904939507 ], [ -102.35504765042873, 40.9996134632907 ], [ -102.474090619186711, 40.999662291081847 ] ], [ [ -102.474090619186711, 40.999662291081847 ], [ -102.593109174049118, 40.999662291081847 ], [ -102.712152141907779, 40.999662291081847 ], [ -102.831170696770243, 40.999662291081847 ], [ -102.950262494218691, 40.999662291081847 ] ], [ [ -102.051263471132245, 40.000101744100164 ], [ -102.051312298923449, 40.062577330079705 ], [ -102.051312298923449, 40.12505291605919 ], [ -102.051361126714596, 40.187504088143157 ], [ -102.05140995540512, 40.249955260227068 ], [ -102.05140995540512, 40.312430846206553 ], [ -102.051483197091841, 40.374906432186094 ], [ -102.051532024883045, 40.437406432061152 ], [ -102.051556438778618, 40.499857603245744 ], [ -102.051580852674192, 40.562333189225285 ], [ -102.051629681364659, 40.624784361309196 ], [ -102.051629681364659, 40.687235533393107 ], [ -102.051678510055183, 40.749711119372648 ], [ -102.051702923950756, 40.812235533143337 ], [ -102.051702923950756, 40.874662291331674 ], [ -102.05172733784633, 40.937137877311159 ], [ -102.051800580432428, 40.99958904939507 ] ], [ [ -102.051800580432428, 40.99958904939507 ], [ -102.116961712912712, 40.99958904939507 ], [ -102.236004680771373, 40.99958904939507 ] ] ] } },
{ "type": "Feature", "properties": { "FEATURECLA": "Admin-1 boundary", "NAME": "Nebraska - South Dakota", "ADM0_A3": "USA", "ADM0_NAME": "United States of America", "SHAPE_LENG": 862.54203029300004, "MAPCOLOR13": 1, "MAPCOLOR9": 1, "SOV_A3": "US1", "NAME_L": "Nebraska", "NAME_R": "South Dakota", "NAME_ALT_L": "NE|Nebr.", "NAME_ALT_R": "SD|S.D.", "NAME_LOC_L": null, "NAME_LOC_R": null, "NAME_LEN_L": 8, "NAME_LEN_R": 12, "NOTE": "US_95", "TYPE": null, "MIN_ZOOM": 2.0, "MIN_LABEL": 7.5, "SCALERANK": 2, "FCLASS_ISO": null, "FCLASS_US": null, "FCLASS_FR": null, "FCLASS_RU": null, "FCLASS_ES": null, "FCLASS_CN": null, "FCLASS_TW": null, "FCLASS_IN": null, "FCLASS_NP": null, "FCLASS_PK": null, "FCLASS_DE": null, "FCLASS_GB": null, "FCLASS_BR": null, "FCLASS_IL": null, "FCLASS_PS": null, "FCLASS_SA": null, "FCLASS_EG": null, "FCLASS_MA": null, "FCLASS_PT": null, "FCLASS_AR": null, "FCLASS_JP": null, "FCLASS_KO": null, "FCLASS_VN": null, "FCLASS_TR": null, "FCLASS_ID": null, "FCLASS_PL": null, "FCLASS_GR": null, "FCLASS_IT": null, "FCLASS_NL": null, "FCLASS_SE": null, "FCLASS_BD": null, "FCLASS_UA": null, "ne_id": 1746714563, "BRK_A3": null, "FCLASS_OSM": null, "FCLASS_TLC": null }, "geometry": { "type": "MultiLineString", "coordinates": [ [ [ -102.495526166099637, 43.000321471258871 ], [ -102.665887494112553, 43.000345885154445 ], [ -102.836273236020986, 43.000370299050019 ] ], [ [ -102.836273236020986, 43.000370299050019 ], [ -103.006610150138272, 43.000370299050019 ], [ -103.176947064255614, 43.000370299050019 ], [ -103.347332806164047, 43.000370299050019 ], [ -103.517694135076226, 43.000370299050019 ], [ -103.688079876984716, 43.000370299050019 ], [ -103.858490032788779, 43.000370299050019 ], [ -104.053118939387502, 43.000370299050019 ] ], [ [ -100.451116985560418, 43.000223813877881 ], [ -100.621478313573277, 43.000272643467724 ], [ -100.791815227690563, 43.000321471258871 ] ], [ [ -100.791815227690563, 43.000321471258871 ], [ -100.962176555703479, 43.000321471258871 ], [ -101.132562299410552, 43.000321471258871 ], [ -101.302923627423468, 43.000321471258871 ], [ -101.473309369331901, 43.000321471258871 ], [ -101.64369511124039, 43.000321471258871 ], [ -101.81405643925325, 43.000321471258871 ], [ -101.984417767266109, 43.000321471258871 ], [ -102.154754681383395, 43.000321471258871 ], [ -102.325140424191204, 43.000321471258871 ], [ -102.495526166099637, 43.000321471258871 ] ], [ [ -98.577044720937124, 43.000199399982307 ], [ -98.747406048949983, 43.000223813877881 ] ], [ [ -98.747406048949983, 43.000223813877881 ], [ -98.917791790858416, 43.000223813877881 ], [ -99.088153118871332, 43.000223813877881 ], [ -99.258563274675339, 43.000223813877881 ], [ -99.428924602688255, 43.000223813877881 ], [ -99.599261516805541, 43.000223813877881 ], [ -99.76962284571772, 43.000223813877881 ], [ -99.939984173730636, 43.000223813877881 ], [ -100.110369915639069, 43.000223813877881 ], [ -100.280755658446878, 43.000223813877881 ], [ -100.451116985560418, 43.000223813877881 ] ], [ [ -97.979876752010455, 42.782328307405464 ], [ -98.006878704888322, 42.784086119578717 ], [ -98.078460735974147, 42.80249432185542 ], [ -98.090057416416641, 42.808304869474114 ], [ -98.094354290817819, 42.820121274976827 ], [ -98.10473026658849, 42.828348814446201 ], [ -98.242913860786018, 42.872440611145237 ], [ -98.284027142438674, 42.899906432535829 ], [ -98.325775188973751, 42.921000182212595 ], [ -98.331268353251858, 42.921976744331289 ], [ -98.343182416135562, 42.92239178325417 ], [ -98.349163861023328, 42.923490415750052 ], [ -98.454217572283142, 42.974637876836539 ], [ -98.461810345970662, 42.979813657774059 ], [ -98.482025189111141, 42.998148619263361 ], [ -98.485101360639248, 43.000199399982307 ] ], [ [ -98.485101360639248, 43.000199399982307 ], [ -98.49098514994472, 43.000199399982307 ], [ -98.577044720937124, 43.000199399982307 ] ], [ [ -96.774578900395909, 42.679642760205184 ], [ -96.787225384643762, 42.681669127028556 ], [ -96.799383588281955, 42.686796080174929 ], [ -96.804657024801827, 42.692216001866996 ], [ -96.808026165774891, 42.699222838463186 ], [ -96.814544720862159, 42.70896404935138 ], [ -96.825701946687445, 42.721219908571925 ], [ -96.839324993953312, 42.732230650124393 ], [ -96.856951947074663, 42.740091978462033 ], [ -96.947088665609385, 42.745145689022308 ], [ -96.96537479930754, 42.749955259727415 ], [ -96.975726361182581, 42.75676678336032 ], [ -96.982830853361179, 42.763651549579322 ], [ -96.992376752185351, 42.76890057220362 ], [ -97.019476360645513, 42.773050963231356 ], [ -97.041473430754195, 42.782035337960451 ], [ -97.051336712918953, 42.784086119578717 ], [ -97.103607221296215, 42.785453306724719 ], [ -97.127264447096536, 42.789628110748708 ], [ -97.150335735805527, 42.798368346521954 ], [ -97.171649213240585, 42.809891783478975 ], [ -97.208172650147674, 42.835404477934276 ], [ -97.23815311897124, 42.864457213329729 ], [ -97.255340619274136, 42.876444517900154 ], [ -97.275848430960309, 42.88428143234222 ], [ -97.301165814250908, 42.887089049220208 ] ], [ [ -97.301165814250908, 42.887089049220208 ], [ -97.500408977692132, 42.859818540793015 ] ], [ [ -97.500408977692132, 42.859818540793015 ], [ -97.52748417405536, 42.860306822301993 ], [ -97.599725384818612, 42.873466001954398 ] ], [ [ -97.599725384818612, 42.873466001954398 ], [ -97.622015424372307, 42.869584166476102 ], [ -97.661199993884566, 42.854130064450885 ], [ -97.684759564102592, 42.852958189368906 ] ], [ [ -97.770404096172058, 42.859818540793015 ], [ -97.838787885352588, 42.871512876817803 ] ], [ [ -97.838787885352588, 42.871512876817803 ], [ -97.863494915857643, 42.867264830207716 ], [ -97.875335736155307, 42.863065611388834 ], [ -97.886590619361584, 42.857670102693078 ], [ -97.89498905610003, 42.849222838163428 ], [ -97.898284955386373, 42.835892760342574 ], [ -97.91095585263048, 42.809403501969996 ], [ -97.914715618630851, 42.804569518268636 ], [ -97.921234173718119, 42.801737485696378 ], [ -97.94188847057643, 42.788382993979951 ], [ -97.952874799132644, 42.784086119578717 ], [ -97.979876752010455, 42.782328307405464 ] ], [ [ -97.684759564102592, 42.852958189368906 ], [ -97.696453900127381, 42.856254087755929 ], [ -97.716693158062753, 42.865336118966695 ], [ -97.729437298792277, 42.867264830207716 ] ], [ [ -97.729437298792277, 42.867264830207716 ], [ -97.770404096172058, 42.859818540793015 ] ], [ [ -96.482659955292661, 42.518339049507517 ], [ -96.611297649766698, 42.534305846037967 ], [ -96.628533977860798, 42.542582213298488 ], [ -96.639447063830914, 42.556205260564298 ], [ -96.643231243726916, 42.575541197168491 ], [ -96.652264447146479, 42.591581236284981 ], [ -96.693548626967527, 42.615189635193474 ], [ -96.705291790783519, 42.627030455491081 ], [ -96.705780072292498, 42.6399943221802 ], [ -96.700750774728476, 42.648295103336352 ], [ -96.694647260362729, 42.655350767723746 ], [ -96.691644329622079, 42.664579283207331 ], [ -96.696795696664026, 42.672172056894908 ], [ -96.708856243820549, 42.677494322105247 ], [ -96.72257694666871, 42.680643736219452 ], [ -96.732928510342447, 42.681669127028556 ] ], [ [ -96.732928510342447, 42.681669127028556 ], [ -96.774578900395909, 42.679642760205184 ] ] ] } },
{ "type": "Feature", "properties": { "FEATURECLA": "Admin-1 statistical meta bounds", "NAME": "Colorado - Kansas", "ADM0_A3": "USA", "ADM0_NAME": "United States of America", "SHAPE_LENG": 260.9598792, "MAPCOLOR13": 1, "MAPCOLOR9": 1, "SOV_A3": "US1", "NAME_L": "Colorado", "NAME_R": "Kansas", "NAME_ALT_L": "CO|Colo.", "NAME_ALT_R": "KS|Kans.", "NAME_LOC_L": null, "NAME_LOC_R": null, "NAME_LEN_L": 8, "NAME_LEN_R": 6, "NOTE": "US_94", "TYPE": null, "MIN_ZOOM": 2.0, "MIN_LABEL": 7.5, "SCALERANK": 2, "FCLASS_ISO": null, "FCLASS_US": null, "FCLASS_FR": null, "FCLASS_RU": null, "FCLASS_ES": null, "FCLASS_CN": null, "FCLASS_TW": null, "FCLASS_IN": null, "FCLASS_NP": null, "FCLASS_PK": null, "FCLASS_DE": null, "FCLASS_GB": null, "FCLASS_BR": null, "FCLASS_IL": null, "FCLASS_PS": null, "FCLASS_SA": null, "FCLASS_EG": null, "FCLASS_MA": null, "FCLASS_PT": null, "FCLASS_AR": null, "FCLASS_JP": null, "FCLASS_KO": null, "FCLASS_VN": null, "FCLASS_TR": null, "FCLASS_ID": null, "FCLASS_PL": null, "FCLASS_GR": null, "FCLASS_IT": null, "FCLASS_NL": null, "FCLASS_SE": null, "FCLASS_BD": null, "FCLASS_UA": null, "ne_id": 1746714565, "BRK_A3": null, "FCLASS_OSM": null, "FCLASS_TLC": null }, "geometry": { "type": "LineString", "coordinates": [ [ -102.047406096246476, 39.0 ], [ -102.047650189404692, 39.062504087693469 ], [ -102.047991985741533, 39.156254087955745 ], [ -102.04838261076884, 39.250004088218077 ], [ -102.048773235796148, 39.343802916271557 ], [ -102.049090619136734, 39.437552916533832 ], [ -102.049456830268468, 39.531327329792418 ], [ -102.049847455295776, 39.625077330054694 ], [ -102.050189251632617, 39.7188517442126 ], [ -102.050555462764351, 39.812601744474932 ], [ -102.050921673896084, 39.906327329942314 ], [ -102.051263471132245, 40.000101744100164 ] ] } },
{ "type": "Feature", "properties": { "FEATURECLA": "Admin-1 boundary", "NAME": "Kansas - Nebraska", "ADM0_A3": "USA", "ADM0_NAME": "United States of America", "SHAPE_LENG": 749.62642955299998, "MAPCOLOR13": 1, "MAPCOLOR9": 1, "SOV_A3": "US1", "NAME_L": "Kansas", "NAME_R": "Nebraska", "NAME_ALT_L": "KS|Kans.", "NAME_ALT_R": "NE|Nebr.", "NAME_LOC_L": null, "NAME_LOC_R": null, "NAME_LEN_L": 6, "NAME_LEN_R": 8, "NOTE": "US_93", "TYPE": null, "MIN_ZOOM": 2.0, "MIN_LABEL": 7.5, "SCALERANK": 2, "FCLASS_ISO": null, "FCLASS_US": null, "FCLASS_FR": null, "FCLASS_RU": null, "FCLASS_ES": null, "FCLASS_CN": null, "FCLASS_TW": null, "FCLASS_IN": null, "FCLASS_NP": null, "FCLASS_PK": null, "FCLASS_DE": null, "FCLASS_GB": null, "FCLASS_BR": null, "FCLASS_IL": null, "FCLASS_PS": null, "FCLASS_SA": null, "FCLASS_EG": null, "FCLASS_MA": null, "FCLASS_PT": null, "FCLASS_AR": null, "FCLASS_JP": null, "FCLASS_KO": null, "FCLASS_VN": null, "FCLASS_TR": null, "FCLASS_ID": null, "FCLASS_PL": null, "FCLASS_GR": null, "FCLASS_IT": null, "FCLASS_NL": null, "FCLASS_SE": null, "FCLASS_BD": null, "FCLASS_UA": null, "ne_id": 1746714569, "BRK_A3": null, "FCLASS_OSM": null, "FCLASS_TLC": null }, "geometry": { "type": "LineString", "coordinates": [ [ -95.317254680658948, 40.000101744100164 ], [ -95.526849407773909, 40.000101744100164 ], [ -95.73644413488887, 40.000101744100164 ], [ -95.946063275000142, 40.000101744100164 ], [ -96.155658002115103, 40.000101744100164 ], [ -96.365252728330745, 40.000101744100164 ], [ -96.574847455445706, 40.000101744100164 ], [ -96.784442180762028, 40.000101744100164 ], [ -96.994061321772563, 40.000101744100164 ], [ -97.203656048887524, 40.000101744100164 ], [ -97.413250775103165, 40.000101744100164 ], [ -97.622845502218127, 40.000101744100164 ], [ -97.832440228433768, 40.000101744100164 ], [ -98.042059369444303, 40.000101744100164 ], [ -98.251654095659944, 40.000101744100164 ], [ -98.461248821875586, 40.000101744100164 ], [ -98.670843548990547, 40.000101744100164 ], [ -98.880438275206188, 40.000101744100164 ], [ -99.09005741621678, 40.000101744100164 ], [ -99.299627727637528, 40.000101744100164 ], [ -99.509222454752489, 40.000101744100164 ], [ -99.718817180968131, 40.000101744100164 ], [ -99.928411908083092, 40.000101744100164 ], [ -100.138006635198053, 40.000101744100164 ], [ -100.347625775309268, 40.000101744100164 ], [ -100.557220502424229, 40.000101744100164 ], [ -100.766815227740551, 40.000101744100164 ], [ -100.976409954855512, 40.000101744100164 ], [ -101.186004681071154, 40.000101744100164 ], [ -101.395623822081689, 40.000101744100164 ], [ -101.60521854919665, 40.000101744100164 ], [ -101.814837689307922, 40.000101744100164 ], [ -102.051263471132245, 40.000101744100164 ] ] } },
{ "type": "Feature", "properties": { "FEATURECLA": "Admin-1 boundary", "NAME": "Iowa - South Dakota", "ADM0_A3": "USA", "ADM0_NAME": "United States of America", "SHAPE_LENG": 138.28895892200001, "MAPCOLOR13": 1, "MAPCOLOR9": 1, "SOV_A3": "US1", "NAME_L": "Iowa", "NAME_R": "South Dakota", "NAME_ALT_L": "IA|Iowa", "NAME_ALT_R": "SD|S.D.", "NAME_LOC_L": null, "NAME_LOC_R": null, "NAME_LEN_L": 4, "NAME_LEN_R": 12, "NOTE": "US_88", "TYPE": null, "MIN_ZOOM": 2.0, "MIN_LABEL": 7.5, "SCALERANK": 2, "FCLASS_ISO": null, "FCLASS_US": null, "FCLASS_FR": null, "FCLASS_RU": null, "FCLASS_ES": null, "FCLASS_CN": null, "FCLASS_TW": null, "FCLASS_IN": null, "FCLASS_NP": null, "FCLASS_PK": null, "FCLASS_DE": null, "FCLASS_GB": null, "FCLASS_BR": null, "FCLASS_IL": null, "FCLASS_PS": null, "FCLASS_SA": null, "FCLASS_EG": null, "FCLASS_MA": null, "FCLASS_PT": null, "FCLASS_AR": null, "FCLASS_JP": null, "FCLASS_KO": null, "FCLASS_VN": null, "FCLASS_TR": null, "FCLASS_ID": null, "FCLASS_PL": null, "FCLASS_GR": null, "FCLASS_IT": null, "FCLASS_NL": null, "FCLASS_SE": null, "FCLASS_BD": null, "FCLASS_UA": null, "ne_id": 1746714593, "BRK_A3": null, "FCLASS_OSM": null, "FCLASS_TLC": null }, "geometry": { "type": "MultiLineString", "coordinates": [ [ [ -96.453558392106117, 43.500126158195599 ], [ -96.595282025445101, 43.498905455322472 ], [ -96.598553509936494, 43.496464049576218 ], [ -96.596380657940983, 43.489750182424928 ], [ -96.592987103072346, 43.484379088524065 ], [ -96.590643352908387, 43.478031432504565 ], [ -96.590106243608261, 43.470780455153886 ], [ -96.59242557987659, 43.459867369183712 ], [ -96.593182416035631, 43.450809751868519 ], [ -96.592523236358261, 43.44246014292122 ], [ -96.587616010070803, 43.433109557060391 ], [ -96.582855267156845, 43.427543150196186 ], [ -96.564422650085191, 43.412333188925516 ], [ -96.556536907851978, 43.404227720732706 ], [ -96.539276165862361, 43.389750181725503 ], [ -96.535614056343604, 43.385673033283808 ], [ -96.53307499411568, 43.375077329754959 ], [ -96.533465619142987, 43.323539244540484 ], [ -96.53673710273506, 43.298954283513353 ], [ -96.539276165862361, 43.295487486058619 ], [ -96.543182416135551, 43.292093932089244 ], [ -96.548577923932044, 43.289628111548097 ], [ -96.555462689251669, 43.288627135533829 ] ], [ [ -96.555462689251669, 43.288627135533829 ], [ -96.570062298636174, 43.289969907884938 ] ], [ [ -96.570062298636174, 43.289969907884938 ], [ -96.576727337996203, 43.289139830039119 ], [ -96.579583782665395, 43.284549986192872 ], [ -96.578582805751864, 43.277714049563713 ], [ -96.570257610700139, 43.266874205280317 ], [ -96.562957805558256, 43.262479674397412 ], [ -96.557440228283895, 43.258353697265306 ], [ -96.556195110615818, 43.254716002541443 ], [ -96.559149212666, 43.251151549504357 ], [ -96.567865032745033, 43.243778501776433 ], [ -96.571136517236482, 43.239432799583994 ], [ -96.572308392318405, 43.234086119578706 ], [ -96.570623821831873, 43.228568541405025 ], [ -96.564520305667543, 43.223466002154225 ], [ -96.556854291192565, 43.221293150158715 ], [ -96.548577923932044, 43.220780454754163 ] ], [ [ -96.533026166324476, 43.221390807539706 ], [ -96.510199016571335, 43.218387876799056 ] ], [ [ -96.548577923932044, 43.220780454754163 ], [ -96.533026166324476, 43.221390807539706 ] ], [ [ -96.493084759753856, 43.219266783335343 ], [ -96.486590618562161, 43.218802915721938 ], [ -96.480804485738417, 43.216630063726427 ], [ -96.476824993778393, 43.212894713420269 ], [ -96.474212688964428, 43.208109557510056 ], [ -96.470916790577405, 43.197318541017808 ], [ -96.462371868666764, 43.153739438824005 ], [ -96.459442181411532, 43.143729674185067 ], [ -96.456488080260669, 43.136210143083588 ], [ -96.455169720905872, 43.12971600189195 ], [ -96.455389446865468, 43.121732603177065 ], [ -96.466009564289948, 43.081547056751219 ], [ -96.46986698587267, 43.074589048845496 ], [ -96.474139447277651, 43.069144713257913 ], [ -96.507391399693347, 43.0452677596993 ], [ -96.509393352621089, 43.040580260270758 ], [ -96.509320110934368, 43.03501385340661 ], [ -96.505145306011059, 43.029300963168907 ], [ -96.501483197391622, 43.025687682340617 ], [ -96.499725385218312, 43.022635923808821 ], [ -96.498846477782706, 43.018046079962573 ], [ -96.501263471432026, 43.011063658161277 ], [ -96.507855267306695, 42.997367369208689 ], [ -96.512225385193346, 42.992386900335134 ], [ -96.512616010220654, 42.991215025253211 ], [ -96.512957805658175, 42.988578307442936 ], [ -96.512371868566845, 42.985111509988144 ], [ -96.510955852730376, 42.965531431730142 ], [ -96.514984174280187, 42.95391033829145 ], [ -96.518768353276869, 42.947513853581427 ], [ -96.53732304072571, 42.932181821933511 ], [ -96.538616986184934, 42.929838071769552 ], [ -96.539959760334625, 42.923075376827171 ], [ -96.542034954949202, 42.895780455403667 ], [ -96.544378705113104, 42.887967954857231 ], [ -96.546405071936476, 42.883500182287548 ], [ -96.550091596250127, 42.881156432123646 ], [ -96.554852338264766, 42.877396666123218 ], [ -96.556805463401417, 42.87307537692709 ], [ -96.558514446884203, 42.866996275557653 ], [ -96.559466596006587, 42.853812682009618 ], [ -96.56090702483931, 42.848343932526461 ], [ -96.56342167407098, 42.844510923939993 ], [ -96.567157025276458, 42.842899596039501 ], [ -96.582855267156845, 42.837845885479226 ], [ -96.586224408129908, 42.836161314093374 ], [ -96.590203900089875, 42.833378111110903 ], [ -96.594110150363122, 42.829667173800999 ], [ -96.597235149682376, 42.825345885504191 ], [ -96.599652142432433, 42.820218932357818 ], [ -96.601727337946272, 42.814603696803147 ], [ -96.604193157588156, 42.809427915865626 ], [ -96.607269330015527, 42.805057798878295 ], [ -96.622747845936317, 42.788334166188804 ], [ -96.631121868779189, 42.774247252208909 ], [ -96.635223431116458, 42.764774595970778 ], [ -96.637957806307668, 42.751053893122673 ], [ -96.635540813557668, 42.742924010134914 ], [ -96.630511516892966, 42.732474790878882 ], [ -96.614691204635392, 42.714188658080104 ], [ -96.605487103047324, 42.7059367047151 ], [ -96.597625774709741, 42.700297057063494 ], [ -96.544207806045392, 42.670463072512746 ], [ -96.53524784611119, 42.664017760011575 ], [ -96.527288861291879, 42.657059752105852 ], [ -96.524188274968878, 42.653177915728179 ], [ -96.523016399886899, 42.649076353390967 ], [ -96.52648319734169, 42.644730650299266 ], [ -96.537176555553572, 42.637919127565681 ], [ -96.538421674120968, 42.636674009897604 ], [ -96.541302532685734, 42.632694517937637 ], [ -96.541668743817468, 42.630179868705966 ], [ -96.540203900189795, 42.62727459624557 ], [ -96.522894330408974, 42.619584166076379 ], [ -96.518084759703868, 42.616874204780686 ], [ -96.514032025157803, 42.613505063807622 ], [ -96.51041874432957, 42.609427916265304 ], [ -96.503826946656261, 42.600077330404474 ], [ -96.500970501987069, 42.594291197580674 ], [ -96.499603313941748, 42.588309751793588 ], [ -96.500335736205216, 42.580179868805885 ], [ -96.499456829668929, 42.573978697059204 ], [ -96.494769330240388, 42.568461118885523 ], [ -96.489300579857854, 42.565751158489149 ], [ -96.482171673783682, 42.553690611332627 ], [ -96.482659955292661, 42.518339049507517 ] ], [ [ -96.510199016571335, 43.218387876799056 ], [ -96.503289838255398, 43.218387876799056 ], [ -96.493084759753856, 43.219266783335343 ] ] ] } },
{ "type": "Feature", "properties": { "FEATURECLA": "Admin-1 boundary", "NAME": "Nebraska - Iowa", "ADM0_A3": "USA", "ADM0_NAME": "United States of America", "SHAPE_LENG": 246.39736274500001, "MAPCOLOR13": 1, "MAPCOLOR9": 1, "SOV_A3": "US1", "NAME_L": "Nebraska", "NAME_R": "Iowa", "NAME_ALT_L": "NE|Nebr.", "NAME_ALT_R": "IA|Iowa", "NAME_LOC_L": null, "NAME_LOC_R": null, "NAME_LEN_L": 8, "NAME_LEN_R": 4, "NOTE": "US_87", "TYPE": null, "MIN_ZOOM": 2.0, "MIN_LABEL": 7.5, "SCALERANK": 2, "FCLASS_ISO": null, "FCLASS_US": null, "FCLASS_FR": null, "FCLASS_RU": null, "FCLASS_ES": null, "FCLASS_CN": null, "FCLASS_TW": null, "FCLASS_IN": null, "FCLASS_NP": null, "FCLASS_PK": null, "FCLASS_DE": null, "FCLASS_GB": null, "FCLASS_BR": null, "FCLASS_IL": null, "FCLASS_PS": null, "FCLASS_SA": null, "FCLASS_EG": null, "FCLASS_MA": null, "FCLASS_PT": null, "FCLASS_AR": null, "FCLASS_JP": null, "FCLASS_KO": null, "FCLASS_VN": null, "FCLASS_TR": null, "FCLASS_ID": null, "FCLASS_PL": null, "FCLASS_GR": null, "FCLASS_IT": null, "FCLASS_NL": null, "FCLASS_SE": null, "FCLASS_BD": null, "FCLASS_UA": null, "ne_id": 1746714599, "BRK_A3": null, "FCLASS_OSM": null, "FCLASS_TLC": null }, "geometry": { "type": "MultiLineString", "coordinates": [ [ [ -96.061029096215805, 41.537723814102719 ], [ -96.082147259788201, 41.549808775154816 ], [ -96.083416791351794, 41.570682798872042 ], [ -96.077655072423624, 41.590409361402862 ], [ -96.077777141901549, 41.599174010172419 ], [ -96.091571088235128, 41.606644713482694 ], [ -96.099041790646083, 41.62468670552704 ], [ -96.101898236214595, 41.64707439976371 ], [ -96.101190227846701, 41.689652525043982 ], [ -96.098553510036425, 41.697245298731502 ], [ -96.092059368844787, 41.705301939133165 ], [ -96.081610149588698, 41.715702329698729 ], [ -96.078973430879103, 41.720292174444296 ], [ -96.080242963342073, 41.725931822095902 ], [ -96.081488080110773, 41.739457212880041 ], [ -96.076654096409413, 41.758451353147393 ], [ -96.068035931013412, 41.776517759986632 ], [ -96.064227338121157, 41.795951353072439 ], [ -96.074041790696072, 41.818900572303562 ], [ -96.133026166224568, 41.866068541430025 ], [ -96.137664837861962, 41.871610533499279 ], [ -96.153436322328389, 41.89805096318139 ], [ -96.157220502224391, 41.907059751806059 ], [ -96.156268353102007, 41.918827330416946 ], [ -96.146356244045421, 41.938382993880055 ], [ -96.142962689176727, 41.948002135290267 ], [ -96.154339641860986, 41.987821471483699 ], [ -96.190643352808479, 42.010160337929221 ], [ -96.232415814138506, 42.028934752236978 ], [ -96.260272259657029, 42.057865416355867 ], [ -96.26430058030752, 42.080082213323465 ], [ -96.263812298798541, 42.100663268494998 ], [ -96.265667766554145, 42.119535338385163 ], [ -96.276727337696457, 42.136698423893108 ], [ -96.294378704713438, 42.148783384945261 ], [ -96.327899212678517, 42.165824400075962 ], [ -96.342205852618008, 42.181400572478424 ], [ -96.351336713418561, 42.205741392751065 ], [ -96.347674603000485, 42.224198423718235 ], [ -96.33937382184439, 42.240873227717259 ], [ -96.334759564102569, 42.260209166120092 ], [ -96.336492963279625, 42.283329283519606 ], [ -96.342352337790146, 42.300199400481915 ], [ -96.353094524692551, 42.31335858013432 ], [ -96.36720585256802, 42.322269713176695 ], [ -96.368450971135417, 42.33843182177111 ], [ -96.402166791164461, 42.368998227686063 ], [ -96.39721073618648, 42.411307799215535 ], [ -96.383514447233949, 42.455399595914571 ], [ -96.397430463045396, 42.496683774836299 ], [ -96.414544720762251, 42.506595884792205 ], [ -96.438446088216381, 42.51284588522941 ], [ -96.482659955292661, 42.518339049507517 ] ], [ [ -95.945745891659556, 41.467093932139221 ], [ -95.986590618662092, 41.474027525250051 ], [ -96.000457805783071, 41.480375182168871 ], [ -96.006414837674583, 41.4924113145305 ], [ -96.004510541228456, 41.501883970768631 ], [ -95.999847454796168, 41.514725767979769 ], [ -95.994158977554775, 41.52602947807793 ], [ -95.989032025307722, 41.530912291369134 ], [ -95.98766483816172, 41.534012876792815 ], [ -95.995672649872859, 41.54082440042572 ], [ -96.008123822056746, 41.547635924058625 ], [ -96.020037884940393, 41.550760924277199 ] ], [ [ -96.020037884940393, 41.550760924277199 ], [ -96.028533978160567, 41.548392760217666 ], [ -96.048480266650984, 41.538773618807454 ], [ -96.061029096215805, 41.537723814102719 ] ], [ [ -95.767645305686301, 40.600467954932128 ], [ -95.764178510030206, 40.61697186076276 ], [ -95.763104291429897, 40.638968931770762 ], [ -95.773040814382057, 40.660673033333808 ], [ -95.792083783339933, 40.671000182212595 ], [ -95.84472050194961, 40.688212096411121 ], [ -95.855560346232949, 40.70474041613727 ], [ -95.858367963110993, 40.714310727957695 ], [ -95.864227337621514, 40.720902524731684 ], [ -95.86930546297674, 40.728885924345889 ], [ -95.869842572276866, 40.742631041089624 ], [ -95.866888471126003, 40.753129088136859 ], [ -95.862445110653312, 40.758719907997317 ], [ -95.848114055918927, 40.769950377308021 ], [ -95.827655072023958, 40.794144713307844 ], [ -95.829852337915042, 40.802567563941921 ], [ -95.839715619180481, 40.816068540830486 ], [ -95.841912885071565, 40.82798260281487 ], [ -95.838006634798319, 40.851493346141012 ], [ -95.83024296294235, 40.869974791003756 ], [ -95.824774212559817, 40.888968932170485 ], [ -95.827655072023958, 40.913944518224923 ], [ -95.840106244207789, 40.93848065056153 ], [ -95.841912885071565, 40.951810728382384 ], [ -95.837835735730607, 40.972831236372429 ], [ -95.838250774653488, 40.982352721301027 ], [ -95.845037885290139, 40.992777524862845 ], [ -95.862640423616654, 41.004520689578158 ], [ -95.870965618668322, 41.012113463265678 ], [ -95.876043744023548, 41.023807799290466 ], [ -95.873968549409028, 41.032132994342192 ], [ -95.867962688826992, 41.037577329929832 ], [ -95.864422649685537, 41.042850768248343 ], [ -95.869842572276866, 41.050492368827747 ], [ -95.873895305923611, 41.05561932197412 ], [ -95.87565311899624, 41.059525572247367 ], [ -95.877655071923982, 41.062504088193066 ], [ -95.882293743561377, 41.064774595770928 ], [ -95.882293743561377, 41.070975768416929 ], [ -95.876190228296366, 41.077543150396025 ], [ -95.862420696757738, 41.105741393150765 ], [ -95.868743938881664, 41.120121274776977 ], [ -95.870916790877175, 41.152006040945992 ], [ -95.876043744023548, 41.167167174425515 ], [ -95.852777142351215, 41.175882994504548 ], [ -95.86537479880792, 41.18393963490621 ], [ -95.91017460297553, 41.195121275526446 ], [ -95.923846478032488, 41.207645689396998 ], [ -95.924823041050502, 41.224100768335745 ], [ -95.917034955298902, 41.266483579753356 ], [ -95.905999798951541, 41.271293150458519 ], [ -95.884491010351837, 41.289335143402127 ], [ -95.869769329690769, 41.308841978174712 ], [ -95.879168744242122, 41.317997251971576 ], [ -95.896551555709721, 41.319974791003801 ], [ -95.941741985803958, 41.33164471313296 ], [ -95.95797733788379, 41.338480649762175 ], [ -95.934466596356344, 41.402299009891351 ], [ -95.934100385224554, 41.413602720888832 ], [ -95.924481243814341, 41.454569518268613 ], [ -95.930877727624988, 41.464921080143711 ], [ -95.937323041025479, 41.467435728476062 ] ], [ [ -95.937323041025479, 41.467435728476062 ], [ -95.945745891659556, 41.467093932139221 ] ] ] } },
{ "type": "Feature", "properties": { "FEATURECLA": "Admin-1 boundary", "NAME": "Nebraska - Missouri", "ADM0_A3": "USA", "ADM0_NAME": "United States of America", "SHAPE_LENG": 92.363188046399998, "MAPCOLOR13": 1, "MAPCOLOR9": 1, "SOV_A3": "US1", "NAME_L": "Nebraska", "NAME_R": "Missouri", "NAME_ALT_L": "NE|Nebr.", "NAME_ALT_R": "MO", "NAME_LOC_L": null, "NAME_LOC_R": null, "NAME_LEN_L": 8, "NAME_LEN_R": 8, "NOTE": "US_86", "TYPE": null, "MIN_ZOOM": 2.0, "MIN_LABEL": 7.5, "SCALERANK": 2, "FCLASS_ISO": null, "FCLASS_US": null, "FCLASS_FR": null, "FCLASS_RU": null, "FCLASS_ES": null, "FCLASS_CN": null, "FCLASS_TW": null, "FCLASS_IN": null, "FCLASS_NP": null, "FCLASS_PK": null, "FCLASS_DE": null, "FCLASS_GB": null, "FCLASS_BR": null, "FCLASS_IL": null, "FCLASS_PS": null, "FCLASS_SA": null, "FCLASS_EG": null, "FCLASS_MA": null, "FCLASS_PT": null, "FCLASS_AR": null, "FCLASS_JP": null, "FCLASS_KO": null, "FCLASS_VN": null, "FCLASS_TR": null, "FCLASS_ID": null, "FCLASS_PL": null, "FCLASS_GR": null, "FCLASS_IT": null, "FCLASS_NL": null, "FCLASS_SE": null, "FCLASS_BD": null, "FCLASS_UA": null, "ne_id": 1746714603, "BRK_A3": null, "FCLASS_OSM": null, "FCLASS_TLC": null }, "geometry": { "type": "MultiLineString", "coordinates": [ [ [ -95.633636517311402, 40.309183774711414 ], [ -95.649945111078011, 40.311039244265714 ], [ -95.656366009683609, 40.32427166650416 ], [ -95.643475384681267, 40.331498228160683 ], [ -95.634246869197625, 40.338309751793588 ], [ -95.629022259569581, 40.345389830076556 ], [ -95.631488080110785, 40.349271666454229 ], [ -95.643304485613498, 40.379520689028539 ], [ -95.659491009902183, 40.398319518131245 ], [ -95.663787885202737, 40.406205260364459 ], [ -95.664886516799299, 40.413431822020925 ], [ -95.663324016690012, 40.428031432304749 ], [ -95.663787885202737, 40.43413494756976 ], [ -95.671234173718119, 40.450297057063494 ], [ -95.688958783321198, 40.467118346234656 ], [ -95.69791874415472, 40.481913268582446 ], [ -95.698895306273357, 40.495707213117385 ], [ -95.695086713381102, 40.507425963037747 ], [ -95.696136517186517, 40.51831463511229 ], [ -95.711590619211677, 40.529716001692123 ], [ -95.735540813557691, 40.536527525325027 ], [ -95.755096477920119, 40.539481627375153 ], [ -95.768231243676951, 40.548734556754368 ], [ -95.773040814382057, 40.574418150277381 ], [ -95.767645305686301, 40.600467954932128 ] ], [ [ -95.317254680658948, 40.000101744100164 ], [ -95.344207805745611, 40.019266783435285 ], [ -95.361639446802997, 40.026713071950667 ], [ -95.40824589183444, 40.033573424274095 ], [ -95.419549602831864, 40.045048033439969 ], [ -95.421991010376814, 40.062504088392927 ], [ -95.417376751735674, 40.084672057569378 ], [ -95.407562299160759, 40.10359295525069 ], [ -95.403753705369184, 40.11418865788022 ], [ -95.406805463001717, 40.118851744312508 ], [ -95.437249799438689, 40.142728696971744 ], [ -95.443231244326455, 40.157401548942289 ], [ -95.457220501824679, 40.1743937362819 ], [ -95.485028118652735, 40.200760924277233 ], [ -95.468621869303831, 40.225712096436098 ], [ -95.467449994221852, 40.238090025134511 ], [ -95.478192181124257, 40.249174010172396 ], [ -95.495306438841055, 40.254227720732729 ], [ -95.531658977579752, 40.256302916246568 ], [ -95.546502727718689, 40.262211119447556 ], [ -95.558660931356883, 40.275321471308814 ], [ -95.567034955099075, 40.288871275089264 ], [ -95.577240032701354, 40.301200376895849 ], [ -95.594891399718279, 40.310624205342776 ], [ -95.613299602894358, 40.311527524875373 ] ], [ [ -95.613299602894358, 40.311527524875373 ], [ -95.633636517311402, 40.309183774711414 ] ] ] } },
{ "type": "Feature", "properties": { "FEATURECLA": "Admin-1 statistical boundary", "NAME": "Québec - Ontario", "ADM0_A3": "CAN", "ADM0_NAME": "Canada", "SHAPE_LENG": 988.94925945199998, "MAPCOLOR13": 2, "MAPCOLOR9": 2, "SOV_A3": "CAN", "NAME_L": "Québec", "NAME_R": "Ontario", "NAME_ALT_L": "Lower Canada", "NAME_ALT_R": "Upper Canada", "NAME_LOC_L": null, "NAME_LOC_R": null, "NAME_LEN_L": 6, "NAME_LEN_R": 7, "NOTE": "Canada_13", "TYPE": null, "MIN_ZOOM": 2.0, "MIN_LABEL": 7.5, "SCALERANK": 2, "FCLASS_ISO": null, "FCLASS_US": null, "FCLASS_FR": null, "FCLASS_RU": null, "FCLASS_ES": null, "FCLASS_CN": null, "FCLASS_TW": null, "FCLASS_IN": null, "FCLASS_NP": null, "FCLASS_PK": null, "FCLASS_DE": null, "FCLASS_GB": null, "FCLASS_BR": null, "FCLASS_IL": null, "FCLASS_PS": null, "FCLASS_SA": null, "FCLASS_EG": null, "FCLASS_MA": null, "FCLASS_PT": null, "FCLASS_AR": null, "FCLASS_JP": null, "FCLASS_KO": null, "FCLASS_VN": null, "FCLASS_TR": null, "FCLASS_ID": null, "FCLASS_PL": null, "FCLASS_GR": null, "FCLASS_IT": null, "FCLASS_NL": null, "FCLASS_SE": null, "FCLASS_BD": null, "FCLASS_UA": null, "ne_id": 1746729557, "BRK_A3": null, "FCLASS_OSM": null, "FCLASS_TLC": null }, "geometry": { "type": "MultiLineString", "coordinates": [ [ [ -79.520799994424181, 51.46671122454336 ], [ -79.520799526776727, 51.364797879318644 ], [ -79.520799526776727, 51.252117417984437 ], [ -79.520799526776727, 51.139462795971212 ], [ -79.520799526776727, 51.026808173058726 ], [ -79.520799526776727, 50.965778307522839 ], [ -79.520799531273326, 50.96544902255431 ] ], [ [ -79.520799526776727, 50.942877400771408 ], [ -79.520799526776727, 50.914153551045501 ], [ -79.520799526776727, 50.801498928133014 ], [ -79.520799526776727, 50.68884430611979 ], [ -79.520799526776727, 50.576189684106623 ], [ -79.520799526776727, 50.463535061194079 ], [ -79.520799526776727, 50.350880439180912 ], [ -79.520799526776727, 50.238225816268368 ], [ -79.520799526776727, 50.125571194255201 ], [ -79.520799526776727, 50.012916572241977 ], [ -79.520799526776727, 49.90026194932949 ], [ -79.520799526776727, 49.787607327316266 ], [ -79.520799526776727, 49.674952704403779 ], [ -79.520799526776727, 49.562298082390555 ], [ -79.520799526776727, 49.449643460377388 ], [ -79.520799526776727, 49.336988837464844 ], [ -79.520799526776727, 49.224334215451677 ], [ -79.520799526776727, 49.111679592539133 ], [ -79.520799526776727, 48.999024970525966 ], [ -79.520799526776727, 48.886370348512742 ], [ -79.520799526776727, 48.773715724700935 ], [ -79.520799526776727, 48.661061102687711 ], [ -79.520799526776727, 48.548406479775224 ], [ -79.520799526776727, 48.435751857762 ], [ -79.520799526776727, 48.323097235748833 ], [ -79.520799526776727, 48.210442612836289 ], [ -79.520799526776727, 48.097787990823065 ], [ -79.520799526776727, 47.985133368809898 ], [ -79.520799526776727, 47.872478745897354 ], [ -79.520799526776727, 47.819510403182562 ], [ -79.517388882091211, 47.763389798200592 ], [ -79.516252001428711, 47.737680771850137 ], [ -79.51620032368595, 47.711816718566695 ], [ -79.516562058891907, 47.685823473174707 ], [ -79.516562058891907, 47.660036933357787 ], [ -79.514572516608325, 47.629702867293474 ], [ -79.51291887110898, 47.596836655687071 ], [ -79.516510382947786, 47.565727444166214 ], [ -79.53048885757471, 47.540250962711752 ], [ -79.554234178264721, 47.51361176217307 ], [ -79.572786017560645, 47.484027004942277 ], [ -79.580330777343477, 47.451832586904345 ], [ -79.571261563270525, 47.417571113116367 ], [ -79.554104987055496, 47.39157786682506 ], [ -79.528008388876003, 47.365687975119954 ], [ -79.504805671444558, 47.340934964077292 ], [ -79.482584805044723, 47.318507392102447 ], [ -79.468916388780315, 47.304864814259759 ], [ -79.455971442028385, 47.290395413217709 ], [ -79.445377773665314, 47.274685776927015 ], [ -79.438840705134396, 47.257167467304726 ], [ -79.436411913279187, 47.225102241375339 ], [ -79.440029262640337, 47.193553779383365 ], [ -79.445067715302798, 47.162496242907253 ], [ -79.447160611273205, 47.131748765692976 ], [ -79.431295946250884, 47.086996975430054 ], [ -79.396336839573451, 47.04989329683815 ], [ -79.356468472342101, 47.015218411000831 ], [ -79.325772671071888, 46.977546292527336 ], [ -79.29205379874378, 46.92886709184279 ], [ -79.250531786013084, 46.88959300381407 ], [ -79.204591437344959, 46.854763089245125 ], [ -79.163586187652413, 46.823912258344023 ], [ -79.096200120738956, 46.704332994172319 ], [ -79.073384976035811, 46.676427720862591 ], [ -79.033981695898547, 46.653767604891016 ], [ -79.013802048625621, 46.638342190339813 ], [ -79.005120409079609, 46.618395087063618 ], [ -79.001348029188193, 46.595760810413026 ], [ -78.99160702244609, 46.573384915281565 ], [ -78.964140997808784, 46.533025620735771 ], [ -78.93168819915104, 46.499745998878723 ], [ -78.89122555181774, 46.470083727282145 ], [ -78.754050462758642, 46.401405748276659 ], [ -78.737333137014673, 46.385747788829349 ], [ -78.730770230062035, 46.364818834521543 ], [ -78.719788988071343, 46.34709381842498 ], [ -78.694028285776767, 46.336500149162532 ], [ -78.422287766667068, 46.293453681242397 ] ], [ [ -78.372781744581857, 46.293815416448297 ], [ -78.34505733932474, 46.289009507782509 ], [ -78.332913378249771, 46.275780341089842 ], [ -78.320691901010434, 46.265961819082634 ], [ -78.292864142965811, 46.265600083876734 ] ], [ [ -78.422287766667068, 46.293453681242397 ], [ -78.372781744581857, 46.293815416448297 ] ], [ [ -78.24351314961217, 46.272343857982662 ], [ -78.110808072434565, 46.262602851240558 ], [ -78.045540738114539, 46.238211575403852 ], [ -77.92089718285871, 46.235627753018377 ], [ -77.72240800562497, 46.193718167559382 ], [ -77.681997036034375, 46.186690171714019 ] ], [ [ -78.292864142965811, 46.265600083876734 ], [ -78.24351314961217, 46.272343857982662 ] ], [ [ -77.683909063952115, 46.18731028933837 ], [ -77.658406744975309, 46.183899645552174 ], [ -77.469038458657906, 46.115066636915742 ], [ -77.408189460275366, 46.078117987954784 ], [ -77.397492438225413, 46.073053696870602 ], [ -77.372894456813697, 46.063803616543623 ], [ -77.357985806199963, 46.058842678247004 ], [ -77.346823697055981, 46.047628893158844 ], [ -77.335299851806724, 46.036802679899722 ], [ -77.307032844190417, 46.019826971737359 ], [ -77.289359504037861, 46.000344957353889 ], [ -77.284992844943815, 45.982180690786208 ], [ -77.284786140268125, 45.96471405710804 ], [ -77.282538214666886, 45.947324937795599 ], [ -77.271892870359693, 45.92923818649308 ], [ -77.250963915152568, 45.909446112847832 ], [ -77.2264951240507, 45.890842596708467 ], [ -77.200734421756124, 45.873789374180262 ], [ -77.176033087556959, 45.858622341148077 ], [ -77.138515997815034, 45.839786281911358 ], [ -77.097846645806044, 45.824438381725884 ], [ -77.056376309019413, 45.810537421464801 ], [ -77.016611293676249, 45.796223049154378 ], [ -76.993460253088188, 45.790228582982706 ], [ -76.963746303748906, 45.788419907852415 ] ], [ [ -77.681997036034375, 46.186690171714019 ], [ -77.683909063952115, 46.18731028933837 ] ], [ [ -76.877550015121074, 45.895906886893272 ], [ -76.856982795119904, 45.894718329387388 ], [ -76.817734544613529, 45.88588166021043 ], [ -76.797322354243249, 45.875546373366433 ], [ -76.785953538624881, 45.861697089049414 ], [ -76.781070115593366, 45.843713691433663 ], [ -76.778434618163089, 45.799504503529988 ], [ -76.773422003922349, 45.779376533100503 ], [ -76.765360480201991, 45.760101223392724 ], [ -76.754508430319788, 45.741110134525059 ], [ -76.738695441241589, 45.737570299529693 ], [ -76.725750495389036, 45.731498318092861 ], [ -76.715286018235133, 45.721964016026504 ], [ -76.706940273674661, 45.708011379821301 ], [ -76.702547777058271, 45.691810818014801 ], [ -76.698439501281939, 45.661502591271528 ], [ -76.690171271087252, 45.647937526895305 ], [ -76.672394579046568, 45.630238349220406 ], [ -76.666348436031512, 45.62129832635668 ], [ -76.654979621312464, 45.592049465910122 ], [ -76.647460699951353, 45.580835679922643 ], [ -76.637228766794124, 45.572412420996386 ], [ -76.622862717640317, 45.565022690844501 ], [ -76.596223518000954, 45.555720934573458 ], [ -76.4995885888423, 45.538150947208408 ], [ -76.461683926372075, 45.52642039638414 ], [ -76.43961808870381, 45.5237848980546 ], [ -76.432770961810434, 45.522182929398639 ], [ -76.411609462606577, 45.512261053704663 ], [ -76.403625454151381, 45.511175848986227 ], [ -76.401816779021146, 45.503010973377684 ], [ -76.390086229096198, 45.498515123074469 ], [ -76.367813686752243, 45.483063870101489 ], [ -76.355928107196348, 45.476862698354807 ], [ -76.343474086859601, 45.473555406456796 ], [ -76.314664475984785, 45.471074937758146 ] ], [ [ -76.963746303748906, 45.788419907852415 ], [ -76.935815192017458, 45.794362698080022 ], [ -76.918012660655734, 45.81146759745161 ], [ -76.917418382352423, 45.82402497057592 ], [ -76.921785041446469, 45.839295356395553 ], [ -76.927081874728742, 45.854927477421143 ], [ -76.929536505904991, 45.868415024733565 ], [ -76.92333533415831, 45.88376292581836 ], [ -76.908891770638718, 45.890170803140052 ], [ -76.902406378951241, 45.892496243107132 ], [ -76.877550015121074, 45.895906886893272 ] ], [ [ -74.665230271559778, 45.656309108978178 ], [ -74.643655362105278, 45.656076564981447 ], [ -74.622855598107378, 45.647963365317025 ], [ -74.585571052362184, 45.626052558178969 ], [ -74.545263434659773, 45.608844306019876 ], [ -74.504387377075773, 45.597475491300884 ], [ -74.457180955636602, 45.595046699445618 ], [ -74.396486985985575, 45.574841213750972 ], [ -74.3935155908718, 45.572670803414837 ], [ -74.401809657689512, 45.547556057166275 ], [ -74.409173550319053, 45.525180162034815 ], [ -74.423229540211082, 45.482831326104815 ], [ -74.441161261882712, 45.428493556932096 ], [ -74.455811530078051, 45.38402598750929 ], [ -74.46811052078391, 45.346689764920711 ], [ -74.478006558056222, 45.316872463693244 ], [ -74.450101283847175, 45.295891832541997 ], [ -74.425787523275574, 45.277701728451973 ], [ -74.388115403902759, 45.249538071824531 ], [ -74.356050177973316, 45.225715236768735 ], [ -74.347807787099669, 45.219255683502979 ], [ -74.347803244624004, 45.219252123986337 ] ], [ [ -74.775068528989436, 45.632512112344102 ], [ -74.71416785286408, 45.641374619942724 ], [ -74.696675380764191, 45.641684679204559 ], [ -74.690965135432634, 45.64269236955721 ], [ -74.684298875692548, 45.64574127903677 ], [ -74.67181901693408, 45.653673611547902 ], [ -74.665230271559778, 45.656309108978178 ] ], [ [ -74.937539232349707, 45.637679755316412 ], [ -74.775068528989436, 45.632512112344102 ] ], [ [ -75.840998298332806, 45.387152411354691 ], [ -75.77555009596017, 45.393818671094778 ], [ -75.761313238914852, 45.400019842841459 ], [ -75.752424892894453, 45.40753876420257 ], [ -75.729041307410398, 45.435263170359008 ], [ -75.707156337794743, 45.455520331098398 ], [ -75.683255988373162, 45.468542792216056 ], [ -75.65641008225947, 45.475467434374593 ], [ -75.592770555017069, 45.479653225415973 ], [ -75.36038163920125, 45.543732001330795 ], [ -75.310539720331803, 45.568123277167501 ], [ -75.283590461430663, 45.576649888881263 ], [ -75.052958543901639, 45.595951036111387 ], [ -75.024252284915008, 45.606673896583061 ], [ -74.99386654290663, 45.622796943124399 ], [ -74.966400519168587, 45.633158067490797 ], [ -74.937539232349707, 45.637679755316412 ] ], [ [ -76.128448451934503, 45.529650173916366 ], [ -76.048840907781653, 45.515464992815168 ], [ -76.023131883229837, 45.505413926811229 ], [ -76.009670173439758, 45.488024807498846 ], [ -75.998843960180579, 45.48637116110018 ], [ -75.969491746946574, 45.474382228756838 ], [ -75.959414841621651, 45.468697821847002 ], [ -75.939441900823056, 45.451696275262861 ], [ -75.929649217237568, 45.441257636530679 ], [ -75.925127530311272, 45.433506171172837 ], [ -75.912699348396188, 45.427046617007761 ], [ -75.881951870282592, 45.399503078903933 ], [ -75.869394497158282, 45.392604275167116 ], [ -75.8554935368972, 45.388599352178346 ], [ -75.840998298332806, 45.387152411354691 ] ], [ [ -76.314664475984785, 45.471074937758146 ], [ -76.300970222197975, 45.471746731326562 ], [ -76.288748744958582, 45.474072171293642 ], [ -76.26043006139821, 45.484304104450814 ], [ -76.249913907400867, 45.491073716978406 ], [ -76.246606614603593, 45.495440375173132 ], [ -76.240017870128611, 45.507661852412525 ], [ -76.235418667037834, 45.512881171328956 ], [ -76.228494024879353, 45.517816271203912 ], [ -76.223223029119481, 45.519960842219064 ], [ -76.154906786219215, 45.529469305863756 ], [ -76.128448451934503, 45.529650173916366 ] ] ] } },
{ "type": "Feature", "properties": { "FEATURECLA": "Admin-1 boundary", "NAME": "Saskatchewan - Alberta", "ADM0_A3": "CAN", "ADM0_NAME": "Canada", "SHAPE_LENG": 712.03433617500002, "MAPCOLOR13": 2, "MAPCOLOR9": 2, "SOV_A3": "CAN", "NAME_L": "Saskatchewan", "NAME_R": "Alberta", "NAME_ALT_L": null, "NAME_ALT_R": null, "NAME_LOC_L": null, "NAME_LOC_R": null, "NAME_LEN_L": 12, "NAME_LEN_R": 7, "NOTE": "Canada_4", "TYPE": null, "MIN_ZOOM": 2.0, "MIN_LABEL": 7.5, "SCALERANK": 2, "FCLASS_ISO": null, "FCLASS_US": null, "FCLASS_FR": null, "FCLASS_RU": null, "FCLASS_ES": null, "FCLASS_CN": null, "FCLASS_TW": null, "FCLASS_IN": null, "FCLASS_NP": null, "FCLASS_PK": null, "FCLASS_DE": null, "FCLASS_GB": null, "FCLASS_BR": null, "FCLASS_IL": null, "FCLASS_PS": null, "FCLASS_SA": null, "FCLASS_EG": null, "FCLASS_MA": null, "FCLASS_PT": null, "FCLASS_AR": null, "FCLASS_JP": null, "FCLASS_KO": null, "FCLASS_VN": null, "FCLASS_TR": null, "FCLASS_ID": null, "FCLASS_PL": null, "FCLASS_GR": null, "FCLASS_IT": null, "FCLASS_NL": null, "FCLASS_SE": null, "FCLASS_BD": null, "FCLASS_UA": null, "ne_id": 1746729591, "BRK_A3": null, "FCLASS_OSM": null, "FCLASS_TLC": null }, "geometry": { "type": "LineString", "coordinates": [ [ -109.999972704176912, 58.0 ], [ -109.999972704176912, 57.937574977703036 ], [ -109.999972704176912, 57.593849189488481 ], [ -109.999972704176912, 57.250097561053565 ], [ -109.999972704176912, 56.906294257573904 ], [ -109.999972704176912, 56.562542630038308 ], [ -109.999972704176912, 56.218816840025113 ], [ -109.999972704176912, 55.875065213388837 ], [ -109.999972704176912, 55.531339423375641 ], [ -109.999972704176912, 55.187587795840102 ], [ -109.999972704176912, 54.843836168304506 ], [ -109.999972704176912, 54.500032863925526 ], [ -109.999972704176912, 54.156332913233314 ], [ -109.999972704176912, 53.812555447276054 ], [ -109.999972704176912, 53.468829658162178 ], [ -109.999972704176912, 53.125078029727263 ], [ -109.999972704176912, 52.781326402191667 ], [ -109.999972704176912, 52.437574775555447 ], [ -109.999972704176912, 52.093823147120531 ], [ -109.999972704176912, 51.750071520484255 ], [ -109.999972704176912, 51.406268216105275 ], [ -109.999972704176912, 51.062568264513743 ], [ -109.999972704176912, 50.718816636978204 ], [ -109.999972704176912, 50.375065009442608 ], [ -109.999972704176912, 50.031313381907012 ], [ -109.999972704176912, 49.687561754371416 ], [ -109.999972704176912, 49.343810125936557 ], [ -109.999972704176912, 49.000084336822681 ], [ -109.999352586552618, 48.992978828410173 ], [ -109.999321087797966, 48.992617899896118 ] ] } },
{ "type": "Feature", "properties": { "FEATURECLA": "Admin-1 statistical meta bounds", "NAME": "Ontario - Manitoba", "ADM0_A3": "CAN", "ADM0_NAME": "Canada", "SHAPE_LENG": 979.751296303, "MAPCOLOR13": 2, "MAPCOLOR9": 2, "SOV_A3": "CAN", "NAME_L": "Ontario", "NAME_R": "Manitoba", "NAME_ALT_L": "Upper Canada", "NAME_ALT_R": null, "NAME_LOC_L": null, "NAME_LOC_R": null, "NAME_LEN_L": 7, "NAME_LEN_R": 8, "NOTE": "Canada_3", "TYPE": null, "MIN_ZOOM": 2.0, "MIN_LABEL": 7.5, "SCALERANK": 2, "FCLASS_ISO": null, "FCLASS_US": null, "FCLASS_FR": null, "FCLASS_RU": null, "FCLASS_ES": null, "FCLASS_CN": null, "FCLASS_TW": null, "FCLASS_IN": null, "FCLASS_NP": null, "FCLASS_PK": null, "FCLASS_DE": null, "FCLASS_GB": null, "FCLASS_BR": null, "FCLASS_IL": null, "FCLASS_PS": null, "FCLASS_SA": null, "FCLASS_EG": null, "FCLASS_MA": null, "FCLASS_PT": null, "FCLASS_AR": null, "FCLASS_JP": null, "FCLASS_KO": null, "FCLASS_VN": null, "FCLASS_TR": null, "FCLASS_ID": null, "FCLASS_PL": null, "FCLASS_GR": null, "FCLASS_IT": null, "FCLASS_NL": null, "FCLASS_SE": null, "FCLASS_BD": null, "FCLASS_UA": null, "ne_id": 1746729595, "BRK_A3": null, "FCLASS_OSM": null, "FCLASS_TLC": null }, "geometry": { "type": "LineString", "coordinates": [ [ -88.946999619936491, 56.853217055522691 ], [ -89.230310228334361, 56.681295071010709 ], [ -89.480940925083587, 56.526679185795786 ], [ -89.731209885727651, 56.371598211688081 ], [ -89.980522833761768, 56.215070299454737 ], [ -90.33130245624335, 55.992344876015181 ], [ -90.681461961999901, 55.768585923801311 ], [ -91.030639614926258, 55.543328355719041 ], [ -91.378396166350001, 55.315977892565684 ], [ -91.686258511221297, 55.110615750016848 ], [ -91.992260505018294, 54.902178860465995 ], [ -92.296738043625794, 54.691545722157343 ], [ -92.600156215936579, 54.47964651107759 ], [ -92.769344855880377, 54.360403143690121 ], [ -92.937965054143888, 54.240358792424331 ], [ -93.10627519404494, 54.119901028209881 ], [ -93.274559496423592, 53.999262396842141 ], [ -93.389462043138735, 53.91479726807944 ], [ -93.503977017125635, 53.829582831382538 ], [ -93.620171475033544, 53.746900540227728 ], [ -93.740189988776933, 53.670006008770258 ], [ -93.975472785340742, 53.530169582959843 ], [ -94.21075558100523, 53.390410672414589 ], [ -94.446064215990759, 53.250600084126575 ], [ -94.681347011655248, 53.11078949583856 ], [ -94.733462693648391, 53.07991282831432 ], [ -94.785630051585599, 53.049165351100044 ], [ -94.837642381690557, 53.018107815523251 ], [ -94.889396327578424, 52.986636867897118 ], [ -94.946550463133349, 52.951496894066395 ], [ -95.003678759367233, 52.91630524429155 ], [ -95.060858730645862, 52.881139431139786 ], [ -95.118012865301466, 52.845947781364998 ], [ -95.153772955857221, 52.821349799053962 ], [ -95.15333370628548, 52.766624457152943 ], [ -95.153617927125595, 52.373185940378846 ], [ -95.153798794278941, 51.979669908339588 ], [ -95.15392798458879, 51.586257229087835 ], [ -95.154057175798016, 51.192818712313681 ], [ -95.154057175798016, 50.892061875854836 ], [ -95.154057175798016, 50.591175849086142 ], [ -95.154057175798016, 50.290419013526616 ], [ -95.154083015119056, 49.989558824280266 ], [ -95.154083015119056, 49.879410509387469 ], [ -95.1541088526414, 49.769236355173632 ], [ -95.155400763834166, 49.696036689241794 ], [ -95.156718513448595, 49.622811183988915 ], [ -95.158397997369661, 49.533359280306513 ], [ -95.160439215597307, 49.416777248770984 ], [ -95.16119498965702, 49.373887055143427 ], [ -95.160569214397697, 49.369494121456512 ] ] } },
{ "type": "Feature", "properties": { "FEATURECLA": "Admin-1 boundary", "NAME": "Manitoba - Saskatchewan", "ADM0_A3": "CAN", "ADM0_NAME": "Canada", "SHAPE_LENG": 717.41910652900003, "MAPCOLOR13": 2, "MAPCOLOR9": 2, "SOV_A3": "CAN", "NAME_L": "Manitoba", "NAME_R": "Saskatchewan", "NAME_ALT_L": null, "NAME_ALT_R": null, "NAME_LOC_L": null, "NAME_LOC_R": null, "NAME_LEN_L": 8, "NAME_LEN_R": 12, "NOTE": "Canada_1", "TYPE": null, "MIN_ZOOM": 2.0, "MIN_LABEL": 7.5, "SCALERANK": 2, "FCLASS_ISO": null, "FCLASS_US": null, "FCLASS_FR": null, "FCLASS_RU": null, "FCLASS_ES": null, "FCLASS_CN": null, "FCLASS_TW": null, "FCLASS_IN": null, "FCLASS_NP": null, "FCLASS_PK": null, "FCLASS_DE": null, "FCLASS_GB": null, "FCLASS_BR": null, "FCLASS_IL": null, "FCLASS_PS": null, "FCLASS_SA": null, "FCLASS_EG": null, "FCLASS_MA": null, "FCLASS_PT": null, "FCLASS_AR": null, "FCLASS_JP": null, "FCLASS_KO": null, "FCLASS_VN": null, "FCLASS_TR": null, "FCLASS_ID": null, "FCLASS_PL": null, "FCLASS_GR": null, "FCLASS_IT": null, "FCLASS_NL": null, "FCLASS_SE": null, "FCLASS_BD": null, "FCLASS_UA": null, "ne_id": 1746729607, "BRK_A3": null, "FCLASS_OSM": null, "FCLASS_TLC": null }, "geometry": { "type": "LineString", "coordinates": [ [ -102.001360993389937, 58.0 ], [ -102.001339483730192, 57.842464505532462 ], [ -102.00126197026367, 57.274747219308722 ], [ -102.001184454998565, 56.910169990252825 ], [ -102.001132779054501, 56.545592760297609 ], [ -102.001106940632781, 56.181015530342449 ], [ -102.001055263789397, 55.816489977230617 ], [ -101.98103064704668, 55.60223948776212 ], [ -101.961057705348821, 55.38793732414814 ], [ -101.941084763650906, 55.173686835578962 ], [ -101.921060146908246, 54.959436347009785 ], [ -101.901087206109651, 54.745134182496486 ], [ -101.881114265311055, 54.530883693927308 ], [ -101.861089646769756, 54.31663320625745 ], [ -101.84111670597116, 54.102331040844831 ], [ -101.821143765172621, 53.888080553174973 ], [ -101.801119148429962, 53.673830065505115 ], [ -101.781146205832727, 53.459527900092496 ], [ -101.761173265034131, 53.245277412422638 ], [ -101.741148648291471, 53.031026922954084 ], [ -101.721175706593556, 52.816724759340161 ], [ -101.70120276579496, 52.602474269871607 ], [ -101.681178148152981, 52.388223782201749 ], [ -101.661153531410321, 52.17392161678913 ], [ -101.641180589712405, 51.959671129119272 ], [ -101.621207648913867, 51.745420641449414 ], [ -101.60118303127183, 51.531118476036795 ], [ -101.581210089573972, 51.316867988366937 ], [ -101.561211311252976, 51.102617498898439 ], [ -101.541212531133397, 50.888341172806861 ], [ -101.521213751913081, 50.674064845815963 ], [ -101.501266648636886, 50.459814358146104 ], [ -101.481242031894226, 50.245538032054526 ], [ -101.46126909109563, 50.031261705063628 ], [ -101.441270310976051, 49.81701121739377 ], [ -101.421271531755792, 49.602734890402871 ], [ -101.401272753434796, 49.388484401833637 ], [ -101.381299811736881, 49.174208075742058 ], [ -101.364375780417902, 48.993056341876638 ], [ -101.364339646557426, 48.992669576739559 ] ] } },
{ "type": "Feature", "properties": { "FEATURECLA": "Admin-1 boundary", "NAME": "Hawke's Bay - Waikato", "ADM0_A3": "NZL", "ADM0_NAME": "New Zealand", "SHAPE_LENG": 6.9272078440199998, "MAPCOLOR13": 4, "MAPCOLOR9": 4, "SOV_A3": "NZ1", "NAME_L": "Hawke's Bay", "NAME_R": "Waikato", "NAME_ALT_L": "Te Matau a Māui|Hawkes Bay", "NAME_ALT_R": "Waikato", "NAME_LOC_L": null, "NAME_LOC_R": null, "NAME_LEN_L": 11, "NAME_LEN_R": 7, "NOTE": "New Zealand_2", "TYPE": null, "MIN_ZOOM": 7.0, "MIN_LABEL": 18.0, "SCALERANK": 6, "FCLASS_ISO": null, "FCLASS_US": null, "FCLASS_FR": null, "FCLASS_RU": null, "FCLASS_ES": null, "FCLASS_CN": null, "FCLASS_TW": null, "FCLASS_IN": null, "FCLASS_NP": null, "FCLASS_PK": null, "FCLASS_DE": null, "FCLASS_GB": null, "FCLASS_BR": null, "FCLASS_IL": null, "FCLASS_PS": null, "FCLASS_SA": null, "FCLASS_EG": null, "FCLASS_MA": null, "FCLASS_PT": null, "FCLASS_AR": null, "FCLASS_JP": null, "FCLASS_KO": null, "FCLASS_VN": null, "FCLASS_TR": null, "FCLASS_ID": null, "FCLASS_PL": null, "FCLASS_GR": null, "FCLASS_IT": null, "FCLASS_NL": null, "FCLASS_SE": null, "FCLASS_BD": null, "FCLASS_UA": null, "ne_id": 1746739853, "BRK_A3": null, "FCLASS_OSM": null, "FCLASS_TLC": null }, "geometry": null },
{ "type": "Feature", "properties": { "FEATURECLA": "Admin-1 boundary", "NAME": "Montana - Wyoming", "ADM0_A3": "USA", "ADM0_NAME": "United States of America", "SHAPE_LENG": 818.28064141100003, "MAPCOLOR13": 1, "MAPCOLOR9": 1, "SOV_A3": "US1", "NAME_L": "Montana", "NAME_R": "Wyoming", "NAME_ALT_L": "MT|Mont.", "NAME_ALT_R": "WY|Wyo.", "NAME_LOC_L": null, "NAME_LOC_R": null, "NAME_LEN_L": 7, "NAME_LEN_R": 7, "NOTE": "US_115", "TYPE": null, "MIN_ZOOM": 2.0, "MIN_LABEL": 7.5, "SCALERANK": 2, "FCLASS_ISO": null, "FCLASS_US": null, "FCLASS_FR": null, "FCLASS_RU": null, "FCLASS_ES": null, "FCLASS_CN": null, "FCLASS_TW": null, "FCLASS_IN": null, "FCLASS_NP": null, "FCLASS_PK": null, "FCLASS_DE": null, "FCLASS_GB": null, "FCLASS_BR": null, "FCLASS_IL": null, "FCLASS_PS": null, "FCLASS_SA": null, "FCLASS_EG": null, "FCLASS_MA": null, "FCLASS_PT": null, "FCLASS_AR": null, "FCLASS_JP": null, "FCLASS_KO": null, "FCLASS_VN": null, "FCLASS_TR": null, "FCLASS_ID": null, "FCLASS_PL": null, "FCLASS_GR": null, "FCLASS_IT": null, "FCLASS_NL": null, "FCLASS_SE": null, "FCLASS_BD": null, "FCLASS_UA": null, "ne_id": 1746745057, "BRK_A3": null, "FCLASS_OSM": null, "FCLASS_TLC": null }, "geometry": { "type": "LineString", "coordinates": [ [ -110.0, 45.000028502313512 ], [ -109.912249799288759, 45.000028502313512 ], [ -109.803436322028631, 45.000028502313512 ], [ -109.694671674358233, 45.000028502313512 ], [ -109.585833783202531, 45.000028502313512 ], [ -109.477020305942347, 45.000028502313512 ], [ -109.368255658272005, 45.000028502313512 ], [ -109.259442181011821, 45.000028502313512 ], [ -109.150604290755382, 45.000028502313512 ], [ -109.041839642185721, 45.000028502313512 ], [ -108.933026165824856, 45.000028502313512 ], [ -108.824237103359621, 45.000028502313512 ], [ -108.71544804089433, 45.000028502313512 ], [ -108.606610149738572, 45.000028502313512 ], [ -108.497821088172657, 45.000028502313512 ], [ -108.389032024808103, 45.000028502313512 ], [ -108.280267377137704, 45.000028502313512 ], [ -108.171453899877577, 45.000028502313512 ], [ -108.062616009621138, 45.000028502313512 ], [ -107.95385136105142, 45.000028502313512 ], [ -107.845062298586186, 45.000028502313512 ], [ -107.736248822225321, 45.000028502313512 ], [ -107.627459759760086, 45.000028502313512 ], [ -107.518670697294795, 45.000052916209086 ], [ -107.409906048725134, 45.000101744000233 ], [ -107.301092572364325, 45.000101744000233 ], [ -107.192254681208567, 45.000101744000233 ], [ -107.083514447433799, 45.000101744000233 ], [ -106.974725384968508, 45.000101744000233 ], [ -106.86588749381275, 45.000101744000233 ], [ -106.757098431347515, 45.000101744000233 ], [ -106.648309368882224, 45.000101744000233 ], [ -106.539544721211882, 45.000101744000233 ], [ -106.430731243951698, 45.000101744000233 ], [ -106.321893352795996, 45.000101744000233 ], [ -106.213128705125598, 45.000101744000233 ], [ -106.10431522786547, 45.000101744000233 ], [ -105.995526166299499, 45.000101744000233 ], [ -105.886737102934944, 45.000101744000233 ], [ -105.777899212678506, 45.000101744000233 ], [ -105.669110150213214, 45.000101744000233 ], [ -105.56032108774798, 45.000101744000233 ], [ -105.451507611387115, 45.000101744000233 ], [ -105.342694135026306, 45.000101744000233 ], [ -105.233905071661695, 45.000101744000233 ], [ -105.12511601009578, 45.000101744000233 ], [ -105.016302532835596, 45.000101744000233 ], [ -104.907513471269681, 45.000101744000233 ], [ -104.798748821800643, 45.000101744000233 ], [ -104.689910930644885, 45.000101744000233 ], [ -104.581097455183397, 45.000101744000233 ], [ -104.472332805714416, 45.000101744000233 ], [ -104.363568158044018, 45.000101744000233 ], [ -104.25475468078389, 45.000101744000233 ], [ -104.145941205322345, 45.000101744000233 ], [ -104.056658977629695, 45.000101744000233 ] ] } },
{ "type": "Feature", "properties": { "FEATURECLA": "Admin-1 boundary", "NAME": "Wisconsin - Michigan", "ADM0_A3": "USA", "ADM0_NAME": "United States of America", "SHAPE_LENG": 913.80048225899998, "MAPCOLOR13": 1, "MAPCOLOR9": 1, "SOV_A3": "US1", "NAME_L": "Wisconsin", "NAME_R": "Michigan", "NAME_ALT_L": "WI|Wis.", "NAME_ALT_R": "MI|Mich.", "NAME_LOC_L": null, "NAME_LOC_R": null, "NAME_LEN_L": 9, "NAME_LEN_R": 8, "NOTE": "US_12", "TYPE": null, "MIN_ZOOM": 2.0, "MIN_LABEL": 7.5, "SCALERANK": 2, "FCLASS_ISO": null, "FCLASS_US": null, "FCLASS_FR": null, "FCLASS_RU": null, "FCLASS_ES": null, "FCLASS_CN": null, "FCLASS_TW": null, "FCLASS_IN": null, "FCLASS_NP": null, "FCLASS_PK": null, "FCLASS_DE": null, "FCLASS_GB": null, "FCLASS_BR": null, "FCLASS_IL": null, "FCLASS_PS": null, "FCLASS_SA": null, "FCLASS_EG": null, "FCLASS_MA": null, "FCLASS_PT": null, "FCLASS_AR": null, "FCLASS_JP": null, "FCLASS_KO": null, "FCLASS_VN": null, "FCLASS_TR": null, "FCLASS_ID": null, "FCLASS_PL": null, "FCLASS_GR": null, "FCLASS_IT": null, "FCLASS_NL": null, "FCLASS_SE": null, "FCLASS_BD": null, "FCLASS_UA": null, "ne_id": 1746745089, "BRK_A3": null, "FCLASS_OSM": null, "FCLASS_TLC": null }, "geometry": { "type": "MultiLineString", "coordinates": [ [ [ -87.018817932101854, 42.496236450251956 ], [ -87.040088514573256, 42.627132345081634 ], [ -87.048269508730812, 42.702397483956702 ], [ -87.066267693898965, 42.804659901932894 ], [ -87.079357284011451, 42.896287028223753 ], [ -87.092446873224617, 42.991186551817862 ], [ -87.112081257044338, 43.117173850692609 ], [ -87.131715641763435, 43.236616354960802 ], [ -87.144805230976601, 43.333970176982064 ], [ -87.147166, 43.379859 ], [ -87.140077, 43.474829 ], [ -87.132234833909209, 43.573894538303527 ], [ -87.120706698871288, 43.695804107557706 ], [ -87.114373822294056, 43.765189634693854 ], [ -87.087054486075658, 43.873588072131781 ], [ -87.061359097943978, 43.969633366186883 ], [ -87.028635124011771, 44.071077685286923 ], [ -86.999896282587372, 44.16767986923054 ], [ -86.952996869010292, 44.279081236509853 ], [ -86.928827005361995, 44.366411546855375 ], [ -86.891194434575482, 44.46621966730379 ], [ -86.851925666036664, 44.562755390448899 ], [ -86.812656898397108, 44.647837721233827 ], [ -86.746917767141213, 44.768534361571483 ], [ -86.714642376844211, 44.84517010321764 ], [ -86.669989056050099, 44.893998228035798 ], [ -86.637583639073682, 44.944807783252543 ], [ -86.595042473231558, 44.990621346397973 ], [ -86.535907025089102, 45.040458189493847 ], [ -86.497688651210296, 45.075703677182958 ], [ -86.448602689862241, 45.114972445721776 ], [ -86.373337550987173, 45.160786008867206 ], [ -86.314434397729258, 45.193509982799469 ], [ -86.250622649415732, 45.236051149540913 ], [ -86.286810108599639, 45.249049971079273 ], [ -86.318306337067781, 45.262311540345308 ], [ -86.347316020118228, 45.273915414464796 ], [ -86.379641096159617, 45.288005831304019 ], [ -86.414452715820175, 45.301267401469374 ], [ -86.445948943388998, 45.31452896983609 ], [ -86.479102867003689, 45.327790540001388 ], [ -86.510599094572513, 45.341052109267423 ], [ -86.542095322141392, 45.354313679432721 ], [ -86.575249245756083, 45.367575247799437 ], [ -86.607574321797472, 45.381665666437357 ], [ -86.640313820726249, 45.394927234804015 ], [ -86.678656049237247, 45.40906170493372 ], [ -86.710540813607622, 45.423173032809188 ], [ -86.742376751985489, 45.437259946789084 ], [ -86.76357093704911, 45.443848381897283 ] ], [ [ -86.76357093704911, 45.443848381897283 ], [ -86.922282209856064, 45.442212183245658 ], [ -87.03190752221434, 45.442212183245658 ], [ -87.092446873224617, 45.443848381897283 ], [ -87.131715641763435, 45.399671017403534 ], [ -87.166075814347323, 45.355493652909729 ], [ -87.198799788279587, 45.322769678977465 ], [ -87.24432987702221, 45.288773619406982 ], [ -87.311697497041848, 45.242595943248148 ], [ -87.403324623332708, 45.204963374260274 ], [ -87.422959008051748, 45.132970630889872 ], [ -87.436048597264914, 45.078976075385526 ], [ -87.488406955016956, 45.083884671340513 ], [ -87.542742963317096, 45.089506041170864 ], [ -87.596917767241166, 45.10425213482813 ], [ -87.653558391706383, 45.120756041558025 ], [ -87.670404095672438, 45.130521666341792 ], [ -87.672576946768686, 45.135233580565284 ], [ -87.678021283255589, 45.142216002366581 ], [ -87.688128705275517, 45.151981627150349 ], [ -87.711566205116242, 45.168973814489902 ], [ -87.726654096009725, 45.182816587715308 ], [ -87.733563275224981, 45.192338071744587 ], [ -87.734759564202534, 45.199344908340834 ], [ -87.730291790733531, 45.231205259714955 ], [ -87.726654096009725, 45.243754088380456 ], [ -87.706951947374478, 45.284134946870267 ], [ -87.68204960300676, 45.324589048845496 ], [ -87.673699994059461, 45.332938657792795 ], [ -87.658514446684364, 45.344877135471393 ], [ -87.653778118565299, 45.351175962800426 ], [ -87.653411908332885, 45.356449400219617 ], [ -87.65480351027378, 45.361429869093172 ], [ -87.661224407980001, 45.37036541603112 ], [ -87.669549603031726, 45.379545102824238 ], [ -87.675750774778408, 45.384989439311141 ], [ -87.6817078057706, 45.388138853425346 ], [ -87.688690227571954, 45.388798033102717 ], [ -87.69508671318124, 45.387430845956771 ], [ -87.768475385130898, 45.359549986542618 ], [ -87.77560429120507, 45.358353697565065 ], [ -87.783245891784475, 45.357865416056086 ], [ -87.791741985903911, 45.358378111460638 ], [ -87.81464237734383, 45.363431822020971 ], [ -87.822259564027661, 45.363578307193109 ], [ -87.828973431178895, 45.362137877461066 ], [ -87.840692181099257, 45.357181822483085 ], [ -87.848553510336217, 45.356180846468874 ], [ -87.858270306429461, 45.357572447510393 ], [ -87.87330936863242, 45.364823423961809 ], [ -87.879461712587954, 45.370975767917344 ], [ -87.882196087779221, 45.377396666522941 ], [ -87.881024212697241, 45.383426939201854 ], [ -87.869183392399634, 45.404838072219206 ], [ -87.867181438572516, 45.411429868993253 ], [ -87.866644330171709, 45.419657408462626 ], [ -87.869183392399634, 45.432010924164786 ], [ -87.868426556240536, 45.440189634943692 ], [ -87.86578983843026, 45.446171079831458 ], [ -87.861370891853142, 45.44993084583183 ], [ -87.82850956356549, 45.467582212848811 ], [ -87.823773236345744, 45.471293150158715 ], [ -87.819525188836394, 45.475467955082024 ], [ -87.811932416048137, 45.484696471464986 ], [ -87.806390423978883, 45.494681822208292 ], [ -87.804119916401021, 45.499906431836337 ], [ -87.803558392305945, 45.503348814496178 ], [ -87.803802533060434, 45.509989439061314 ], [ -87.812152142007733, 45.541092955175714 ], [ -87.821283001908967, 45.561429868693438 ], [ -87.820379680577787, 45.57041424432191 ], [ -87.815716595944139, 45.574466977968655 ], [ -87.80885624362071, 45.576029478077942 ], [ -87.802679485769659, 45.578202330073452 ], [ -87.797796674277095, 45.5813517441876 ], [ -87.793914837899422, 45.587357602970997 ], [ -87.791424602563325, 45.595414244271922 ], [ -87.791253705294253, 45.608646666510424 ], [ -87.793280072117625, 45.616215025403051 ], [ -87.796600385299541, 45.622025572122425 ], [ -87.813787884703117, 45.642118345784979 ], [ -87.820672650022743, 45.652665221522739 ], [ -87.821453900077415, 45.66001385355645 ], [ -87.818963665640638, 45.665482603039663 ], [ -87.808367963011051, 45.671927916440154 ], [ -87.803875774747212, 45.675321471308848 ], [ -87.801239056037616, 45.681034361546551 ], [ -87.801092571764741, 45.683988462697357 ], [ -87.802606244082881, 45.687040221229211 ], [ -87.808685346351638, 45.692875181844158 ], [ -87.822454876990946, 45.703299986305296 ], [ -87.834979290861554, 45.715091977912437 ], [ -87.844964641604918, 45.721439634831256 ], [ -87.868890423853941, 45.733500181987779 ], [ -87.873822064037029, 45.736991393338087 ], [ -87.885516400061817, 45.749369322036557 ], [ -87.889910930944666, 45.753080260245781 ], [ -87.895330852636732, 45.756132017878315 ], [ -87.901776166037223, 45.758866393069582 ], [ -87.909637494374863, 45.76050213486559 ], [ -87.953192180874453, 45.763138853575185 ], [ -87.969793744086019, 45.766654477921804 ], [ -87.976287885277657, 45.769266782735826 ], [ -87.981707806070403, 45.772391782954401 ], [ -87.986126751748202, 45.775809751718668 ], [ -87.998089642423054, 45.787235533093337 ], [ -88.000897260200361, 45.788773619307051 ], [ -88.005194134601595, 45.79018963514352 ], [ -88.011004681320969, 45.790140807352373 ], [ -88.03165897817928, 45.785526548711232 ], [ -88.047357220958986, 45.78418377546086 ], [ -88.055828900283529, 45.784574400488168 ], [ -88.07252811907739, 45.787479673847827 ], [ -88.087469524798735, 45.791874204730732 ], [ -88.102313274937671, 45.798026548686266 ], [ -88.109979291211289, 45.803153501832639 ], [ -88.119696088203909, 45.812504087693469 ], [ -88.122503705081897, 45.819681822458108 ], [ -88.122137493950163, 45.826420103504972 ], [ -88.119500775240567, 45.831717954819737 ], [ -88.115789837930663, 45.836625182006514 ], [ -88.093939252094799, 45.857206236278785 ], [ -88.089935346239201, 45.862113463465562 ], [ -88.086444134888893, 45.867753111117167 ], [ -88.085540813557657, 45.876737485846263 ], [ -88.089276165662511, 45.884183775261022 ], [ -88.115203899940013, 45.924589049445046 ], [ -88.123187298654898, 45.931498227760983 ], [ -88.132269329865665, 45.93574627527039 ], [ -88.14794315785042, 45.939823423712028 ], [ -88.154437299042115, 45.94250897111209 ], [ -88.180218549046799, 45.957255063870093 ], [ -88.187738080148279, 45.959379088074456 ], [ -88.195623822381492, 45.959476744556071 ], [ -88.210858196648417, 45.957718932382818 ], [ -88.218914837949399, 45.957499205523902 ], [ -88.227410931169516, 45.958353697265295 ], [ -88.244207806445104, 45.962845885529191 ], [ -88.261834759566511, 45.97002361939451 ], [ -88.269891399968117, 45.972172057494447 ], [ -88.278045696851393, 45.973099790922561 ], [ -88.313006635447834, 45.973588072431596 ], [ -88.329998821888125, 45.975687681841009 ], [ -88.335907025089114, 45.977323424536394 ], [ -88.361370891753211, 45.991776548748703 ], [ -88.370428509967724, 45.995487486058607 ], [ -88.379144330046756, 45.996659361140587 ], [ -88.399871868591845, 45.992435728426074 ], [ -88.408319134920134, 45.992435728426074 ], [ -88.418084759703902, 45.993680846094151 ], [ -88.452264447346352, 46.007010923915004 ], [ -88.460003705306747, 46.009086119428844 ], [ -88.467352338239778, 46.008866393469248 ], [ -88.473553509986459, 46.007328307255534 ], [ -88.482000775415429, 46.007328307255534 ], [ -88.491888470576441, 46.009232602802342 ], [ -88.508465618993114, 46.018168149740291 ], [ -88.519061321622701, 46.022660338004187 ], [ -88.529193158437522, 46.025248228023258 ], [ -88.537347455320798, 46.026053892872824 ], [ -88.545062299385563, 46.025516783572698 ], [ -88.55172733784633, 46.024076352941336 ], [ -88.564129681339693, 46.019095884967101 ], [ -88.570867963285878, 46.017777524712983 ], [ -88.578924602788163, 46.018168149740291 ], [ -88.586151166243326, 46.019510923889982 ], [ -88.593719525135953, 46.020145688772516 ], [ -88.600262494118795, 46.018900572003758 ], [ -88.621942180886947, 46.006913268332653 ], [ -88.630609174074095, 46.006132018277981 ], [ -88.642083783239968, 46.008109557310206 ], [ -88.676165814400804, 46.020707212867535 ], [ -88.698870891978061, 46.025760924327187 ], [ -88.714007610662691, 46.03147381456489 ], [ -88.724383588232001, 46.03389080731489 ], [ -88.733734174092831, 46.034647643473932 ], [ -88.741400188567809, 46.033793149933899 ], [ -88.762249799288782, 46.028299986555112 ], [ -88.770428510067688, 46.028031431905049 ], [ -88.780584759878764, 46.029496275532665 ], [ -88.787786907639656, 46.034403501820123 ], [ -88.795013471094819, 46.036576352916313 ], [ -88.8017761660372, 46.036625182506157 ], [ -88.81657108838499, 46.034647643473932 ], [ -88.824285930651172, 46.034403501820123 ], [ -88.837274213034505, 46.035599790797676 ], [ -88.861322063862133, 46.045170103517421 ], [ -88.920623821831896, 46.068802916321488 ], [ -88.979949993697232, 46.092484556916759 ], [ -89.039227337771422, 46.116141782717079 ], [ -89.098553509636758, 46.139872252002817 ], [ -89.119232221289963, 46.148173033158912 ], [ -89.154827923869561, 46.155008970687447 ], [ -89.165325970916797, 46.156986509719616 ], [ -89.195037885090301, 46.162699399957319 ], [ -89.241156048612709, 46.171537291312916 ], [ -89.301043743673802, 46.183133970856034 ], [ -89.371820110809438, 46.196757018121843 ], [ -89.450848431310021, 46.211991393288145 ], [ -89.535369916088712, 46.228226744468657 ], [ -89.622625775159406, 46.245023618844925 ], [ -89.709881635129364, 46.261820494120457 ], [ -89.794378705113161, 46.278104673991493 ], [ -89.873455853404892, 46.29329022136659 ], [ -89.944207805745634, 46.30693768252803 ], [ -90.004071087810416, 46.318509947276198 ], [ -90.050189252232201, 46.327347837732475 ], [ -90.079901166405705, 46.333085142765128 ], [ -90.090448041244088, 46.33511151048782 ], [ -90.118499798826633, 46.340629087762181 ], [ -90.124041790895888, 46.345072447335554 ], [ -90.127166791114519, 46.350248228273074 ], [ -90.134979290761635, 46.370389829726832 ], [ -90.151580853073881, 46.397733579840803 ], [ -90.177874799382494, 46.441092955175691 ], [ -90.19506229878607, 46.469462096098823 ], [ -90.2050964782199, 46.486039244515496 ], [ -90.217303509649241, 46.498246275045517 ], [ -90.230340618924401, 46.508744322092753 ], [ -90.240033002021391, 46.513480650211818 ], [ -90.250311322209711, 46.515775572584573 ], [ -90.259906048825087, 46.516483580053148 ], [ -90.271746869122694, 46.519315610826766 ], [ -90.280047650278846, 46.523636900022893 ], [ -90.289398236139675, 46.530448424555118 ], [ -90.298675580313784, 46.532963071988149 ], [ -90.318182415985689, 46.535648619388269 ], [ -90.323797649741721, 46.540165221547738 ], [ -90.333783002283724, 46.554691588346088 ], [ -90.340838665771798, 46.557425963537355 ], [ -90.347503705131885, 46.556742369065034 ], [ -90.365130658253236, 46.549051938895843 ], [ -90.372576946768675, 46.547074399863618 ], [ -90.381024213096964, 46.546610533149533 ], [ -90.392279096303241, 46.547928893403707 ], [ -90.399017377350049, 46.550956236241291 ], [ -90.403192181374038, 46.555082213373396 ], [ -90.407366986297347, 46.565384947457346 ], [ -90.412542767234925, 46.584232603451881 ], [ -90.402825971141624, 46.599271666554159 ], [ -90.375018353414248, 46.642216002066789 ], [ -90.347161907895725, 46.685111509788328 ], [ -90.319354291067668, 46.728055846200334 ], [ -90.291522260344038, 46.771000181712964 ], [ -90.263714641717343, 46.813895689434503 ], [ -90.235907024889286, 46.856840024947189 ], [ -90.208050580270026, 46.899759947463565 ], [ -90.180218548647076, 46.942679869080678 ], [ -90.1524109309197, 46.985599790697734 ], [ -90.12457890019607, 47.02854412710974 ], [ -90.096746868573121, 47.071488463521746 ], [ -90.068939251745064, 47.114383971243228 ], [ -90.041107221021434, 47.157279478065448 ], [ -90.013299603294058, 47.200223814477454 ], [ -89.985467571671052, 47.243168149990083 ], [ -89.957635540947422, 47.286112486402089 ] ] ] } },
{ "type": "Feature", "properties": { "FEATURECLA": "Admin-1 statistical boundary", "NAME": "Illinois - Missouri", "ADM0_A3": "USA", "ADM0_NAME": "United States of America", "SHAPE_LENG": 535.81412028800003, "MAPCOLOR13": 1, "MAPCOLOR9": 1, "SOV_A3": "US1", "NAME_L": "Illinois", "NAME_R": "Missouri", "NAME_ALT_L": "IL|Ill.", "NAME_ALT_R": "MO", "NAME_LOC_L": null, "NAME_LOC_R": null, "NAME_LEN_L": 8, "NAME_LEN_R": 8, "NOTE": "US_11", "TYPE": null, "MIN_ZOOM": 2.0, "MIN_LABEL": 7.5, "SCALERANK": 2, "FCLASS_ISO": null, "FCLASS_US": null, "FCLASS_FR": null, "FCLASS_RU": null, "FCLASS_ES": null, "FCLASS_CN": null, "FCLASS_TW": null, "FCLASS_IN": null, "FCLASS_NP": null, "FCLASS_PK": null, "FCLASS_DE": null, "FCLASS_GB": null, "FCLASS_BR": null, "FCLASS_IL": null, "FCLASS_PS": null, "FCLASS_SA": null, "FCLASS_EG": null, "FCLASS_MA": null, "FCLASS_PT": null, "FCLASS_AR": null, "FCLASS_JP": null, "FCLASS_KO": null, "FCLASS_VN": null, "FCLASS_TR": null, "FCLASS_ID": null, "FCLASS_PL": null, "FCLASS_GR": null, "FCLASS_IT": null, "FCLASS_NL": null, "FCLASS_SE": null, "FCLASS_BD": null, "FCLASS_UA": null, "ne_id": 1746745093, "BRK_A3": null, "FCLASS_OSM": null, "FCLASS_TLC": null }, "geometry": { "type": "LineString", "coordinates": [ [ -91.441815228390055, 40.379520689028539 ], [ -91.441864056181203, 40.379520689028539 ], [ -91.472943158400028, 40.358109556910506 ], [ -91.496087688795797, 40.31340740832519 ], [ -91.511224408379746, 40.262211119447556 ], [ -91.518206830181043, 40.221268735963349 ], [ -91.518939252444511, 40.174906431686452 ], [ -91.492523235758711, 40.009598814233868 ], [ -91.487127727962275, 39.994413267758091 ], [ -91.473504680696465, 39.978226744368726 ], [ -91.456536908151747, 39.962113463565458 ], [ -91.450506634573514, 39.955057799178064 ], [ -91.446038861104512, 39.947904478308999 ], [ -91.442987102572715, 39.940091977762563 ], [ -91.441375774672224, 39.931009947451116 ], [ -91.441864056181203, 39.90654705680123 ], [ -91.4501404243411, 39.877250182449927 ], [ -91.449334760390855, 39.865580260320712 ], [ -91.445037885090301, 39.858866393169478 ], [ -91.43165897767966, 39.847074399763699 ], [ -91.425116009596138, 39.833841978424516 ], [ -91.39779667427706, 39.813773619556855 ], [ -91.391424602563347, 39.803519713264109 ], [ -91.389227337571526, 39.792972838425726 ], [ -91.387225384643784, 39.769413268207757 ], [ -91.374920696732772, 39.735721861174909 ], [ -91.35507206382465, 39.710795102911675 ], [ -91.104315228165206, 39.533085142865048 ], [ -91.088616986284876, 39.518094908453236 ], [ -91.076654095610024, 39.4993937358322 ], [ -91.071942181386532, 39.477982602814848 ], [ -91.065741009639851, 39.46428631386226 ], [ -91.050897260400234, 39.452421080568399 ], [ -90.81954960303176, 39.320121274776966 ], [ -90.797332806064105, 39.30320233002351 ], [ -90.773992962705051, 39.279056821814834 ], [ -90.748211712700368, 39.242045103398766 ], [ -90.736688274843971, 39.22034100183572 ], [ -90.72992557990159, 39.200834166163816 ], [ -90.728875775196855, 39.187382017965717 ], [ -90.730633588269484, 39.159720885410536 ], [ -90.72992557990159, 39.146219908521914 ], [ -90.724456830418376, 39.133890806715328 ], [ -90.706512493956438, 39.112186705152283 ], [ -90.702630657578766, 39.101224791390962 ], [ -90.706781048606501, 39.090336119316419 ], [ -90.714520305667577, 39.078763852769555 ], [ -90.7187927670725, 39.066410337966715 ], [ -90.712542766635352, 39.053129087937009 ], [ -90.704657025301458, 39.040970885198192 ], [ -90.699285931400595, 39.024442564572666 ], [ -90.698065227628149, 39.007865416155994 ], [ -90.700943569877083, 39.0 ] ] } },
{ "type": "Feature", "properties": { "FEATURECLA": "Admin-1 boundary", "NAME": "Missouri - Kansas", "ADM0_A3": "USA", "ADM0_NAME": "United States of America", "SHAPE_LENG": 364.828138529, "MAPCOLOR13": 1, "MAPCOLOR9": 1, "SOV_A3": "US1", "NAME_L": "Missouri", "NAME_R": "Kansas", "NAME_ALT_L": "MO", "NAME_ALT_R": "KS|Kans.", "NAME_LOC_L": null, "NAME_LOC_R": null, "NAME_LEN_L": 8, "NAME_LEN_R": 6, "NOTE": "US_85", "TYPE": null, "MIN_ZOOM": 2.0, "MIN_LABEL": 7.5, "SCALERANK": 2, "FCLASS_ISO": null, "FCLASS_US": null, "FCLASS_FR": null, "FCLASS_RU": null, "FCLASS_ES": null, "FCLASS_CN": null, "FCLASS_TW": null, "FCLASS_IN": null, "FCLASS_NP": null, "FCLASS_PK": null, "FCLASS_DE": null, "FCLASS_GB": null, "FCLASS_BR": null, "FCLASS_IL": null, "FCLASS_PS": null, "FCLASS_SA": null, "FCLASS_EG": null, "FCLASS_MA": null, "FCLASS_PT": null, "FCLASS_AR": null, "FCLASS_JP": null, "FCLASS_KO": null, "FCLASS_VN": null, "FCLASS_TR": null, "FCLASS_ID": null, "FCLASS_PL": null, "FCLASS_GR": null, "FCLASS_IT": null, "FCLASS_NL": null, "FCLASS_SE": null, "FCLASS_BD": null, "FCLASS_UA": null, "ne_id": 1746745125, "BRK_A3": null, "FCLASS_OSM": null, "FCLASS_TLC": null }, "geometry": { "type": "MultiLineString", "coordinates": [ [ [ -95.317254680658948, 40.000101744100164 ], [ -95.260467571920913, 39.959696470815459 ], [ -95.247406048750122, 39.944242368790242 ], [ -95.236175580338738, 39.94165447787185 ], [ -95.223553509986459, 39.940091977762563 ], [ -95.214715618630862, 39.936966978443252 ], [ -95.208050580170095, 39.928446471327561 ], [ -95.204217571583627, 39.920096861480943 ], [ -95.199676556427903, 39.912601744275037 ], [ -95.190838665971626, 39.90654705680123 ], [ -95.182122845892593, 39.904496275182908 ], [ -95.161297649966571, 39.902689635218451 ], [ -95.149871868591845, 39.899125182181365 ], [ -95.138909954830524, 39.892777525262545 ], [ -95.112298626980021, 39.868680845744393 ], [ -95.091180463407625, 39.860721860925139 ] ], [ [ -94.961175579989003, 39.90654705680123 ], [ -94.94818729940431, 39.901395688859907 ], [ -94.941375774872085, 39.889408385188801 ], [ -94.941864056381064, 39.875712096236214 ], [ -94.95060429125499, 39.865580260320712 ], [ -94.935833782802831, 39.851664244509266 ], [ -94.891644329622068, 39.831180845819347 ], [ -94.882342571552442, 39.820902524731707 ], [ -94.883367963260866, 39.810648619338281 ], [ -94.888128705275506, 39.791019713289131 ], [ -94.889178509980241, 39.779642759705553 ], [ -94.885443157875443, 39.767435728276212 ], [ -94.878021283255578, 39.76030682220204 ], [ -94.872625774559822, 39.753397642986783 ], [ -94.874896283037003, 39.742069518093786 ], [ -94.890838665671879, 39.729593932014325 ] ], [ [ -95.091180463407625, 39.860721860925139 ], [ -95.067816205253678, 39.865555846425138 ], [ -95.04684452505478, 39.876151549054725 ], [ -95.016815228440009, 39.896488463471769 ], [ -95.001873821819402, 39.902884947282473 ], [ -94.984613079829728, 39.905839049332656 ], [ -94.961175579989003, 39.90654705680123 ] ], [ [ -94.890838665671879, 39.729593932014325 ], [ -94.912908978366659, 39.7309855330559 ], [ -94.961175579989003, 39.742069518093786 ] ], [ [ -94.961175579989003, 39.742069518093786 ], [ -94.96935429076791, 39.738724791016296 ], [ -94.974725384668773, 39.730546080237389 ], [ -94.977655071924005, 39.720389830426313 ], [ -94.980633587869761, 39.695975768466894 ], [ -94.986468549384028, 39.689628111548075 ], [ -94.995159954668168, 39.686405454847829 ], [ -95.005853313779369, 39.680619322024086 ], [ -95.03773807994844, 39.655863462828506 ], [ -95.053656048687685, 39.638846860694059 ], [ -95.06046757232059, 39.621659361290483 ], [ -95.059393352820962, 39.600101744000256 ], [ -95.060223430666781, 39.588944518174969 ], [ -95.063885541084858, 39.580692563910645 ], [ -95.075140424291135, 39.574930845881795 ], [ -95.101678509555541, 39.573710143008668 ], [ -95.108905072111384, 39.570756040958486 ], [ -95.110540813907392, 39.550345884854664 ], [ -95.098822063987029, 39.530228697296536 ], [ -95.080828899733945, 39.514823423961843 ], [ -95.063885541084858, 39.508695493901882 ], [ -95.057733197129323, 39.501127135009256 ], [ -95.035467572370521, 39.465507018534083 ], [ -95.025726360583064, 39.454081236260038 ], [ -95.017767376663073, 39.450101744300014 ], [ -94.999334759591477, 39.443583189212802 ], [ -94.957440227884206, 39.419950377308055 ], [ -94.953680462783097, 39.413993346315863 ], [ -94.948480267050684, 39.398148619263338 ], [ -94.943792766722765, 39.392631041089658 ], [ -94.89970097092305, 39.385184752574276 ], [ -94.908587689170474, 39.367020689253366 ], [ -94.900994916382274, 39.327152525268787 ], [ -94.879022260169165, 39.287259947388634 ], [ -94.844769329940618, 39.269120298862674 ], [ -94.835052532947998, 39.259476744456151 ], [ -94.833856243970445, 39.238382993880066 ], [ -94.829583782565521, 39.217289244203243 ], [ -94.810638470988636, 39.207670102792974 ], [ -94.79044804084441, 39.20278729130041 ], [ -94.746234173768073, 39.179886899860492 ], [ -94.724066204591622, 39.172904478059195 ] ], [ [ -94.693158002339942, 39.173783385494801 ], [ -94.678216595719277, 39.172513853031887 ] ], [ [ -94.724066204591622, 39.172904478059195 ], [ -94.693158002339942, 39.173783385494801 ] ], [ [ -94.668109173699406, 39.173270689190929 ], [ -94.663226361307522, 39.172904478059195 ], [ -94.658148235952297, 39.169852721325981 ], [ -94.655950970960532, 39.161063657761588 ], [ -94.652703900364713, 39.159257017797131 ], [ -94.628900189392198, 39.157718932482737 ], [ -94.612542766935121, 39.15281170529596 ], [ -94.610467572320601, 39.144340025072097 ], [ -94.624627727987217, 39.132499204774433 ], [ -94.623284954736846, 39.130887876873999 ], [ -94.623284954736846, 39.128007018309233 ], [ -94.622259563927742, 39.124491393063295 ], [ -94.617742962667592, 39.123148618913604 ], [ -94.617742962667592, 39.11619061100788 ], [ -94.617742962667592, 39.042997252021564 ], [ -94.617742962667592, 39.0 ] ], [ [ -94.678216595719277, 39.172513853031887 ], [ -94.668109173699406, 39.173270689190929 ] ] ] } },
{ "type": "Feature", "properties": { "FEATURECLA": "Admin-1 boundary", "NAME": "Iowa - Missouri", "ADM0_A3": "USA", "ADM0_NAME": "United States of America", "SHAPE_LENG": 490.57496112299998, "MAPCOLOR13": 1, "MAPCOLOR9": 1, "SOV_A3": "US1", "NAME_L": "Iowa", "NAME_R": "Missouri", "NAME_ALT_L": "IA|Iowa", "NAME_ALT_R": "MO", "NAME_LOC_L": null, "NAME_LOC_R": null, "NAME_LEN_L": 4, "NAME_LEN_R": 8, "NOTE": "US_83", "TYPE": null, "MIN_ZOOM": 2.0, "MIN_LABEL": 7.5, "SCALERANK": 2, "FCLASS_ISO": null, "FCLASS_US": null, "FCLASS_FR": null, "FCLASS_RU": null, "FCLASS_ES": null, "FCLASS_CN": null, "FCLASS_TW": null, "FCLASS_IN": null, "FCLASS_NP": null, "FCLASS_PK": null, "FCLASS_DE": null, "FCLASS_GB": null, "FCLASS_BR": null, "FCLASS_IL": null, "FCLASS_PS": null, "FCLASS_SA": null, "FCLASS_EG": null, "FCLASS_MA": null, "FCLASS_PT": null, "FCLASS_AR": null, "FCLASS_JP": null, "FCLASS_KO": null, "FCLASS_VN": null, "FCLASS_TR": null, "FCLASS_ID": null, "FCLASS_PL": null, "FCLASS_GR": null, "FCLASS_IT": null, "FCLASS_NL": null, "FCLASS_SE": null, "FCLASS_BD": null, "FCLASS_UA": null, "ne_id": 1746745133, "BRK_A3": null, "FCLASS_OSM": null, "FCLASS_TLC": null }, "geometry": { "type": "MultiLineString", "coordinates": [ [ [ -91.73068241586077, 40.61880291642143 ], [ -91.722943157900374, 40.60886639346927 ], [ -91.718817180768269, 40.603715025528004 ], [ -91.700408977592247, 40.594120298912628 ], [ -91.69625858836315, 40.588065611438822 ], [ -91.695697064268074, 40.575052916059178 ], [ -91.693548627067457, 40.565458189443859 ], [ -91.689202923975756, 40.557865415756282 ], [ -91.682000775315487, 40.550834166163838 ], [ -91.672503705181839, 40.546097838044773 ], [ -91.650994915682816, 40.541874205330316 ], [ -91.627362102878749, 40.529716001692123 ], [ -91.625384563846524, 40.52583416621377 ], [ -91.6208435486908, 40.511796080025078 ], [ -91.616815228040309, 40.505839049032886 ], [ -91.612274212884586, 40.503104673841619 ], [ -91.607244916219884, 40.502176939514129 ] ], [ [ -93.094989055800283, 40.581302916496384 ], [ -92.908026166374441, 40.585990415924925 ], [ -92.721038861254442, 40.590677916252787 ], [ -92.534051556134386, 40.595365416580705 ], [ -92.463790995158263, 40.597126976228935 ], [ -92.347088665809281, 40.600052916009247 ], [ -92.246307415954448, 40.601420103155192 ], [ -92.145526166099671, 40.602787291200514 ], [ -92.044744916244895, 40.604154478346459 ], [ -91.943963666390061, 40.60552166639178 ], [ -91.835369915988792, 40.613334166038896 ], [ -91.73068241586077, 40.61880291642143 ] ], [ [ -95.767645305686301, 40.600467954932128 ], [ -95.76754765010395, 40.600443541036555 ] ], [ [ -95.767401165831131, 40.600443541036555 ], [ -95.76730351024878, 40.600419127140981 ] ], [ [ -95.76754765010395, 40.600443541036555 ], [ -95.767474408417172, 40.600443541036555 ], [ -95.767401165831131, 40.600443541036555 ] ], [ [ -95.763714642416801, 40.600419127140981 ], [ -95.763641399830703, 40.600394713245407 ] ], [ [ -95.76730351024878, 40.600419127140981 ], [ -95.767205852867789, 40.600419127140981 ], [ -95.767108197285438, 40.600419127140981 ], [ -95.767010540803824, 40.600419127140981 ], [ -95.766937299117046, 40.600419127140981 ], [ -95.766839641736055, 40.600419127140981 ], [ -95.766741986153704, 40.600419127140981 ], [ -95.766644329672033, 40.600419127140981 ], [ -95.766546674089739, 40.600419127140981 ], [ -95.766473430604321, 40.600419127140981 ], [ -95.76637577502197, 40.600419127140981 ], [ -95.766278119439619, 40.600419127140981 ], [ -95.766180462958005, 40.600419127140981 ], [ -95.766107221271227, 40.600419127140981 ], [ -95.76603397778581, 40.600419127140981 ], [ -95.765936322203515, 40.600419127140981 ], [ -95.765863079617418, 40.600419127140981 ], [ -95.765765424035067, 40.600419127140981 ], [ -95.765667766654076, 40.600419127140981 ], [ -95.765570111071725, 40.600419127140981 ], [ -95.76547245459011, 40.600419127140981 ], [ -95.765399212903333, 40.600419127140981 ], [ -95.765301556421662, 40.600419127140981 ], [ -95.765203899939991, 40.600419127140981 ], [ -95.765106244357696, 40.600419127140981 ], [ -95.765008587876025, 40.600419127140981 ], [ -95.764935346189247, 40.600419127140981 ], [ -95.76486210270383, 40.600419127140981 ], [ -95.764764447121536, 40.600419127140981 ], [ -95.764666790639865, 40.600419127140981 ], [ -95.764593548953087, 40.600419127140981 ], [ -95.764520306367046, 40.600419127140981 ], [ -95.764422649885375, 40.600419127140981 ], [ -95.764324994303024, 40.600419127140981 ], [ -95.764251751716927, 40.600419127140981 ], [ -95.764178510030206, 40.600419127140981 ], [ -95.764080852649215, 40.600419127140981 ], [ -95.763983197066864, 40.600419127140981 ], [ -95.763885540585193, 40.600419127140981 ], [ -95.763787885002898, 40.600419127140981 ], [ -95.763714642416801, 40.600419127140981 ] ], [ [ -95.763446087766738, 40.600394713245407 ], [ -95.76337284607996, 40.600370299349834 ], [ -95.763299602594543, 40.600345885454203 ] ], [ [ -95.763641399830703, 40.600394713245407 ], [ -95.763543744248352, 40.600394713245407 ], [ -95.763446087766738, 40.600394713245407 ] ], [ [ -95.761932416347918, 40.600345885454203 ], [ -95.664471477876361, 40.598319517731511 ], [ -95.567010541203501, 40.596293150008819 ], [ -95.469549602731945, 40.594266783185446 ], [ -95.372088666059085, 40.592240416362131 ], [ -95.259588666283889, 40.589506041170864 ], [ -95.147088665609431, 40.586771665979597 ], [ -95.034588665834235, 40.584037290788331 ], [ -94.922088666059096, 40.581302916496384 ], [ -94.811151166393188, 40.579203307086914 ], [ -94.700213665828016, 40.577128111573074 ], [ -94.589276166162108, 40.575052916059178 ], [ -94.478338665596937, 40.572953307549085 ] ], [ [ -95.763299602594543, 40.600345885454203 ], [ -95.763201947012249, 40.600345885454203 ], [ -95.763104291429897, 40.600345885454203 ], [ -95.763006634948226, 40.600345885454203 ], [ -95.762908977567236, 40.600345885454203 ], [ -95.762835735880515, 40.600345885454203 ], [ -95.762762494193737, 40.600345885454203 ], [ -95.762664837712066, 40.600345885454203 ], [ -95.762567181230395, 40.600345885454203 ], [ -95.762469524748724, 40.600345885454203 ], [ -95.762371869166429, 40.600345885454203 ], [ -95.762274212684758, 40.600345885454203 ], [ -95.762176556203087, 40.600345885454203 ], [ -95.76210331361699, 40.600345885454203 ], [ -95.762030071930269, 40.600345885454203 ], [ -95.761932416347918, 40.600345885454203 ] ], [ [ -93.561663860698616, 40.585477721419693 ], [ -93.444989056000111, 40.584427915815638 ], [ -93.328338666096556, 40.583402525006477 ], [ -93.211663861398051, 40.582352721201119 ], [ -93.094989055800283, 40.581302916496384 ] ], [ [ -94.478338665596937, 40.572953307549085 ], [ -94.362713665603167, 40.573490415949891 ], [ -94.247088665609397, 40.5740031113545 ], [ -94.131463665615684, 40.574515806759052 ], [ -94.015838665621914, 40.575052916059178 ], [ -93.902288861141983, 40.5776652208732 ], [ -93.78873905576279, 40.580277524787903 ], [ -93.675213666077809, 40.582865415706351 ], [ -93.561663860698616, 40.585477721419693 ] ], [ [ -91.59635624414534, 40.502445494164192 ], [ -91.590203900189806, 40.500516782923171 ], [ -91.587445111102966, 40.49592693907698 ], [ -91.585687298929656, 40.490311705320948 ], [ -91.582684369088327, 40.485355650342967 ], [ -91.57394413511372, 40.479911313856007 ], [ -91.553826946656272, 40.473050963331275 ], [ -91.54542850991777, 40.468265807421062 ], [ -91.539276165962292, 40.461503111579304 ], [ -91.536151165743661, 40.454496274983057 ], [ -91.536004680571523, 40.447611510562751 ], [ -91.538616986284865, 40.440970885098238 ], [ -91.529876752310258, 40.431278502001248 ], [ -91.493621869153912, 40.403129087937032 ], [ -91.481366009933367, 40.3963419781997 ], [ -91.452362103228438, 40.387650572016241 ], [ -91.441815228390055, 40.379520689028539 ] ], [ [ -91.607244916219884, 40.502176939514129 ], [ -91.59635624414534, 40.502445494164192 ] ] ] } },
{ "type": "Feature", "properties": { "FEATURECLA": "Admin-1 statistical meta bounds", "NAME": "Ohio - Kentucky", "ADM0_A3": "USA", "ADM0_NAME": "United States of America", "SHAPE_LENG": 289.720195768, "MAPCOLOR13": 1, "MAPCOLOR9": 1, "SOV_A3": "US1", "NAME_L": "Ohio", "NAME_R": "Kentucky", "NAME_ALT_L": "OH|Ohio", "NAME_ALT_R": "Commonwealth of Kentucky|KY", "NAME_LOC_L": null, "NAME_LOC_R": null, "NAME_LEN_L": 4, "NAME_LEN_R": 8, "NOTE": "US_76", "TYPE": null, "MIN_ZOOM": 2.0, "MIN_LABEL": 7.5, "SCALERANK": 2, "FCLASS_ISO": null, "FCLASS_US": null, "FCLASS_FR": null, "FCLASS_RU": null, "FCLASS_ES": null, "FCLASS_CN": null, "FCLASS_TW": null, "FCLASS_IN": null, "FCLASS_NP": null, "FCLASS_PK": null, "FCLASS_DE": null, "FCLASS_GB": null, "FCLASS_BR": null, "FCLASS_IL": null, "FCLASS_PS": null, "FCLASS_SA": null, "FCLASS_EG": null, "FCLASS_MA": null, "FCLASS_PT": null, "FCLASS_AR": null, "FCLASS_JP": null, "FCLASS_KO": null, "FCLASS_VN": null, "FCLASS_TR": null, "FCLASS_ID": null, "FCLASS_PL": null, "FCLASS_GR": null, "FCLASS_IT": null, "FCLASS_NL": null, "FCLASS_SE": null, "FCLASS_BD": null, "FCLASS_UA": null, "ne_id": 1746745165, "BRK_A3": null, "FCLASS_OSM": null, "FCLASS_TLC": null }, "geometry": { "type": "MultiLineString", "coordinates": [ [ [ -84.73004764967925, 39.146219908521914 ], [ -84.721112102741358, 39.142801938858383 ], [ -84.708392376806728, 39.127884947032669 ], [ -84.703045696801439, 39.124491393063295 ], [ -84.688250775352969, 39.117972837976083 ], [ -84.637225384643784, 39.077299010041258 ], [ -84.594744915845183, 39.07405193944544 ] ], [ [ -84.823529096190839, 39.097416196700124 ], [ -84.76759647829482, 39.124491393063295 ], [ -84.751434368801085, 39.137967955156967 ], [ -84.74218143942187, 39.143802915771914 ], [ -84.73004764967925, 39.146219908521914 ] ], [ [ -84.465936322303435, 39.111454282888815 ], [ -84.444158978154292, 39.101810728482292 ], [ -84.43009647806997, 39.083207213242247 ], [ -84.41950077544044, 39.064969908234673 ], [ -84.408197064442959, 39.05684002524697 ], [ -84.388616986184957, 39.053959165782828 ], [ -84.364080852948973, 39.046927916190384 ], [ -84.321942181386532, 39.029496275132942 ], [ -84.306903119183573, 39.016898619575613 ], [ -84.296466453407049, 39.0 ] ], [ [ -84.594744915845183, 39.07405193944544 ], [ -84.508612103166001, 39.104789244428048 ], [ -84.465936322303435, 39.111454282888815 ] ] ] } },
{ "type": "Feature", "properties": { "FEATURECLA": "Admin-1 statistical meta bounds", "NAME": "Ohio - Pennsylvania", "ADM0_A3": "USA", "ADM0_NAME": "United States of America", "SHAPE_LENG": 139.727418438, "MAPCOLOR13": 1, "MAPCOLOR9": 1, "SOV_A3": "US1", "NAME_L": "Ohio", "NAME_R": "Pennsylvania", "NAME_ALT_L": "OH|Ohio", "NAME_ALT_R": "Commonwealth of Pennsylvania|PA", "NAME_LOC_L": null, "NAME_LOC_R": null, "NAME_LEN_L": 4, "NAME_LEN_R": 12, "NOTE": "US_73", "TYPE": null, "MIN_ZOOM": 2.0, "MIN_LABEL": 7.5, "SCALERANK": 2, "FCLASS_ISO": null, "FCLASS_US": null, "FCLASS_FR": null, "FCLASS_RU": null, "FCLASS_ES": null, "FCLASS_CN": null, "FCLASS_TW": null, "FCLASS_IN": null, "FCLASS_NP": null, "FCLASS_PK": null, "FCLASS_DE": null, "FCLASS_GB": null, "FCLASS_BR": null, "FCLASS_IL": null, "FCLASS_PS": null, "FCLASS_SA": null, "FCLASS_EG": null, "FCLASS_MA": null, "FCLASS_PT": null, "FCLASS_AR": null, "FCLASS_JP": null, "FCLASS_KO": null, "FCLASS_VN": null, "FCLASS_TR": null, "FCLASS_ID": null, "FCLASS_PL": null, "FCLASS_GR": null, "FCLASS_IT": null, "FCLASS_NL": null, "FCLASS_SE": null, "FCLASS_BD": null, "FCLASS_UA": null, "ne_id": 1746745177, "BRK_A3": null, "FCLASS_OSM": null, "FCLASS_TLC": null }, "geometry": { "type": "LineString", "coordinates": [ [ -80.520233197404139, 40.646781432317198 ], [ -80.520233197404139, 40.751615415818776 ], [ -80.520233197404139, 40.856449400219617 ], [ -80.520233197404139, 40.961332213310982 ], [ -80.520233197404139, 41.066166196812503 ], [ -80.520233197404139, 41.17097576821709 ], [ -80.520233197404139, 41.275834166513562 ], [ -80.520233197404139, 41.380668150015083 ], [ -80.520233197404139, 41.485526549210874 ], [ -80.520233197404139, 41.590336118816822 ], [ -80.520233197404139, 41.695170103217663 ], [ -80.520233197404139, 41.800028502413454 ], [ -80.520233197404139, 41.904886899810549 ], [ -80.520233197404139, 42.00974529900634 ], [ -80.520233197404139, 42.114579283407181 ], [ -80.520233197404139, 42.219388853013129 ], [ -80.520233197404139, 42.323782098564948 ] ] } },
{ "type": "Feature", "properties": { "FEATURECLA": "Admin-1 statistical meta bounds", "NAME": "Ohio - West Virginia", "ADM0_A3": "USA", "ADM0_NAME": "United States of America", "SHAPE_LENG": 417.01554032199999, "MAPCOLOR13": 1, "MAPCOLOR9": 1, "SOV_A3": "US1", "NAME_L": "Ohio", "NAME_R": "West Virginia", "NAME_ALT_L": "OH|Ohio", "NAME_ALT_R": "WV|W.Va.", "NAME_LOC_L": null, "NAME_LOC_R": null, "NAME_LEN_L": 4, "NAME_LEN_R": 13, "NOTE": "US_71", "TYPE": null, "MIN_ZOOM": 2.0, "MIN_LABEL": 7.5, "SCALERANK": 2, "FCLASS_ISO": null, "FCLASS_US": null, "FCLASS_FR": null, "FCLASS_RU": null, "FCLASS_ES": null, "FCLASS_CN": null, "FCLASS_TW": null, "FCLASS_IN": null, "FCLASS_NP": null, "FCLASS_PK": null, "FCLASS_DE": null, "FCLASS_GB": null, "FCLASS_BR": null, "FCLASS_IL": null, "FCLASS_PS": null, "FCLASS_SA": null, "FCLASS_EG": null, "FCLASS_MA": null, "FCLASS_PT": null, "FCLASS_AR": null, "FCLASS_JP": null, "FCLASS_KO": null, "FCLASS_VN": null, "FCLASS_TR": null, "FCLASS_ID": null, "FCLASS_PL": null, "FCLASS_GR": null, "FCLASS_IT": null, "FCLASS_NL": null, "FCLASS_SE": null, "FCLASS_BD": null, "FCLASS_UA": null, "ne_id": 1746745185, "BRK_A3": null, "FCLASS_OSM": null, "FCLASS_TLC": null }, "geometry": { "type": "MultiLineString", "coordinates": [ [ [ -80.580438274906442, 40.619120298862697 ], [ -80.535711713324872, 40.643509946926486 ], [ -80.520233197404139, 40.646781432317198 ] ], [ [ -80.597283977973177, 40.626639829964176 ], [ -80.580438274906442, 40.619120298862697 ] ], [ [ -80.628875774697235, 40.386381041351967 ], [ -80.627093548628352, 40.409696470815447 ], [ -80.606658977729637, 40.448905455122656 ], [ -80.60150761068769, 40.471390806740317 ], [ -80.605120892415243, 40.485941588333617 ], [ -80.614080853248765, 40.503666197037319 ], [ -80.636297650216363, 40.537162291106824 ], [ -80.669500774840856, 40.57156170470887 ], [ -80.676849407773943, 40.58879803280297 ], [ -80.666375774622281, 40.60886639346927 ], [ -80.648284954786845, 40.61938885351276 ], [ -80.622528118677735, 40.626005064182323 ], [ -80.597283977973177, 40.626639829964176 ] ], [ [ -80.777996868760454, 39.918290221516486 ], [ -80.765374799307551, 39.91958416607639 ], [ -80.758685346051891, 39.929398619550625 ], [ -80.759930462820591, 39.938798033202659 ], [ -80.763885540884985, 39.947123228254384 ], [ -80.765374799307551, 39.953739438923947 ], [ -80.757928509892793, 39.970853697540065 ], [ -80.748895305573853, 39.982889829901694 ], [ -80.741302532785653, 39.996781431817624 ], [ -80.738104290880301, 40.019510924189774 ], [ -80.739080852998939, 40.060819517906396 ], [ -80.735345501793461, 40.08000897113709 ], [ -80.724432415823344, 40.104545103473697 ], [ -80.702923627223583, 40.139457213379671 ], [ -80.694354291417426, 40.157548033215164 ], [ -80.687054486275485, 40.193119321899189 ], [ -80.677825970791901, 40.216141782816976 ], [ -80.656756635010709, 40.255375181919078 ], [ -80.647283977873258, 40.263285338047865 ], [ -80.620184369413096, 40.280375181869147 ], [ -80.614569134757744, 40.286429869342953 ], [ -80.604949994246795, 40.317460142871255 ], [ -80.600555463363946, 40.323343932176726 ], [ -80.601873821819424, 40.33664959610195 ], [ -80.608367963011062, 40.359037291237996 ], [ -80.608905072311245, 40.363944518424773 ], [ -80.607586712956447, 40.374711119222752 ], [ -80.608367963011062, 40.379520689028539 ], [ -80.612664838311616, 40.383109556860518 ], [ -80.619598431422446, 40.385453307024477 ], [ -80.626092571714821, 40.386527524725466 ] ], [ [ -80.626092571714821, 40.386527524725466 ], [ -80.628875774697235, 40.386381041351967 ] ], [ [ -80.802044721386778, 39.9250040877684 ], [ -80.791424603062978, 39.923978696959296 ], [ -80.777996868760454, 39.918290221516486 ] ], [ [ -81.368695111290322, 39.351029477928023 ], [ -81.344989055900214, 39.353495299368547 ], [ -81.310199017270804, 39.378885924345923 ], [ -81.28986210285376, 39.385184752574276 ], [ -81.268988080035854, 39.386942563848208 ], [ -81.247039837718319, 39.391752135452691 ], [ -81.226947064055764, 39.398466001704605 ], [ -81.211639447202685, 39.406278502251041 ], [ -81.183319134970077, 39.430619322523683 ], [ -81.165594525367055, 39.442289243753578 ], [ -81.125775189173623, 39.453690611232673 ], [ -81.110662885283887, 39.468949400294548 ], [ -81.087518353089536, 39.501883971168297 ], [ -81.055340619274148, 39.530033385232514 ], [ -80.94415897795443, 39.598075377176883 ], [ -80.875238080373094, 39.628788268263975 ], [ -80.87335819692322, 39.638993345866197 ], [ -80.861590619211711, 39.666361509875742 ], [ -80.861199994184346, 39.671171080580905 ], [ -80.862616010020815, 39.682401548992289 ], [ -80.861590619211711, 39.686820493770767 ], [ -80.857098430947815, 39.690970884798446 ], [ -80.841107221421112, 39.701127135508898 ], [ -80.835662884934152, 39.72036541653074 ], [ -80.838958783321175, 39.733695494351537 ], [ -80.84945683036841, 39.745267759999081 ], [ -80.865325971316508, 39.759159361015691 ], [ -80.871014446759318, 39.771219908172213 ], [ -80.862884563771559, 39.779545103223938 ], [ -80.841107221421112, 39.790482603089629 ], [ -80.835687298829782, 39.800785338072899 ], [ -80.83156132169762, 39.820560728394867 ], [ -80.828094525142205, 39.830863463378137 ], [ -80.821746869122705, 39.842386900335157 ], [ -80.815423626998779, 39.85085858055902 ], [ -80.796746869172637, 39.868680845744393 ], [ -80.794305463426383, 39.876908385213767 ], [ -80.798089642423065, 39.887797057288367 ], [ -80.803558391906222, 39.899344908140961 ], [ -80.806366009683586, 39.909647643124231 ], [ -80.802044721386778, 39.9250040877684 ] ], [ [ -81.463153119021229, 39.406547056901161 ], [ -81.420526165949809, 39.406278502251041 ], [ -81.411175580088923, 39.398466001704605 ], [ -81.40155643867871, 39.380887877273722 ], [ -81.388446087716773, 39.362162290757112 ], [ -81.368695111290322, 39.351029477928023 ] ], [ [ -81.580975384906083, 39.275321471508676 ], [ -81.569354290568015, 39.287674986311572 ], [ -81.562274213184367, 39.326420103005319 ], [ -81.554266399674589, 39.344217955194438 ], [ -81.478900188692762, 39.400590025009649 ], [ -81.463153119021229, 39.406547056901161 ] ], [ [ -81.615741009639862, 39.282767760024058 ], [ -81.60888065821581, 39.275321471508676 ] ], [ [ -81.777599306715345, 39.0 ], [ -81.775238080373072, 39.01719158812125 ], [ -81.777093549028052, 39.034965025515476 ], [ -81.790155072198786, 39.042582213098626 ], [ -81.796405071736672, 39.044803892885341 ], [ -81.8038269472558, 39.05022381457735 ], [ -81.810516399612141, 39.056937681728584 ], [ -81.814349408198609, 39.063041196993652 ], [ -81.818914838149226, 39.076200377545376 ], [ -81.818475385330771, 39.079764830582462 ], [ -81.812567181230406, 39.080082213023672 ], [ -81.762445110953081, 39.096097838244589 ], [ -81.754559368719868, 39.105277525037707 ], [ -81.752288861142006, 39.128202330373199 ], [ -81.75509647802005, 39.16526287747979 ], [ -81.753704876978475, 39.177665220973154 ], [ -81.746087689395324, 39.193363462853483 ], [ -81.698065227628149, 39.237089049320161 ], [ -81.68244022833386, 39.271000182312548 ], [ -81.662249799088954, 39.275590025259419 ], [ -81.637518352889686, 39.276151549354495 ], [ -81.615741009639862, 39.282767760024058 ] ], [ [ -81.594891399818209, 39.282401548892324 ], [ -81.588909954930443, 39.280668149715325 ], [ -81.580975384906083, 39.275321471508676 ] ], [ [ -81.60888065821581, 39.275321471508676 ], [ -81.600872845605352, 39.280643735819751 ], [ -81.594891399818209, 39.282401548892324 ] ], [ [ -82.02662968091505, 39.022074400513134 ], [ -82.002972455114673, 39.0217081893814 ], [ -81.984320111184161, 39.012064634974877 ], [ -81.968890423953894, 39.000834166563493 ], [ -81.966332313100651, 39.0 ] ], [ [ -82.061519666687573, 39.0 ], [ -82.058367962811246, 39.003226744518599 ], [ -82.02662968091505, 39.022074400513134 ] ] ] } },
{ "type": "Feature", "properties": { "FEATURECLA": "Admin-1 statistical meta bounds", "NAME": "West Virginia - Pennsylvania", "ADM0_A3": "USA", "ADM0_NAME": "United States of America", "SHAPE_LENG": 194.59306586100001, "MAPCOLOR13": 1, "MAPCOLOR9": 1, "SOV_A3": "US1", "NAME_L": "West Virginia", "NAME_R": "Pennsylvania", "NAME_ALT_L": "WV|W.Va.", "NAME_ALT_R": "Commonwealth of Pennsylvania|PA", "NAME_LOC_L": null, "NAME_LOC_R": null, "NAME_LEN_L": 13, "NAME_LEN_R": 12, "NOTE": "US_69", "TYPE": null, "MIN_ZOOM": 2.0, "MIN_LABEL": 7.5, "SCALERANK": 2, "FCLASS_ISO": null, "FCLASS_US": null, "FCLASS_FR": null, "FCLASS_RU": null, "FCLASS_ES": null, "FCLASS_CN": null, "FCLASS_TW": null, "FCLASS_IN": null, "FCLASS_NP": null, "FCLASS_PK": null, "FCLASS_DE": null, "FCLASS_GB": null, "FCLASS_BR": null, "FCLASS_IL": null, "FCLASS_PS": null, "FCLASS_SA": null, "FCLASS_EG": null, "FCLASS_MA": null, "FCLASS_PT": null, "FCLASS_AR": null, "FCLASS_JP": null, "FCLASS_KO": null, "FCLASS_VN": null, "FCLASS_TR": null, "FCLASS_ID": null, "FCLASS_PL": null, "FCLASS_GR": null, "FCLASS_IT": null, "FCLASS_NL": null, "FCLASS_SE": null, "FCLASS_BD": null, "FCLASS_UA": null, "ne_id": 1746745193, "BRK_A3": null, "FCLASS_OSM": null, "FCLASS_TLC": null }, "geometry": { "type": "MultiLineString", "coordinates": [ [ [ -80.519403118659, 39.721488462922196 ], [ -80.51947636124504, 39.791117368871426 ], [ -80.519549602931818, 39.860770688716286 ], [ -80.519622846417235, 39.93044842425536 ], [ -80.519696088103956, 40.000101744100164 ], [ -80.519696088103956, 40.080350768373251 ], [ -80.519793743686307, 40.160575376952067 ], [ -80.519866986272405, 40.240848814221351 ], [ -80.519940227959125, 40.321097838494438 ], [ -80.520013471444543, 40.401371274864402 ], [ -80.520086713131263, 40.481620299137489 ], [ -80.520184368713615, 40.5618693225112 ], [ -80.520233197404139, 40.642167174575434 ], [ -80.520233197404139, 40.642728696871814 ], [ -80.520233197404139, 40.643314634862463 ], [ -80.520233197404139, 40.643900571953793 ], [ -80.520233197404139, 40.644486509944443 ], [ -80.520233197404139, 40.645072447035773 ], [ -80.520233197404139, 40.645633971130849 ], [ -80.520233197404139, 40.646195494326605 ], [ -80.520233197404139, 40.646781432317198 ] ], [ [ -79.477435346364132, 39.721757018471578 ], [ -79.607659954843029, 39.721708188881792 ], [ -79.737957805908025, 39.721659361090644 ], [ -79.868182416185562, 39.721634947195014 ], [ -79.998407024664459, 39.72161053329944 ], [ -80.128680462733143, 39.721561705508293 ], [ -80.258905072111361, 39.721512876817769 ], [ -80.389129680590258, 39.721512876817769 ], [ -80.519403118659, 39.721488462922196 ] ] ] } },
{ "type": "Feature", "properties": { "FEATURECLA": "Admin-1 statistical meta bounds", "NAME": "Delaware - Pennsylvania", "ADM0_A3": "USA", "ADM0_NAME": "United States of America", "SHAPE_LENG": 43.578261368600003, "MAPCOLOR13": 1, "MAPCOLOR9": 1, "SOV_A3": "US1", "NAME_L": "Delaware", "NAME_R": "Pennsylvania", "NAME_ALT_L": "DE|Del.", "NAME_ALT_R": "Commonwealth of Pennsylvania|PA", "NAME_LOC_L": null, "NAME_LOC_R": null, "NAME_LEN_L": 8, "NAME_LEN_R": 12, "NOTE": "US_53", "TYPE": null, "MIN_ZOOM": 2.0, "MIN_LABEL": 7.5, "SCALERANK": 2, "FCLASS_ISO": null, "FCLASS_US": null, "FCLASS_FR": null, "FCLASS_RU": null, "FCLASS_ES": null, "FCLASS_CN": null, "FCLASS_TW": null, "FCLASS_IN": null, "FCLASS_NP": null, "FCLASS_PK": null, "FCLASS_DE": null, "FCLASS_GB": null, "FCLASS_BR": null, "FCLASS_IL": null, "FCLASS_PS": null, "FCLASS_SA": null, "FCLASS_EG": null, "FCLASS_MA": null, "FCLASS_PT": null, "FCLASS_AR": null, "FCLASS_JP": null, "FCLASS_KO": null, "FCLASS_VN": null, "FCLASS_TR": null, "FCLASS_ID": null, "FCLASS_PL": null, "FCLASS_GR": null, "FCLASS_IT": null, "FCLASS_NL": null, "FCLASS_SE": null, "FCLASS_BD": null, "FCLASS_UA": null, "ne_id": 1746745261, "BRK_A3": null, "FCLASS_OSM": null, "FCLASS_TLC": null }, "geometry": { "type": "MultiLineString", "coordinates": [ [ [ -75.42446252312692, 39.80661364280536 ], [ -75.425213665678143, 39.807084166301195 ], [ -75.431463666115292, 39.810990416574441 ], [ -75.44640507183658, 39.816727720707718 ], [ -75.469866985572935, 39.825345885204399 ], [ -75.49489140031784, 39.833158384851572 ], [ -75.529315227815516, 39.837845885179433 ], [ -75.573114055968915, 39.838627135234105 ] ], [ [ -75.573114055968915, 39.838627135234105 ], [ -75.601263470932452, 39.837845885179433 ], [ -75.630218548946857, 39.830814634687613 ], [ -75.652117962573925, 39.825345885204399 ], [ -75.677948041269076, 39.81516522149775 ], [ -75.70221561895562, 39.80178631408711 ], [ -75.731121869178878, 39.782303893210099 ], [ -75.758514447084053, 39.751810728082603 ], [ -75.775286907564691, 39.722587096317397 ], [ -75.776995891946854, 39.721049010103684 ] ], [ [ -75.776995891946854, 39.721049010103684 ], [ -75.784686322116045, 39.721317563854484 ] ] ] } },
{ "type": "Feature", "properties": { "FEATURECLA": "Admin-1 boundary", "NAME": "West Virginia - Virginia", "ADM0_A3": "USA", "ADM0_NAME": "United States of America", "SHAPE_LENG": 655.756966465, "MAPCOLOR13": 1, "MAPCOLOR9": 1, "SOV_A3": "US1", "NAME_L": "West Virginia", "NAME_R": "Virginia", "NAME_ALT_L": "WV|W.Va.", "NAME_ALT_R": "VA", "NAME_LOC_L": null, "NAME_LOC_R": null, "NAME_LEN_L": 13, "NAME_LEN_R": 8, "NOTE": "US_47", "TYPE": null, "MIN_ZOOM": 2.0, "MIN_LABEL": 7.5, "SCALERANK": 2, "FCLASS_ISO": null, "FCLASS_US": null, "FCLASS_FR": null, "FCLASS_RU": null, "FCLASS_ES": null, "FCLASS_CN": null, "FCLASS_TW": null, "FCLASS_IN": null, "FCLASS_NP": null, "FCLASS_PK": null, "FCLASS_DE": null, "FCLASS_GB": null, "FCLASS_BR": null, "FCLASS_IL": null, "FCLASS_PS": null, "FCLASS_SA": null, "FCLASS_EG": null, "FCLASS_MA": null, "FCLASS_PT": null, "FCLASS_AR": null, "FCLASS_JP": null, "FCLASS_KO": null, "FCLASS_VN": null, "FCLASS_TR": null, "FCLASS_ID": null, "FCLASS_PL": null, "FCLASS_GR": null, "FCLASS_IT": null, "FCLASS_NL": null, "FCLASS_SE": null, "FCLASS_BD": null, "FCLASS_UA": null, "ne_id": 1746745289, "BRK_A3": null, "FCLASS_OSM": null, "FCLASS_TLC": null }, "geometry": { "type": "MultiLineString", "coordinates": [ [ [ -78.322161907645921, 39.450834166563538 ], [ -78.306292766697823, 39.440946471402526 ], [ -78.249847455195891, 39.405448424405222 ], [ -78.193426555790893, 39.369901548717451 ], [ -78.137005658184592, 39.334330260033425 ], [ -78.08056034578334, 39.298832213036178 ], [ -78.024115033382088, 39.263285338247726 ], [ -77.967669720980837, 39.227762877354905 ], [ -77.911248821575839, 39.192240416462027 ], [ -77.854827923969481, 39.156693540774256 ], [ -77.844305463026672, 39.150101744000267 ], [ -77.835736127220457, 39.144169126903648 ] ], [ [ -78.570969813647963, 39.0 ], [ -78.555609174423864, 39.015653501907536 ], [ -78.550164837936904, 39.023758970999666 ], [ -78.549725385118393, 39.027640807377338 ], [ -78.550408977792074, 39.031473814165167 ], [ -78.551605266769627, 39.035233580165595 ], [ -78.550775188923808, 39.038871274889402 ], [ -78.548822063787213, 39.042777525162649 ], [ -78.532293744061008, 39.064042173907183 ], [ -78.492742963417015, 39.101078307118144 ], [ -78.452777142051445, 39.125687682040848 ], [ -78.420379681377199, 39.156962096323639 ], [ -78.41561893936256, 39.162406431911279 ], [ -78.413885541084824, 39.166385923871246 ], [ -78.413397259575845, 39.171195494576409 ], [ -78.413934368876028, 39.175931821796098 ], [ -78.418182416385378, 39.190384946907727 ], [ -78.419110149813548, 39.195487486158527 ], [ -78.419427533154135, 39.20095623654106 ], [ -78.418182416385378, 39.20696209622372 ], [ -78.416326946831134, 39.212943541111486 ], [ -78.409759563952719, 39.228812682059583 ], [ -78.408514447183961, 39.23454998619286 ], [ -78.408148236052227, 39.240360532912234 ], [ -78.409222454652536, 39.250882993855043 ], [ -78.41027226025659, 39.255179869155597 ], [ -78.410736126970676, 39.259623227829707 ], [ -78.410760540866249, 39.263993345716301 ], [ -78.409442180612132, 39.268851744212611 ], [ -78.407147260038016, 39.273466001954432 ], [ -78.403875774647247, 39.277811705046133 ], [ -78.372943157600616, 39.312089049170254 ], [ -78.358856243620721, 39.331302916296522 ], [ -78.354315227565678, 39.341581236484842 ], [ -78.352606244082892, 39.347562682271928 ], [ -78.350799603219116, 39.359257018296717 ], [ -78.351263470832521, 39.369535338485036 ], [ -78.357220501824713, 39.399540221204234 ], [ -78.357659954643168, 39.409623228429211 ], [ -78.355340619274159, 39.417753111416914 ], [ -78.350213666127786, 39.427616393581673 ], [ -78.336004680871326, 39.444974791153641 ], [ -78.322161907645921, 39.450834166563538 ] ], [ [ -77.835736127220457, 39.144169126903648 ], [ -77.829486126783308, 39.156327330541842 ], [ -77.822723430941551, 39.168802915721983 ], [ -77.806634564033914, 39.198270689140941 ], [ -77.781878704838334, 39.24392498594932 ], [ -77.765106244357696, 39.274711118723133 ], [ -77.743206829831308, 39.315116392907157 ], [ -77.736615033057319, 39.327323424336555 ], [ -77.734686321816298, 39.331058775542033 ] ] ] } },
{ "type": "Feature", "properties": { "FEATURECLA": "Admin-1 boundary", "NAME": "Pennsylvania - Delaware", "ADM0_A3": "USA", "ADM0_NAME": "United States of America", "SHAPE_LENG": 0.44053497047000001, "MAPCOLOR13": 1, "MAPCOLOR9": 1, "SOV_A3": "US1", "NAME_L": "Pennsylvania", "NAME_R": "Delaware", "NAME_ALT_L": "Commonwealth of Pennsylvania|PA", "NAME_ALT_R": "DE|Del.", "NAME_LOC_L": null, "NAME_LOC_R": null, "NAME_LEN_L": 12, "NAME_LEN_R": 8, "NOTE": "US_45", "TYPE": null, "MIN_ZOOM": 2.0, "MIN_LABEL": 7.5, "SCALERANK": 2, "FCLASS_ISO": null, "FCLASS_US": null, "FCLASS_FR": null, "FCLASS_RU": null, "FCLASS_ES": null, "FCLASS_CN": null, "FCLASS_TW": null, "FCLASS_IN": null, "FCLASS_NP": null, "FCLASS_PK": null, "FCLASS_DE": null, "FCLASS_GB": null, "FCLASS_BR": null, "FCLASS_IL": null, "FCLASS_PS": null, "FCLASS_SA": null, "FCLASS_EG": null, "FCLASS_MA": null, "FCLASS_PT": null, "FCLASS_AR": null, "FCLASS_JP": null, "FCLASS_KO": null, "FCLASS_VN": null, "FCLASS_TR": null, "FCLASS_ID": null, "FCLASS_PL": null, "FCLASS_GR": null, "FCLASS_IT": null, "FCLASS_NL": null, "FCLASS_SE": null, "FCLASS_BD": null, "FCLASS_UA": null, "ne_id": 1746745297, "BRK_A3": null, "FCLASS_OSM": null, "FCLASS_TLC": null }, "geometry": { "type": "LineString", "coordinates": [ [ -75.788643715035391, 39.721318401123312 ], [ -75.784686322116045, 39.721317563854484 ] ] } },
{ "type": "Feature", "properties": { "FEATURECLA": "Admin-1 statistical meta bounds", "NAME": "Pennsylvania - Maryland", "ADM0_A3": "USA", "ADM0_NAME": "United States of America", "SHAPE_LENG": 410.63441146500003, "MAPCOLOR13": 1, "MAPCOLOR9": 1, "SOV_A3": "US1", "NAME_L": "Pennsylvania", "NAME_R": "Maryland", "NAME_ALT_L": "Commonwealth of Pennsylvania|PA", "NAME_ALT_R": "MD", "NAME_LOC_L": null, "NAME_LOC_R": null, "NAME_LEN_L": 12, "NAME_LEN_R": 8, "NOTE": "US_45", "TYPE": null, "MIN_ZOOM": 2.0, "MIN_LABEL": 7.5, "SCALERANK": 2, "FCLASS_ISO": null, "FCLASS_US": null, "FCLASS_FR": null, "FCLASS_RU": null, "FCLASS_ES": null, "FCLASS_CN": null, "FCLASS_TW": null, "FCLASS_IN": null, "FCLASS_NP": null, "FCLASS_PK": null, "FCLASS_DE": null, "FCLASS_GB": null, "FCLASS_BR": null, "FCLASS_IL": null, "FCLASS_PS": null, "FCLASS_SA": null, "FCLASS_EG": null, "FCLASS_MA": null, "FCLASS_PT": null, "FCLASS_AR": null, "FCLASS_JP": null, "FCLASS_KO": null, "FCLASS_VN": null, "FCLASS_TR": null, "FCLASS_ID": null, "FCLASS_PL": null, "FCLASS_GR": null, "FCLASS_IT": null, "FCLASS_NL": null, "FCLASS_SE": null, "FCLASS_BD": null, "FCLASS_UA": null, "ne_id": 1746745301, "BRK_A3": null, "FCLASS_OSM": null, "FCLASS_TLC": null }, "geometry": { "type": "MultiLineString", "coordinates": [ [ [ -79.362054486225531, 39.721757018471578 ], [ -79.246673626986308, 39.721708188881792 ], [ -79.131268352952134, 39.721659361090644 ] ], [ [ -79.477435346364132, 39.721757018471578 ], [ -79.362054486225531, 39.721757018471578 ] ], [ [ -78.669696088203921, 39.721659361090644 ], [ -78.554241986378543, 39.721634947195014 ], [ -78.438836713243688, 39.72161053329944 ] ], [ [ -79.131268352952134, 39.721659361090644 ], [ -79.015863079817279, 39.721659361090644 ], [ -78.900457805783105, 39.721659361090644 ], [ -78.785028118752678, 39.721659361090644 ], [ -78.669696088203921, 39.721659361090644 ] ], [ [ -77.977264446696836, 39.72161053329944 ], [ -77.861834759666408, 39.721561705508293 ], [ -77.746453900427127, 39.721512876817769 ] ], [ [ -78.438836713243688, 39.72161053329944 ], [ -78.323480267000718, 39.72161053329944 ], [ -78.208074993865864, 39.72161053329944 ], [ -78.09266972073101, 39.72161053329944 ], [ -77.977264446696836, 39.72161053329944 ] ], [ [ -77.284881634779595, 39.721512876817769 ], [ -77.169451946849847, 39.721488462922196 ], [ -77.054046673714993, 39.721439635131048 ] ], [ [ -77.746453900427127, 39.721512876817769 ], [ -77.631073041187904, 39.721512876817769 ], [ -77.515643353258156, 39.721512876817769 ], [ -77.400286907914449, 39.721512876817769 ], [ -77.284881634779595, 39.721512876817769 ] ], [ [ -76.592449994171886, 39.721439635131048 ], [ -76.477069134932606, 39.721390807339844 ], [ -76.361663860898432, 39.721341977750058 ] ], [ [ -77.054046673714993, 39.721439635131048 ], [ -76.938641399680819, 39.721439635131048 ], [ -76.823284955236488, 39.721439635131048 ], [ -76.707879681202314, 39.721439635131048 ], [ -76.592449994171886, 39.721439635131048 ] ], [ [ -75.900116010045792, 39.721341977750058 ], [ -75.788643715035391, 39.721318401123312 ] ], [ [ -76.361663860898432, 39.721341977750058 ], [ -76.246258587763577, 39.721341977750058 ], [ -76.130877727625034, 39.721341977750058 ], [ -76.015448040594606, 39.721341977750058 ], [ -75.900116010045792, 39.721341977750058 ] ] ] } },
{ "type": "Feature", "properties": { "FEATURECLA": "Admin-1 boundary", "NAME": "Maryland - West Virginia", "ADM0_A3": "USA", "ADM0_NAME": "United States of America", "SHAPE_LENG": 321.36736165299999, "MAPCOLOR13": 1, "MAPCOLOR9": 1, "SOV_A3": "US1", "NAME_L": "Maryland", "NAME_R": "West Virginia", "NAME_ALT_L": "MD", "NAME_ALT_R": "WV|W.Va.", "NAME_LOC_L": null, "NAME_LOC_R": null, "NAME_LEN_L": 8, "NAME_LEN_R": 13, "NOTE": "US_44", "TYPE": null, "MIN_ZOOM": 2.0, "MIN_LABEL": 7.5, "SCALERANK": 2, "FCLASS_ISO": null, "FCLASS_US": null, "FCLASS_FR": null, "FCLASS_RU": null, "FCLASS_ES": null, "FCLASS_CN": null, "FCLASS_TW": null, "FCLASS_IN": null, "FCLASS_NP": null, "FCLASS_PK": null, "FCLASS_DE": null, "FCLASS_GB": null, "FCLASS_BR": null, "FCLASS_IL": null, "FCLASS_PS": null, "FCLASS_SA": null, "FCLASS_EG": null, "FCLASS_MA": null, "FCLASS_PT": null, "FCLASS_AR": null, "FCLASS_JP": null, "FCLASS_KO": null, "FCLASS_VN": null, "FCLASS_TR": null, "FCLASS_ID": null, "FCLASS_PL": null, "FCLASS_GR": null, "FCLASS_IT": null, "FCLASS_NL": null, "FCLASS_SE": null, "FCLASS_BD": null, "FCLASS_UA": null, "ne_id": 1746745305, "BRK_A3": null, "FCLASS_OSM": null, "FCLASS_TLC": null }, "geometry": { "type": "MultiLineString", "coordinates": [ [ [ -79.477435346364132, 39.721757018471578 ], [ -79.487933391612728, 39.209867369583435 ], [ -79.485784955311431, 39.206913268432572 ], [ -79.481903118933758, 39.206742369364804 ] ], [ [ -78.184442181061797, 39.704252134828153 ], [ -78.13297733843342, 39.701346861468437 ], [ -78.086932415698413, 39.678251157964553 ], [ -78.010760540766341, 39.617948423980579 ], [ -77.991790814394562, 39.607963072337895 ], [ -77.969134563709133, 39.601566588527191 ], [ -77.94769901679615, 39.600834166263724 ] ], [ [ -78.299945110678323, 39.63498943911128 ], [ -78.28002323608348, 39.635355650243014 ], [ -78.272723430941596, 39.640214048739324 ], [ -78.254827924069446, 39.658158385201318 ], [ -78.243182415835804, 39.665433775548308 ], [ -78.2134705016623, 39.693290221066832 ], [ -78.205340618674597, 39.697928892704226 ], [ -78.195990032813768, 39.701420103155215 ], [ -78.184442181061797, 39.704252134828153 ] ], [ [ -78.340277142276307, 39.641825377539135 ], [ -78.299945110678323, 39.63498943911128 ] ], [ [ -78.395355266632237, 39.627299009841408 ], [ -78.386151165943545, 39.628177916377695 ], [ -78.360174602975519, 39.638187681915952 ], [ -78.340277142276307, 39.641825377539135 ] ], [ [ -78.774725384668727, 39.637845885579111 ], [ -78.769989055650399, 39.637064635524496 ], [ -78.762957806057898, 39.63198651016927 ], [ -78.759930463220314, 39.627933774723886 ], [ -78.750872845905121, 39.620072447285565 ], [ -78.739666791389311, 39.614213071875724 ], [ -78.73773808014829, 39.610648618838638 ], [ -78.738836712644172, 39.608329283469629 ], [ -78.743866010208194, 39.606888852838267 ], [ -78.752020306192151, 39.603104673841585 ], [ -78.75436405635611, 39.600834166263724 ], [ -78.755926555566077, 39.598221861449701 ], [ -78.757415813988587, 39.594486510244224 ], [ -78.757684368638706, 39.590458188694413 ], [ -78.757611126951929, 39.58777264309299 ], [ -78.757098430648057, 39.586063657811565 ], [ -78.756366010183228, 39.584867368833955 ], [ -78.750750774628557, 39.578763853568944 ], [ -78.748577924431629, 39.577225768254607 ], [ -78.745184368663672, 39.575419127390774 ], [ -78.708807416029401, 39.561503111579327 ], [ -78.6923279240944, 39.552616393331846 ], [ -78.68807987658505, 39.54932049404556 ], [ -78.683245891984313, 39.546219907722559 ], [ -78.658758588338173, 39.539921080393526 ], [ -78.57728886119196, 39.529105650005704 ] ], [ [ -78.977508588150783, 39.449882018340475 ], [ -78.969012494031347, 39.450272643367782 ], [ -78.957782024720643, 39.454154477946759 ], [ -78.95206913538226, 39.457694517987591 ], [ -78.947454876741176, 39.461674009947558 ], [ -78.93751835288964, 39.474076353440921 ], [ -78.877630657828604, 39.521683775385895 ], [ -78.865643353258122, 39.534696470765482 ], [ -78.855535931238194, 39.54814861896358 ], [ -78.852337689332899, 39.551444518249923 ], [ -78.848187299204483, 39.554838072219241 ], [ -78.844427533204055, 39.557377135346485 ], [ -78.839617963398268, 39.55959881423388 ], [ -78.834442180662109, 39.561088071757069 ], [ -78.816961712712839, 39.564042173807252 ], [ -78.811151165993522, 39.565873228566602 ], [ -78.808026165774891, 39.568436704690157 ], [ -78.809051555684732, 39.571219908571891 ], [ -78.813250775402935, 39.576957212705167 ], [ -78.814324994003243, 39.581205260214574 ], [ -78.813665814325873, 39.586381041152094 ], [ -78.811224407680243, 39.591630063776392 ], [ -78.808148236152135, 39.596219908521959 ], [ -78.793499798976541, 39.613480650511576 ], [ -78.788104291180105, 39.621830260358195 ], [ -78.784002727943516, 39.629862485964907 ], [ -78.781390424028814, 39.633549010278557 ], [ -78.778582806251507, 39.636796079975113 ], [ -78.774725384668727, 39.637845885579111 ] ], [ [ -78.414910930994665, 39.629935728551004 ], [ -78.395355266632237, 39.627299009841408 ] ], [ [ -78.46896366634013, 39.5335978382696 ], [ -78.437835736330157, 39.551591002522741 ], [ -78.433148236002296, 39.561722838438243 ], [ -78.4380310492935, 39.566898619375763 ], [ -78.457952923888286, 39.572172056794955 ], [ -78.454705853292467, 39.586307799465374 ], [ -78.438446088216381, 39.589994321980328 ], [ -78.41896366644005, 39.59018963494367 ], [ -78.406219524811206, 39.59412029911249 ], [ -78.433807415679667, 39.624198424417727 ], [ -78.423675579764165, 39.629300962769207 ], [ -78.414910930994665, 39.629935728551004 ] ], [ [ -77.870526165849867, 39.617167173925907 ], [ -77.856805463001706, 39.615091978412067 ], [ -77.8468933530458, 39.611747252233897 ], [ -77.832269329765722, 39.596488463172022 ], [ -77.8374451107033, 39.581107602833583 ], [ -77.855706829606504, 39.568998227885913 ], [ -77.880438274906453, 39.563944518224901 ], [ -77.874408002227483, 39.55298260356426 ], [ -77.85993046322028, 39.515531432329738 ] ], [ [ -77.893499798976507, 39.604569518368578 ], [ -77.887884564321155, 39.608011900129043 ], [ -77.882635540797537, 39.615580259921046 ], [ -77.870526165849867, 39.617167173925907 ] ], [ [ -77.921356243595767, 39.610697447529162 ], [ -77.893499798976507, 39.604569518368578 ] ], [ [ -77.94769901679615, 39.600834166263724 ], [ -77.932269329565884, 39.608011900129043 ], [ -77.921356243595767, 39.610697447529162 ] ], [ [ -77.838568157994075, 39.542679869480367 ], [ -77.829534954574456, 39.53970135353461 ], [ -77.82296757169604, 39.528373227742236 ], [ -77.826507610837552, 39.520926939226854 ], [ -77.832440227934171, 39.515140807302373 ], [ -77.833245891884417, 39.508695493901882 ], [ -77.820648236327031, 39.496927916190373 ], [ -77.805926555666019, 39.496781431917555 ] ], [ [ -77.85993046322028, 39.515531432329738 ], [ -77.853729290574279, 39.515531432329738 ], [ -77.851336712619172, 39.525101744150163 ], [ -77.846087689095555, 39.53601483012028 ], [ -77.838568157994075, 39.542679869480367 ] ], [ [ -78.540741010389297, 39.541361510125569 ], [ -78.46896366634013, 39.5335978382696 ] ], [ [ -78.57728886119196, 39.529105650005704 ], [ -78.57487186934128, 39.532938657692853 ], [ -78.540741010389297, 39.541361510125569 ] ], [ [ -77.770574993840853, 39.501883971168297 ], [ -77.770574993840853, 39.495048032740499 ], [ -77.784417767066259, 39.491971861212392 ], [ -77.790936322153527, 39.484183775460849 ], [ -77.790838665671856, 39.473270689490732 ], [ -77.784832805989197, 39.460892759892943 ], [ -77.806243939006549, 39.448148619163419 ], [ -77.793475385280772, 39.438431822170855 ], [ -77.747601360714214, 39.423050962731736 ], [ -77.738934369325648, 39.406132017978223 ], [ -77.743817180818212, 39.38772381390288 ], [ -77.751483197091886, 39.369022643080484 ], [ -77.751312298923438, 39.351029477928023 ], [ -77.736053509861563, 39.331547057051012 ], [ -77.734686321816298, 39.331058775542033 ] ], [ [ -77.805926555666019, 39.496781431917555 ], [ -77.789105267394177, 39.500882994254766 ], [ -77.770574993840853, 39.501883971168297 ] ], [ [ -79.057098430947804, 39.483329282820137 ], [ -79.047869916363538, 39.482621275351562 ], [ -79.030804486437887, 39.477494322205189 ], [ -79.014569135257375, 39.469950377208136 ], [ -78.995721478363521, 39.455863463228241 ], [ -78.985076947043467, 39.451053893422397 ], [ -78.977508588150783, 39.449882018340475 ] ], [ [ -79.481903118933758, 39.206742369364804 ], [ -79.472015423772802, 39.210526549260805 ], [ -79.459295696938852, 39.217142759930425 ], [ -79.347528119427182, 39.295316587790296 ], [ -79.339544720712297, 39.297318540718038 ], [ -79.298162885308898, 39.302762877204998 ], [ -79.290399212553609, 39.305521666291838 ], [ -79.286395305798692, 39.309525572147436 ], [ -79.274627728087182, 39.330741393100766 ], [ -79.267474408117437, 39.339359556698184 ], [ -79.25446171273785, 39.350004088018238 ], [ -79.226141399605865, 39.366800963293826 ], [ -79.179534954574478, 39.386332212861305 ], [ -79.174578899596497, 39.38921307232539 ], [ -79.170135540922445, 39.392948424430244 ], [ -79.158953900302265, 39.405301939233084 ], [ -79.139886517448815, 39.416923033571095 ], [ -79.136126752347707, 39.419779478240287 ], [ -79.132318157656812, 39.423392759967896 ], [ -79.129486126883251, 39.426835143527057 ], [ -79.127069135032514, 39.430301939183153 ], [ -79.114398235989768, 39.455570493783227 ], [ -79.111322063562397, 39.459891782979355 ], [ -79.107342571602373, 39.464164244384335 ], [ -79.102703899964979, 39.467264829808016 ], [ -79.064666790739807, 39.482328306805869 ], [ -79.057098430947804, 39.483329282820137 ] ] ] } },
{ "type": "Feature", "properties": { "FEATURECLA": "Admin-1 boundary", "NAME": "Delaware - Maryland", "ADM0_A3": "USA", "ADM0_NAME": "United States of America", "SHAPE_LENG": 178.77504193799999, "MAPCOLOR13": 1, "MAPCOLOR9": 1, "SOV_A3": "US1", "NAME_L": "Delaware", "NAME_R": "Maryland", "NAME_ALT_L": "DE|Del.", "NAME_ALT_R": "MD", "NAME_LOC_L": null, "NAME_LOC_R": null, "NAME_LEN_L": 8, "NAME_LEN_R": 8, "NOTE": "US_43", "TYPE": null, "MIN_ZOOM": 2.0, "MIN_LABEL": 7.5, "SCALERANK": 2, "FCLASS_ISO": null, "FCLASS_US": null, "FCLASS_FR": null, "FCLASS_RU": null, "FCLASS_ES": null, "FCLASS_CN": null, "FCLASS_TW": null, "FCLASS_IN": null, "FCLASS_NP": null, "FCLASS_PK": null, "FCLASS_DE": null, "FCLASS_GB": null, "FCLASS_BR": null, "FCLASS_IL": null, "FCLASS_PS": null, "FCLASS_SA": null, "FCLASS_EG": null, "FCLASS_MA": null, "FCLASS_PT": null, "FCLASS_AR": null, "FCLASS_JP": null, "FCLASS_KO": null, "FCLASS_VN": null, "FCLASS_TR": null, "FCLASS_ID": null, "FCLASS_PL": null, "FCLASS_GR": null, "FCLASS_IT": null, "FCLASS_NL": null, "FCLASS_SE": null, "FCLASS_BD": null, "FCLASS_UA": null, "ne_id": 1746745309, "BRK_A3": null, "FCLASS_OSM": null, "FCLASS_TLC": null }, "geometry": { "type": "LineString", "coordinates": [ [ -75.788643715035391, 39.721318401123312 ], [ -75.788532405945773, 39.647417968164689 ], [ -75.781516639081588, 39.574022248228175 ], [ -75.777199243050632, 39.500086854125016 ], [ -75.770723151252412, 39.423992763355329 ], [ -75.76395953540424, 39.354886900410122 ], [ -75.759565003622015, 39.281595884942135 ], [ -75.753569788315076, 39.212175826752969 ], [ -75.747171716301636, 39.135398954498157 ], [ -75.741149999772631, 39.061632938709124 ], [ -75.735631422266181, 39.0 ] ] } },
{ "type": "Feature", "properties": { "FEATURECLA": "Admin-1 boundary", "NAME": "Pennsylvania - Pennsylvania", "ADM0_A3": "USA", "ADM0_NAME": "United States of America", "SHAPE_LENG": 0.00677480977, "MAPCOLOR13": 1, "MAPCOLOR9": 1, "SOV_A3": "US1", "NAME_L": "Pennsylvania", "NAME_R": "Pennsylvania", "NAME_ALT_L": "Commonwealth of Pennsylvania|PA", "NAME_ALT_R": "Commonwealth of Pennsylvania|PA", "NAME_LOC_L": null, "NAME_LOC_R": null, "NAME_LEN_L": 12, "NAME_LEN_R": 12, "NOTE": "US_43", "TYPE": null, "MIN_ZOOM": 2.0, "MIN_LABEL": 7.5, "SCALERANK": 2, "FCLASS_ISO": null, "FCLASS_US": null, "FCLASS_FR": null, "FCLASS_RU": null, "FCLASS_ES": null, "FCLASS_CN": null, "FCLASS_TW": null, "FCLASS_IN": null, "FCLASS_NP": null, "FCLASS_PK": null, "FCLASS_DE": null, "FCLASS_GB": null, "FCLASS_BR": null, "FCLASS_IL": null, "FCLASS_PS": null, "FCLASS_SA": null, "FCLASS_EG": null, "FCLASS_MA": null, "FCLASS_PT": null, "FCLASS_AR": null, "FCLASS_JP": null, "FCLASS_KO": null, "FCLASS_VN": null, "FCLASS_TR": null, "FCLASS_ID": null, "FCLASS_PL": null, "FCLASS_GR": null, "FCLASS_IT": null, "FCLASS_NL": null, "FCLASS_SE": null, "FCLASS_BD": null, "FCLASS_UA": null, "ne_id": 1746745313, "BRK_A3": null, "FCLASS_OSM": null, "FCLASS_TLC": null }, "geometry": { "type": "LineString", "coordinates": [ [ -75.788643834645256, 39.721397623301641 ], [ -75.788643715035391, 39.721318401123312 ] ] } },
{ "type": "Feature", "properties": { "FEATURECLA": "Admin-1 boundary", "NAME": "Virginia - Maryland", "ADM0_A3": "USA", "ADM0_NAME": "United States of America", "SHAPE_LENG": 93.589832095999995, "MAPCOLOR13": 1, "MAPCOLOR9": 1, "SOV_A3": "US1", "NAME_L": "Virginia", "NAME_R": "Maryland", "NAME_ALT_L": "VA", "NAME_ALT_R": "MD", "NAME_LOC_L": null, "NAME_LOC_R": null, "NAME_LEN_L": 8, "NAME_LEN_R": 8, "NOTE": "US_42", "TYPE": null, "MIN_ZOOM": 2.0, "MIN_LABEL": 7.5, "SCALERANK": 2, "FCLASS_ISO": null, "FCLASS_US": null, "FCLASS_FR": null, "FCLASS_RU": null, "FCLASS_ES": null, "FCLASS_CN": null, "FCLASS_TW": null, "FCLASS_IN": null, "FCLASS_NP": null, "FCLASS_PK": null, "FCLASS_DE": null, "FCLASS_GB": null, "FCLASS_BR": null, "FCLASS_IL": null, "FCLASS_PS": null, "FCLASS_SA": null, "FCLASS_EG": null, "FCLASS_MA": null, "FCLASS_PT": null, "FCLASS_AR": null, "FCLASS_JP": null, "FCLASS_KO": null, "FCLASS_VN": null, "FCLASS_TR": null, "FCLASS_ID": null, "FCLASS_PL": null, "FCLASS_GR": null, "FCLASS_IT": null, "FCLASS_NL": null, "FCLASS_SE": null, "FCLASS_BD": null, "FCLASS_UA": null, "ne_id": 1746745321, "BRK_A3": null, "FCLASS_OSM": null, "FCLASS_TLC": null }, "geometry": { "type": "LineString", "coordinates": [ [ -77.240259293612922, 39.0 ], [ -77.244305463326441, 39.015751158389207 ], [ -77.250408977692132, 39.029496275132942 ], [ -77.272259564427316, 39.047757994036147 ], [ -77.301556438778618, 39.060306821802385 ], [ -77.33351444663441, 39.067533385257491 ], [ -77.421575970554557, 39.074247252408725 ], [ -77.445111126877009, 39.084598814283822 ], [ -77.480828899833853, 39.113065610789306 ], [ -77.495770305555141, 39.123929868968276 ], [ -77.509002727793643, 39.137211118997925 ], [ -77.514813275412337, 39.152591978437044 ], [ -77.507391399893152, 39.169486510194247 ], [ -77.474408002127575, 39.19243572852605 ], [ -77.459539838093065, 39.207694518487244 ], [ -77.455877727674988, 39.228153502382213 ], [ -77.466741985853957, 39.243754087780928 ], [ -77.48666386134812, 39.250565611413833 ], [ -77.509246869447452, 39.255594908078535 ], [ -77.528192181024338, 39.265726743994037 ], [ -77.547430462945499, 39.291092955075783 ], [ -77.558367962811246, 39.29900311120457 ], [ -77.603607220696688, 39.307621274801988 ], [ -77.64591679132684, 39.320951353522105 ], [ -77.664422650085214, 39.323758971299469 ], [ -77.715277141726688, 39.323905455572287 ], [ -77.734686321816298, 39.331058775542033 ] ] } },
{ "type": "Feature", "properties": { "FEATURECLA": "Admin-1 boundary", "NAME": "New Jersey - Pennsylvania", "ADM0_A3": "USA", "ADM0_NAME": "United States of America", "SHAPE_LENG": 215.68999192199999, "MAPCOLOR13": 1, "MAPCOLOR9": 1, "SOV_A3": "US1", "NAME_L": "New Jersey", "NAME_R": "Pennsylvania", "NAME_ALT_L": "NJ|N.J.", "NAME_ALT_R": "Commonwealth of Pennsylvania|PA", "NAME_LOC_L": null, "NAME_LOC_R": null, "NAME_LEN_L": 10, "NAME_LEN_R": 12, "NOTE": "US_37", "TYPE": null, "MIN_ZOOM": 2.0, "MIN_LABEL": 7.5, "SCALERANK": 2, "FCLASS_ISO": null, "FCLASS_US": null, "FCLASS_FR": null, "FCLASS_RU": null, "FCLASS_ES": null, "FCLASS_CN": null, "FCLASS_TW": null, "FCLASS_IN": null, "FCLASS_NP": null, "FCLASS_PK": null, "FCLASS_DE": null, "FCLASS_GB": null, "FCLASS_BR": null, "FCLASS_IL": null, "FCLASS_PS": null, "FCLASS_SA": null, "FCLASS_EG": null, "FCLASS_MA": null, "FCLASS_PT": null, "FCLASS_AR": null, "FCLASS_JP": null, "FCLASS_KO": null, "FCLASS_VN": null, "FCLASS_TR": null, "FCLASS_ID": null, "FCLASS_PL": null, "FCLASS_GR": null, "FCLASS_IT": null, "FCLASS_NL": null, "FCLASS_SE": null, "FCLASS_BD": null, "FCLASS_UA": null, "ne_id": 1746745337, "BRK_A3": null, "FCLASS_OSM": null, "FCLASS_TLC": null }, "geometry": { "type": "MultiLineString", "coordinates": [ [ [ -74.698992963354556, 41.356254088055721 ], [ -74.698553509636724, 41.354520688878665 ], [ -74.718402141645527, 41.34470623630375 ], [ -74.740643353408018, 41.343680846393909 ], [ -74.750897259700764, 41.34077557213493 ], [ -74.764373821794436, 41.33166912702859 ], [ -74.775067180905637, 41.3307413927011 ], [ -74.780145306260863, 41.327933774923736 ], [ -74.78322147778897, 41.323832213485844 ], [ -74.788592571689833, 41.314017760011609 ], [ -74.790692181099246, 41.311185728338671 ], [ -74.844696087754244, 41.27297772094505 ], [ -74.852142377168946, 41.259647643124197 ], [ -74.852923627223618, 41.252616393531696 ], [ -74.862567180730821, 41.224808774905 ], [ -74.886297650016502, 41.180839049482529 ], [ -74.93820194726203, 41.127616392882203 ], [ -74.951141400055576, 41.119388853412829 ], [ -74.958172649648077, 41.11738690048503 ], [ -74.968719525385779, 41.112528501988777 ], [ -74.978338665896729, 41.106791196956124 ], [ -74.982489056025088, 41.102006041045911 ], [ -74.982049603206633, 41.089701353134899 ], [ -74.982391400442737, 41.087186704802548 ], [ -74.986199994234312, 41.086014829720568 ], [ -75.026995891647061, 41.046805846312736 ], [ -75.045721478163671, 41.035209165870299 ], [ -75.067840618649598, 41.030619322024052 ], [ -75.082684368788591, 41.025809752218265 ], [ -75.106439251969903, 41.013749205061742 ], [ -75.128826947105892, 40.998050963181356 ], [ -75.139544721012044, 40.982206236128889 ], [ -75.137298627329756, 40.975199400431961 ], [ -75.13131718064335, 40.96724041651197 ], [ -75.119696088103979, 40.954911313806065 ], [ -75.118817180668316, 40.950931821846098 ], [ -75.119891400167944, 40.946439635380841 ], [ -75.119989055750295, 40.942777524962764 ], [ -75.116278119339711, 40.941239438749051 ], [ -75.110247845761478, 40.941019712789512 ], [ -75.104510540728882, 40.939774596020754 ], [ -75.100238080223221, 40.936625181906606 ], [ -75.098602338427156, 40.930668150015094 ], [ -75.091278119389699, 40.922269713276648 ], [ -75.07565311919609, 40.908671079906412 ], [ -75.061224407980035, 40.89150799439841 ], [ -75.057611127151802, 40.872342955063289 ], [ -75.067694135276099, 40.855131040864819 ], [ -75.081366010333113, 40.847733580140584 ], [ -75.093426555690996, 40.838090024834742 ], [ -75.098602338427156, 40.813993346215909 ], [ -75.105438275056315, 40.795633970831091 ], [ -75.121917766991317, 40.785673033083981 ], [ -75.142327923994458, 40.783964048701876 ] ], [ [ -75.142327923994458, 40.783964048701876 ], [ -75.16066288458444, 40.79043377509862 ] ], [ [ -75.16066288458444, 40.79043377509862 ], [ -75.169720501899633, 40.773636899823032 ], [ -75.176532024633218, 40.765775572384712 ], [ -75.183905072361199, 40.762479673997746 ], [ -75.188739056062559, 40.758549009828926 ], [ -75.187445110603335, 40.750297057363298 ], [ -75.183538861229465, 40.743168150389806 ], [ -75.180487102697612, 40.742631041089624 ], [ -75.194158977754626, 40.713993346415805 ], [ -75.198162885408806, 40.700541197318387 ], [ -75.194793744435742, 40.688016783447779 ], [ -75.190863080266922, 40.677933775323424 ], [ -75.193963665690603, 40.670487485908723 ], [ -75.194793744435742, 40.660673033333808 ], [ -75.191058392330945, 40.629056821814856 ], [ -75.195745891759486, 40.619144712758271 ], [ -75.193866010108252, 40.608695494401502 ], [ -75.189715619080516, 40.598173033458693 ], [ -75.182196087979037, 40.57038983052621 ], [ -75.169549602831864, 40.566263853394105 ] ], [ [ -75.139544721012044, 40.570707212967477 ], [ -75.088787884952922, 40.558329283369687 ], [ -75.071649213340493, 40.53186443889274 ], [ -75.064422649885387, 40.454007994373399 ], [ -75.054315227865459, 40.43538006433846 ], [ -75.035858196898232, 40.415165221197981 ], [ -75.013690227721838, 40.403324400001054 ] ], [ [ -75.169549602831864, 40.566263853394105 ], [ -75.139544721012044, 40.570707212967477 ] ], [ [ -74.974530072105154, 40.414579283207331 ], [ -74.961492962829936, 40.397587095867777 ], [ -74.947747846086202, 40.359037291237996 ], [ -74.895501751604513, 40.323441587759021 ], [ -74.886297650016502, 40.314017760211414 ], [ -74.883074994215576, 40.308109557010425 ], [ -74.849237102909967, 40.271293149759003 ], [ -74.818035931213217, 40.241727720757694 ], [ -74.764715619030596, 40.206278502450914 ], [ -74.739373821844367, 40.184867369433505 ], [ -74.728631634941962, 40.163236510456557 ], [ -74.741009563640432, 40.143705259989758 ], [ -74.769940227759264, 40.129838071969402 ], [ -74.803143353283133, 40.121586119503775 ], [ -74.828265423610389, 40.118851744312508 ], [ -74.837762493744094, 40.114921080143688 ], [ -74.872625774959545, 40.09087322841674 ], [ -74.882830852561767, 40.087162291106836 ], [ -74.920428509867804, 40.077860533037153 ], [ -74.935760540616457, 40.070267760248896 ], [ -74.975067181405279, 40.036283385569789 ], [ -74.988592572189418, 40.029227721182338 ], [ -75.023589648243671, 40.016302802332461 ] ], [ [ -75.013690227721838, 40.403324400001054 ], [ -74.974530072105154, 40.414579283207331 ] ] ] } },
{ "type": "Feature", "properties": { "FEATURECLA": "Admin-1 boundary", "NAME": "Pennsylvania - New York", "ADM0_A3": "USA", "ADM0_NAME": "United States of America", "SHAPE_LENG": 647.35884243500004, "MAPCOLOR13": 1, "MAPCOLOR9": 1, "SOV_A3": "US1", "NAME_L": "Pennsylvania", "NAME_R": "New York", "NAME_ALT_L": "Commonwealth of Pennsylvania|PA", "NAME_ALT_R": "NY|N.Y.", "NAME_LOC_L": null, "NAME_LOC_R": null, "NAME_LEN_L": 12, "NAME_LEN_R": 8, "NOTE": "US_36", "TYPE": null, "MIN_ZOOM": 2.0, "MIN_LABEL": 7.5, "SCALERANK": 2, "FCLASS_ISO": null, "FCLASS_US": null, "FCLASS_FR": null, "FCLASS_RU": null, "FCLASS_ES": null, "FCLASS_CN": null, "FCLASS_TW": null, "FCLASS_IN": null, "FCLASS_NP": null, "FCLASS_PK": null, "FCLASS_DE": null, "FCLASS_GB": null, "FCLASS_BR": null, "FCLASS_IL": null, "FCLASS_PS": null, "FCLASS_SA": null, "FCLASS_EG": null, "FCLASS_MA": null, "FCLASS_PT": null, "FCLASS_AR": null, "FCLASS_JP": null, "FCLASS_KO": null, "FCLASS_VN": null, "FCLASS_TR": null, "FCLASS_ID": null, "FCLASS_PL": null, "FCLASS_GR": null, "FCLASS_IT": null, "FCLASS_NL": null, "FCLASS_SE": null, "FCLASS_BD": null, "FCLASS_UA": null, "ne_id": 1746745341, "BRK_A3": null, "FCLASS_OSM": null, "FCLASS_TLC": null }, "geometry": { "type": "MultiLineString", "coordinates": [ [ [ -79.762908978066889, 41.999857602946008 ], [ -79.762933391962463, 42.033744322042821 ], [ -79.762933391962463, 42.062845885229422 ], [ -79.762933391962463, 42.091996275307849 ], [ -79.762933391962463, 42.121146666285597 ], [ -79.76298222065293, 42.150272643367771 ], [ -79.76300663544788, 42.179398619550625 ], [ -79.76300663544788, 42.208524595733479 ], [ -79.76300663544788, 42.23762615802076 ], [ -79.76300663544788, 42.266776548998507 ], [ -79.76300663544788, 42.300736509782098 ], [ -79.76300663544788, 42.334647642774485 ], [ -79.76300663544788, 42.368607603558019 ], [ -79.76300663544788, 42.402518736550405 ], [ -79.76300663544788, 42.436478697333996 ], [ -79.76300663544788, 42.47043865811753 ], [ -79.76300663544788, 42.504374205005547 ], [ -79.76300663544788, 42.537704928139874 ] ], [ [ -75.351287885327622, 41.997391783304124 ], [ -75.373455852705433, 41.997465024990902 ], [ -75.509466595806714, 41.997489438886475 ], [ -75.645526165799879, 41.997587096267466 ], [ -75.781512494106323, 41.997635924058613 ], [ -75.917547650203858, 41.997757994435858 ], [ -76.053631634991973, 41.997806822227062 ], [ -76.18961796329836, 41.997904477809357 ], [ -76.325677533291525, 41.9979533073992 ], [ -76.46173710328469, 41.998050962981551 ], [ -76.597723430691758, 41.998099790772699 ], [ -76.733783001584243, 41.998221861149943 ], [ -76.869842571577408, 41.998270688941091 ], [ -77.005828899883795, 41.998368346322081 ], [ -77.141864055981387, 41.998417174113285 ], [ -77.277948040769445, 41.998514829695637 ], [ -77.413934369075832, 41.998563658386104 ], [ -77.550018352964628, 41.998685727864029 ], [ -77.686029096065909, 41.998758971349446 ], [ -77.822039838267926, 41.998832213036167 ], [ -77.958074994365461, 41.998905454722944 ], [ -78.094134564358626, 41.998978697308985 ], [ -78.23012089176575, 41.999076352891336 ], [ -78.366180462658235, 41.999149596376753 ], [ -78.502240032651343, 41.999222838063474 ], [ -78.638250774853361, 41.999296079750252 ], [ -78.774285930950953, 41.999369322336349 ], [ -78.910345501843437, 41.99944256402307 ], [ -79.046356244045398, 41.999540221404061 ], [ -79.18239140014299, 41.999613463090839 ], [ -79.318426556240581, 41.999686704777559 ], [ -79.454461713237436, 41.999759947363657 ], [ -79.590496869335027, 41.999833189050435 ], [ -79.726556439328192, 41.999857602946008 ] ], [ [ -79.726556439328192, 41.999857602946008 ], [ -79.762908978066889, 41.999857602946008 ] ], [ [ -75.232635540697629, 41.872904478059183 ], [ -75.249139447427524, 41.882401549092208 ], [ -75.254901166355751, 41.904569518268602 ], [ -75.257147260037982, 41.929642759905448 ], [ -75.263055463239027, 41.948002135290267 ], [ -75.284198040706997, 41.959086119428832 ], [ -75.315496868885361, 41.970194518362291 ], [ -75.339447064130695, 41.98398846289723 ], [ -75.33898319741661, 41.997391783304124 ] ], [ [ -75.33898319741661, 41.997391783304124 ], [ -75.351287885327622, 41.997391783304124 ] ], [ [ -74.862078900121105, 41.444486510144316 ], [ -74.886297650016502, 41.448343931727038 ], [ -74.900408977892027, 41.458011900029135 ], [ -74.910223431366262, 41.469242369339838 ], [ -74.922625774859625, 41.478617369096298 ], [ -74.967230266963213, 41.486918150252393 ], [ -74.984344524680068, 41.498295102936652 ], [ -74.997869916363527, 41.513846861443483 ], [ -75.048358196873266, 41.595951353472174 ], [ -75.061004681121119, 41.605375181919101 ], [ -75.063934369275728, 41.615702329898568 ], [ -75.057708782734096, 41.667289243803509 ], [ -75.057611127151802, 41.687943541561197 ], [ -75.071258588313185, 41.725809751718657 ], [ -75.068133588094611, 41.735160338478806 ], [ -75.054510540828801, 41.743656431698923 ], [ -75.05140995540512, 41.753104674041424 ], [ -75.055877727974746, 41.774906432086141 ], [ -75.067889447340121, 41.784012877192481 ], [ -75.085369916188654, 41.788724791415973 ], [ -75.106024213046965, 41.797196470740516 ], [ -75.083074993815899, 41.818802915821891 ], [ -75.078949016683737, 41.828080259996 ], [ -75.091741986103784, 41.831937682478042 ], [ -75.101239056237432, 41.836210142983703 ], [ -75.11559452486739, 41.854960143395886 ], [ -75.142767376812969, 41.862430845806841 ], [ -75.164715619130504, 41.87656658847726 ], [ -75.177410931169504, 41.879716001692088 ] ], [ [ -75.177410931169504, 41.879716001692088 ], [ -75.232635540697629, 41.872904478059183 ] ], [ [ -74.770379680577776, 41.428788268263929 ], [ -74.780877727625011, 41.428934752536804 ], [ -74.793817181317877, 41.437772642993082 ], [ -74.813177532716963, 41.446879088099422 ] ], [ [ -74.813177532716963, 41.446879088099422 ], [ -74.862078900121105, 41.444486510144316 ] ], [ [ -74.698992963354556, 41.356254088055721 ], [ -74.704461712837769, 41.37612713485936 ], [ -74.719891400068036, 41.397660338253957 ], [ -74.728631634941962, 41.407401549142151 ], [ -74.736395305898611, 41.423588072531516 ], [ -74.741619916425975, 41.431400572178632 ], [ -74.749139446628135, 41.434672057569401 ] ], [ [ -74.749139446628135, 41.434672057569401 ], [ -74.760516400211714, 41.432352721301015 ], [ -74.770379680577776, 41.428788268263929 ] ] ] } },
{ "type": "Feature", "properties": { "FEATURECLA": "Admin-1 boundary", "NAME": "New York - New Jersey", "ADM0_A3": "USA", "ADM0_NAME": "United States of America", "SHAPE_LENG": 93.307378848100001, "MAPCOLOR13": 1, "MAPCOLOR9": 1, "SOV_A3": "US1", "NAME_L": "New York", "NAME_R": "New Jersey", "NAME_ALT_L": "NY|N.Y.", "NAME_ALT_R": "NJ|N.J.", "NAME_LOC_L": null, "NAME_LOC_R": null, "NAME_LEN_L": 8, "NAME_LEN_R": 10, "NOTE": "US_33", "TYPE": null, "MIN_ZOOM": 2.0, "MIN_LABEL": 7.5, "SCALERANK": 2, "FCLASS_ISO": null, "FCLASS_US": null, "FCLASS_FR": null, "FCLASS_RU": null, "FCLASS_ES": null, "FCLASS_CN": null, "FCLASS_TW": null, "FCLASS_IN": null, "FCLASS_NP": null, "FCLASS_PK": null, "FCLASS_DE": null, "FCLASS_GB": null, "FCLASS_BR": null, "FCLASS_IL": null, "FCLASS_PS": null, "FCLASS_SA": null, "FCLASS_EG": null, "FCLASS_MA": null, "FCLASS_PT": null, "FCLASS_AR": null, "FCLASS_JP": null, "FCLASS_KO": null, "FCLASS_VN": null, "FCLASS_TR": null, "FCLASS_ID": null, "FCLASS_PL": null, "FCLASS_GR": null, "FCLASS_IT": null, "FCLASS_NL": null, "FCLASS_SE": null, "FCLASS_BD": null, "FCLASS_UA": null, "ne_id": 1746745355, "BRK_A3": null, "FCLASS_OSM": null, "FCLASS_TLC": null }, "geometry": { "type": "LineString", "coordinates": [ [ -74.698992963354556, 41.356254088055721 ], [ -74.600018352564916, 41.310550963456194 ], [ -74.500994915782712, 41.264872251852921 ], [ -74.401995891996819, 41.219169127253394 ], [ -74.302996869110189, 41.173514830445072 ], [ -74.204022260119189, 41.127836118841799 ], [ -74.104998822437665, 41.082132994242272 ], [ -74.005999798651771, 41.036454283538319 ], [ -74.0, 41.033684462754451 ] ] } },
{ "type": "Feature", "properties": { "FEATURECLA": "Admin-1 boundary", "NAME": "North Dakota - Minnesota", "ADM0_A3": "USA", "ADM0_NAME": "United States of America", "SHAPE_LENG": 280.09412047199999, "MAPCOLOR13": 1, "MAPCOLOR9": 1, "SOV_A3": "US1", "NAME_L": "North Dakota", "NAME_R": "Minnesota", "NAME_ALT_L": "ND|N.D.", "NAME_ALT_R": "MN|Minn.", "NAME_LOC_L": null, "NAME_LOC_R": null, "NAME_LEN_L": 12, "NAME_LEN_R": 9, "NOTE": "US_27", "TYPE": null, "MIN_ZOOM": 2.0, "MIN_LABEL": 7.5, "SCALERANK": 2, "FCLASS_ISO": null, "FCLASS_US": null, "FCLASS_FR": null, "FCLASS_RU": null, "FCLASS_ES": null, "FCLASS_CN": null, "FCLASS_TW": null, "FCLASS_IN": null, "FCLASS_NP": null, "FCLASS_PK": null, "FCLASS_DE": null, "FCLASS_GB": null, "FCLASS_BR": null, "FCLASS_IL": null, "FCLASS_PS": null, "FCLASS_SA": null, "FCLASS_EG": null, "FCLASS_MA": null, "FCLASS_PT": null, "FCLASS_AR": null, "FCLASS_JP": null, "FCLASS_KO": null, "FCLASS_VN": null, "FCLASS_TR": null, "FCLASS_ID": null, "FCLASS_PL": null, "FCLASS_GR": null, "FCLASS_IT": null, "FCLASS_NL": null, "FCLASS_SE": null, "FCLASS_BD": null, "FCLASS_UA": null, "ne_id": 1746745383, "BRK_A3": null, "FCLASS_OSM": null, "FCLASS_TLC": null }, "geometry": { "type": "MultiLineString", "coordinates": [ [ [ -96.804266399774519, 46.943900571953805 ], [ -96.804730267387924, 46.951298033577359 ], [ -96.808319135219904, 46.964408385438617 ], [ -96.820819135194938, 46.980082213423373 ], [ -96.826068157819236, 46.989115415943672 ], [ -96.828192181124223, 47.002299010390971 ], [ -96.820916790777233, 47.067972838275864 ], [ -96.821991010276861, 47.08791912676628 ], [ -96.835662885333875, 47.128910338041635 ], [ -96.835907025189044, 47.140629087961997 ], [ -96.833197063893351, 47.150614438705361 ], [ -96.829827923819607, 47.159183775410895 ], [ -96.828192181124223, 47.166752135202842 ], [ -96.831658977679638, 47.188138853425301 ], [ -96.846600385199622, 47.236649595802191 ], [ -96.849920696582842, 47.259232603002204 ], [ -96.84247440806746, 47.386454283438411 ], [ -96.84640507223628, 47.39639080728989 ], [ -96.855120892315313, 47.404960143096105 ], [ -96.864154095734932, 47.411991392688606 ], [ -96.869158977604741, 47.416898618976063 ], [ -96.868719524786229, 47.437723814002766 ], [ -96.852948041219122, 47.488260924102349 ], [ -96.853021282905843, 47.502836118691903 ], [ -96.862591595625645, 47.51987713472198 ], [ -96.863568157744282, 47.537455260052184 ], [ -96.861761516880506, 47.557352720751453 ], [ -96.862957805858059, 47.581376158582827 ], [ -96.861639447402581, 47.585062681997158 ], [ -96.858367962911132, 47.589799010116224 ], [ -96.855706830305962, 47.595487486458296 ], [ -96.856121869228843, 47.601859557272746 ], [ -96.860565227902953, 47.607010924314693 ], [ -96.876605267019443, 47.616141783316607 ], [ -96.888568157694294, 47.643656432498346 ], [ -96.894403119208562, 47.679056822114603 ], [ -96.90485233756533, 47.696439635380841 ], [ -96.918402142245043, 47.711991392988352 ], [ -96.931854291342461, 47.732181822233258 ], [ -96.944085735768056, 47.767411314580499 ], [ -96.9517273381461, 47.780008971037148 ], [ -96.975408977842051, 47.800248228073258 ], [ -96.979022259569604, 47.804203307036971 ], [ -96.980145305961059, 47.806742369264896 ], [ -96.98292850984285, 47.807841001760778 ], [ -96.986468548984305, 47.808719908297121 ], [ -96.989886516849253, 47.810721861224863 ], [ -96.991815228090275, 47.815165220798292 ], [ -96.98627323602102, 47.822562682421847 ], [ -96.986468548984305, 47.828397643036794 ], [ -97.012030072130131, 47.877421079918861 ], [ -97.01476444732134, 47.90007732970497 ], [ -97.000116010145746, 47.924003111054731 ], [ -97.035028119152344, 47.951957213054925 ], [ -97.051336712918953, 47.985843932151738 ], [ -97.062616010020804, 48.023050963531091 ], [ -97.106317180793212, 48.096805845713163 ], [ -97.121893353195674, 48.132718932532669 ], [ -97.129657025051642, 48.170560727895236 ], [ -97.129852338014985, 48.211991392888422 ], [ -97.11517948604444, 48.281229673810401 ], [ -97.119940228059079, 48.297049986067975 ], [ -97.126532024833068, 48.311161313943444 ], [ -97.144110150163272, 48.376468932495186 ], [ -97.140521283230612, 48.388480650061922 ], [ -97.128192181424026, 48.40644940041949 ], [ -97.123651166268303, 48.417460142871278 ], [ -97.122821088422484, 48.428568540905417 ], [ -97.128289837905697, 48.444437681853515 ], [ -97.1337341743926, 48.476102721163613 ], [ -97.157171674233382, 48.534134947569726 ], [ -97.148358196773358, 48.576273619132166 ], [ -97.121795696714003, 48.612382018015694 ], [ -97.1009705016873, 48.650516782823217 ], [ -97.109368939325066, 48.698636900172801 ], [ -97.132562299310621, 48.732792173919677 ], [ -97.140863079567453, 48.749540221404061 ], [ -97.14821171339986, 48.78823651030666 ], [ -97.177655072023924, 48.841996275307849 ], [ -97.185101361438683, 48.876761900041629 ], [ -97.190374798857874, 48.885746274770725 ], [ -97.19718632159146, 48.894242368890161 ], [ -97.203045697001301, 48.903373227892132 ], [ -97.207782025120366, 48.923368345972335 ], [ -97.210882611443367, 48.936649596002042 ], [ -97.221478314072897, 48.952299010091224 ], [ -97.229217572033292, 48.968632017753407 ], [ -97.226088566234353, 48.992669576739559 ] ], [ [ -96.808319135219904, 46.943924985849378 ], [ -96.804266399774519, 46.943900571953805 ] ], [ [ -96.556341595788012, 45.941752134953049 ], [ -96.576190227796758, 46.016459166257505 ], [ -96.576043744423259, 46.040214049438816 ], [ -96.564105266744662, 46.062406432510841 ], [ -96.557025189360957, 46.090360532712396 ], [ -96.556707806020427, 46.103031431755142 ], [ -96.563494915757758, 46.140067564066783 ], [ -96.568133588294472, 46.145707213517085 ], [ -96.566619915976332, 46.157328306955776 ], [ -96.564373822294044, 46.164847838057256 ], [ -96.564862102903703, 46.171390807040098 ], [ -96.587786908239195, 46.198514830295153 ], [ -96.592205853017674, 46.207059752205794 ], [ -96.595428509717919, 46.217728697421421 ], [ -96.597918744154697, 46.237992369252424 ], [ -96.595428509717919, 46.302762876705344 ], [ -96.601629680565281, 46.323929868968264 ], [ -96.616497846398488, 46.341215024853511 ], [ -96.650677533141618, 46.368534361071909 ], [ -96.70870976044705, 46.433719908347086 ], [ -96.715374798907817, 46.44460858042163 ], [ -96.717010540703882, 46.454691588545927 ], [ -96.716912885121531, 46.463529478102885 ], [ -96.71832890005868, 46.47095135272275 ], [ -96.724334759741339, 46.478666196787515 ], [ -96.740618938713055, 46.491800963443666 ], [ -96.7462585881633, 46.498881040827371 ], [ -96.739642376594361, 46.519169127453267 ], [ -96.740374798857886, 46.540360532712384 ], [ -96.7462585881633, 46.577421079818976 ], [ -96.753045697001312, 46.597049985868125 ], [ -96.784783977998188, 46.628422057531907 ], [ -96.794671674058463, 46.642264829857993 ], [ -96.796844525154711, 46.663846861043794 ], [ -96.784588665934166, 46.698588071882 ], [ -96.78102421289708, 46.721097838294554 ], [ -96.78436893907525, 46.743046079712769 ], [ -96.798699993809635, 46.778129087787136 ], [ -96.801507610687679, 46.793729674085171 ], [ -96.799310345695858, 46.803812682209468 ], [ -96.79013065800342, 46.820341001935674 ], [ -96.787225384643762, 46.827225768154676 ], [ -96.785784954911719, 46.83818768191594 ], [ -96.787225384643762, 46.871927915840615 ], [ -96.784002727943516, 46.882255063820139 ], [ -96.769989055650399, 46.896000182362513 ], [ -96.764740033026101, 46.91201580758343 ], [ -96.76105350961177, 46.916385924570761 ], [ -96.759246868747994, 46.920902524931535 ], [ -96.763031048643938, 46.92715252536874 ], [ -96.769354290767865, 46.931449399769974 ], [ -96.781243938856676, 46.933768736038303 ], [ -96.791278119189826, 46.9389445178752 ], [ -96.802948041319041, 46.941263853244209 ], [ -96.808319135219904, 46.943924985849378 ] ] ] } },
{ "type": "Feature", "properties": { "FEATURECLA": "Admin-1 boundary", "NAME": "South Dakota - Minnesota", "ADM0_A3": "USA", "ADM0_NAME": "United States of America", "SHAPE_LENG": 242.33734013500001, "MAPCOLOR13": 1, "MAPCOLOR9": 1, "SOV_A3": "US1", "NAME_L": "South Dakota", "NAME_R": "Minnesota", "NAME_ALT_L": "SD|S.D.", "NAME_ALT_R": "MN|Minn.", "NAME_LOC_L": null, "NAME_LOC_R": null, "NAME_LEN_L": 12, "NAME_LEN_R": 9, "NOTE": "US_26", "TYPE": null, "MIN_ZOOM": 2.0, "MIN_LABEL": 7.5, "SCALERANK": 2, "FCLASS_ISO": null, "FCLASS_US": null, "FCLASS_FR": null, "FCLASS_RU": null, "FCLASS_ES": null, "FCLASS_CN": null, "FCLASS_TW": null, "FCLASS_IN": null, "FCLASS_NP": null, "FCLASS_PK": null, "FCLASS_DE": null, "FCLASS_GB": null, "FCLASS_BR": null, "FCLASS_IL": null, "FCLASS_PS": null, "FCLASS_SA": null, "FCLASS_EG": null, "FCLASS_MA": null, "FCLASS_PT": null, "FCLASS_AR": null, "FCLASS_JP": null, "FCLASS_KO": null, "FCLASS_VN": null, "FCLASS_TR": null, "FCLASS_ID": null, "FCLASS_PL": null, "FCLASS_GR": null, "FCLASS_IT": null, "FCLASS_NL": null, "FCLASS_SE": null, "FCLASS_BD": null, "FCLASS_UA": null, "ne_id": 1746745387, "BRK_A3": null, "FCLASS_OSM": null, "FCLASS_TLC": null }, "geometry": { "type": "LineString", "coordinates": [ [ -96.453558392106117, 43.500126158195599 ], [ -96.453558392106117, 43.719803893434914 ], [ -96.453558392106117, 43.939481626875533 ], [ -96.453558392106117, 44.159159361215529 ], [ -96.453558392106117, 44.378837096454788 ], [ -96.453558392106117, 44.598539243791038 ], [ -96.453558392106117, 44.818241392925927 ], [ -96.453558392106117, 45.037870299474719 ], [ -96.453607220796584, 45.257548032915338 ], [ -96.453607220796584, 45.296293150508461 ], [ -96.453607220796584, 45.296561705158524 ], [ -96.458807415629735, 45.299711119272729 ], [ -96.465545696676543, 45.30984295518823 ], [ -96.492938274581661, 45.347513853281669 ], [ -96.502655071574281, 45.354960142696427 ], [ -96.52648319734169, 45.369486510394097 ], [ -96.53732304072571, 45.378275572159907 ], [ -96.566473430804194, 45.393534361221782 ], [ -96.609002728293262, 45.402909360978185 ], [ -96.688153119171091, 45.408964049351368 ], [ -96.708245891934325, 45.421610532699901 ], [ -96.73043827500635, 45.451249205186627 ], [ -96.766668744267122, 45.512015806784007 ], [ -96.787103314266517, 45.535135924183521 ], [ -96.836492963179694, 45.57559002525943 ], [ -96.863055463238993, 45.600760924277211 ], [ -96.858807415729643, 45.621879087849607 ], [ -96.84640507223628, 45.642948424530118 ], [ -96.838934368925948, 45.64917401017243 ], [ -96.829876751610755, 45.654423032796728 ], [ -96.791961712762827, 45.673783385095135 ], [ -96.76915897780458, 45.692289243853509 ], [ -96.758856243720629, 45.698710143358426 ], [ -96.68598026717558, 45.728617368696575 ], [ -96.659198041156628, 45.743973814240121 ], [ -96.64960331364199, 45.751102721213613 ], [ -96.641619915826425, 45.7590128773424 ], [ -96.637908977617201, 45.76352947770323 ], [ -96.607977338383421, 45.812894712720777 ], [ -96.587689251757524, 45.838846860893909 ], [ -96.580999799401184, 45.856107602883526 ], [ -96.572088666358866, 45.917045103548674 ], [ -96.569525189335991, 45.922269713176718 ], [ -96.566009564090109, 45.927591978387056 ], [ -96.562786908289183, 45.931400572178632 ], [ -96.556341595788012, 45.941752134953049 ] ] } },
{ "type": "Feature", "properties": { "FEATURECLA": "Admin-1 boundary", "NAME": "Iowa - Minnesota", "ADM0_A3": "USA", "ADM0_NAME": "United States of America", "SHAPE_LENG": 579.24184461899995, "MAPCOLOR13": 1, "MAPCOLOR9": 1, "SOV_A3": "US1", "NAME_L": "Iowa", "NAME_R": "Minnesota", "NAME_ALT_L": "IA|Iowa", "NAME_ALT_R": "MN|Minn.", "NAME_LOC_L": null, "NAME_LOC_R": null, "NAME_LEN_L": 4, "NAME_LEN_R": 9, "NOTE": "US_25", "TYPE": null, "MIN_ZOOM": 2.0, "MIN_LABEL": 7.5, "SCALERANK": 2, "FCLASS_ISO": null, "FCLASS_US": null, "FCLASS_FR": null, "FCLASS_RU": null, "FCLASS_ES": null, "FCLASS_CN": null, "FCLASS_TW": null, "FCLASS_IN": null, "FCLASS_NP": null, "FCLASS_PK": null, "FCLASS_DE": null, "FCLASS_GB": null, "FCLASS_BR": null, "FCLASS_IL": null, "FCLASS_PS": null, "FCLASS_SA": null, "FCLASS_EG": null, "FCLASS_MA": null, "FCLASS_PT": null, "FCLASS_AR": null, "FCLASS_JP": null, "FCLASS_KO": null, "FCLASS_VN": null, "FCLASS_TR": null, "FCLASS_ID": null, "FCLASS_PL": null, "FCLASS_GR": null, "FCLASS_IT": null, "FCLASS_NL": null, "FCLASS_SE": null, "FCLASS_BD": null, "FCLASS_UA": null, "ne_id": 1746745391, "BRK_A3": null, "FCLASS_OSM": null, "FCLASS_TLC": null }, "geometry": { "type": "LineString", "coordinates": [ [ -91.250140423841458, 43.500956236041418 ], [ -91.575360150050869, 43.500907408250271 ], [ -91.900579877159601, 43.5008097517686 ], [ -92.225799603368955, 43.500785337873026 ], [ -92.550994915682793, 43.500760923977452 ], [ -92.876239055787778, 43.500638852700888 ], [ -93.101216447281217, 43.50060507326549 ], [ -93.201434369000935, 43.500590024909684 ], [ -93.526629681314716, 43.500590024909684 ], [ -93.851873822319021, 43.500492369327333 ], [ -94.177093549427752, 43.500467955431759 ], [ -94.502288860842214, 43.500443541536185 ], [ -94.827508587950945, 43.500345885054514 ], [ -95.152703900264783, 43.500321471158941 ], [ -95.477899212578563, 43.500297057263367 ], [ -95.803167766579122, 43.500199399882376 ], [ -96.12836307979228, 43.500126158195599 ], [ -96.453558392106117, 43.500126158195599 ] ] } },
{ "type": "Feature", "properties": { "FEATURECLA": "Admin-1 boundary", "NAME": "Michigan - Ohio", "ADM0_A3": "USA", "ADM0_NAME": "United States of America", "SHAPE_LENG": 190.729171554, "MAPCOLOR13": 1, "MAPCOLOR9": 1, "SOV_A3": "US1", "NAME_L": "Michigan", "NAME_R": "Ohio", "NAME_ALT_L": "MI|Mich.", "NAME_ALT_R": "OH|Ohio", "NAME_LOC_L": null, "NAME_LOC_R": null, "NAME_LEN_L": 8, "NAME_LEN_R": 4, "NOTE": "US_24", "TYPE": null, "MIN_ZOOM": 2.0, "MIN_LABEL": 7.5, "SCALERANK": 2, "FCLASS_ISO": null, "FCLASS_US": null, "FCLASS_FR": null, "FCLASS_RU": null, "FCLASS_ES": null, "FCLASS_CN": null, "FCLASS_TW": null, "FCLASS_IN": null, "FCLASS_NP": null, "FCLASS_PK": null, "FCLASS_DE": null, "FCLASS_GB": null, "FCLASS_BR": null, "FCLASS_IL": null, "FCLASS_PS": null, "FCLASS_SA": null, "FCLASS_EG": null, "FCLASS_MA": null, "FCLASS_PT": null, "FCLASS_AR": null, "FCLASS_JP": null, "FCLASS_KO": null, "FCLASS_VN": null, "FCLASS_TR": null, "FCLASS_ID": null, "FCLASS_PL": null, "FCLASS_GR": null, "FCLASS_IT": null, "FCLASS_NL": null, "FCLASS_SE": null, "FCLASS_BD": null, "FCLASS_UA": null, "ne_id": 1746745395, "BRK_A3": null, "FCLASS_OSM": null, "FCLASS_TLC": null }, "geometry": { "type": "LineString", "coordinates": [ [ -84.806075336307686, 41.6968055068686 ], [ -84.736974216386955, 41.699029072533619 ], [ -84.641201904344371, 41.702135201378439 ], [ -84.556301043258543, 41.703170577360254 ], [ -84.473470935035607, 41.704205953342068 ], [ -84.388570074849042, 41.707312082186832 ], [ -84.303151526221939, 41.707312082186832 ], [ -84.223427546843823, 41.710418211031595 ], [ -84.139562062639072, 41.712488963894543 ], [ -84.054661201553188, 41.71663047051976 ], [ -83.968724965384808, 41.718701222483389 ], [ -83.889518675346551, 41.719736599364523 ], [ -83.802547061397775, 41.722842728209343 ], [ -83.725929211763685, 41.725948857054107 ], [ -83.639992974695986, 41.72905498589887 ], [ -83.554574426068882, 41.72905498589887 ], [ -83.413763242179868, 41.735267244487716 ], [ -83.259880345801321, 41.845558740443494 ], [ -83.130862393684481, 41.938028944280347 ] ] } },
{ "type": "Feature", "properties": { "FEATURECLA": "Admin-1 statistical boundary", "NAME": "Minnesota - Michigan", "ADM0_A3": "USA", "ADM0_NAME": "United States of America", "SHAPE_LENG": 73.744562809900003, "MAPCOLOR13": 1, "MAPCOLOR9": 1, "SOV_A3": "US1", "NAME_L": "Minnesota", "NAME_R": "Michigan", "NAME_ALT_L": "MN|Minn.", "NAME_ALT_R": "MI|Mich.", "NAME_LOC_L": null, "NAME_LOC_R": null, "NAME_LEN_L": 9, "NAME_LEN_R": 8, "NOTE": "US_23", "TYPE": null, "MIN_ZOOM": 2.0, "MIN_LABEL": 7.5, "SCALERANK": 2, "FCLASS_ISO": null, "FCLASS_US": null, "FCLASS_FR": null, "FCLASS_RU": null, "FCLASS_ES": null, "FCLASS_CN": null, "FCLASS_TW": null, "FCLASS_IN": null, "FCLASS_NP": null, "FCLASS_PK": null, "FCLASS_DE": null, "FCLASS_GB": null, "FCLASS_BR": null, "FCLASS_IL": null, "FCLASS_PS": null, "FCLASS_SA": null, "FCLASS_EG": null, "FCLASS_MA": null, "FCLASS_PT": null, "FCLASS_AR": null, "FCLASS_JP": null, "FCLASS_KO": null, "FCLASS_VN": null, "FCLASS_TR": null, "FCLASS_ID": null, "FCLASS_PL": null, "FCLASS_GR": null, "FCLASS_IT": null, "FCLASS_NL": null, "FCLASS_SE": null, "FCLASS_BD": null, "FCLASS_UA": null, "ne_id": 1746745397, "BRK_A3": null, "FCLASS_OSM": null, "FCLASS_TLC": null }, "geometry": { "type": "LineString", "coordinates": [ [ -89.957635540947422, 47.286112486402089 ], [ -89.928973430579333, 47.330448423855671 ], [ -89.900262494218737, 47.374784361309196 ], [ -89.871600384749911, 47.419120298762778 ], [ -89.842938275281142, 47.463456236216302 ], [ -89.814227338021226, 47.507792174569204 ], [ -89.785540813757507, 47.552128111123409 ], [ -89.756854291292484, 47.596415220785786 ], [ -89.728192180924395, 47.640751158239311 ], [ -89.699456829768849, 47.685111510487786 ], [ -89.6707947211994, 47.729423033146418 ], [ -89.642157024726885, 47.773758971499319 ], [ -89.613421673571338, 47.818119321949098 ], [ -89.584759564102569, 47.862455260301999 ], [ -89.5560974546338, 47.906791196856204 ], [ -89.527362102578934, 47.951127135209106 ], [ -89.498962444061533, 47.995094552071919 ] ] } },
{ "type": "Feature", "properties": { "FEATURECLA": "Admin-1 statistical boundary", "NAME": "Wisconsin - Iowa", "ADM0_A3": "USA", "ADM0_NAME": "United States of America", "SHAPE_LENG": 136.777180762, "MAPCOLOR13": 1, "MAPCOLOR9": 1, "SOV_A3": "US1", "NAME_L": "Wisconsin", "NAME_R": "Iowa", "NAME_ALT_L": "WI|Wis.", "NAME_ALT_R": "IA|Iowa", "NAME_LOC_L": null, "NAME_LOC_R": null, "NAME_LEN_L": 9, "NAME_LEN_R": 4, "NOTE": "US_22", "TYPE": null, "MIN_ZOOM": 2.0, "MIN_LABEL": 7.5, "SCALERANK": 2, "FCLASS_ISO": null, "FCLASS_US": null, "FCLASS_FR": null, "FCLASS_RU": null, "FCLASS_ES": null, "FCLASS_CN": null, "FCLASS_TW": null, "FCLASS_IN": null, "FCLASS_NP": null, "FCLASS_PK": null, "FCLASS_DE": null, "FCLASS_GB": null, "FCLASS_BR": null, "FCLASS_IL": null, "FCLASS_PS": null, "FCLASS_SA": null, "FCLASS_EG": null, "FCLASS_MA": null, "FCLASS_PT": null, "FCLASS_AR": null, "FCLASS_JP": null, "FCLASS_KO": null, "FCLASS_VN": null, "FCLASS_TR": null, "FCLASS_ID": null, "FCLASS_PL": null, "FCLASS_GR": null, "FCLASS_IT": null, "FCLASS_NL": null, "FCLASS_SE": null, "FCLASS_BD": null, "FCLASS_UA": null, "ne_id": 1746745401, "BRK_A3": null, "FCLASS_OSM": null, "FCLASS_TLC": null }, "geometry": { "type": "LineString", "coordinates": [ [ -91.250140423841458, 43.500956236041418 ], [ -91.250457806282725, 43.499613462791046 ], [ -91.251898236014767, 43.486918149852727 ], [ -91.250970501687277, 43.474442563773266 ], [ -91.247943157950374, 43.462797057338321 ], [ -91.242938275181245, 43.451908385263721 ], [ -91.22916874364256, 43.43149822826058 ], [ -91.224188274769062, 43.421537291412847 ], [ -91.220965618968137, 43.410892760092793 ], [ -91.216522260294084, 43.383426938702257 ], [ -91.208807416229263, 43.372904477759391 ], [ -91.197113080204474, 43.365970885547881 ], [ -91.111029096215816, 43.340043150371059 ], [ -91.086492962979833, 43.317362485790056 ], [ -91.084783977698407, 43.280106627518819 ], [ -91.103460736423813, 43.249296079950113 ], [ -91.156512493956427, 43.195341001985639 ], [ -91.167791791058278, 43.160453306874615 ], [ -91.162396283261842, 43.090384947207497 ], [ -91.154657025301447, 43.05649822811074 ], [ -91.154168743792468, 43.019779478240309 ], [ -91.152313275137544, 43.007621275501435 ], [ -91.14767460260083, 42.996341978399585 ], [ -91.146405071936499, 42.950370299149938 ], [ -91.141473430854148, 42.928275572559585 ], [ -91.130584759678925, 42.911332213011178 ], [ -91.10202030579245, 42.884989438911475 ], [ -91.092205853217536, 42.870926938827154 ], [ -91.086199994434196, 42.852958189368906 ], [ -91.083148235902343, 42.810575377051975 ], [ -91.079510541178536, 42.791996274808184 ], [ -91.045477337808848, 42.742093932289094 ], [ -91.03297733783387, 42.729227721182383 ], [ -91.010491986216152, 42.716410337866762 ], [ -90.966571087685509, 42.701615416418292 ], [ -90.795721478163671, 42.676883971118343 ], [ -90.750042766560398, 42.663846860943863 ], [ -90.726532025032895, 42.661161314443063 ], [ -90.7029968687105, 42.655326352928796 ], [ -90.687323040725744, 42.640384947207508 ], [ -90.667865032844986, 42.599735533168314 ], [ -90.659710735961653, 42.588309751793588 ], [ -90.634539837843249, 42.559818541392531 ], [ -90.626263470582671, 42.544486509744615 ], [ -90.628680463332671, 42.533109557060413 ], [ -90.641278118890057, 42.511771665729782 ] ] } },
{ "type": "Feature", "properties": { "FEATURECLA": "Admin-1 statistical boundary", "NAME": "Minnesota - Wisconsin", "ADM0_A3": "USA", "ADM0_NAME": "United States of America", "SHAPE_LENG": 724.09739622300003, "MAPCOLOR13": 1, "MAPCOLOR9": 1, "SOV_A3": "US1", "NAME_L": "Minnesota", "NAME_R": "Wisconsin", "NAME_ALT_L": "MN|Minn.", "NAME_ALT_R": "WI|Wis.", "NAME_LOC_L": null, "NAME_LOC_R": null, "NAME_LEN_L": 9, "NAME_LEN_R": 9, "NOTE": "US_21", "TYPE": null, "MIN_ZOOM": 2.0, "MIN_LABEL": 7.5, "SCALERANK": 2, "FCLASS_ISO": null, "FCLASS_US": null, "FCLASS_FR": null, "FCLASS_RU": null, "FCLASS_ES": null, "FCLASS_CN": null, "FCLASS_TW": null, "FCLASS_IN": null, "FCLASS_NP": null, "FCLASS_PK": null, "FCLASS_DE": null, "FCLASS_GB": null, "FCLASS_BR": null, "FCLASS_IL": null, "FCLASS_PS": null, "FCLASS_SA": null, "FCLASS_EG": null, "FCLASS_MA": null, "FCLASS_PT": null, "FCLASS_AR": null, "FCLASS_JP": null, "FCLASS_KO": null, "FCLASS_VN": null, "FCLASS_TR": null, "FCLASS_ID": null, "FCLASS_PL": null, "FCLASS_GR": null, "FCLASS_IT": null, "FCLASS_NL": null, "FCLASS_SE": null, "FCLASS_BD": null, "FCLASS_UA": null, "ne_id": 1746745405, "BRK_A3": null, "FCLASS_OSM": null, "FCLASS_TLC": null }, "geometry": { "type": "MultiLineString", "coordinates": [ [ [ -90.653973430929057, 47.308060727820305 ], [ -90.566961712612908, 47.305326353528358 ], [ -90.479901165606293, 47.302616393131984 ], [ -90.392840618599678, 47.299857603145824 ], [ -90.305804486387899, 47.297123227954557 ], [ -90.218743939381284, 47.29431561107657 ], [ -90.131707806270242, 47.291581235885303 ], [ -90.04464726016289, 47.288846860694036 ], [ -89.957635540947422, 47.286112486402089 ] ], [ [ -91.964862103103542, 46.728739438873959 ], [ -91.922186322240975, 46.745511900253973 ], [ -91.86544804129403, 46.767826352803922 ], [ -91.808734174242716, 46.790165221048085 ], [ -91.752020306292081, 46.81245525970246 ], [ -91.695257610550243, 46.834769713151729 ], [ -91.638494915707781, 46.857108580496572 ], [ -91.58180546255204, 46.879423033046521 ], [ -91.525067180705832, 46.90173748649579 ], [ -91.468304485863314, 46.924051939045739 ], [ -91.366522259994269, 46.972098813809168 ], [ -91.264740033225962, 47.020072446885877 ], [ -91.162933391662705, 47.068070493858158 ], [ -91.061126751898087, 47.116092954726071 ], [ -90.959344525129723, 47.164091001698353 ], [ -90.857537885365105, 47.212064634775061 ], [ -90.755780071592994, 47.26011151043781 ], [ -90.653973430929057, 47.308060727820305 ] ], [ [ -92.109954877415646, 46.768656432448381 ], [ -92.075604290705428, 46.759232603102134 ], [ -92.027996868760454, 46.746097838244623 ], [ -91.964862103103542, 46.728739438873959 ] ], [ [ -92.252240033051066, 46.657670103192686 ], [ -92.235272259607086, 46.658500181937825 ], [ -92.220697064118212, 46.661234557129092 ], [ -92.215472455389488, 46.663724791565869 ], [ -92.211810345870731, 46.66680096309392 ], [ -92.209783978148039, 46.669437681803572 ], [ -92.207293743711261, 46.67383221268642 ], [ -92.202508587801049, 46.699320494145468 ], [ -92.20077518862405, 46.705472838100945 ], [ -92.197161907795817, 46.710648619038523 ], [ -92.193035930663655, 46.714750182275054 ], [ -92.187933392312175, 46.71797283807598 ], [ -92.182196088178898, 46.71982830673096 ], [ -92.165887494412345, 46.722880064363437 ], [ -92.160662884784301, 46.725467955281886 ], [ -92.157147260437682, 46.729349790760239 ], [ -92.148651166318245, 46.746244322517441 ], [ -92.140667766704041, 46.755277525037741 ], [ -92.124676556278018, 46.76372479136603 ], [ -92.109954877415646, 46.768656432448381 ] ], [ [ -92.28922733757156, 46.662992369302401 ], [ -92.284735150206984, 46.662479673897792 ], [ -92.270282025095355, 46.658744321792994 ], [ -92.252240033051066, 46.657670103192686 ] ], [ [ -92.363348430885367, 46.027299010540901 ], [ -92.353656048687697, 46.035843932451485 ], [ -92.349115032632653, 46.049491392713605 ], [ -92.338006634598514, 46.06296795480722 ], [ -92.324359174336394, 46.074027525050212 ], [ -92.312054486425382, 46.080546080137481 ], [ -92.292572063749731, 46.083329283119895 ], [ -92.292572063749731, 46.116288267889217 ], [ -92.292523235958527, 46.130912291169295 ], [ -92.292401165581282, 46.194266782785746 ], [ -92.292327923894561, 46.257596861406 ], [ -92.292205852617997, 46.320951353022508 ], [ -92.292083783140072, 46.384305846437655 ], [ -92.291961712762827, 46.447660338054106 ], [ -92.291864056281156, 46.511014830569934 ], [ -92.291766399799485, 46.574369322186442 ], [ -92.29164433032156, 46.637674986011746 ], [ -92.291595501631093, 46.659672057019804 ], [ -92.28922733757156, 46.662992369302401 ] ], [ [ -92.42875370501946, 46.032743346128484 ], [ -92.410955852830341, 46.031937682178238 ], [ -92.385809368607454, 46.028080259696196 ], [ -92.363348430885367, 46.027299010540901 ] ], [ [ -92.839666791089542, 45.568851744212623 ], [ -92.883197063693501, 45.576127135458933 ], [ -92.901727338146145, 45.611332213011224 ], [ -92.89489139971829, 45.687040221229211 ], [ -92.891204877203279, 45.703763853019382 ], [ -92.881976360820374, 45.715922057556895 ], [ -92.79533085273664, 45.775345885004583 ], [ -92.767694134976352, 45.805057799178087 ], [ -92.771991010276906, 45.834159361465311 ], [ -92.731854290742888, 45.88826092370266 ], [ -92.704095501706036, 45.91309002548428 ], [ -92.672674603150369, 45.923490416049844 ], [ -92.654486126833262, 45.926908384814055 ], [ -92.600677533141607, 45.950834166163816 ], [ -92.574823040550882, 45.953861509900719 ], [ -92.566546674189624, 45.957035337910497 ], [ -92.561712688689624, 45.961307799315477 ], [ -92.549969524873632, 45.975150572540883 ], [ -92.548846477582856, 45.978129088486639 ], [ -92.545013470795027, 45.980277524787937 ], [ -92.539202924075653, 45.984965025115798 ], [ -92.531463666115258, 45.98965252544366 ], [ -92.521868938600619, 45.991800963543596 ], [ -92.480584759678891, 45.991800963543596 ], [ -92.46569218084943, 45.997342954713588 ], [ -92.443426556090685, 46.023758971399388 ], [ -92.42875370501946, 46.032743346128484 ] ], [ [ -91.250140423841458, 43.500956236041418 ], [ -91.244378704913288, 43.524369321986569 ], [ -91.242816204804001, 43.536991393238168 ], [ -91.244085736367595, 43.550150571991253 ], [ -91.250018352564894, 43.576053893272558 ], [ -91.250750774828362, 43.589335143302208 ], [ -91.246624798595576, 43.62070721316735 ], [ -91.247015423622884, 43.631229674110159 ], [ -91.254534954724363, 43.657792174169458 ], [ -91.254754680683959, 43.66699627485815 ], [ -91.242694135326076, 43.721317563954415 ], [ -91.242816204804001, 43.740214049538736 ], [ -91.245770305954863, 43.759818540792992 ], [ -91.249212688614648, 43.768949399794963 ], [ -91.255487102947427, 43.776566588277376 ], [ -91.269158978004441, 43.788602721538325 ], [ -91.274554485800877, 43.795609557235252 ], [ -91.278533977760844, 43.804105650455369 ], [ -91.280535930688643, 43.812577329779913 ], [ -91.281219525160964, 43.821244322067798 ], [ -91.278729290724186, 43.850590025109568 ], [ -91.279510540778801, 43.873588072131781 ], [ -91.284246868897867, 43.897782408131604 ], [ -91.288421673821176, 43.909110533024659 ], [ -91.295013470595165, 43.918973814290098 ], [ -91.304998822237849, 43.926883971318205 ], [ -91.318280072267498, 43.933011900478789 ], [ -91.360980267025695, 43.944828306880822 ], [ -91.368817180568385, 43.957987486533227 ], [ -91.391937298867219, 43.979545102924135 ], [ -91.399066204941391, 43.993485533530531 ], [ -91.400897259700741, 44.001127135009256 ], [ -91.403460735824297, 44.007718931783245 ], [ -91.407513471269681, 44.013382994229801 ], [ -91.413983196767106, 44.018168150140013 ], [ -91.425970502236851, 44.022513853231715 ], [ -91.462567180830717, 44.024613463540504 ], [ -91.471063274950154, 44.026615416468246 ], [ -91.478533978260486, 44.029618346309633 ], [ -91.535223431416227, 44.063822446948336 ], [ -91.540985150344397, 44.065604673916539 ], [ -91.637664837861962, 44.065726744293784 ], [ -91.650140423941366, 44.068363463003379 ], [ -91.662616010020827, 44.073270689290837 ], [ -91.778387494287415, 44.149613463290677 ], [ -91.817108197085588, 44.162674986461411 ], [ -91.836883588306932, 44.181840024897213 ], [ -91.912176555803399, 44.288968932570185 ], [ -91.950116010345596, 44.33572186097507 ], [ -92.102606243583239, 44.436918149752785 ], [ -92.156073040938054, 44.451468932245405 ], [ -92.272650189154888, 44.465824399976043 ], [ -92.286053509561782, 44.470658385476099 ], [ -92.296795697363507, 44.479032408318972 ], [ -92.305169721105699, 44.490091978561964 ], [ -92.330999798901587, 44.533158385351157 ], [ -92.359759563952707, 44.559818540992865 ], [ -92.393768353426765, 44.579593932214152 ], [ -92.429022259669523, 44.589310728307453 ], [ -92.58466190792069, 44.607963072237965 ], [ -92.627996869360004, 44.627518735701074 ], [ -92.632391400242909, 44.633719908347075 ], [ -92.637152142257548, 44.643119321999109 ], [ -92.643304486213026, 44.651688657805266 ], [ -92.661053509711678, 44.660306822302005 ], [ -92.731341596237655, 44.711576352866359 ], [ -92.792987102572681, 44.740580260470608 ], [ -92.819793744285846, 44.757841002460282 ], [ -92.778533978360372, 44.820218931958095 ], [ -92.771991010276906, 44.847245298731536 ], [ -92.772503704782139, 44.859379088474157 ], [ -92.778826946906065, 44.891630063976265 ], [ -92.77560429110514, 44.902421080468457 ], [ -92.761566204916392, 44.919388853013118 ], [ -92.758343549115466, 44.925736509931937 ], [ -92.762762493893945, 44.968583188962953 ], [ -92.771991010276906, 45.011112486452078 ], [ -92.79591679072729, 45.055887876724114 ], [ -92.802435345814558, 45.077982603314467 ], [ -92.788739055962651, 45.087455260451861 ], [ -92.768304485963256, 45.09272869697179 ], [ -92.755389447065284, 45.106644712783236 ], [ -92.749676555928318, 45.126346861418483 ], [ -92.750897259700764, 45.148881040827348 ], [ -92.768255658172052, 45.182401548792427 ], [ -92.772821088122726, 45.1875285019388 ], [ -92.770941204672852, 45.19932049444526 ], [ -92.764544720862148, 45.220292173744781 ], [ -92.763348430985275, 45.264725768579353 ], [ -92.759344525129734, 45.283329282920022 ], [ -92.750897259700764, 45.299711119272729 ], [ -92.73715214205771, 45.31191814980275 ], [ -92.721453900177323, 45.32129315045853 ], [ -92.708490032588941, 45.332743345728773 ], [ -92.703094524792448, 45.350931822045936 ], [ -92.696331829850067, 45.374076353341025 ], [ -92.667401165731178, 45.408329283569572 ], [ -92.663006634848273, 45.426322446923336 ], [ -92.667742962967338, 45.44543865846731 ], [ -92.682000775115682, 45.461185728138844 ], [ -92.700116009746012, 45.474711118922983 ], [ -92.717376751735685, 45.490922057107241 ], [ -92.724969525423262, 45.505570494282836 ], [ -92.739569134807709, 45.543949399844905 ], [ -92.750897259700764, 45.559183775011206 ], [ -92.789520306017266, 45.569779478540056 ] ], [ [ -92.789520306017266, 45.569779478540056 ], [ -92.839666791089542, 45.568851744212623 ] ] ] } },
{ "type": "Feature", "properties": { "FEATURECLA": "Admin-1 statistical boundary", "NAME": "Iowa - Illinois", "ADM0_A3": "USA", "ADM0_NAME": "United States of America", "SHAPE_LENG": 341.61501197600001, "MAPCOLOR13": 1, "MAPCOLOR9": 1, "SOV_A3": "US1", "NAME_L": "Iowa", "NAME_R": "Illinois", "NAME_ALT_L": "IA|Iowa", "NAME_ALT_R": "IL|Ill.", "NAME_LOC_L": null, "NAME_LOC_R": null, "NAME_LEN_L": 4, "NAME_LEN_R": 8, "NOTE": "US_20", "TYPE": null, "MIN_ZOOM": 2.0, "MIN_LABEL": 7.5, "SCALERANK": 2, "FCLASS_ISO": null, "FCLASS_US": null, "FCLASS_FR": null, "FCLASS_RU": null, "FCLASS_ES": null, "FCLASS_CN": null, "FCLASS_TW": null, "FCLASS_IN": null, "FCLASS_NP": null, "FCLASS_PK": null, "FCLASS_DE": null, "FCLASS_GB": null, "FCLASS_BR": null, "FCLASS_IL": null, "FCLASS_PS": null, "FCLASS_SA": null, "FCLASS_EG": null, "FCLASS_MA": null, "FCLASS_PT": null, "FCLASS_AR": null, "FCLASS_JP": null, "FCLASS_KO": null, "FCLASS_VN": null, "FCLASS_TR": null, "FCLASS_ID": null, "FCLASS_PL": null, "FCLASS_GR": null, "FCLASS_IT": null, "FCLASS_NL": null, "FCLASS_SE": null, "FCLASS_BD": null, "FCLASS_UA": null, "ne_id": 1746745411, "BRK_A3": null, "FCLASS_OSM": null, "FCLASS_TLC": null }, "geometry": { "type": "MultiLineString", "coordinates": [ [ [ -90.414617962748764, 42.318558774967471 ], [ -90.432196088078967, 42.352567564441529 ], [ -90.463226360707949, 42.375956236491106 ], [ -90.549115032632642, 42.417264830207728 ], [ -90.581097455283327, 42.43777264279322 ], [ -90.59616093138186, 42.452006041045934 ], [ -90.611492963029775, 42.463090025184499 ], [ -90.641986127257951, 42.475687682540467 ], [ -90.654217571683546, 42.48984783820714 ], [ -90.641278118890057, 42.511771665729782 ] ], [ [ -91.441815228390055, 40.379520689028539 ], [ -91.38258671300639, 40.392924010334809 ], [ -91.373602338277294, 40.403129087937032 ], [ -91.375018353214386, 40.417850767698724 ], [ -91.380438274906453, 40.44441326775808 ], [ -91.380413861010879, 40.461454282888837 ], [ -91.374090618886953, 40.492216001767019 ], [ -91.374700970773176, 40.509989439161245 ], [ -91.383807415879517, 40.526322446823428 ], [ -91.410809368757327, 40.545389830576198 ], [ -91.414544720862182, 40.553934752486839 ], [ -91.412420696657819, 40.563773618957327 ], [ -91.403021283005785, 40.574344907691341 ], [ -91.400897259700741, 40.58125408780586 ], [ -91.383319135269858, 40.598636900172778 ], [ -91.342987102772554, 40.617777524712949 ], [ -91.298211713399837, 40.633231626738166 ], [ -91.267449993622279, 40.639579282757666 ], [ -91.227313274987637, 40.642777525562337 ], [ -91.187786908239218, 40.653275571710253 ], [ -91.153045697401012, 40.672465024940948 ], [ -91.127166790914657, 40.701639829814269 ], [ -91.107684369138326, 40.741898618826156 ], [ -91.101532025182792, 40.76377361945697 ], [ -91.098162885109048, 40.807792174469228 ], [ -91.093524212572333, 40.823636899723112 ], [ -91.083392376656832, 40.839066587852699 ], [ -91.065741009639851, 40.858695493901905 ], [ -90.966644330271606, 40.946244322417499 ], [ -90.949041791045829, 40.982206236128889 ], [ -90.945282025045401, 41.02927654877368 ], [ -90.95153202458323, 41.075419127091038 ], [ -90.968621869303831, 41.116092955025806 ], [ -90.997430463045418, 41.146683774836333 ], [ -91.047747846286086, 41.176615415868753 ], [ -91.062005658434373, 41.180839049482529 ], [ -91.082366985847727, 41.189750182524904 ], [ -91.093988080185738, 41.210917173888447 ], [ -91.098992962954867, 41.235990416424556 ], [ -91.099237102810037, 41.256547056801196 ], [ -91.09105839203113, 41.299784360859519 ], [ -91.075506635322938, 41.343412290844526 ], [ -91.05477909587853, 41.382865415906224 ], [ -91.030950971010498, 41.413602720888832 ], [ -90.991522259844373, 41.43364666586092 ], [ -90.70451054102864, 41.451224791191123 ], [ -90.661639447202731, 41.462015806784052 ], [ -90.641278118890057, 41.476127135558841 ], [ -90.603192180974361, 41.510453307474165 ], [ -90.582196087779209, 41.51726483020775 ], [ -90.482904096346942, 41.530912291369134 ], [ -90.440911908158, 41.543412291344168 ], [ -90.422332805914266, 41.554007993973698 ], [ -90.414617962748764, 41.567850768098424 ], [ -90.4054626889519, 41.574320494495225 ], [ -90.361541791320576, 41.593265806971374 ], [ -90.346331830049905, 41.605375181919101 ], [ -90.341326947280777, 41.615922056757483 ], [ -90.339202923975733, 41.626371275114252 ], [ -90.338885540635147, 41.650077330504359 ], [ -90.340960736149043, 41.655912291119307 ], [ -90.344696088253841, 41.66035564979336 ], [ -90.34645390042715, 41.664847838057256 ], [ -90.332074017002242, 41.684525571897609 ], [ -90.328192180624626, 41.706229674359975 ], [ -90.318255657672466, 41.728470885223146 ], [ -90.30499882243771, 41.748539244090807 ], [ -90.2911072214211, 41.763651548879864 ], [ -90.277044721336779, 41.774442564472736 ], [ -90.235076947043467, 41.799686705177294 ], [ -90.218817181068061, 41.804642760155218 ], [ -90.201239055737801, 41.813578307093167 ], [ -90.188568157594375, 41.83476971325166 ], [ -90.174408001927702, 41.879716001692088 ], [ -90.167010541203524, 41.941288268139033 ], [ -90.14940800197769, 41.976346861418506 ], [ -90.144012494181254, 42.018656432048658 ], [ -90.1402771420764, 42.030570494033043 ], [ -90.164959759585201, 42.075199400032261 ], [ -90.168206830181077, 42.088895688984849 ], [ -90.168035931113309, 42.104716002141743 ], [ -90.169696087704267, 42.116459165957735 ], [ -90.176483197441598, 42.123661313718628 ], [ -90.191766400399047, 42.126175962950299 ], [ -90.20114140015545, 42.13086346327816 ], [ -90.226165814001092, 42.153422057481919 ], [ -90.236468548984305, 42.160892759892931 ], [ -90.321942181086797, 42.199589048795531 ], [ -90.33549198576651, 42.201859557272712 ], [ -90.348944134863928, 42.207230650274255 ], [ -90.370379680877534, 42.230643736219406 ], [ -90.403143352683571, 42.245365415981155 ], [ -90.412103314416413, 42.268412290794572 ], [ -90.414617962748764, 42.325370299499696 ] ], [ [ -90.414617962748764, 42.325370299499696 ], [ -90.414617962748764, 42.318558774967471 ] ] ] } },
{ "type": "Feature", "properties": { "FEATURECLA": "Admin-1 boundary", "NAME": "Illinois - Michigan", "ADM0_A3": "USA", "ADM0_NAME": "United States of America", "SHAPE_LENG": 64.346977506900004, "MAPCOLOR13": 1, "MAPCOLOR9": 1, "SOV_A3": "US1", "NAME_L": "Illinois", "NAME_R": "Michigan", "NAME_ALT_L": "IL|Ill.", "NAME_ALT_R": "MI|Mich.", "NAME_LOC_L": null, "NAME_LOC_R": null, "NAME_LEN_L": 8, "NAME_LEN_R": 8, "NOTE": "US_18", "TYPE": null, "MIN_ZOOM": 2.0, "MIN_LABEL": 7.5, "SCALERANK": 2, "FCLASS_ISO": null, "FCLASS_US": null, "FCLASS_FR": null, "FCLASS_RU": null, "FCLASS_ES": null, "FCLASS_CN": null, "FCLASS_TW": null, "FCLASS_IN": null, "FCLASS_NP": null, "FCLASS_PK": null, "FCLASS_DE": null, "FCLASS_GB": null, "FCLASS_BR": null, "FCLASS_IL": null, "FCLASS_PS": null, "FCLASS_SA": null, "FCLASS_EG": null, "FCLASS_MA": null, "FCLASS_PT": null, "FCLASS_AR": null, "FCLASS_JP": null, "FCLASS_KO": null, "FCLASS_VN": null, "FCLASS_TR": null, "FCLASS_ID": null, "FCLASS_PL": null, "FCLASS_GR": null, "FCLASS_IT": null, "FCLASS_NL": null, "FCLASS_SE": null, "FCLASS_BD": null, "FCLASS_UA": null, "ne_id": 1746745419, "BRK_A3": null, "FCLASS_OSM": null, "FCLASS_TLC": null }, "geometry": { "type": "LineString", "coordinates": [ [ -87.207727756630675, 41.75969647081547 ], [ -87.191263917395872, 41.831296384920222 ], [ -87.166963493770197, 41.932548148378316 ], [ -87.136992972347798, 42.056075300534644 ], [ -87.112692548722123, 42.158137077064453 ], [ -87.090822167908698, 42.248858657101323 ], [ -87.067331759153319, 42.342010279051124 ], [ -87.042421651837742, 42.421199876772846 ], [ -87.018817932101854, 42.496236450251956 ] ] } },
{ "type": "Feature", "properties": { "FEATURECLA": "Admin-1 boundary", "NAME": "Indiana - Indiana", "ADM0_A3": "USA", "ADM0_NAME": "United States of America", "SHAPE_LENG": 0.00192594979, "MAPCOLOR13": 1, "MAPCOLOR9": 1, "SOV_A3": "US1", "NAME_L": "Indiana", "NAME_R": "Indiana", "NAME_ALT_L": "IN|Ind.", "NAME_ALT_R": "IN|Ind.", "NAME_LOC_L": null, "NAME_LOC_R": null, "NAME_LEN_L": 7, "NAME_LEN_R": 7, "NOTE": "US_18", "TYPE": null, "MIN_ZOOM": 2.0, "MIN_LABEL": 7.5, "SCALERANK": 2, "FCLASS_ISO": null, "FCLASS_US": null, "FCLASS_FR": null, "FCLASS_RU": null, "FCLASS_ES": null, "FCLASS_CN": null, "FCLASS_TW": null, "FCLASS_IN": null, "FCLASS_NP": null, "FCLASS_PK": null, "FCLASS_DE": null, "FCLASS_GB": null, "FCLASS_BR": null, "FCLASS_IL": null, "FCLASS_PS": null, "FCLASS_SA": null, "FCLASS_EG": null, "FCLASS_MA": null, "FCLASS_PT": null, "FCLASS_AR": null, "FCLASS_JP": null, "FCLASS_KO": null, "FCLASS_VN": null, "FCLASS_TR": null, "FCLASS_ID": null, "FCLASS_PL": null, "FCLASS_GR": null, "FCLASS_IT": null, "FCLASS_NL": null, "FCLASS_SE": null, "FCLASS_BD": null, "FCLASS_UA": null, "ne_id": 1746745423, "BRK_A3": null, "FCLASS_OSM": null, "FCLASS_TLC": null }, "geometry": { "type": "LineString", "coordinates": [ [ -87.207732856685993, 41.759674290835846 ], [ -87.207727756630675, 41.75969647081547 ] ] } },
{ "type": "Feature", "properties": { "FEATURECLA": "Admin-1 boundary", "NAME": "Wisconsin - Illinois", "ADM0_A3": "USA", "ADM0_NAME": "United States of America", "SHAPE_LENG": 403.25621446700001, "MAPCOLOR13": 1, "MAPCOLOR9": 1, "SOV_A3": "US1", "NAME_L": "Wisconsin", "NAME_R": "Illinois", "NAME_ALT_L": "WI|Wis.", "NAME_ALT_R": "IL|Ill.", "NAME_LOC_L": null, "NAME_LOC_R": null, "NAME_LEN_L": 9, "NAME_LEN_R": 8, "NOTE": "US_17", "TYPE": null, "MIN_ZOOM": 2.0, "MIN_LABEL": 7.5, "SCALERANK": 2, "FCLASS_ISO": null, "FCLASS_US": null, "FCLASS_FR": null, "FCLASS_RU": null, "FCLASS_ES": null, "FCLASS_CN": null, "FCLASS_TW": null, "FCLASS_IN": null, "FCLASS_NP": null, "FCLASS_PK": null, "FCLASS_DE": null, "FCLASS_GB": null, "FCLASS_BR": null, "FCLASS_IL": null, "FCLASS_PS": null, "FCLASS_SA": null, "FCLASS_EG": null, "FCLASS_MA": null, "FCLASS_PT": null, "FCLASS_AR": null, "FCLASS_JP": null, "FCLASS_KO": null, "FCLASS_VN": null, "FCLASS_TR": null, "FCLASS_ID": null, "FCLASS_PL": null, "FCLASS_GR": null, "FCLASS_IT": null, "FCLASS_NL": null, "FCLASS_SE": null, "FCLASS_BD": null, "FCLASS_UA": null, "ne_id": 1746745427, "BRK_A3": null, "FCLASS_OSM": null, "FCLASS_TLC": null }, "geometry": { "type": "MultiLineString", "coordinates": [ [ [ -90.636908001902725, 42.511771665729782 ], [ -90.459661907670863, 42.510502135065451 ], [ -90.282440228233952, 42.509257018296751 ], [ -90.105218548796984, 42.508036314524247 ], [ -89.927972454565122, 42.506791196856227 ], [ -89.75072636123258, 42.505546080087527 ], [ -89.573455853105145, 42.504300963318769 ], [ -89.396209759772603, 42.503031431755176 ], [ -89.218963666440061, 42.501761900191525 ], [ -89.041717572208199, 42.500516783422768 ], [ -88.864495891871911, 42.499271665754748 ], [ -88.687249799438689, 42.498026548986047 ], [ -88.509979291311254, 42.49678143221729 ], [ -88.332733197079392, 42.49553631454927 ], [ -88.155535930638678, 42.494315610776766 ], [ -87.978289838205455, 42.493070494008066 ], [ -87.801043743973594, 42.491776549448161 ] ], [ [ -90.641278118890057, 42.511771665729782 ], [ -90.64098515034442, 42.511771665729782 ], [ -90.640741009589931, 42.511771665729782 ], [ -90.640496868835385, 42.511771665729782 ], [ -90.640203900289748, 42.511771665729782 ], [ -90.639910930844792, 42.511771665729782 ], [ -90.639666790989622, 42.511771665729782 ], [ -90.639398236339503, 42.511771665729782 ], [ -90.639105266894546, 42.511771665729782 ], [ -90.638836713143803, 42.511771665729782 ], [ -90.638568157594364, 42.511771665729782 ], [ -90.638299602944301, 42.511771665729782 ], [ -90.638031049193557, 42.511771665729782 ], [ -90.637738079748544, 42.511771665729782 ], [ -90.637493938994055, 42.511771665729782 ], [ -90.637176555653525, 42.511771665729782 ], [ -90.636908001902725, 42.511771665729782 ] ], [ [ -87.801043743973594, 42.491776549448161 ], [ -87.610540813607656, 42.491776549448161 ], [ -87.420062298935932, 42.491776549448161 ], [ -87.237434720935596, 42.493482916803146 ], [ -87.126480391356949, 42.494880413800047 ], [ -87.018817932101854, 42.496236450251956 ] ] ] } },
{ "type": "Feature", "properties": { "FEATURECLA": "Admin-1 boundary", "NAME": "Indiana - Ohio", "ADM0_A3": "USA", "ADM0_NAME": "United States of America", "SHAPE_LENG": 220.14720373500001, "MAPCOLOR13": 1, "MAPCOLOR9": 1, "SOV_A3": "US1", "NAME_L": "Indiana", "NAME_R": "Ohio", "NAME_ALT_L": "IN|Ind.", "NAME_ALT_R": "OH|Ohio", "NAME_LOC_L": null, "NAME_LOC_R": null, "NAME_LEN_L": 7, "NAME_LEN_R": 4, "NOTE": "US_16", "TYPE": null, "MIN_ZOOM": 2.0, "MIN_LABEL": 7.5, "SCALERANK": 2, "FCLASS_ISO": null, "FCLASS_US": null, "FCLASS_FR": null, "FCLASS_RU": null, "FCLASS_ES": null, "FCLASS_CN": null, "FCLASS_TW": null, "FCLASS_IN": null, "FCLASS_NP": null, "FCLASS_PK": null, "FCLASS_DE": null, "FCLASS_GB": null, "FCLASS_BR": null, "FCLASS_IL": null, "FCLASS_PS": null, "FCLASS_SA": null, "FCLASS_EG": null, "FCLASS_MA": null, "FCLASS_PT": null, "FCLASS_AR": null, "FCLASS_JP": null, "FCLASS_KO": null, "FCLASS_VN": null, "FCLASS_TR": null, "FCLASS_ID": null, "FCLASS_PL": null, "FCLASS_GR": null, "FCLASS_IT": null, "FCLASS_NL": null, "FCLASS_SE": null, "FCLASS_BD": null, "FCLASS_UA": null, "ne_id": 1746745431, "BRK_A3": null, "FCLASS_OSM": null, "FCLASS_TLC": null }, "geometry": { "type": "LineString", "coordinates": [ [ -84.823529096190839, 39.097416196700124 ], [ -84.822650188755176, 39.178739439573462 ], [ -84.821795697013783, 39.260111510238005 ], [ -84.820941205272391, 39.341483580003171 ], [ -84.820062298736104, 39.422806821977247 ], [ -84.819232220890285, 39.504154477846839 ], [ -84.818353314353942, 39.585502135515128 ], [ -84.817523235608803, 39.666825377489147 ], [ -84.816644329971837, 39.748173033358796 ], [ -84.815789838230444, 39.829496275332815 ], [ -84.814959760384625, 39.910843932101784 ], [ -84.814080852948962, 39.992191587971377 ], [ -84.813250775103199, 40.073514829945395 ], [ -84.81239628336175, 40.154862485815045 ], [ -84.811541790721037, 40.236234557378907 ], [ -84.810687298979644, 40.3175822132485 ], [ -84.809808392443358, 40.398929869118149 ], [ -84.808905072011441, 40.480277524987741 ], [ -84.808050580270049, 40.561600767861137 ], [ -84.807196087629336, 40.642948423730729 ], [ -84.806341595887943, 40.724271665704805 ], [ -84.805487103247174, 40.805619322473717 ], [ -84.804632610606461, 40.886942564447793 ], [ -84.803778118865068, 40.968290221216705 ], [ -84.802923627123675, 41.049637877086354 ], [ -84.802069135382283, 41.130985532955947 ], [ -84.801239055737824, 41.212308774930023 ], [ -84.800360150100857, 41.293680846493828 ], [ -84.804183980206517, 41.368655275020899 ], [ -84.804183980206517, 41.448092217781607 ], [ -84.806075336307686, 41.536985941048329 ], [ -84.806075336307686, 41.617368563208629 ], [ -84.806075336307686, 41.6968055068686 ] ] } },
{ "type": "Feature", "properties": { "FEATURECLA": "Admin-1 statistical meta bounds", "NAME": "Indiana - Kentucky", "ADM0_A3": "USA", "ADM0_NAME": "United States of America", "SHAPE_LENG": 565.37717649800004, "MAPCOLOR13": 1, "MAPCOLOR9": 1, "SOV_A3": "US1", "NAME_L": "Indiana", "NAME_R": "Kentucky", "NAME_ALT_L": "IN|Ind.", "NAME_ALT_R": "Commonwealth of Kentucky|KY", "NAME_LOC_L": null, "NAME_LOC_R": null, "NAME_LEN_L": 7, "NAME_LEN_R": 8, "NOTE": "US_15", "TYPE": null, "MIN_ZOOM": 2.0, "MIN_LABEL": 7.5, "SCALERANK": 2, "FCLASS_ISO": null, "FCLASS_US": null, "FCLASS_FR": null, "FCLASS_RU": null, "FCLASS_ES": null, "FCLASS_CN": null, "FCLASS_TW": null, "FCLASS_IN": null, "FCLASS_NP": null, "FCLASS_PK": null, "FCLASS_DE": null, "FCLASS_GB": null, "FCLASS_BR": null, "FCLASS_IL": null, "FCLASS_PS": null, "FCLASS_SA": null, "FCLASS_EG": null, "FCLASS_MA": null, "FCLASS_PT": null, "FCLASS_AR": null, "FCLASS_JP": null, "FCLASS_KO": null, "FCLASS_VN": null, "FCLASS_TR": null, "FCLASS_ID": null, "FCLASS_PL": null, "FCLASS_GR": null, "FCLASS_IT": null, "FCLASS_NL": null, "FCLASS_SE": null, "FCLASS_BD": null, "FCLASS_UA": null, "ne_id": 1746745435, "BRK_A3": null, "FCLASS_OSM": null, "FCLASS_TLC": null }, "geometry": { "type": "LineString", "coordinates": [ [ -84.836400512106536, 39.0 ], [ -84.842694134626583, 39.006547056801196 ], [ -84.870623821831884, 39.029496275132942 ], [ -84.873089642373088, 39.061649595952076 ], [ -84.842791791108255, 39.088041196943664 ], [ -84.823529096190839, 39.097416196700124 ] ] } },
{ "type": "Feature", "properties": { "FEATURECLA": "Admin-1 boundary", "NAME": "Illinois - Indiana", "ADM0_A3": "USA", "ADM0_NAME": "United States of America", "SHAPE_LENG": 1.50080970795, "MAPCOLOR13": 1, "MAPCOLOR9": 1, "SOV_A3": "US1", "NAME_L": "Illinois", "NAME_R": "Indiana", "NAME_ALT_L": "IL|Ill.", "NAME_ALT_R": "IN|Ind.", "NAME_LOC_L": null, "NAME_LOC_R": null, "NAME_LEN_L": 8, "NAME_LEN_R": 7, "NOTE": "US_14", "TYPE": null, "MIN_ZOOM": 2.0, "MIN_LABEL": 7.5, "SCALERANK": 2, "FCLASS_ISO": null, "FCLASS_US": null, "FCLASS_FR": null, "FCLASS_RU": null, "FCLASS_ES": null, "FCLASS_CN": null, "FCLASS_TW": null, "FCLASS_IN": null, "FCLASS_NP": null, "FCLASS_PK": null, "FCLASS_DE": null, "FCLASS_GB": null, "FCLASS_BR": null, "FCLASS_IL": null, "FCLASS_PS": null, "FCLASS_SA": null, "FCLASS_EG": null, "FCLASS_MA": null, "FCLASS_PT": null, "FCLASS_AR": null, "FCLASS_JP": null, "FCLASS_KO": null, "FCLASS_VN": null, "FCLASS_TR": null, "FCLASS_ID": null, "FCLASS_PL": null, "FCLASS_GR": null, "FCLASS_IT": null, "FCLASS_NL": null, "FCLASS_SE": null, "FCLASS_BD": null, "FCLASS_UA": null, "ne_id": 1746745439, "BRK_A3": null, "FCLASS_OSM": null, "FCLASS_TLC": null }, "geometry": { "type": "LineString", "coordinates": [ [ -87.221209759622695, 41.75969647081547 ], [ -87.207727756630675, 41.75969647081547 ] ] } },
{ "type": "Feature", "properties": { "FEATURECLA": "Admin-1 boundary", "NAME": "Michigan - Indiana", "ADM0_A3": "USA", "ADM0_NAME": "United States of America", "SHAPE_LENG": 272.45371223699999, "MAPCOLOR13": 1, "MAPCOLOR9": 1, "SOV_A3": "US1", "NAME_L": "Michigan", "NAME_R": "Indiana", "NAME_ALT_L": "MI|Mich.", "NAME_ALT_R": "IN|Ind.", "NAME_LOC_L": null, "NAME_LOC_R": null, "NAME_LEN_L": 8, "NAME_LEN_R": 7, "NOTE": "US_14", "TYPE": null, "MIN_ZOOM": 2.0, "MIN_LABEL": 7.5, "SCALERANK": 2, "FCLASS_ISO": null, "FCLASS_US": null, "FCLASS_FR": null, "FCLASS_RU": null, "FCLASS_ES": null, "FCLASS_CN": null, "FCLASS_TW": null, "FCLASS_IN": null, "FCLASS_NP": null, "FCLASS_PK": null, "FCLASS_DE": null, "FCLASS_GB": null, "FCLASS_BR": null, "FCLASS_IL": null, "FCLASS_PS": null, "FCLASS_SA": null, "FCLASS_EG": null, "FCLASS_MA": null, "FCLASS_PT": null, "FCLASS_AR": null, "FCLASS_JP": null, "FCLASS_KO": null, "FCLASS_VN": null, "FCLASS_TR": null, "FCLASS_ID": null, "FCLASS_PL": null, "FCLASS_GR": null, "FCLASS_IT": null, "FCLASS_NL": null, "FCLASS_SE": null, "FCLASS_BD": null, "FCLASS_UA": null, "ne_id": 1746745447, "BRK_A3": null, "FCLASS_OSM": null, "FCLASS_TLC": null }, "geometry": { "type": "MultiLineString", "coordinates": [ [ [ -87.123919721118227, 41.75969647081547 ], [ -87.04635624424526, 41.75967205691984 ], [ -86.968743938681826, 41.759623228229373 ], [ -86.891156048812604, 41.759574400438225 ], [ -86.813592571939637, 41.759549986542595 ], [ -86.736004681171096, 41.759525571747702 ], [ -86.658392377406301, 41.759476743956554 ], [ -86.580804485738383, 41.75942791616535 ], [ -86.503216595869162, 41.759379088374203 ] ], [ [ -87.207727756630675, 41.75969647081547 ], [ -87.201532024883022, 41.75969647081547 ], [ -87.123919721118227, 41.75969647081547 ] ], [ [ -86.425653118996252, 41.759379088374203 ], [ -86.348065228227711, 41.759354674478629 ], [ -86.270477338358489, 41.759305845788106 ] ], [ [ -86.503216595869162, 41.759379088374203 ], [ -86.425653118996252, 41.759379088374203 ] ], [ [ -86.192889446690572, 41.759305845788106 ], [ -86.115301555922031, 41.759257017996958 ], [ -86.037713666052809, 41.759232603202065 ], [ -85.960125775284268, 41.759208189306491 ], [ -85.882537885415047, 41.759159361515287 ], [ -85.804949993747186, 41.75911053282482 ], [ -85.727362102978645, 41.759086118929247 ], [ -85.649774213109424, 41.759061705033616 ], [ -85.572186322340883, 41.758988463346896 ] ], [ [ -86.270477338358489, 41.759305845788106 ], [ -86.192889446690572, 41.759305845788106 ] ], [ [ -85.494598430673022, 41.758988463346896 ], [ -85.417034954699375, 41.758939635555691 ], [ -85.33942265003526, 41.758915220760798 ] ], [ [ -85.572186322340883, 41.758988463346896 ], [ -85.494598430673022, 41.758988463346896 ] ], [ [ -85.261834760166039, 41.758915220760798 ], [ -85.184295697188645, 41.758890806865224 ], [ -85.106683391625211, 41.758841978174758 ], [ -85.02909550175599, 41.758793150383553 ], [ -84.951507610987449, 41.75876873648798 ], [ -84.873895306323334, 41.758744321693086 ], [ -84.806075336307686, 41.758274569815512 ], [ -84.806075336307686, 41.6968055068686 ] ], [ [ -85.33942265003526, 41.758915220760798 ], [ -85.261834760166039, 41.758915220760798 ] ] ] } },
{ "type": "Feature", "properties": { "FEATURECLA": "Admin-1 boundary", "NAME": "Illinois - Indiana", "ADM0_A3": "USA", "ADM0_NAME": "United States of America", "SHAPE_LENG": 486.67569498699999, "MAPCOLOR13": 1, "MAPCOLOR9": 1, "SOV_A3": "US1", "NAME_L": "Illinois", "NAME_R": "Indiana", "NAME_ALT_L": "IL|Ill.", "NAME_ALT_R": "IN|Ind.", "NAME_LOC_L": null, "NAME_LOC_R": null, "NAME_LEN_L": 8, "NAME_LEN_R": 7, "NOTE": "US_13", "TYPE": null, "MIN_ZOOM": 2.0, "MIN_LABEL": 7.5, "SCALERANK": 2, "FCLASS_ISO": null, "FCLASS_US": null, "FCLASS_FR": null, "FCLASS_RU": null, "FCLASS_ES": null, "FCLASS_CN": null, "FCLASS_TW": null, "FCLASS_IN": null, "FCLASS_NP": null, "FCLASS_PK": null, "FCLASS_DE": null, "FCLASS_GB": null, "FCLASS_BR": null, "FCLASS_IL": null, "FCLASS_PS": null, "FCLASS_SA": null, "FCLASS_EG": null, "FCLASS_MA": null, "FCLASS_PT": null, "FCLASS_AR": null, "FCLASS_JP": null, "FCLASS_KO": null, "FCLASS_VN": null, "FCLASS_TR": null, "FCLASS_ID": null, "FCLASS_PL": null, "FCLASS_GR": null, "FCLASS_IT": null, "FCLASS_NL": null, "FCLASS_SE": null, "FCLASS_BD": null, "FCLASS_UA": null, "ne_id": 1746745451, "BRK_A3": null, "FCLASS_OSM": null, "FCLASS_TLC": null }, "geometry": { "type": "MultiLineString", "coordinates": [ [ [ -87.279071087860416, 41.759720884711044 ], [ -87.227777141601791, 41.75969647081547 ] ], [ [ -87.582031633841012, 39.0 ], [ -87.58366093110709, 39.001591001823272 ], [ -87.589959760234706, 39.018509947476048 ], [ -87.598309369182005, 39.055716977956138 ], [ -87.60846561899308, 39.073588071832035 ], [ -87.638909955430108, 39.097806821727431 ], [ -87.653729290774152, 39.104960143495816 ], [ -87.66115116629328, 39.109940611469995 ], [ -87.666815227840459, 39.118290221316613 ], [ -87.663299602594577, 39.156571471296331 ], [ -87.598748822000516, 39.205643735969602 ], [ -87.597918744154697, 39.248612486277182 ], [ -87.620672650422478, 39.282352721101176 ], [ -87.625360149851019, 39.299711119572464 ], [ -87.615008587975922, 39.319999205299041 ], [ -87.596991009827207, 39.334916197124755 ], [ -87.53649296287989, 39.357230650574024 ], [ -87.532684369088372, 39.361625182356249 ], [ -87.532537884815497, 39.399613462890954 ], [ -87.531781048656455, 39.544462096448569 ], [ -87.531073041187881, 39.689310728207545 ], [ -87.53038944671556, 39.834159360865783 ], [ -87.529657025351412, 39.979007994423398 ], [ -87.528924603087944, 40.12388104097721 ], [ -87.528216595619369, 40.268729674534825 ], [ -87.527508588150795, 40.41357830719312 ], [ -87.526776165887327, 40.558475768541882 ], [ -87.526043743623859, 40.703348814196374 ], [ -87.525360150050858, 40.84819744685467 ], [ -87.524652141682964, 40.993070494307858 ], [ -87.523919721218135, 41.137919126966096 ], [ -87.523187298954667, 41.282767760523711 ], [ -87.522479290586773, 41.42764080707758 ], [ -87.521795697013772, 41.572513852732072 ], [ -87.521038860854731, 41.717338072394114 ], [ -87.521038860854731, 41.759720884711044 ], [ -87.383221477788936, 41.759720884711044 ], [ -87.279071087860416, 41.759720884711044 ] ], [ [ -87.227777141601791, 41.75969647081547 ], [ -87.221209759622695, 41.75969647081547 ] ] ] } },
{ "type": "Feature", "properties": { "FEATURECLA": "Admin-1 boundary indicator", "NAME": null, "ADM0_A3": "USA", "ADM0_NAME": "United States of America", "SHAPE_LENG": null, "MAPCOLOR13": 1, "MAPCOLOR9": 1, "SOV_A3": "US1", "NAME_L": null, "NAME_R": null, "NAME_ALT_L": null, "NAME_ALT_R": null, "NAME_LOC_L": null, "NAME_LOC_R": null, "NAME_LEN_L": null, "NAME_LEN_R": null, "NOTE": null, "TYPE": null, "MIN_ZOOM": 2.0, "MIN_LABEL": 7.5, "SCALERANK": 9, "FCLASS_ISO": null, "FCLASS_US": null, "FCLASS_FR": null, "FCLASS_RU": null, "FCLASS_ES": null, "FCLASS_CN": null, "FCLASS_TW": null, "FCLASS_IN": null, "FCLASS_NP": null, "FCLASS_PK": null, "FCLASS_DE": null, "FCLASS_GB": null, "FCLASS_BR": null, "FCLASS_IL": null, "FCLASS_PS": null, "FCLASS_SA": null, "FCLASS_EG": null, "FCLASS_MA": null, "FCLASS_PT": null, "FCLASS_AR": null, "FCLASS_JP": null, "FCLASS_KO": null, "FCLASS_VN": null, "FCLASS_TR": null, "FCLASS_ID": null, "FCLASS_PL": null, "FCLASS_GR": null, "FCLASS_IT": null, "FCLASS_NL": null, "FCLASS_SE": null, "FCLASS_BD": null, "FCLASS_UA": null, "ne_id": 1746750497, "BRK_A3": null, "FCLASS_OSM": null, "FCLASS_TLC": null }, "geometry": { "type": "LineString", "coordinates": [ [ -75.42446252312692, 39.80661364280536 ], [ -75.420056, 39.804774 ], [ -75.4383, 39.784402 ], [ -75.457660672393828, 39.769631612883046 ], [ -75.466388528326476, 39.752467942584317 ], [ -75.474076887011606, 39.726622088641697 ], [ -75.496908944419417, 39.702647895292706 ], [ -75.50918, 39.685266 ], [ -75.527696931846606, 39.655625959554015 ], [ -75.550809904667886, 39.640897280639109 ], [ -75.565311723524104, 39.627717 ], [ -75.569649075240164, 39.616301696836409 ], [ -75.567521498896411, 39.605171703940329 ], [ -75.560752800247698, 39.596415905676778 ], [ -75.548926455922214, 39.586819777864854 ], [ -75.52935418262723, 39.570773701286726 ], [ -75.525412345958244, 39.556747231238312 ], [ -75.528248, 39.535586 ], [ -75.530924113508249, 39.519489292506627 ], [ -75.54133053299995, 39.508856512000079 ], [ -75.55909, 39.495806 ], [ -75.562846041422404, 39.483904192536755 ], [ -75.562193746376508, 39.471284157419099 ], [ -75.555465, 39.451321 ], [ -75.48136, 39.387555 ], [ -75.442268, 39.352957 ], [ -75.321021, 39.251379 ], [ -75.168462, 39.056179 ], [ -75.138461, 39.002697 ], [ -75.1369029911111, 39.0 ] ] } },
{ "type": "Feature", "properties": { "FEATURECLA": "Admin-1 boundary indicator", "NAME": null, "ADM0_A3": "USA", "ADM0_NAME": "United States of America", "SHAPE_LENG": null, "MAPCOLOR13": 1, "MAPCOLOR9": 1, "SOV_A3": "US1", "NAME_L": null, "NAME_R": null, "NAME_ALT_L": null, "NAME_ALT_R": null, "NAME_LOC_L": null, "NAME_LOC_R": null, "NAME_LEN_L": null, "NAME_LEN_R": null, "NOTE": null, "TYPE": null, "MIN_ZOOM": 2.0, "MIN_LABEL": 7.5, "SCALERANK": 9, "FCLASS_ISO": null, "FCLASS_US": null, "FCLASS_FR": null, "FCLASS_RU": null, "FCLASS_ES": null, "FCLASS_CN": null, "FCLASS_TW": null, "FCLASS_IN": null, "FCLASS_NP": null, "FCLASS_PK": null, "FCLASS_DE": null, "FCLASS_GB": null, "FCLASS_BR": null, "FCLASS_IL": null, "FCLASS_PS": null, "FCLASS_SA": null, "FCLASS_EG": null, "FCLASS_MA": null, "FCLASS_PT": null, "FCLASS_AR": null, "FCLASS_JP": null, "FCLASS_KO": null, "FCLASS_VN": null, "FCLASS_TR": null, "FCLASS_ID": null, "FCLASS_PL": null, "FCLASS_GR": null, "FCLASS_IT": null, "FCLASS_NL": null, "FCLASS_SE": null, "FCLASS_BD": null, "FCLASS_UA": null, "ne_id": 1746750499, "BRK_A3": null, "FCLASS_OSM": null, "FCLASS_TLC": null }, "geometry": { "type": "LineString", "coordinates": [ [ -75.420056, 39.804774 ], [ -75.369352423534906, 39.833114352285385 ], [ -75.34652029123086, 39.842627740745407 ], [ -75.320030065157425, 39.849698087815241 ], [ -75.294183084515623, 39.852388541777515 ], [ -75.247925029734517, 39.858170798625153 ], [ -75.215842681930525, 39.868401080987681 ], [ -75.184964, 39.881726 ], [ -75.170304959423703, 39.886547692212197 ], [ -75.156233943237311, 39.887899739253477 ], [ -75.140353503947452, 39.887336887427594 ], [ -75.132684980021949, 39.892609531896547 ], [ -75.128191125827186, 39.898873692289236 ], [ -75.127163959154103, 39.908802970129067 ], [ -75.13058784806438, 39.922840914661236 ], [ -75.130296043626956, 39.94448085567268 ], [ -75.127848736936159, 39.954683081526909 ], [ -75.122370514679702, 39.960846081565421 ], [ -75.112815, 39.968358 ], [ -75.094637014506375, 39.975226414988626 ], [ -75.075605, 39.978041 ], [ -75.070669792134368, 39.979677470572 ], [ -75.060055736512481, 39.993373026213149 ], [ -75.053371495457654, 39.997960772587916 ], [ -75.023589647999927, 40.016302802000041 ] ] } },
{ "type": "Feature", "properties": { "FEATURECLA": "Admin-1 boundary indicator", "NAME": null, "ADM0_A3": "USA", "ADM0_NAME": "United States of America", "SHAPE_LENG": null, "MAPCOLOR13": 1, "MAPCOLOR9": 1, "SOV_A3": "US1", "NAME_L": null, "NAME_R": null, "NAME_ALT_L": null, "NAME_ALT_R": null, "NAME_LOC_L": null, "NAME_LOC_R": null, "NAME_LEN_L": null, "NAME_LEN_R": null, "NOTE": null, "TYPE": null, "MIN_ZOOM": 2.0, "MIN_LABEL": 7.5, "SCALERANK": 9, "FCLASS_ISO": null, "FCLASS_US": null, "FCLASS_FR": null, "FCLASS_RU": null, "FCLASS_ES": null, "FCLASS_CN": null, "FCLASS_TW": null, "FCLASS_IN": null, "FCLASS_NP": null, "FCLASS_PK": null, "FCLASS_DE": null, "FCLASS_GB": null, "FCLASS_BR": null, "FCLASS_IL": null, "FCLASS_PS": null, "FCLASS_SA": null, "FCLASS_EG": null, "FCLASS_MA": null, "FCLASS_PT": null, "FCLASS_AR": null, "FCLASS_JP": null, "FCLASS_KO": null, "FCLASS_VN": null, "FCLASS_TR": null, "FCLASS_ID": null, "FCLASS_PL": null, "FCLASS_GR": null, "FCLASS_IT": null, "FCLASS_NL": null, "FCLASS_SE": null, "FCLASS_BD": null, "FCLASS_UA": null, "ne_id": 1746750503, "BRK_A3": null, "FCLASS_OSM": null, "FCLASS_TLC": null }, "geometry": { "type": "LineString", "coordinates": [ [ -74.187552791128383, 40.480300394747417 ], [ -74.042112, 40.509299 ], [ -74.0, 40.516716493652957 ] ] } },
{ "type": "Feature", "properties": { "FEATURECLA": "Admin-1 boundary indicator", "NAME": null, "ADM0_A3": "USA", "ADM0_NAME": "United States of America", "SHAPE_LENG": null, "MAPCOLOR13": 1, "MAPCOLOR9": 1, "SOV_A3": "US1", "NAME_L": null, "NAME_R": null, "NAME_ALT_L": null, "NAME_ALT_R": null, "NAME_LOC_L": null, "NAME_LOC_R": null, "NAME_LEN_L": null, "NAME_LEN_R": null, "NOTE": null, "TYPE": null, "MIN_ZOOM": 2.0, "MIN_LABEL": 7.5, "SCALERANK": 9, "FCLASS_ISO": null, "FCLASS_US": null, "FCLASS_FR": null, "FCLASS_RU": null, "FCLASS_ES": null, "FCLASS_CN": null, "FCLASS_TW": null, "FCLASS_IN": null, "FCLASS_NP": null, "FCLASS_PK": null, "FCLASS_DE": null, "FCLASS_GB": null, "FCLASS_BR": null, "FCLASS_IL": null, "FCLASS_PS": null, "FCLASS_SA": null, "FCLASS_EG": null, "FCLASS_MA": null, "FCLASS_PT": null, "FCLASS_AR": null, "FCLASS_JP": null, "FCLASS_KO": null, "FCLASS_VN": null, "FCLASS_TR": null, "FCLASS_ID": null, "FCLASS_PL": null, "FCLASS_GR": null, "FCLASS_IT": null, "FCLASS_NL": null, "FCLASS_SE": null, "FCLASS_BD": null, "FCLASS_UA": null, "ne_id": 1746750507, "BRK_A3": null, "FCLASS_OSM": null, "FCLASS_TLC": null }, "geometry": { "type": "LineString", "coordinates": [ [ -74.040303379038662, 40.676479815212737 ], [ -74.034573, 40.684866 ], [ -74.026284, 40.699902 ], [ -74.013784, 40.756601 ], [ -74.0, 40.776136337150731 ] ] } }
]
}
