{
  "totalMiles": 23.2,
  "elevGainFt": 8520,
  "elevGainM": 2597,
  "maxEleFt": 3931,
  "minEleFt": 1772,
  "maxEleM": 1198,
  "minEleM": 540,
  "center": [
    -74.10957,
    42.24951
  ],
  "startCoord": [
    -74.189621,
    42.312869
  ],
  "endCoord": [
    -74.058177,
    42.200534
  ],
  "numPoints": 400,
  "coords": "[\n  [-74.18962, 42.31287],\n  [-74.18862, 42.31253],\n  [-74.18808, 42.31183],\n  [-74.18742, 42.31114],\n  [-74.18716, 42.31059],\n  [-74.18606, 42.31059],\n  [-74.18499, 42.31042],\n  [-74.18395, 42.31011],\n  [-74.18300, 42.30967],\n  [-74.18193, 42.30951],\n  [-74.18085, 42.30935],\n  [-74.17976, 42.30917],\n  [-74.17870, 42.30894],\n  [-74.17764, 42.30871],\n  [-74.17743, 42.30812],\n  [-74.17709, 42.30793],\n  [-74.17604, 42.30820],\n  [-74.17617, 42.30761],\n  [-74.17524, 42.30805],\n  [-74.17427, 42.30831],\n  [-74.17471, 42.30761],\n  [-74.17540, 42.30696],\n  [-74.17471, 42.30663],\n  [-74.17364, 42.30679],\n  [-74.17257, 42.30677],\n  [-74.17173, 42.30726],\n  [-74.17089, 42.30777],\n  [-74.16998, 42.30821],\n  [-74.16898, 42.30814],\n  [-74.16797, 42.30803],\n  [-74.16700, 42.30841],\n  [-74.16602, 42.30863],\n  [-74.16524, 42.30906],\n  [-74.16425, 42.30929],\n  [-74.16322, 42.30900],\n  [-74.16213, 42.30897],\n  [-74.16118, 42.30930],\n  [-74.16021, 42.30965],\n  [-74.15910, 42.30978],\n  [-74.15799, 42.30975],\n  [-74.15688, 42.30965],\n  [-74.15586, 42.30956],\n  [-74.15480, 42.30942],\n  [-74.15394, 42.30890],\n  [-74.15349, 42.30816],\n  [-74.15299, 42.30747],\n  [-74.15191, 42.30749],\n  [-74.15087, 42.30743],\n  [-74.14995, 42.30766],\n  [-74.14967, 42.30842],\n  [-74.14985, 42.30914],\n  [-74.14974, 42.30994],\n  [-74.14938, 42.31071],\n  [-74.14863, 42.31130],\n  [-74.14795, 42.31193],\n  [-74.14724, 42.31256],\n  [-74.14633, 42.31298],\n  [-74.14582, 42.31368],\n  [-74.14513, 42.31431],\n  [-74.14432, 42.31473],\n  [-74.14328, 42.31495],\n  [-74.14245, 42.31484],\n  [-74.14176, 42.31446],\n  [-74.14086, 42.31417],\n  [-74.13991, 42.31388],\n  [-74.13881, 42.31389],\n  [-74.13787, 42.31358],\n  [-74.13717, 42.31312],\n  [-74.13626, 42.31269],\n  [-74.13538, 42.31222],\n  [-74.13477, 42.31158],\n  [-74.13446, 42.31082],\n  [-74.13450, 42.31000],\n  [-74.13474, 42.30924],\n  [-74.13429, 42.30850],\n  [-74.13350, 42.30795],\n  [-74.13265, 42.30745],\n  [-74.13182, 42.30700],\n  [-74.13076, 42.30702],\n  [-74.12995, 42.30649],\n  [-74.12919, 42.30595],\n  [-74.12889, 42.30518],\n  [-74.12859, 42.30441],\n  [-74.12812, 42.30369],\n  [-74.12734, 42.30338],\n  [-74.12628, 42.30357],\n  [-74.12525, 42.30390],\n  [-74.12417, 42.30414],\n  [-74.12315, 42.30396],\n  [-74.12238, 42.30346],\n  [-74.12156, 42.30349],\n  [-74.12140, 42.30288],\n  [-74.12102, 42.30216],\n  [-74.12038, 42.30149],\n  [-74.11944, 42.30110],\n  [-74.11842, 42.30080],\n  [-74.11753, 42.30046],\n  [-74.11646, 42.30020],\n  [-74.11539, 42.30029],\n  [-74.11445, 42.30068],\n  [-74.11427, 42.30115],\n  [-74.11371, 42.30068],\n  [-74.11281, 42.30047],\n  [-74.11173, 42.30061],\n  [-74.11064, 42.30067],\n  [-74.10970, 42.30062],\n  [-74.10913, 42.30069],\n  [-74.10819, 42.30074],\n  [-74.10726, 42.30051],\n  [-74.10637, 42.30011],\n  [-74.10639, 42.29981],\n  [-74.10558, 42.29947],\n  [-74.10466, 42.29899],\n  [-74.10399, 42.29846],\n  [-74.10295, 42.29821],\n  [-74.10222, 42.29767],\n  [-74.10133, 42.29735],\n  [-74.10037, 42.29716],\n  [-74.09972, 42.29652],\n  [-74.09948, 42.29573],\n  [-74.09979, 42.29495],\n  [-74.10002, 42.29413],\n  [-74.09998, 42.29332],\n  [-74.10056, 42.29264],\n  [-74.10122, 42.29197],\n  [-74.10159, 42.29121],\n  [-74.10166, 42.29042],\n  [-74.10146, 42.28963],\n  [-74.10128, 42.28882],\n  [-74.10079, 42.28816],\n  [-74.10004, 42.28761],\n  [-74.09929, 42.28702],\n  [-74.09861, 42.28640],\n  [-74.09865, 42.28566],\n  [-74.09929, 42.28501],\n  [-74.09964, 42.28423],\n  [-74.09946, 42.28342],\n  [-74.09885, 42.28276],\n  [-74.09842, 42.28216],\n  [-74.09801, 42.28141],\n  [-74.09772, 42.28061],\n  [-74.09728, 42.27990],\n  [-74.09758, 42.27917],\n  [-74.09821, 42.27855],\n  [-74.09777, 42.27803],\n  [-74.09751, 42.27726],\n  [-74.09783, 42.27649],\n  [-74.09803, 42.27572],\n  [-74.09829, 42.27502],\n  [-74.09828, 42.27421],\n  [-74.09877, 42.27356],\n  [-74.09899, 42.27277],\n  [-74.09898, 42.27209],\n  [-74.09875, 42.27141],\n  [-74.09876, 42.27067],\n  [-74.09916, 42.27010],\n  [-74.09941, 42.26987],\n  [-74.10017, 42.26945],\n  [-74.10088, 42.26924],\n  [-74.10177, 42.26881],\n  [-74.10269, 42.26902],\n  [-74.10343, 42.26881],\n  [-74.10366, 42.26829],\n  [-74.10446, 42.26788],\n  [-74.10418, 42.26747],\n  [-74.10372, 42.26681],\n  [-74.10322, 42.26619],\n  [-74.10252, 42.26569],\n  [-74.10167, 42.26556],\n  [-74.10070, 42.26532],\n  [-74.09975, 42.26493],\n  [-74.09889, 42.26445],\n  [-74.09803, 42.26395],\n  [-74.09709, 42.26352],\n  [-74.09607, 42.26325],\n  [-74.09502, 42.26313],\n  [-74.09391, 42.26312],\n  [-74.09285, 42.26286],\n  [-74.09201, 42.26238],\n  [-74.09159, 42.26160],\n  [-74.09116, 42.26086],\n  [-74.09103, 42.26007],\n  [-74.09067, 42.25932],\n  [-74.08988, 42.25921],\n  [-74.08884, 42.25893],\n  [-74.08773, 42.25874],\n  [-74.08662, 42.25861],\n  [-74.08558, 42.25841],\n  [-74.08487, 42.25778],\n  [-74.08421, 42.25714],\n  [-74.08353, 42.25648],\n  [-74.08304, 42.25578],\n  [-74.08302, 42.25499],\n  [-74.08342, 42.25422],\n  [-74.08376, 42.25344],\n  [-74.08372, 42.25265],\n  [-74.08315, 42.25195],\n  [-74.08206, 42.25196],\n  [-74.08110, 42.25231],\n  [-74.08038, 42.25182],\n  [-74.07981, 42.25141],\n  [-74.07917, 42.25162],\n  [-74.07888, 42.25100],\n  [-74.07930, 42.25024],\n  [-74.07927, 42.24977],\n  [-74.07834, 42.24995],\n  [-74.07730, 42.25006],\n  [-74.07626, 42.24977],\n  [-74.07549, 42.24923],\n  [-74.07539, 42.24859],\n  [-74.07511, 42.24790],\n  [-74.07451, 42.24720],\n  [-74.07389, 42.24655],\n  [-74.07361, 42.24575],\n  [-74.07301, 42.24508],\n  [-74.07231, 42.24450],\n  [-74.07168, 42.24383],\n  [-74.07148, 42.24299],\n  [-74.07102, 42.24225],\n  [-74.07069, 42.24145],\n  [-74.07031, 42.24069],\n  [-74.07025, 42.23990],\n  [-74.07031, 42.23911],\n  [-74.07068, 42.23842],\n  [-74.07062, 42.23812],\n  [-74.07010, 42.23750],\n  [-74.07016, 42.23688],\n  [-74.07048, 42.23631],\n  [-74.07016, 42.23557],\n  [-74.07042, 42.23484],\n  [-74.07039, 42.23402],\n  [-74.07002, 42.23323],\n  [-74.06955, 42.23250],\n  [-74.06909, 42.23174],\n  [-74.06844, 42.23110],\n  [-74.06780, 42.23041],\n  [-74.06711, 42.22976],\n  [-74.06655, 42.22903],\n  [-74.06586, 42.22840],\n  [-74.06544, 42.22765],\n  [-74.06504, 42.22693],\n  [-74.06457, 42.22625],\n  [-74.06472, 42.22563],\n  [-74.06578, 42.22534],\n  [-74.06552, 42.22487],\n  [-74.06441, 42.22487],\n  [-74.06367, 42.22495],\n  [-74.06302, 42.22467],\n  [-74.06206, 42.22436],\n  [-74.06140, 42.22375],\n  [-74.06054, 42.22328],\n  [-74.05959, 42.22281],\n  [-74.05881, 42.22225],\n  [-74.05785, 42.22188],\n  [-74.05693, 42.22159],\n  [-74.05596, 42.22123],\n  [-74.05519, 42.22060],\n  [-74.05478, 42.21983],\n  [-74.05445, 42.21906],\n  [-74.05358, 42.21854],\n  [-74.05294, 42.21833],\n  [-74.05192, 42.21825],\n  [-74.05092, 42.21858],\n  [-74.04994, 42.21881],\n  [-74.04891, 42.21902],\n  [-74.04784, 42.21923],\n  [-74.04675, 42.21932],\n  [-74.04591, 42.21879],\n  [-74.04518, 42.21867],\n  [-74.04442, 42.21919],\n  [-74.04369, 42.21975],\n  [-74.04329, 42.21970],\n  [-74.04268, 42.22028],\n  [-74.04194, 42.22042],\n  [-74.04097, 42.22019],\n  [-74.04040, 42.21999],\n  [-74.03958, 42.21956],\n  [-74.03975, 42.21892],\n  [-74.03996, 42.21858],\n  [-74.03996, 42.21807],\n  [-74.03907, 42.21755],\n  [-74.03825, 42.21698],\n  [-74.03718, 42.21672],\n  [-74.03643, 42.21722],\n  [-74.03585, 42.21714],\n  [-74.03563, 42.21637],\n  [-74.03543, 42.21557],\n  [-74.03563, 42.21494],\n  [-74.03516, 42.21462],\n  [-74.03478, 42.21393],\n  [-74.03435, 42.21461],\n  [-74.03374, 42.21400],\n  [-74.03377, 42.21320],\n  [-74.03345, 42.21272],\n  [-74.03237, 42.21266],