{"type":"FeatureCollection","features":[{"type":"Feature","properties":{"name":"Wild Goose Ringwood \u2014 50M","distance_id":"50m","miles":49.87,"gain_ft":4940,"loss_ft":5525,"loops":["pink","checkered","blue","pink","checkered","blue","pink","blue"]},"geometry":{"type":"LineString","coordinates":[[-74.231717,41.138099,204.8],[-74.231739,41.138096,204.8],[-74.231722,41.138009,204.6],[-74.231671,41.137663,203.2],[-74.231645,41.137566,203.0],[-74.231597,41.13749,202.6],[-74.231654,41.137462,202.6],[-74.231722,41.137378,202.8],[-74.231737,41.137325,202.6],[-74.23177,41.137039,202.0],[-74.231883,41.137026,202.6],[-74.231932,41.137015,202.6],[-74.23192,41.136898,202.2],[-74.232036,41.136668,201.2],[-74.232057,41.136626,200.2],[-74.23213,41.13649,195.6],[-74.232012,41.136375,193.6],[-74.232048,41.13624,193.8],[-74.232049,41.136147,194.4],[-74.232041,41.136053,195.8],[-74.231975,41.135866,195.6],[-74.231946,41.135647,194.6],[-74.231913,41.13557,195.0],[-74.231861,41.135534,194.6],[-74.231951,41.13551,195.6],[-74.231922,41.135483,196.6],[-74.231799,41.135374,197.0],[-74.231589,41.135267,198.0],[-74.231356,41.135228,197.4],[-74.231036,41.135245,197.6],[-74.230665,41.135389,196.8],[-74.23001,41.135623,195.6],[-74.229773,41.135688,196.4],[-74.229599,41.135704,199.2],[-74.229386,41.135647,201.2],[-74.229258,41.13557,202.0],[-74.229163,41.135476,203.8],[-74.228998,41.135321,204.6],[-74.228826,41.135219,205.2],[-74.228603,41.135161,204.4],[-74.228394,41.135121,203.6],[-74.227713,41.13508,202.8],[-74.227371,41.134963,203.2],[-74.227026,41.13464,204.2],[-74.226765,41.134467,204.0],[-74.226631,41.134413,204.4],[-74.226497,41.134418,204.4],[-74.226363,41.134452,203.4],[-74.225941,41.134623,205.0],[-74.225539,41.134778,204.2],[-74.22526,41.134829,204.8],[-74.225003,41.134839,205.0],[-74.224615,41.13481,204.8],[-74.224279,41.134709,205.4],[-74.224012,41.134608,205.0],[-74.223693,41.134558,205.4],[-74.22347,41.134589,204.2],[-74.222901,41.134799,203.8],[-74.222481,41.135036,204.4],[-74.222061,41.135316,204.8],[-74.221767,41.135423,206.8],[-74.221341,41.135522,209.6],[-74.221184,41.135599,210.4],[-74.221027,41.135722,210.8],[-74.220639,41.136142,209.4],[-74.220088,41.136311,218.6],[-74.220088,41.136311,218.6],[-74.220088,41.136311,218.6],[-74.219863,41.136336,221.2],[-74.219863,41.136336,221.2],[-74.219863,41.136336,223.2],[-74.219767,41.136346,224.6],[-74.219417,41.136306,228.9],[-74.219203,41.136235,231.7],[-74.218712,41.135914,232.6],[-74.218302,41.135598,234.7],[-74.217923,41.135283,233.3],[-74.217875,41.135046,232.7],[-74.217937,41.134604,230.7],[-74.218141,41.134373,233.2],[-74.218523,41.133967,239.7],[-74.21878,41.13362,238.3],[-74.219185,41.133405,240.6],[-74.219446,41.132745,237.6],[-74.219446,41.132745,237.6],[-74.219446,41.132745,237.6],[-74.219552,41.132328,232.0],[-74.219552,41.132328,232.0],[-74.219552,41.132328,235.4],[-74.219568,41.132266,233.2],[-74.219807,41.131833,225.6],[-74.22008,41.131377,221.0],[-74.220251,41.130886,216.0],[-74.220467,41.130528,214.4],[-74.22063,41.13,210.4],[-74.220721,41.129599,204.8],[-74.220722,41.129227,203.4],[-74.220888,41.128443,199.4],[-74.221885,41.127534,198.6],[-74.222475,41.126935,198.8],[-74.222819,41.126517,198.8],[-74.222885,41.126357,199.0],[-74.222905,41.126236,199.0],[-74.222963,41.126172,200.0],[-74.22313,41.126111,202.4],[-74.223121,41.125955,202.8],[-74.223452,41.125521,207.8],[-74.223741,41.124891,210.2],[-74.223827,41.124602,212.0],[-74.223902,41.124349,212.6],[-74.223963,41.123858,211.6],[-74.22396,41.123552,211.0],[-74.22396,41.123552,211.0],[-74.22396,41.123552,211.0],[-74.223967,41.123299,211.4],[-74.223967,41.123299,211.4],[-74.223967,41.123299,211.4],[-74.223971,41.123128,211.4],[-74.223976,41.12296,211.4],[-74.224025,41.12256,210.6],[-74.224095,41.122347,210.6],[-74.224289,41.122126,208.4],[-74.224648,41.121992,208.2],[-74.224985,41.121901,208.2],[-74.22533,41.121802,208.8],[-74.227187,41.120174,199.6],[-74.2271,41.120111,199.0],[-74.22686,41.11992,198.2],[-74.226799,41.119845,198.4],[-74.226756,41.119724,198.4],[-74.226747,41.119443,199.2],[-74.226873,41.119137,200.4],[-74.226943,41.119008,201.6],[-74.22698,41.118931,202.2],[-74.22705,41.118806,202.2],[-74.227085,41.118724,202.4],[-74.227085,41.118724,202.4],[-74.227085,41.118724,202.4],[-74.227089,41.118725,203.6],[-74.227089,41.118725,203.6],[-74.227089,41.118725,203.6],[-74.227204,41.118457,203.5],[-74.227236,41.118372,204.0],[-74.227252,41.118328,204.2],[-74.227279,41.118195,205.0],[-74.227285,41.118146,205.3],[-74.227459,41.117626,206.9],[-74.227767,41.117128,208.8],[-74.227816,41.117055,209.3],[-74.227864,41.116974,210.3],[-74.227902,41.116889,211.1],[-74.227939,41.116796,211.8],[-74.227971,41.116711,212.2],[-74.227998,41.116623,212.6],[-74.228009,41.116542,213.0],[-74.228057,41.116267,212.9],[-74.228095,41.11619,213.3],[-74.228138,41.116109,213.8],[-74.228181,41.116032,214.4],[-74.228272,41.115543,218.1],[-74.228299,41.115442,218.3],[-74.22832,41.115321,219.6],[-74.228427,41.114852,223.1],[-74.228438,41.114771,223.7],[-74.228449,41.114687,224.2],[-74.228459,41.114606,224.7],[-74.228481,41.114525,225.1],[-74.228513,41.114444,225.6],[-74.228567,41.114343,226.2],[-74.228604,41.114266,227.0],[-74.228647,41.114185,227.8],[-74.228704,41.114128,227.7],[-74.228704,41.114128,227.7],[-74.228704,41.114128,227.7],[-74.228703,41.114129,227.7],[-74.228703,41.114129,227.7],[-74.228703,41.114129,227.7],[-74.228764,41.114069,227.7],[-74.229226,41.113605,232.7],[-74.229495,41.113619,228.6],[-74.229899,41.113561,226.8],[-74.231003,41.113327,221.2],[-74.231201,41.113249,220.7],[-74.231421,41.113084,219.8],[-74.232425,41.11228,212.1],[-74.232857,41.111983,211.8],[-74.233032,41.111827,210.5],[-74.233706,41.111019,208.8],[-74.23399,41.110721,205.8],[-74.234031,41.110612,204.9],[-74.23402,41.109909,204.2],[-74.234019,41.109753,203.1],[-74.234049,41.109587,201.3],[-74.233991,41.109541,201.4],[-74.233943,41.10946,201.1],[-74.233795,41.109444,202.0],[-74.233636,41.109503,203.7],[-74.23362,41.109556,204.5],[-74.233639,41.109649,205.9],[-74.233602,41.109729,207.7],[-74.233521,41.109809,209.4],[-74.233402,41.109826,210.2],[-74.233305,41.109749,209.8],[-74.233237,41.109646,209.0],[-74.233032,41.109511,209.3],[-74.232935,41.109486,209.2],[-74.232691,41.109317,206.9],[-74.232569,41.109443,208.6],[-74.232473,41.10949,209.3],[-74.232243,41.109512,209.7],[-74.231922,41.109457,212.0],[-74.231727,41.109312,212.0],[-74.231543,41.109099,217.4],[-74.231683,41.108808,218.3],[-74.231752,41.108664,217.3],[-74.231752,41.108664,217.3],[-74.231752,41.108664,217.3],[-74.231748,41.108663,217.4],[-74.231748,41.108663,217.4],[-74.231748,41.108663,217.4],[-74.231749,41.108663,218.4],[-74.231959,41.108226,225.0],[-74.232109,41.107997,229.4],[-74.232363,41.107648,232.4],[-74.232463,41.107494,233.6],[-74.232509,41.107288,234.4],[-74.232584,41.107069,235.2],[-74.232564,41.107003,235.6],[-74.232438,41.106902,236.2],[-74.23229,41.106765,237.2],[-74.232257,41.106753,237.2],[-74.232409,41.106671,235.8],[-74.232447,41.106642,235.6],[-74.232484,41.10661,234.8],[-74.232527,41.106582,234.8],[-74.232573,41.106558,234.2],[-74.232613,41.106531,234.2],[-74.232661,41.106495,233.8],[-74.232699,41.106465,233.8],[-74.232736,41.106436,233.6],[-74.232774,41.106402,233.6],[-74.232913,41.106127,233.2],[-74.233066,41.105816,233.0],[-74.233066,41.105816,233.0],[-74.233066,41.105816,233.0],[-74.233094,41.105768,233.0],[-74.233094,41.105768,233.0],[-74.233094,41.105768,233.0],[-74.233224,41.105543,232.6],[-74.233321,41.105375,232.4],[-74.233372,41.105286,232.4],[-74.23342,41.105205,232.8],[-74.233564,41.105027,232.4],[-74.23368,41.10492,232.4],[-74.233779,41.104866,232.4],[-74.233938,41.104821,232.6],[-74.234131,41.104818,233.4],[-74.234223,41.104821,233.8],[-74.234415,41.104805,234.2],[-74.234474,41.104797,234.4],[-74.234619,41.104725,235.0],[-74.234705,41.104668,235.2],[-74.234769,41.104599,235.4],[-74.234834,41.10453,235.4],[-74.234898,41.10445,235.2],[-74.234946,41.104369,236.0],[-74.234946,41.104369,236.0],[-74.234946,41.104369,236.0],[-74.234989,41.104288,236.0],[-74.234989,41.104288,236.0],[-74.234989,41.104288,236.0],[-74.234989,41.104288,236.0],[-74.234989,41.104288,236.0],[-74.234992,41.104288,236.2],[-74.234992,41.104288,236.2],[-74.235134,41.104031,237.5],[-74.235134,41.104031,237.5],[-74.235175,41.104056,236.9],[-74.235338,41.104165,235.1],[-74.235394,41.104258,234.1],[-74.235344,41.104349,233.8],[-74.235273,41.104423,233.8],[-74.235205,41.104499,233.5],[-74.235146,41.10459,233.3],[-74.235086,41.104721,231.9],[-74.235033,41.104834,230.9],[-74.234993,41.104946,229.8],[-74.234934,41.105043,228.9],[-74.234857,41.105096,228.6],[-74.234667,41.105267,227.4],[-74.234627,41.105396,225.7],[-74.234584,41.105503,224.4],[-74.234482,41.105621,223.2],[-74.234357,41.105696,223.9],[-74.234251,41.105872,222.3],[-74.234208,41.105976,220.5],[-74.234216,41.105997,220.0],[-74.234165,41.106053,219.6],[-74.234107,41.106187,218.4],[-74.234074,41.106259,217.8],[-74.233967,41.106407,217.1],[-74.233923,41.106483,216.3],[-74.233814,41.106619,216.1],[-74.233756,41.106718,214.9],[-74.233623,41.106944,212.3],[-74.233563,41.107016,212.4],[-74.233508,41.10714,211.8],[-74.233461,41.107207,211.7],[-74.233421,41.107265,211.5],[-74.233406,41.107363,209.9],[-74.23339,41.107597,206.8],[-74.23341,41.107703,205.4],[-74.233416,41.10784,204.4],[-74.233407,41.107931,203.8],[-74.233432,41.108019,202.5],[-74.23345,41.108036,202.0],[-74.233474,41.108049,201.5],[-74.23344,41.108103,201.5],[-74.233424,41.108142,201.3],[-74.233418,41.108338,199.5],[-74.233431,41.108477,198.3],[-74.233465,41.10858,198.1],[-74.233526,41.108684,197.6],[-74.233601,41.108825,197.6],[-74.233712,41.108881,196.7],[-74.233811,41.108888,195.5],[-74.23433,41.108809,192.7],[-74.234485,41.108757,191.7],[-74.234524,41.108702,190.8],[-74.234524,41.108702,190.8],[-74.23452,41.108704,190.9],[-74.234554,41.108655,190.1],[-74.234575,41.108607,189.5],[-74.2347,41.108312,186.3],[-74.234945,41.107996,184.7],[-74.235026,41.10794,184.3],[-74.235101,41.107879,183.7],[-74.235176,41.107811,183.2],[-74.23524,41.107738,182.7],[-74.235518,41.107406,181.9],[-74.235597,41.107325,181.9],[-74.236066,41.107061,180.2],[-74.236378,41.106942,180.9],[-74.236382,41.106941,180.9],[-74.236382,41.106938,180.9],[-74.236416,41.106928,180.4],[-74.236416,41.106928,180.4],[-74.236416,41.106928,180.4],[-74.236413,41.106932,180.5],[-74.236481,41.106913,179.5],[-74.236593,41.106897,178.3],[-74.236701,41.106901,177.4],[-74.236803,41.106913,176.4],[-74.23691,41.106934,175.4],[-74.237017,41.106954,174.6],[-74.23713,41.10697,174.1],[-74.237242,41.10697,173.5],[-74.237355,41.106974,173.1],[-74.237462,41.106978,172.8],[-74.237586,41.106978,172.2],[-74.237704,41.106974,171.7],[-74.237822,41.106962,171.4],[-74.237929,41.106962,171.4],[-74.238315,41.106982,170.1],[-74.238428,41.106982,170.0],[-74.238535,41.10699,169.7],[-74.238643,41.107006,169.1],[-74.23875,41.10703,168.5],[-74.238857,41.107067,167.5],[-74.238954,41.107099,166.7],[-74.239758,41.107267,166.0],[-74.240005,41.107324,164.8],[-74.240164,41.107375,163.9],[-74.240292,41.1075,163.5],[-74.240327,41.10756,163.4],[-74.24034,41.1076,163.3],[-74.240354,41.107641,163.3],[-74.240364,41.107681,163.5],[-74.240378,41.107722,163.7],[-74.240424,41.107888,164.4],[-74.240424,41.107888,164.4],[-74.240424,41.107888,164.4],[-74.240428,41.107888,164.4],[-74.240428,41.107888,164.4],[-74.240428,41.107888,164.4],[-74.240485,41.108097,164.3],[-74.240635,41.108574,163.1],[-74.240753,41.108946,162.1],[-74.240794,41.1092,160.4],[-74.240848,41.109304,160.1],[-74.240848,41.109304,160.1],[-74.240848,41.109304,160.1],[-74.240956,41.109269,161.1],[-74.240956,41.109269,161.1],[-74.240956,41.109269,161.1],[-74.241005,41.109402,160.7],[-74.241101,41.109662,159.7],[-74.241197,41.109922,159.5],[-74.241293,41.110181,158.0],[-74.241389,41.110441,158.0],[-74.241389,41.110441,158.0],[-74.241389,41.110441,158.0],[-74.241485,41.110701,158.0],[-74.241485,41.110701,158.0],[-74.241485,41.110701,158.0],[-74.241485,41.110701,158.0],[-74.24142,41.110753,157.6],[-74.241175,41.110949,158.4],[-74.240929,41.111145,159.1],[-74.240929,41.111145,159.1],[-74.240929,41.111145,159.1],[-74.240684,41.111342,161.5],[-74.240684,41.111342,161.5],[-74.240763,41.11135,159.8],[-74.240761,41.111362,159.8],[-74.240794,41.111482,159.6],[-74.240855,41.111581,159.0],[-74.24102,41.111591,158.2],[-74.241248,41.111672,157.4],[-74.241373,41.111739,157.0],[-74.241472,41.11181,156.6],[-74.241519,41.11193,156.6],[-74.241554,41.112028,157.2],[-74.24161,41.112233,158.2],[-74.241545,41.112332,158.4],[-74.241518,41.112425,158.8],[-74.241496,41.112557,159.2],[-74.241431,41.1128,159.6],[-74.241367,41.113026,160.0],[-74.241303,41.11322,160.2],[-74.241269,41.11326,160.2],[-74.241269,41.11326,160.2],[-74.241179,41.113366,160.6],[-74.241276,41.113531,160.4],[-74.241439,41.113679,160.4],[-74.241447,41.113798,160.4],[-74.241388,41.113932,160.8],[-74.241185,41.114077,161.4],[-74.241024,41.114311,164.0],[-74.240867,41.114558,165.0],[-74.24086,41.114845,165.4],[-74.24083,41.115055,166.0],[-74.240788,41.115273,168.6],[-74.240809,41.115576,169.0],[-74.240751,41.115889,169.4],[-74.240691,41.116098,169.6],[-74.240739,41.116184,169.0],[-74.240691,41.116441,169.2],[-74.240525,41.116651,169.8],[-74.240538,41.116831,168.8],[-74.240401,41.11689,168.8],[-74.24024,41.117084,168.2],[-74.240167,41.117259,168.2],[-74.240194,41.11731,168.2],[-74.240207,41.117361,168.0],[-74.240237,41.11744,168.8],[-74.24026,41.11749,169.4],[-74.240254,41.117539,170.4],[-74.240264,41.117563,170.4],[-74.240268,41.117589,170.6],[-74.240294,41.117635,170.6],[-74.240304,41.117673,170.6],[-74.240331,41.117705,170.6],[-74.240359,41.117759,170.8],[-74.240398,41.117809,170.8],[-74.240414,41.117857,170.8],[-74.240432,41.117895,170.8],[-74.240453,41.117933,171.0],[-74.240453,41.117993,171.0],[-74.240442,41.118015,171.0],[-74.24042,41.118047,171.2],[-74.240412,41.118094,171.2],[-74.240385,41.118156,171.6],[-74.240367,41.118238,172.8],[-74.240324,41.118355,173.2],[-74.240288,41.11844,173.2],[-74.240239,41.118515,173.6],[-74.24017,41.118584,173.8],[-74.240091,41.118676,173.8],[-74.240018,41.118768,173.6],[-74.239942,41.118874,173.6],[-74.239861,41.118952,172.6],[-74.239749,41.119051,171.4],[-74.239664,41.119119,171.0],[-74.239613,41.119175,170.6],[-74.239493,41.119235,170.4],[-74.239443,41.119266,169.8],[-74.23945,41.11931,169.8],[-74.239483,41.11939,168.0],[-74.239429,41.119401,168.0],[-74.23931,41.11948,168.6],[-74.239176,41.119606,169.4],[-74.23906,41.119865,173.4],[-74.239014,41.120034,174.0],[-74.239001,41.120082,174.0],[-74.238148,41.120127,180.2],[-74.237943,41.120164,181.2],[-74.237479,41.120288,184.6],[-74.237,41.120408,188.6],[-74.236166,41.12054,190.2],[-74.235585,41.120596,192.0],[-74.235458,41.120608,192.2],[-74.234676,41.120688,195.4],[-74.234198,41.120787,195.8],[-74.234032,41.120851,196.0],[-74.234031,41.120851,196.0],[-74.234031,41.120851,196.0],[-74.234029,41.120849,195.9],[-74.234029,41.120849,195.9],[-74.234029,41.120849,195.9],[-74.23374,41.121016,197.2],[-74.233567,41.121239,196.6],[-74.233507,41.121488,196.5],[-74.233541,41.121831,196.6],[-74.23362,41.122106,196.0],[-74.233767,41.122544,196.5],[-74.233853,41.122693,194.8],[-74.233902,41.12297,193.9],[-74.233902,41.123041,193.9],[-74.233852,41.123207,194.6],[-74.233763,41.123482,194.3],[-74.2337,41.123672,194.1],[-74.233595,41.124059,194.4],[-74.233535,41.124388,195.4],[-74.233486,41.124578,194.9],[-74.23347,41.12466,195.3],[-74.233477,41.124754,195.6],[-74.233488,41.1249,196.4],[-74.233751,41.125403,202.3],[-74.233945,41.125626,204.8],[-74.234129,41.125811,205.3],[-74.234129,41.125811,205.3],[-74.234129,41.125811,205.3],[-74.234168,41.125832,205.0],[-74.234168,41.125832,205.0],[-74.234168,41.125832,205.0],[-74.234167,41.125836,205.1],[-74.234128,41.125815,205.4],[-74.233944,41.12563,204.8],[-74.23375,41.125407,202.4],[-74.23379,41.125565,205.1],[-74.233993,41.125867,209.2],[-74.234182,41.126146,211.6],[-74.234305,41.126641,221.2],[-74.234343,41.126709,222.4],[-74.234463,41.126785,223.5],[-74.234636,41.12684,224.9],[-74.234784,41.126995,229.0],[-74.234846,41.126973,228.7],[-74.234908,41.126959,228.5],[-74.234964,41.126948,228.5],[-74.23502,41.126946,228.2],[-74.235085,41.126948,227.1],[-74.235144,41.126956,226.2],[-74.235205,41.126975,225.6],[-74.235259,41.126995,225.1],[-74.235305,41.127019,225.1],[-74.235353,41.12705,225.3],[-74.235404,41.12707,225.3],[-74.235404,41.12707,225.3],[-74.235404,41.12707,225.3],[-74.235408,41.127072,225.3],[-74.235408,41.127072,225.3],[-74.235408,41.127072,225.3],[-74.235414,41.12707,225.2],[-74.235458,41.127088,225.1],[-74.235509,41.127108,225.0],[-74.235571,41.127132,224.8],[-74.235616,41.127157,224.5],[-74.235667,41.127183,224.1],[-74.235718,41.127207,223.7],[-74.235766,41.127235,223.5],[-74.235812,41.12726,223.2],[-74.235858,41.127288,223.0],[-74.235901,41.127318,222.9],[-74.235952,41.12734,222.4],[-74.236,41.127363,222.1],[-74.236056,41.127391,221.9],[-74.236107,41.127411,221.5],[-74.236161,41.127419,220.8],[-74.236231,41.127429,219.9],[-74.236287,41.127437,219.1],[-74.236346,41.127441,218.2],[-74.236402,41.127445,217.3],[-74.236464,41.127458,216.6],[-74.236523,41.127458,215.8],[-74.236855,41.127492,213.6],[-74.236888,41.127492,213.6],[-74.236924,41.127492,213.5],[-74.236965,41.127492,213.5],[-74.236996,41.127492,213.5],[-74.237034,41.127488,213.5],[-74.237066,41.127481,213.4],[-74.237151,41.127528,213.6],[-74.237215,41.127585,213.8],[-74.237224,41.127593,213.8],[-74.237298,41.127631,214.0],[-74.237346,41.127656,214.2],[-74.237416,41.127702,214.8],[-74.237462,41.127728,215.0],[-74.237513,41.127782,215.5],[-74.237695,41.128043,217.0],[-74.237719,41.128175,218.2],[-74.237863,41.12831,218.2],[-74.238006,41.128444,217.5],[-74.238111,41.128525,216.8],[-74.238111,41.128525,216.8],[-74.238111,41.128525,216.8],[-74.238152,41.128556,216.5],[-74.238152,41.128556,216.5],[-74.238152,41.128556,216.5],[-74.238147,41.128557,216.6],[-74.238458,41.128786,213.9],[-74.238546,41.128907,213.2],[-74.238545,41.129099,213.8],[-74.238567,41.129185,213.2],[-74.238557,41.129287,213.2],[-74.238598,41.129334,212.2],[-74.238698,41.129346,210.9],[-74.238743,41.129307,210.6],[-74.238789,41.129213,210.2],[-74.238866,41.12918,209.3],[-74.238943,41.129201,208.3],[-74.23897,41.129285,207.9],[-74.238768,41.129636,208.0],[-74.238585,41.129911,207.7],[-74.238349,41.13017,208.2],[-74.238074,41.13046,209.2],[-74.238081,41.130574,207.9],[-74.238137,41.130601,206.7],[-74.238194,41.130575,206.1],[-74.238248,41.130458,206.2],[-74.23835,41.130425,204.6],[-74.238403,41.130458,203.4],[-74.238374,41.13059,203.0],[-74.238295,41.130687,203.6],[-74.238246,41.130827,202.3],[-74.238284,41.130908,200.6],[-74.238397,41.130966,198.2],[-74.23838,41.131057,198.0],[-74.238355,41.131198,197.9],[-74.23833,41.131321,198.1],[-74.238403,41.131364,197.0],[-74.238442,41.131555,196.2],[-74.238387,41.131631,196.2],[-74.238445,41.131675,195.0],[-74.238532,41.131647,194.2],[-74.2386,41.131607,193.6],[-74.238667,41.131409,193.2],[-74.238727,41.131391,192.3],[-74.238791,41.131437,191.2],[-74.238864,41.131574,189.4],[-74.238945,41.131728,188.0],[-74.23902,41.131722,186.6],[-74.239074,41.131655,185.7],[-74.239128,41.131665,184.7],[-74.239214,41.131752,183.2],[-74.239242,41.131852,182.5],[-74.239277,41.131992,181.3],[-74.239244,41.13208,181.6],[-74.23933,41.132191,179.5],[-74.239373,41.132297,178.3],[-74.239457,41.132321,176.9],[-74.239538,41.132279,175.4],[-74.239698,41.132056,173.5],[-74.23982,41.132001,171.7],[-74.239895,41.132029,170.5],[-74.239921,41.132238,169.0],[-74.239874,41.132334,169.0],[-74.239821,41.132452,168.8],[-74.239818,41.132534,168.2],[-74.239818,41.132534,168.2],[-74.239818,41.132534,168.2],[-74.239808,41.132568,168.0],[-74.239808,41.132568,168.0],[-74.239808,41.132568,168.0],[-74.239811,41.132568,169.8],[-74.239781,41.132673,168.8],[-74.239751,41.132762,169.6],[-74.239796,41.132762,168.2],[-74.23985,41.132684,168.8],[-74.239884,41.132698,167.4],[-74.239895,41.132785,166.2],[-74.239823,41.132908,166.4],[-74.239704,41.133079,166.6],[-74.239133,41.133777,171.4],[-74.238882,41.133918,172.6],[-74.2387,41.133969,173.2],[-74.238537,41.134019,173.8],[-74.238079,41.134167,175.0],[-74.237683,41.134303,177.6],[-74.237212,41.13455,178.8],[-74.236878,41.134741,180.0],[-74.236567,41.135016,180.6],[-74.236245,41.135412,185.4],[-74.236018,41.135895,184.8],[-74.235889,41.136066,186.6],[-74.23553,41.136449,189.0],[-74.235352,41.136518,189.6],[-74.235092,41.136547,190.2],[-74.234796,41.136496,191.0],[-74.234613,41.13639,192.2],[-74.234282,41.136214,192.8],[-74.234038,41.136082,193.4],[-74.233849,41.136057,193.8],[-74.233659,41.136063,194.0],[-74.233438,41.136146,193.6],[-74.233104,41.136219,193.8],[-74.233056,41.135997,197.4],[-74.23297,41.135999,197.8],[-74.232873,41.135993,198.0],[-74.232421,41.135949,197.6],[-74.232421,41.135949,197.6],[-74.232421,41.135949,197.6],[-74.232395,41.135998,197.6],[-74.232395,41.135998,197.6],[-74.232395,41.135998,197.6],[-74.23213,41.13649,195.6],[-74.232057,41.136626,200.2],[-74.232036,41.136668,201.2],[-74.23192,41.136898,202.2],[-74.231932,41.137015,202.6],[-74.231883,41.137026,202.6],[-74.23177,41.137039,202.0],[-74.231737,41.137325,202.6],[-74.231722,41.137378,202.8],[-74.231654,41.137462,202.6],[-74.231597,41.13749,202.6],[-74.231645,41.137566,203.0],[-74.231671,41.137663,203.2],[-74.231718,41.138034,203.7],[-74.231736,41.137998,203.3],[-74.231767,41.137997,202.9],[-74.231796,41.137973,202.0],[-74.231908,41.137935,201.0],[-74.231972,41.137894,202.0],[-74.232053,41.137776,201.0],[-74.232063,41.137666,204.0],[-74.232096,41.13761,200.0],[-74.232111,41.1375,204.4],[-74.232127,41.137491,204.0],[-74.232106,41.137394,202.0],[-74.232112,41.137296,201.0],[-74.232133,41.137267,200.0],[-74.232137,41.137219,201.0],[-74.232163,41.137178,204.0],[-74.232178,41.137111,204.0],[-74.232199,41.13708,204.0],[-74.232232,41.136889,201.0],[-74.232226,41.136801,200.0],[-74.232248,41.136774,200.0],[-74.232262,41.136706,199.0],[-74.232234,41.136599,196.0],[-74.23221,41.136581,195.0],[-74.23219,41.136548,196.0],[-74.232174,41.136447,196.0],[-74.232213,41.136401,194.0],[-74.23225,41.136399,195.0],[-74.232341,41.136369,196.0],[-74.232432,41.136312,196.0],[-74.232438,41.13635,194.0],[-74.232548,41.13631,192.0],[-74.232663,41.136288,194.0],[-74.232773,41.136252,195.0],[-74.232857,41.136237,194.0],[-74.232969,41.136232,195.0],[-74.233116,41.136169,195.0],[-74.233207,41.13617,195.0],[-74.233187,41.1362,195.6],[-74.233489,41.13612,195.0],[-74.233518,41.136104,196.0],[-74.233521,41.136058,196.4],[-74.233553,41.136053,196.0],[-74.233623,41.136013,196.0],[-74.233657,41.13595,197.9],[-74.233681,41.135984,198.2],[-74.233908,41.136001,196.0],[-74.234087,41.136066,195.0],[-74.234235,41.136166,195.0],[-74.234435,41.13625,192.0],[-74.234532,41.136375,194.0],[-74.234779,41.136504,192.0],[-74.234902,41.136529,190.0],[-74.23492,41.136555,189.0],[-74.235021,41.136566,192.0],[-74.235119,41.136547,191.4],[-74.235139,41.136578,190.0],[-74.235135,41.13662,192.0],[-74.235107,41.136653,192.0],[-74.235115,41.13672,192.0],[-74.235218,41.136739,190.0],[-74.235477,41.136669,186.0],[-74.235574,41.136681,186.0],[-74.235622,41.136674,187.7],[-74.235678,41.136642,186.0],[-74.235727,41.136643,186.0],[-74.235784,41.136699,183.0],[-74.235816,41.136712,182.0],[-74.235859,41.136688,182.0],[-74.235879,41.136661,183.0],[-74.235854,41.136641,183.4],[-74.235903,41.136611,182.0],[-74.235949,41.136611,180.0],[-74.235988,41.136632,180.0],[-74.236074,41.136569,180.0],[-74.236149,41.136552,180.0],[-74.236189,41.136516,178.0],[-74.236243,41.136414,177.0],[-74.236285,41.136416,176.0],[-74.236323,41.136383,174.0],[-74.23642,41.136389,174.0],[-74.236502,41.136378,172.0],[-74.236541,41.136305,171.0],[-74.236547,41.136273,170.0],[-74.23659,41.136232,171.0],[-74.236675,41.136243,170.0],[-74.236766,41.136154,168.0],[-74.236814,41.136078,168.0],[-74.236839,41.136057,168.0],[-74.236941,41.13603,165.0],[-74.236964,41.135959,168.0],[-74.237074,41.135954,165.0],[-74.237157,41.135917,164.0],[-74.23716,41.135887,164.0],[-74.237188,41.135857,164.0],[-74.2372,41.135827,165.0],[-74.237236,41.135822,164.0],[-74.237271,41.13583,164.0],[-74.237378,41.135918,162.0],[-74.237417,41.135908,162.0],[-74.237479,41.13586,162.0],[-74.237517,41.135844,161.0],[-74.237615,41.135884,162.0],[-74.237657,41.135889,162.0],[-74.237723,41.13587,161.0],[-74.23778,41.135867,162.0],[-74.237803,41.135899,161.0],[-74.2378,41.135937,159.0],[-74.237844,41.136001,160.0],[-74.23792,41.136041,160.0],[-74.237997,41.136121,158.0],[-74.238034,41.136129,157.0],[-74.238101,41.136096,156.0],[-74.238134,41.136067,156.0],[-74.238138,41.136031,156.0],[-74.238089,41.135978,156.0],[-74.238093,41.135937,156.0],[-74.238192,41.135883,158.0],[-74.238452,41.135791,156.0],[-74.238559,41.13578,154.0],[-74.238675,41.135723,156.0],[-74.238775,41.135731,156.0],[-74.238907,41.135792,153.0],[-74.239002,41.135801,154.0],[-74.239061,41.135834,153.0],[-74.239101,41.135839,156.0],[-74.239128,41.135854,156.0],[-74.23915,41.135891,153.0],[-74.239157,41.135973,153.0],[-74.239191,41.135997,153.0],[-74.239234,41.136011,153.0],[-74.239269,41.136003,153.0],[-74.239304,41.136017,153.0],[-74.239388,41.136141,151.0],[-74.239566,41.136254,150.0],[-74.239592,41.136323,150.0],[-74.239641,41.136396,150.0],[-74.239695,41.136453,150.0],[-74.239734,41.136459,148.0],[-74.239896,41.13645,147.0],[-74.240032,41.13648,146.0],[-74.240189,41.136446,146.0],[-74.24022,41.136451,146.0],[-74.240326,41.136434,144.0],[-74.240437,41.136434,146.0],[-74.240578,41.136494,144.0],[-74.240703,41.136528,144.0],[-74.24074,41.136529,144.0],[-74.240888,41.13658,145.4],[-74.241011,41.136589,144.0],[-74.24108,41.136604,144.0],[-74.241221,41.1366,144.0],[-74.241287,41.136609,144.0],[-74.241369,41.136602,143.0],[-74.241526,41.136616,144.0],[-74.241563,41.136643,145.5],[-74.241633,41.136606,145.9],[-74.241714,41.13653,144.0],[-74.24181,41.136515,144.7],[-74.241854,41.13651,145.9],[-74.241876,41.136499,146.1],[-74.241905,41.136503,144.0],[-74.241988,41.136463,144.0],[-74.242091,41.136361,150.0],[-74.242123,41.136347,150.0],[-74.242177,41.136292,150.0],[-74.242205,41.136227,148.0],[-74.242298,41.136098,147.0],[-74.242323,41.136117,148.2],[-74.242329,41.136057,148.0],[-74.242385,41.136003,147.0],[-74.242364,41.135999,148.6],[-74.242393,41.135927,145.0],[-74.242518,41.135848,145.0],[-74.242593,41.135838,148.0],[-74.24263,41.135844,147.0],[-74.242666,41.135863,148.0],[-74.242742,41.135867,150.0],[-74.242775,41.135858,150.0],[-74.242837,41.135819,150.0],[-74.24288,41.135826,152.0],[-74.24291,41.135876,152.0],[-74.24293,41.135881,151.0],[-74.24298,41.135867,152.0],[-74.242993,41.135833,151.0],[-74.242959,41.135804,152.0],[-74.242931,41.135736,152.0],[-74.242921,41.135675,151.0],[-74.242862,41.135614,152.0],[-74.242833,41.135545,154.0],[-74.242844,41.135513,152.0],[-74.242819,41.135483,153.0],[-74.242817,41.135382,152.0],[-74.242855,41.135323,150.0],[-74.243003,41.135252,150.0],[-74.243023,41.135185,150.0],[-74.243079,41.13512,152.0],[-74.243103,41.135077,152.0],[-74.243217,41.135023,154.0],[-74.243326,41.134916,156.4],[-74.243351,41.134853,156.0],[-74.243404,41.134785,152.0],[-74.243457,41.134743,154.0],[-74.243501,41.134691,152.0],[-74.243516,41.134729,153.0],[-74.243505,41.134762,154.0],[-74.243476,41.134797,154.0],[-74.243471,41.134833,153.0],[-74.243493,41.13487,156.0],[-74.243525,41.134879,156.0],[-74.24356,41.134861,156.0],[-74.243733,41.134698,158.0],[-74.243776,41.13467,158.0],[-74.243866,41.134686,159.0],[-74.2439,41.134673,159.0],[-74.243944,41.134688,159.0],[-74.243966,41.13472,159.0],[-74.243996,41.134735,159.0],[-74.244084,41.134674,159.0],[-74.244267,41.134671,160.0],[-74.244293,41.134642,160.9],[-74.244274,41.134614,160.0],[-74.244296,41.134569,162.0],[-74.244277,41.134489,162.0],[-74.244292,41.134427,160.0],[-74.244286,41.13439,159.0],[-74.244297,41.134358,159.0],[-74.244371,41.134285,160.0],[-74.244437,41.134273,160.0],[-74.244516,41.134208,159.0],[-74.24447,41.134117,160.0],[-74.244452,41.134007,160.0],[-74.244483,41.133977,160.0],[-74.244521,41.133957,159.0],[-74.244536,41.133928,158.0],[-74.244694,41.133791,159.0],[-74.244707,41.13376,156.0],[-74.244699,41.133728,156.0],[-74.244704,41.133686,158.0],[-74.244682,41.133648,156.0],[-74.244742,41.13357,153.0],[-74.244849,41.133518,154.0],[-74.244899,41.13353,154.0],[-74.24502,41.133618,152.0],[-74.245053,41.133654,152.0],[-74.245154,41.133722,154.0],[-74.245178,41.133748,153.0],[-74.245183,41.13378,152.0],[-74.245205,41.133809,154.0],[-74.24526,41.133837,154.0],[-74.24534,41.133854,153.0],[-74.245383,41.133872,154.0],[-74.245413,41.133898,152.0],[-74.245525,41.133877,152.0],[-74.245566,41.133885,153.0],[-74.245595,41.13391,153.0],[-74.245613,41.133943,154.0],[-74.245642,41.133963,155.3],[-74.245746,41.134,156.0],[-74.245924,41.133963,155.9],[-74.245952,41.13396,155.0],[-74.246,41.133972,154.0],[-74.24606,41.13402,154.0],[-74.246079,41.134052,153.0],[-74.246316,41.134142,153.0],[-74.246339,41.134162,152.0],[-74.246381,41.134176,153.0],[-74.246395,41.134208,153.0],[-74.246459,41.13422,155.0],[-74.24655,41.134262,156.0],[-74.246659,41.134332,156.0],[-74.246769,41.134355,155.0],[-74.246814,41.134343,156.0],[-74.246914,41.13436,156.0],[-74.246967,41.134385,159.1],[-74.247052,41.134369,156.0],[-74.247259,41.134383,161.0],[-74.247315,41.1344,164.0],[-74.247358,41.134397,164.0],[-74.247677,41.134464,158.0],[-74.247755,41.134456,156.0],[-74.247848,41.134507,157.0],[-74.247952,41.134524,159.0],[-74.247974,41.134553,158.0],[-74.247985,41.134595,160.0],[-74.248016,41.134621,158.0],[-74.247994,41.134684,156.0],[-74.248096,41.134838,157.0],[-74.248191,41.134921,154.0],[-74.248277,41.134966,155.0],[-74.248309,41.135,155.4],[-74.248259,41.135019,156.5],[-74.248336,41.135042,155.8],[-74.24835,41.135071,154.0],[-74.24844,41.135122,154.0],[-74.248455,41.135149,157.0],[-74.248449,41.135226,156.0],[-74.248476,41.135262,158.5],[-74.248475,41.135375,155.0],[-74.248522,41.135399,156.0],[-74.248568,41.135398,153.0],[-74.248603,41.135356,154.0],[-74.24868,41.135204,155.0],[-74.24869,41.135137,153.0],[-74.248723,41.135127,152.0],[-74.248761,41.135129,152.0],[-74.248845,41.135175,150.0],[-74.248947,41.135335,150.0],[-74.248955,41.135365,149.0],[-74.248998,41.13539,151.0],[-74.248989,41.135414,151.0],[-74.24904,41.135482,148.0],[-74.249056,41.135531,146.0],[-74.249091,41.135552,148.0],[-74.249121,41.135586,150.0],[-74.249104,41.135645,148.0],[-74.249102,41.135696,147.0],[-74.249058,41.1358,146.0],[-74.249027,41.135834,146.0],[-74.249015,41.135869,144.0],[-74.249024,41.135899,145.0],[-74.248882,41.136193,150.0],[-74.248872,41.136242,151.0],[-74.248907,41.136325,150.0],[-74.249017,41.136403,148.0],[-74.249052,41.136528,148.0],[-74.249134,41.13665,150.0],[-74.249106,41.136707,146.0],[-74.249188,41.136963,148.0],[-74.249164,41.137033,146.0],[-74.249132,41.137068,145.0],[-74.249151,41.137175,146.0],[-74.249143,41.137247,144.0],[-74.249163,41.137314,145.9],[-74.249131,41.137309,144.0],[-74.249082,41.13738,144.0],[-74.249069,41.137424,147.0],[-74.24901,41.137473,147.0],[-74.249009,41.137515,152.0],[-74.249024,41.137545,152.0],[-74.249002,41.137673,147.0],[-74.249028,41.137706,150.0],[-74.249007,41.137737,150.0],[-74.249012,41.13787,147.0],[-74.249031,41.137904,149.0],[-74.248946,41.138048,149.0],[-74.248911,41.138058,149.0],[-74.248879,41.138111,148.0],[-74.248816,41.138174,150.0],[-74.248751,41.138291,152.0],[-74.248787,41.138355,152.0],[-74.248766,41.138432,150.0],[-74.248769,41.138532,152.0],[-74.248809,41.138558,147.0],[-74.248828,41.138592,148.0],[-74.248828,41.138631,147.0],[-74.248783,41.138696,150.0],[-74.248783,41.138744,147.0],[-74.248805,41.138801,147.0],[-74.248788,41.138838,144.0],[-74.248686,41.138931,147.0],[-74.248698,41.13902,150.0],[-74.24869,41.139072,149.0],[-74.248642,41.139114,148.0],[-74.24862,41.139233,146.0],[-74.248582,41.13928,145.0],[-74.248582,41.139305,146.0],[-74.248472,41.139452,146.0],[-74.248379,41.139493,145.0],[-74.248346,41.139517,147.0],[-74.248201,41.139667,147.0],[-74.248167,41.139724,147.0],[-74.248132,41.139755,148.0],[-74.248087,41.139775,148.3],[-74.248071,41.139801,144.0],[-74.247987,41.139858,147.0],[-74.24799,41.139899,147.0],[-74.247906,41.139986,145.0],[-74.247766,41.14002,149.0],[-74.247709,41.140082,148.0],[-74.247717,41.140124,146.0],[-74.247789,41.140215,146.0],[-74.247783,41.140254,145.0],[-74.247737,41.140328,147.0],[-74.247707,41.140349,147.0],[-74.247693,41.140382,147.0],[-74.247638,41.140447,148.0],[-74.24746,41.140604,146.0],[-74.247428,41.140667,149.0],[-74.247473,41.140745,147.0],[-74.247481,41.140779,148.0],[-74.247476,41.140823,144.0],[-74.247428,41.140891,150.0],[-74.247372,41.140937,149.0],[-74.247283,41.140958,148.0],[-74.247286,41.141028,150.0],[-74.247337,41.141091,152.0],[-74.247344,41.141147,150.8],[-74.247288,41.141253,148.7],[-74.247228,41.141307,148.0],[-74.247213,41.141333,148.0],[-74.247238,41.141354,148.4],[-74.247192,41.14137,147.0],[-74.247192,41.141401,147.0],[-74.24713,41.141592,147.0],[-74.246938,41.141872,150.0],[-74.24693,41.141979,149.0],[-74.246844,41.142127,148.0],[-74.246758,41.142221,150.0],[-74.246753,41.142269,152.0],[-74.246635,41.142351,150.0],[-74.246594,41.142361,150.0],[-74.246573,41.142388,150.0],[-74.246565,41.142418,150.0],[-74.246576,41.142499,150.0],[-74.246549,41.14256,151.0],[-74.246515,41.142569,148.0],[-74.246433,41.142652,150.0],[-74.246355,41.142711,149.0],[-74.246365,41.142786,150.0],[-74.246328,41.142814,148.0],[-74.246334,41.142969,153.0],[-74.246324,41.143005,152.0],[-74.246299,41.143072,150.0],[-74.246245,41.143122,147.0],[-74.246221,41.143161,144.0],[-74.246191,41.143286,148.0],[-74.24612,41.143368,145.0],[-74.246088,41.14343,145.0],[-74.245976,41.143516,148.3],[-74.245894,41.143551,146.4],[-74.245823,41.143638,143.0],[-74.245724,41.143676,143.0],[-74.245678,41.14371,144.0],[-74.245633,41.143768,144.0],[-74.245561,41.143789,145.0],[-74.24548,41.14379,146.0],[-74.245445,41.143804,146.0],[-74.245409,41.143857,144.0],[-74.245371,41.143868,144.0],[-74.245332,41.143874,146.6],[-74.245263,41.143854,146.0],[-74.245227,41.14386,146.4],[-74.245245,41.143834,146.5],[-74.245186,41.143847,145.0],[-74.245105,41.143848,148.0],[-74.245023,41.143876,148.0],[-74.244852,41.143888,150.0],[-74.244813,41.143908,148.0],[-74.244791,41.143947,149.1],[-74.244757,41.143952,148.0],[-74.244734,41.143984,146.0],[-74.244685,41.144001,145.0],[-74.244683,41.144037,144.0],[-74.244654,41.144095,146.0],[-74.244669,41.144137,145.0],[-74.244656,41.144179,144.0],[-74.244609,41.144206,144.0],[-74.244553,41.144206,144.0],[-74.244467,41.144236,144.0],[-74.244388,41.14424,144.0],[-74.244276,41.144299,144.0],[-74.244123,41.144361,144.0],[-74.244051,41.144427,144.0],[-74.24397,41.144455,142.0],[-74.243911,41.144497,144.0],[-74.243856,41.144558,141.0],[-74.243798,41.144665,144.0],[-74.243717,41.144697,144.0],[-74.243648,41.144755,142.0],[-74.243583,41.14479,142.0],[-74.243458,41.144797,144.5],[-74.243306,41.144848,144.0],[-74.243272,41.144962,145.0],[-74.24322,41.145029,144.0],[-74.243219,41.145067,140.0],[-74.243178,41.145099,139.0],[-74.243025,41.145104,142.0],[-74.242966,41.145123,143.0],[-74.242873,41.145184,143.0],[-74.242834,41.145223,141.0],[-74.242664,41.145314,139.0],[-74.242516,41.145352,140.0],[-74.24243,41.1454,138.0],[-74.242471,41.145414,138.0],[-74.242515,41.145409,136.0],[-74.242586,41.145383,139.0],[-74.242766,41.145385,135.0],[-74.24267,41.145502,136.0],[-74.24259,41.145519,136.0],[-74.242556,41.145538,138.0],[-74.24243,41.145489,135.0],[-74.24238,41.14549,137.6],[-74.242264,41.145459,135.0],[-74.242094,41.145453,142.0],[-74.242067,41.145425,143.0],[-74.241986,41.145407,142.0],[-74.241911,41.145429,141.0],[-74.241868,41.145424,143.0],[-74.241745,41.145387,146.0],[-74.241661,41.145348,147.0],[-74.241641,41.14532,147.0],[-74.241577,41.145298,147.0],[-74.241537,41.145273,146.0],[-74.241421,41.145245,146.0],[-74.241355,41.145246,148.0],[-74.241317,41.145221,148.0],[-74.241273,41.145172,149.0],[-74.241284,41.145137,150.0],[-74.241361,41.145074,149.0],[-74.24141,41.145076,150.0],[-74.2415,41.145099,150.1],[-74.241569,41.145081,147.0],[-74.241623,41.145086,148.1],[-74.241708,41.145113,148.0],[-74.241884,41.145129,148.0],[-74.241955,41.145111,149.0],[-74.242004,41.145117,153.0],[-74.242061,41.145158,152.0],[-74.242094,41.14517,150.0],[-74.242183,41.145151,150.2],[-74.242339,41.145012,152.0],[-74.242452,41.14498,152.0],[-74.242572,41.144876,153.0],[-74.242637,41.144834,155.0],[-74.242673,41.144773,154.0],[-74.242753,41.144709,153.0],[-74.242764,41.144641,154.0],[-74.242793,41.144606,156.0],[-74.242839,41.14458,153.0],[-74.242876,41.144525,155.0],[-74.242909,41.144501,156.0],[-74.242972,41.144486,157.0],[-74.243044,41.14445,156.0],[-74.24311,41.144384,158.0],[-74.24322,41.144308,156.0],[-74.243283,41.144244,159.0],[-74.243368,41.144134,158.0],[-74.243378,41.144191,160.0],[-74.243347,41.144162,162.7],[-74.243429,41.144118,163.3],[-74.243438,41.144085,164.0],[-74.243468,41.144061,164.0],[-74.243484,41.144,163.0],[-74.243521,41.143962,162.0],[-74.243572,41.143936,160.0],[-74.243619,41.143895,162.0],[-74.243654,41.143843,161.0],[-74.243646,41.143811,163.0],[-74.243667,41.143789,164.0],[-74.243823,41.143737,166.0],[-74.243872,41.14369,164.0],[-74.243948,41.143579,172.0],[-74.244024,41.143531,167.0],[-74.244085,41.14346,168.0],[-74.24409,41.143422,168.0],[-74.244148,41.143361,168.0],[-74.24419,41.143333,168.0],[-74.244229,41.143257,168.0],[-74.244214,41.143197,168.0],[-74.244268,41.14313,170.0],[-74.244314,41.143055,172.0],[-74.244301,41.143021,172.0],[-74.244241,41.142965,175.0],[-74.244238,41.142898,176.0],[-74.244293,41.142833,174.0],[-74.2443,41.142797,173.0],[-74.244323,41.142756,176.0],[-74.244388,41.142719,176.0],[-74.244419,41.142667,178.0],[-74.244523,41.142575,176.0],[-74.244579,41.142505,180.0],[-74.244551,41.14247,183.0],[-74.244473,41.14247,182.0],[-74.244281,41.142537,181.0],[-74.244224,41.142578,181.0],[-74.244199,41.142618,183.6],[-74.244029,41.142703,182.0],[-74.243915,41.142838,185.0],[-74.243807,41.14286,185.0],[-74.243679,41.142982,184.0],[-74.243602,41.14299,186.0],[-74.243479,41.14304,188.0],[-74.243392,41.143105,192.0],[-74.243196,41.143177,189.0],[-74.243076,41.143239,189.0],[-74.243039,41.143247,189.5],[-74.243006,41.143239,188.0],[-74.242892,41.143273,190.0],[-74.242855,41.143258,189.0],[-74.242873,41.143223,190.0],[-74.24292,41.143214,192.0],[-74.243003,41.143165,192.0],[-74.243019,41.143116,192.0],[-74.24302,41.143046,194.0],[-74.242947,41.143032,197.1],[-74.242848,41.14307,195.0],[-74.242777,41.14305,197.0],[-74.242714,41.14302,198.0],[-74.242691,41.142994,199.0],[-74.2426,41.142962,198.0],[-74.242574,41.142943,200.0],[-74.242573,41.142896,200.0],[-74.242795,41.14287,202.0],[-74.242896,41.14283,202.0],[-74.242993,41.142727,203.0],[-74.243004,41.142694,204.0],[-74.24306,41.142638,203.0],[-74.243102,41.142571,204.0],[-74.243184,41.142498,206.9],[-74.243236,41.142405,207.0],[-74.243253,41.142282,205.0],[-74.2433,41.142221,204.0],[-74.243321,41.142158,206.0],[-74.243412,41.142059,208.0],[-74.243506,41.142011,208.0],[-74.243586,41.141936,208.0],[-74.243658,41.141901,207.0],[-74.243638,41.14186,207.9],[-74.243669,41.141858,208.0],[-74.243694,41.141837,208.0],[-74.243703,41.141761,207.0],[-74.243757,41.141697,204.0],[-74.243767,41.141634,204.0],[-74.243749,41.141595,204.0],[-74.24376,41.14156,202.0],[-74.243782,41.141537,202.9],[-74.243871,41.141489,204.0],[-74.243963,41.141486,206.2],[-74.244074,41.141508,204.0],[-74.244132,41.141482,204.0],[-74.244169,41.141425,204.0],[-74.244167,41.141352,201.0],[-74.244142,41.141253,204.0],[-74.244161,41.141143,200.0],[-74.244312,41.141036,201.0],[-74.244401,41.141007,201.0],[-74.244487,41.140964,201.0],[-74.244538,41.140858,201.0],[-74.244561,41.14083,200.0],[-74.244567,41.140792,200.0],[-74.244591,41.140762,203.0],[-74.244639,41.14066,204.0],[-74.244701,41.140573,207.1],[-74.244703,41.140543,206.0],[-74.244871,41.140382,208.0],[-74.244886,41.140351,208.0],[-74.244961,41.140312,203.8],[-74.245044,41.140243,201.0],[-74.245129,41.140192,200.0],[-74.24516,41.140156,198.0],[-74.245216,41.140133,198.0],[-74.245338,41.140104,200.0],[-74.245461,41.140097,202.0],[-74.245589,41.139927,207.0],[-74.245599,41.139822,208.0],[-74.245618,41.139791,208.0],[-74.245631,41.139733,208.0],[-74.245627,41.139694,208.0],[-74.245604,41.13966,207.0],[-74.24556,41.139647,208.0],[-74.245509,41.139607,207.0],[-74.24549,41.139544,207.0],[-74.245507,41.13946,204.0],[-74.245497,41.139426,204.0],[-74.245533,41.139377,206.0],[-74.245601,41.139181,206.0],[-74.245679,41.13909,205.0],[-74.245744,41.139054,204.0],[-74.24592,41.138993,200.0],[-74.245928,41.138964,198.0],[-74.245909,41.138921,198.0],[-74.245854,41.138871,200.0],[-74.245842,41.138843,202.0],[-74.245885,41.13879,202.0],[-74.245906,41.138744,200.0],[-74.245908,41.1387,200.0],[-74.245889,41.138638,199.0],[-74.245895,41.138584,198.0],[-74.245836,41.138504,197.0],[-74.245842,41.138433,198.0],[-74.245824,41.138309,198.0],[-74.245848,41.138278,197.0],[-74.245825,41.138164,196.0],[-74.245795,41.138114,196.0],[-74.245804,41.138014,198.0],[-74.245816,41.137979,196.0],[-74.245808,41.137924,196.0],[-74.245813,41.137886,196.0],[-74.245787,41.137779,198.0],[-74.245743,41.137712,197.0],[-74.245719,41.137647,199.0],[-74.245731,41.137566,200.0],[-74.245696,41.137428,201.0],[-74.245716,41.137394,202.0],[-74.245711,41.137354,202.0],[-74.245731,41.137288,201.0],[-74.245758,41.137257,202.0],[-74.245868,41.137245,202.0],[-74.246007,41.137202,201.0],[-74.24607,41.137152,199.0],[-74.246243,41.137161,196.0],[-74.246301,41.13714,195.0],[-74.24642,41.137047,194.0],[-74.246441,41.137023,193.0],[-74.246448,41.13699,191.0],[-74.246481,41.13698,189.0],[-74.246514,41.13695,190.0],[-74.246548,41.136945,191.0],[-74.246653,41.136892,189.0],[-74.246723,41.136834,187.0],[-74.246741,41.136792,185.0],[-74.246836,41.136685,188.0],[-74.24683,41.136647,188.0],[-74.246855,41.136621,185.0],[-74.246863,41.136587,184.0],[-74.246841,41.13655,185.4],[-74.246874,41.13653,184.0],[-74.246894,41.136497,183.0],[-74.247011,41.136397,184.0],[-74.24702,41.136368,184.0],[-74.247048,41.136342,184.0],[-74.247088,41.136145,180.0],[-74.247065,41.135985,180.0],[-74.247087,41.135877,180.0],[-74.247108,41.135855,178.0],[-74.247113,41.135783,178.0],[-74.247026,41.13558,177.0],[-74.247016,41.13552,176.0],[-74.246983,41.135453,174.0],[-74.246982,41.13542,174.0],[-74.246941,41.135371,173.0],[-74.246929,41.135326,173.5],[-74.246874,41.135303,171.0],[-74.246853,41.135274,170.0],[-74.246825,41.135202,168.0],[-74.246839,41.135136,166.0],[-74.246885,41.135064,166.0],[-74.24707,41.1349,165.0],[-74.247032,41.1349,168.0],[-74.247008,41.134851,168.5],[-74.246991,41.134881,167.9],[-74.246802,41.134948,164.0],[-74.246638,41.134986,164.0],[-74.246488,41.135084,168.0],[-74.246452,41.135144,166.2],[-74.246385,41.13535,165.0],[-74.246336,41.135402,166.0],[-74.246258,41.135449,166.0],[-74.246185,41.135451,166.0],[-74.246152,41.135467,166.0],[-74.246083,41.135416,164.0],[-74.246,41.135371,164.0],[-74.245897,41.135386,164.0],[-74.24587,41.135405,162.0],[-74.245853,41.135436,162.0],[-74.245792,41.135476,164.0],[-74.245683,41.135486,167.0],[-74.245617,41.135516,165.0],[-74.24553,41.135531,166.0],[-74.245507,41.13556,166.0],[-74.245489,41.13563,168.0],[-74.245375,41.135786,164.0],[-74.245329,41.135791,165.0],[-74.245216,41.135851,166.0],[-74.245138,41.135923,168.0],[-74.245091,41.13593,167.0],[-74.244891,41.136003,168.0],[-74.244719,41.135997,172.0],[-74.244637,41.135973,172.0],[-74.244559,41.135927,172.0],[-74.244454,41.135895,170.0],[-74.244411,41.135901,168.0],[-74.244342,41.135888,169.0],[-74.244276,41.135911,168.0],[-74.24413,41.135876,165.6],[-74.244112,41.135885,164.0],[-74.244034,41.135876,166.0],[-74.244005,41.13586,165.0],[-74.243973,41.135825,163.0],[-74.243928,41.135805,161.0],[-74.243843,41.135799,160.0],[-74.243532,41.135855,159.0],[-74.243502,41.135878,158.0],[-74.243482,41.135917,159.0],[-74.243488,41.135953,158.0],[-74.243415,41.135963,158.0],[-74.243382,41.135946,159.0],[-74.243358,41.135918,158.0],[-74.243304,41.135914,157.0],[-74.243151,41.135956,154.0],[-74.243136,41.135986,153.0],[-74.243053,41.136052,152.0],[-74.242986,41.136096,150.0],[-74.242885,41.136144,148.0],[-74.242851,41.136169,151.0],[-74.242809,41.136219,152.0],[-74.242753,41.136248,150.0],[-74.242696,41.136298,151.4],[-74.242561,41.136325,149.0],[-74.242469,41.13636,146.0],[-74.242335,41.136369,147.6],[-74.242269,41.136408,147.0],[-74.242205,41.136496,150.0],[-74.24207,41.136549,145.0],[-74.242042,41.136526,145.7],[-74.242016,41.136546,146.0],[-74.24193,41.136545,144.0],[-74.241899,41.136521,144.0],[-74.241827,41.136557,147.0],[-74.241715,41.136549,145.0],[-74.241655,41.136573,147.0],[-74.241624,41.136602,146.0],[-74.241539,41.136634,148.0],[-74.241395,41.13662,143.0],[-74.241359,41.136604,145.0],[-74.241328,41.136623,146.0],[-74.241282,41.136623,146.0],[-74.241189,41.136607,144.0],[-74.241067,41.136609,144.7],[-74.240963,41.136593,143.0],[-74.240922,41.136596,144.0],[-74.240813,41.136566,148.0],[-74.2407,41.136518,148.0],[-74.240549,41.136485,142.0],[-74.240418,41.136442,142.0],[-74.240314,41.136446,143.0],[-74.240164,41.136473,145.0],[-74.240127,41.13649,146.0],[-74.240053,41.136505,146.0],[-74.239898,41.136498,147.0],[-74.239772,41.136453,145.0],[-74.239715,41.136449,146.9],[-74.239661,41.136416,147.0],[-74.239536,41.136271,150.0],[-74.239496,41.136239,150.0],[-74.239484,41.136203,152.3],[-74.239364,41.136139,152.0],[-74.239319,41.13606,150.0],[-74.23924,41.136013,150.0],[-74.239207,41.136027,150.0],[-74.239177,41.136022,153.0],[-74.239148,41.135993,154.0],[-74.239136,41.135954,154.0],[-74.23915,41.135859,156.0],[-74.239134,41.135793,152.0],[-74.239083,41.135733,155.0],[-74.238985,41.13568,156.0],[-74.238963,41.135652,156.0],[-74.238991,41.135586,158.0],[-74.239071,41.135565,159.5],[-74.239146,41.135579,156.0],[-74.239181,41.135573,156.0],[-74.239255,41.135534,156.0],[-74.239304,41.135489,156.0],[-74.239327,41.135329,156.0],[-74.239314,41.135298,159.0],[-74.23905,41.13528,159.0],[-74.2389,41.135224,160.0],[-74.238885,41.135195,162.0],[-74.238854,41.135168,162.0],[-74.238724,41.135113,162.0],[-74.238724,41.135044,162.0],[-74.238735,41.135009,164.0],[-74.238829,41.134946,165.0],[-74.238855,41.134906,164.0],[-74.238833,41.134823,165.0],[-74.238749,41.134808,166.0],[-74.238682,41.134777,165.0],[-74.238447,41.134734,168.0],[-74.238422,41.134709,168.0],[-74.238422,41.13465,168.0],[-74.238466,41.134622,168.0],[-74.238528,41.134561,167.0],[-74.238556,41.134512,165.0],[-74.238553,41.13446,166.0],[-74.238526,41.134434,166.0],[-74.2384,41.134461,168.0],[-74.238316,41.134444,173.0],[-74.238297,41.134395,174.0],[-74.238321,41.134362,172.0],[-74.238413,41.134286,172.0],[-74.238492,41.134186,171.0],[-74.238493,41.13411,171.0],[-74.238539,41.134087,172.3],[-74.23853,41.134031,171.0],[-74.238472,41.13407,174.0],[-74.238378,41.134104,172.0],[-74.238297,41.134122,173.0],[-74.238149,41.134131,175.0],[-74.238079,41.134154,174.0],[-74.237957,41.134217,173.0],[-74.237909,41.134223,174.0],[-74.237956,41.134234,174.0],[-74.237919,41.134252,173.0],[-74.237977,41.134231,174.0],[-74.237868,41.13423,180.0],[-74.237933,41.134254,169.0],[-74.237901,41.134235,177.0],[-74.23786,41.134243,177.0],[-74.23755,41.134382,176.0],[-74.237497,41.134425,177.0],[-74.237356,41.134493,180.0],[-74.237263,41.134569,180.0],[-74.237045,41.134667,182.0],[-74.236959,41.134689,182.0],[-74.236882,41.134729,180.0],[-74.236702,41.134922,180.0],[-74.236702,41.134959,183.0],[-74.236674,41.134994,183.0],[-74.236585,41.135057,183.0],[-74.23657,41.135083,182.0],[-74.236477,41.135174,182.0],[-74.23643,41.13526,186.0],[-74.236362,41.135324,183.0],[-74.236308,41.135428,183.0],[-74.23629,41.135499,186.0],[-74.236259,41.135542,185.0],[-74.236249,41.135581,184.0],[-74.236228,41.135616,186.0],[-74.236175,41.135666,186.0],[-74.236141,41.13578,187.8],[-74.236071,41.135869,185.0],[-74.236051,41.135905,188.0],[-74.236046,41.135953,189.0],[-74.236023,41.13599,188.0],[-74.235964,41.136047,184.0],[-74.235926,41.13605,187.0],[-74.235894,41.136076,186.0],[-74.235682,41.13633,189.0],[-74.235623,41.136381,191.0],[-74.23558,41.1364,192.0],[-74.235454,41.136485,192.0],[-74.235343,41.136519,192.0],[-74.235304,41.136517,192.0],[-74.235183,41.136563,189.0],[-74.235156,41.136549,192.0],[-74.234981,41.136545,192.0],[-74.234827,41.13651,193.0],[-74.234759,41.136481,192.0],[-74.234681,41.136463,193.9],[-74.234562,41.13637,193.2],[-74.234501,41.136361,192.3],[-74.234485,41.136283,192.0],[-74.234425,41.136229,196.0],[-74.234238,41.136148,195.0],[-74.234172,41.136098,198.0],[-74.234046,41.136073,195.0],[-74.233922,41.136034,192.0],[-74.233884,41.136039,195.0],[-74.233774,41.136013,196.0],[-74.23368,41.136025,198.0],[-74.233461,41.136126,196.0],[-74.233381,41.13615,196.0],[-74.233343,41.136176,196.0],[-74.23328,41.136182,194.0],[-74.233192,41.136175,195.0],[-74.233164,41.136164,195.0],[-74.23313,41.136169,195.0],[-74.233062,41.136223,195.0],[-74.232715,41.136267,195.0],[-74.23257,41.136298,194.0],[-74.232321,41.136387,195.0],[-74.232216,41.136455,196.0],[-74.232175,41.136519,196.0],[-74.232218,41.136585,196.0],[-74.232252,41.136733,195.0],[-74.232252,41.136775,198.0],[-74.232227,41.136869,200.0],[-74.232228,41.136943,202.0],[-74.232208,41.137,202.0],[-74.232201,41.137168,204.6],[-74.232153,41.137215,201.0],[-74.232136,41.137251,200.0],[-74.232114,41.137356,202.0],[-74.232116,41.137464,201.0],[-74.232022,41.137891,201.0],[-74.231997,41.137918,200.0],[-74.231862,41.137975,201.0],[-74.231824,41.138009,201.0],[-74.23177,41.138138,203.4],[-74.231772,41.138164,201.0],[-74.231766,41.138153,202.3],[-74.231696,41.137836,200.0],[-74.231671,41.137664,199.1],[-74.231645,41.137567,198.7],[-74.231597,41.137491,198.5],[-74.231654,41.137463,198.4],[-74.231722,41.137379,198.5],[-74.231737,41.137326,198.5],[-74.23177,41.13704,198.3],[-74.231883,41.137027,198.6],[-74.231932,41.137016,198.7],[-74.23192,41.136899,198.3],[-74.232036,41.136669,197.8],[-74.232057,41.136627,197.6],[-74.23213,41.136491,196.7],[-74.232012,41.136376,195.9],[-74.232048,41.136241,195.0],[-74.232049,41.136148,194.9],[-74.232041,41.136054,194.8],[-74.231975,41.135867,194.6],[-74.231946,41.135648,195.2],[-74.231913,41.135571,195.3],[-74.231861,41.135535,195.3],[-74.231951,41.135511,195.7],[-74.231922,41.135484,195.7],[-74.231799,41.135375,196.0],[-74.231589,41.135268,196.3],[-74.231356,41.135229,195.8],[-74.231036,41.135246,197.6],[-74.230665,41.13539,197.2],[-74.23001,41.135624,197.5],[-74.229905,41.135653,197.6],[-74.229904,41.135652,197.6],[-74.229772,41.135688,198.4],[-74.229598,41.135704,198.4],[-74.229385,41.135647,198.2],[-74.229257,41.13557,197.9],[-74.229162,41.135476,198.1],[-74.228997,41.135321,200.0],[-74.228825,41.135219,200.6],[-74.228602,41.135161,199.6],[-74.228393,41.135121,199.5],[-74.227712,41.13508,200.7],[-74.22737,41.134963,200.5],[-74.227025,41.13464,200.9],[-74.226764,41.134467,201.8],[-74.22663,41.134413,202.1],[-74.226496,41.134418,202.0],[-74.226362,41.134452,201.7],[-74.22594,41.134623,203.7],[-74.225538,41.134778,203.3],[-74.225259,41.134829,203.5],[-74.225002,41.134839,204.2],[-74.224614,41.13481,204.3],[-74.224278,41.134709,203.7],[-74.224011,41.134608,203.9],[-74.223692,41.134558,205.4],[-74.223469,41.134589,205.4],[-74.2229,41.134799,206.8],[-74.22248,41.135036,208.4],[-74.22206,41.135316,207.2],[-74.221766,41.135423,207.2],[-74.22134,41.135522,209.1],[-74.221183,41.135599,210.7],[-74.221026,41.135722,211.4],[-74.220638,41.136142,212.1],[-74.220087,41.136311,219.6],[-74.219766,41.136346,224.6],[-74.219416,41.136306,228.9],[-74.219202,41.136235,231.7],[-74.218816,41.135983,232.0],[-74.218816,41.135984,232.0],[-74.218711,41.135915,232.5],[-74.218301,41.135599,234.7],[-74.217922,41.135284,233.3],[-74.217874,41.135047,232.7],[-74.217936,41.134605,230.7],[-74.21814,41.134374,233.2],[-74.218522,41.133968,239.6],[-74.218779,41.133621,238.3],[-74.219184,41.133406,240.5],[-74.219445,41.132746,237.6],[-74.219567,41.132267,230.3],[-74.219806,41.131834,223.7],[-74.220079,41.131378,221.8],[-74.220159,41.13115,219.5],[-74.22016,41.131148,219.5],[-74.220251,41.130885,216.3],[-74.220467,41.130527,212.9],[-74.22063,41.129999,208.3],[-74.220721,41.129598,204.6],[-74.220722,41.129226,203.0],[-74.220888,41.128442,198.4],[-74.221885,41.127533,199.7],[-74.222475,41.126934,198.6],[-74.222819,41.126516,198.2],[-74.222885,41.126356,198.6],[-74.222905,41.126235,198.9],[-74.222963,41.126171,199.2],[-74.22313,41.12611,200.7],[-74.223121,41.125954,200.7],[-74.223452,41.12552,204.3],[-74.223741,41.12489,206.9],[-74.223827,41.124601,208.9],[-74.223902,41.124348,209.1],[-74.223963,41.123857,210.4],[-74.22396,41.123583,210.5],[-74.22396,41.123584,210.5],[-74.22396,41.123552,210.5],[-74.223971,41.123128,210.9],[-74.223976,41.12296,210.9],[-74.224025,41.12256,210.2],[-74.224095,41.122347,209.6],[-74.224289,41.122126,208.8],[-74.224648,41.121992,209.1],[-74.224985,41.121901,207.7],[-74.22533,41.121802,209.0],[-74.227187,41.120174,200.2],[-74.227327,41.120052,199.3],[-74.227486,41.119777,198.6],[-74.227998,41.11907,198.5],[-74.228642,41.118553,196.1],[-74.22896,41.118205,196.1],[-74.22896,41.118204,196.1],[-74.229081,41.118072,196.1],[-74.229428,41.117544,194.7],[-74.229852,41.11708,194.5],[-74.230383,41.116621,191.4],[-74.230893,41.1162,191.2],[-74.231341,41.115815,189.1],[-74.231872,41.115212,189.1],[-74.231872,41.115212,189.1],[-74.231927,41.115149,189.0],[-74.232442,41.114657,190.1],[-74.232834,41.114424,189.9],[-74.233143,41.114081,191.4],[-74.233546,41.113708,191.3],[-74.233893,41.113434,189.7],[-74.233861,41.113369,189.1],[-74.233864,41.113368,189.1],[-74.233896,41.113433,189.7],[-74.234013,41.113625,192.9],[-74.234189,41.113946,199.1],[-74.234308,41.114015,201.4],[-74.234441,41.114047,203.0],[-74.23472,41.113986,204.7],[-74.234902,41.113948,205.9],[-74.235225,41.113912,207.7],[-74.235332,41.113903,208.7],[-74.235653,41.113867,212.3],[-74.236132,41.113824,216.5],[-74.236651,41.113803,219.9],[-74.236823,41.113824,220.3],[-74.236981,41.113898,219.5],[-74.237127,41.114051,216.3],[-74.237245,41.114324,213.3],[-74.237116,41.11488,213.4],[-74.237112,41.11488,213.5],[-74.237085,41.114998,213.2],[-74.236849,41.115511,214.8],[-74.236704,41.115893,215.9],[-74.236536,41.116416,216.4],[-74.236521,41.116741,214.3],[-74.2363,41.117449,208.7],[-74.235988,41.117837,205.7],[-74.235937,41.118044,202.7],[-74.234978,41.118658,202.3],[-74.234853,41.11893,201.8],[-74.234791,41.119337,200.2],[-74.234792,41.11934,200.2],[-74.234763,41.119528,199.9],[-74.234741,41.120493,195.3],[-74.234676,41.120689,194.2],[-74.234198,41.120788,195.2],[-74.234032,41.120852,195.8],[-74.233743,41.121019,197.2],[-74.23357,41.121242,196.5],[-74.23351,41.121491,196.5],[-74.233512,41.121511,196.4],[-74.233512,41.121512,196.4],[-74.233544,41.121835,196.6],[-74.233623,41.12211,196.0],[-74.23377,41.122548,196.4],[-74.233856,41.122697,194.8],[-74.233905,41.122974,193.9],[-74.233905,41.123045,193.9],[-74.233855,41.123211,194.5],[-74.233766,41.123486,194.3],[-74.233703,41.123676,194.0],[-74.233598,41.124063,194.4],[-74.233538,41.124392,195.4],[-74.233489,41.124582,194.9],[-74.233473,41.124664,195.3],[-74.23348,41.124758,195.6],[-74.233491,41.124904,196.5],[-74.233513,41.124945,196.9],[-74.233512,41.124944,196.9],[-74.233753,41.125406,202.3],[-74.233793,41.125564,205.0],[-74.233996,41.125866,209.2],[-74.234185,41.126145,211.5],[-74.234308,41.12664,221.1],[-74.234346,41.126708,222.4],[-74.234466,41.126784,223.5],[-74.234639,41.126839,224.9],[-74.234787,41.126994,229.0],[-74.234849,41.126972,228.7],[-74.234911,41.126958,228.5],[-74.234967,41.126947,228.4],[-74.235023,41.126945,228.1],[-74.235088,41.126947,227.0],[-74.235147,41.126955,226.1],[-74.235208,41.126974,225.5],[-74.235262,41.126994,225.0],[-74.235308,41.127018,225.0],[-74.235356,41.127049,225.3],[-74.235407,41.127069,225.2],[-74.235455,41.127089,225.2],[-74.235506,41.127109,225.1],[-74.235568,41.127133,224.8],[-74.235613,41.127158,224.6],[-74.235664,41.127184,224.2],[-74.235715,41.127208,223.8],[-74.235763,41.127236,223.6],[-74.235809,41.127261,223.3],[-74.235855,41.127289,223.1],[-74.235898,41.127319,222.9],[-74.235949,41.127341,222.5],[-74.235997,41.127364,222.1],[-74.236053,41.127392,222.0],[-74.236104,41.127412,221.6],[-74.236158,41.12742,220.9],[-74.236228,41.12743,220.0],[-74.236284,41.127438,219.2],[-74.236343,41.127442,218.3],[-74.236399,41.127446,217.4],[-74.236461,41.127459,216.7],[-74.23652,41.127459,215.8],[-74.236852,41.127493,213.6],[-74.236885,41.127493,213.6],[-74.236921,41.127493,213.5],[-74.236962,41.127493,213.5],[-74.236993,41.127493,213.5],[-74.237031,41.127489,213.5],[-74.237063,41.127482,213.4],[-74.237148,41.127529,213.6],[-74.237212,41.127586,213.8],[-74.237221,41.127594,213.8],[-74.237295,41.127632,214.0],[-74.237343,41.127657,214.2],[-74.237413,41.127703,214.8],[-74.237459,41.127729,215.0],[-74.23751,41.127783,215.5],[-74.23761,41.127926,216.3],[-74.237608,41.127924,216.3],[-74.23769,41.128042,217.0],[-74.237714,41.128174,218.2],[-74.237858,41.128309,218.3],[-74.238001,41.128443,217.6],[-74.238106,41.128524,216.8],[-74.238458,41.128784,213.9],[-74.238546,41.128905,213.2],[-74.238545,41.129097,213.8],[-74.238567,41.129183,213.3],[-74.238557,41.129285,213.2],[-74.238598,41.129332,212.2],[-74.238698,41.129344,210.9],[-74.238743,41.129305,210.6],[-74.238789,41.129211,210.2],[-74.238866,41.129178,209.3],[-74.238943,41.129199,208.3],[-74.23897,41.129283,207.9],[-74.238768,41.129634,208.0],[-74.238585,41.129909,207.7],[-74.238349,41.130168,208.2],[-74.238074,41.130458,209.2],[-74.238081,41.130572,207.9],[-74.238137,41.130599,206.8],[-74.238194,41.130573,206.1],[-74.238248,41.130456,206.2],[-74.23835,41.130423,204.7],[-74.238403,41.130456,203.5],[-74.238374,41.130588,203.0],[-74.238295,41.130685,203.6],[-74.238246,41.130825,202.4],[-74.238284,41.130906,200.7],[-74.238397,41.130964,198.2],[-74.23838,41.131055,198.0],[-74.238355,41.131196,197.9],[-74.23833,41.131319,198.1],[-74.238403,41.131362,197.0],[-74.238442,41.131553,196.2],[-74.238387,41.131629,196.2],[-74.238445,41.131673,195.0],[-74.238532,41.131645,194.2],[-74.2386,41.131605,193.6],[-74.238667,41.131407,193.2],[-74.238727,41.131389,192.3],[-74.238791,41.131435,191.2],[-74.238864,41.131572,189.4],[-74.238945,41.131726,188.0],[-74.23902,41.13172,186.6],[-74.239074,41.131653,185.7],[-74.239128,41.131663,184.7],[-74.239214,41.13175,183.2],[-74.239242,41.13185,182.5],[-74.239277,41.13199,181.3],[-74.239244,41.132078,181.6],[-74.23933,41.132189,179.5],[-74.239373,41.132295,178.3],[-74.239457,41.132319,176.9],[-74.239538,41.132277,175.4],[-74.239698,41.132054,173.5],[-74.23982,41.131999,171.7],[-74.239895,41.132027,170.5],[-74.239921,41.132236,169.0],[-74.239874,41.132332,169.0],[-74.239821,41.13245,168.8],[-74.239818,41.132532,168.2],[-74.239778,41.132672,167.7],[-74.239748,41.132761,167.6],[-74.239793,41.132761,166.6],[-74.239845,41.132686,166.3],[-74.239848,41.132688,166.2],[-74.23985,41.132685,166.2],[-74.239884,41.132699,165.4],[-74.239895,41.132786,164.2],[-74.239823,41.132909,164.5],[-74.239704,41.13308,166.1],[-74.239133,41.133778,168.3],[-74.238882,41.133919,169.8],[-74.2387,41.13397,170.8],[-74.238537,41.13402,171.3],[-74.238079,41.134168,171.8],[-74.237683,41.134304,174.0],[-74.237212,41.134551,176.5],[-74.236878,41.134742,177.8],[-74.236567,41.135017,180.3],[-74.236294,41.135353,182.8],[-74.236296,41.135352,182.7],[-74.236247,41.135412,183.6],[-74.23602,41.135895,184.9],[-74.235891,41.136066,185.9],[-74.235532,41.136449,187.0],[-74.235354,41.136518,186.9],[-74.235094,41.136547,188.1],[-74.234798,41.136496,190.1],[-74.234615,41.13639,190.5],[-74.234284,41.136214,190.4],[-74.23404,41.136082,192.0],[-74.233851,41.136057,192.6],[-74.233661,41.136063,192.9],[-74.23344,41.136146,193.7],[-74.233106,41.136219,194.2],[-74.233058,41.135997,195.8],[-74.232972,41.135999,195.8],[-74.232875,41.135993,195.9],[-74.232539,41.13596,196.2],[-74.232536,41.13596,196.2],[-74.23242,41.135949,196.3],[-74.232129,41.13649,196.7],[-74.232056,41.136626,197.6],[-74.232035,41.136668,197.8],[-74.231919,41.136898,198.3],[-74.231931,41.137015,198.7],[-74.231882,41.137026,198.6],[-74.231769,41.137039,198.3],[-74.231736,41.137325,198.5],[-74.231721,41.137378,198.5],[-74.231653,41.137462,198.4],[-74.231596,41.13749,198.5],[-74.231644,41.137566,198.7],[-74.23167,41.137663,199.1],[-74.231721,41.138009,201.0],[-74.231731,41.138059,201.4],[-74.231739,41.138096,204.8],[-74.231722,41.138009,204.6],[-74.231671,41.137663,203.2],[-74.231645,41.137566,203.0],[-74.231597,41.13749,202.6],[-74.231654,41.137462,202.6],[-74.231722,41.137378,202.8],[-74.231737,41.137325,202.6],[-74.23177,41.137039,202.0],[-74.231883,41.137026,202.6],[-74.231932,41.137015,202.6],[-74.23192,41.136898,202.2],[-74.232036,41.136668,201.2],[-74.232057,41.136626,200.2],[-74.23213,41.13649,195.6],[-74.232012,41.136375,193.6],[-74.232048,41.13624,193.8],[-74.232049,41.136147,194.4],[-74.232041,41.136053,195.8],[-74.231975,41.135866,195.6],[-74.231946,41.135647,194.6],[-74.231913,41.13557,195.0],[-74.231861,41.135534,194.6],[-74.231951,41.13551,195.6],[-74.231922,41.135483,196.6],[-74.231799,41.135374,197.0],[-74.231589,41.135267,198.0],[-74.231356,41.135228,197.4],[-74.231036,41.135245,197.6],[-74.230665,41.135389,196.8],[-74.23001,41.135623,195.6],[-74.229773,41.135688,196.4],[-74.229599,41.135704,199.2],[-74.229386,41.135647,201.2],[-74.229258,41.13557,202.0],[-74.229163,41.135476,203.8],[-74.228998,41.135321,204.6],[-74.228826,41.135219,205.2],[-74.228603,41.135161,204.4],[-74.228394,41.135121,203.6],[-74.227713,41.13508,202.8],[-74.227371,41.134963,203.2],[-74.227026,41.13464,204.2],[-74.226765,41.134467,204.0],[-74.226631,41.134413,204.4],[-74.226497,41.134418,204.4],[-74.226363,41.134452,203.4],[-74.225941,41.134623,205.0],[-74.225539,41.134778,204.2],[-74.22526,41.134829,204.8],[-74.225003,41.134839,205.0],[-74.224615,41.13481,204.8],[-74.224279,41.134709,205.4],[-74.224012,41.134608,205.0],[-74.223693,41.134558,205.4],[-74.22347,41.134589,204.2],[-74.222901,41.134799,203.8],[-74.222481,41.135036,204.4],[-74.222061,41.135316,204.8],[-74.221767,41.135423,206.8],[-74.221341,41.135522,209.6],[-74.221184,41.135599,210.4],[-74.221027,41.135722,210.8],[-74.220639,41.136142,209.4],[-74.220088,41.136311,218.6],[-74.220088,41.136311,218.6],[-74.220088,41.136311,218.6],[-74.219863,41.136336,221.2],[-74.219863,41.136336,221.2],[-74.219863,41.136336,223.2],[-74.219767,41.136346,224.6],[-74.219417,41.136306,228.9],[-74.219203,41.136235,231.7],[-74.218712,41.135914,232.6],[-74.218302,41.135598,234.7],[-74.217923,41.135283,233.3],[-74.217875,41.135046,232.7],[-74.217937,41.134604,230.7],[-74.218141,41.134373,233.2],[-74.218523,41.133967,239.7],[-74.21878,41.13362,238.3],[-74.219185,41.133405,240.6],[-74.219446,41.132745,237.6],[-74.219446,41.132745,237.6],[-74.219446,41.132745,237.6],[-74.219552,41.132328,232.0],[-74.219552,41.132328,232.0],[-74.219552,41.132328,235.4],[-74.219568,41.132266,233.2],[-74.219807,41.131833,225.6],[-74.22008,41.131377,221.0],[-74.220251,41.130886,216.0],[-74.220467,41.130528,214.4],[-74.22063,41.13,210.4],[-74.220721,41.129599,204.8],[-74.220722,41.129227,203.4],[-74.220888,41.128443,199.4],[-74.221885,41.127534,198.6],[-74.222475,41.126935,198.8],[-74.222819,41.126517,198.8],[-74.222885,41.126357,199.0],[-74.222905,41.126236,199.0],[-74.222963,41.126172,200.0],[-74.22313,41.126111,202.4],[-74.223121,41.125955,202.8],[-74.223452,41.125521,207.8],[-74.223741,41.124891,210.2],[-74.223827,41.124602,212.0],[-74.223902,41.124349,212.6],[-74.223963,41.123858,211.6],[-74.22396,41.123552,211.0],[-74.22396,41.123552,211.0],[-74.22396,41.123552,211.0],[-74.223967,41.123299,211.4],[-74.223967,41.123299,211.4],[-74.223967,41.123299,211.4],[-74.223971,41.123128,211.4],[-74.223976,41.12296,211.4],[-74.224025,41.12256,210.6],[-74.224095,41.122347,210.6],[-74.224289,41.122126,208.4],[-74.224648,41.121992,208.2],[-74.224985,41.121901,208.2],[-74.22533,41.121802,208.8],[-74.227187,41.120174,199.6],[-74.2271,41.120111,199.0],[-74.22686,41.11992,198.2],[-74.226799,41.119845,198.4],[-74.226756,41.119724,198.4],[-74.226747,41.119443,199.2],[-74.226873,41.119137,200.4],[-74.226943,41.119008,201.6],[-74.22698,41.118931,202.2],[-74.22705,41.118806,202.2],[-74.227085,41.118724,202.4],[-74.227085,41.118724,202.4],[-74.227085,41.118724,202.4],[-74.227089,41.118725,203.6],[-74.227089,41.118725,203.6],[-74.227089,41.118725,203.6],[-74.227204,41.118457,203.5],[-74.227236,41.118372,204.0],[-74.227252,41.118328,204.2],[-74.227279,41.118195,205.0],[-74.227285,41.118146,205.3],[-74.227459,41.117626,206.9],[-74.227767,41.117128,208.8],[-74.227816,41.117055,209.3],[-74.227864,41.116974,210.3],[-74.227902,41.116889,211.1],[-74.227939,41.116796,211.8],[-74.227971,41.116711,212.2],[-74.227998,41.116623,212.6],[-74.228009,41.116542,213.0],[-74.228057,41.116267,212.9],[-74.228095,41.11619,213.3],[-74.228138,41.116109,213.8],[-74.228181,41.116032,214.4],[-74.228272,41.115543,218.1],[-74.228299,41.115442,218.3],[-74.22832,41.115321,219.6],[-74.228427,41.114852,223.1],[-74.228438,41.114771,223.7],[-74.228449,41.114687,224.2],[-74.228459,41.114606,224.7],[-74.228481,41.114525,225.1],[-74.228513,41.114444,225.6],[-74.228567,41.114343,226.2],[-74.228604,41.114266,227.0],[-74.228647,41.114185,227.8],[-74.228704,41.114128,227.7],[-74.228704,41.114128,227.7],[-74.228704,41.114128,227.7],[-74.228703,41.114129,227.7],[-74.228703,41.114129,227.7],[-74.228703,41.114129,227.7],[-74.228764,41.114069,227.7],[-74.229226,41.113605,232.7],[-74.229495,41.113619,228.6],[-74.229899,41.113561,226.8],[-74.231003,41.113327,221.2],[-74.231201,41.113249,220.7],[-74.231421,41.113084,219.8],[-74.232425,41.11228,212.1],[-74.232857,41.111983,211.8],[-74.233032,41.111827,210.5],[-74.233706,41.111019,208.8],[-74.23399,41.110721,205.8],[-74.234031,41.110612,204.9],[-74.23402,41.109909,204.2],[-74.234019,41.109753,203.1],[-74.234049,41.109587,201.3],[-74.233991,41.109541,201.4],[-74.233943,41.10946,201.1],[-74.233795,41.109444,202.0],[-74.233636,41.109503,203.7],[-74.23362,41.109556,204.5],[-74.233639,41.109649,205.9],[-74.233602,41.109729,207.7],[-74.233521,41.109809,209.4],[-74.233402,41.109826,210.2],[-74.233305,41.109749,209.8],[-74.233237,41.109646,209.0],[-74.233032,41.109511,209.3],[-74.232935,41.109486,209.2],[-74.232691,41.109317,206.9],[-74.232569,41.109443,208.6],[-74.232473,41.10949,209.3],[-74.232243,41.109512,209.7],[-74.231922,41.109457,212.0],[-74.231727,41.109312,212.0],[-74.231543,41.109099,217.4],[-74.231683,41.108808,218.3],[-74.231752,41.108664,217.3],[-74.231752,41.108664,217.3],[-74.231752,41.108664,217.3],[-74.231748,41.108663,217.4],[-74.231748,41.108663,217.4],[-74.231748,41.108663,217.4],[-74.231749,41.108663,218.4],[-74.231959,41.108226,225.0],[-74.232109,41.107997,229.4],[-74.232363,41.107648,232.4],[-74.232463,41.107494,233.6],[-74.232509,41.107288,234.4],[-74.232584,41.107069,235.2],[-74.232564,41.107003,235.6],[-74.232438,41.106902,236.2],[-74.23229,41.106765,237.2],[-74.232257,41.106753,237.2],[-74.232409,41.106671,235.8],[-74.232447,41.106642,235.6],[-74.232484,41.10661,234.8],[-74.232527,41.106582,234.8],[-74.232573,41.106558,234.2],[-74.232613,41.106531,234.2],[-74.232661,41.106495,233.8],[-74.232699,41.106465,233.8],[-74.232736,41.106436,233.6],[-74.232774,41.106402,233.6],[-74.232913,41.106127,233.2],[-74.233066,41.105816,233.0],[-74.233066,41.105816,233.0],[-74.233066,41.105816,233.0],[-74.233094,41.105768,233.0],[-74.233094,41.105768,233.0],[-74.233094,41.105768,233.0],[-74.233224,41.105543,232.6],[-74.233321,41.105375,232.4],[-74.233372,41.105286,232.4],[-74.23342,41.105205,232.8],[-74.233564,41.105027,232.4],[-74.23368,41.10492,232.4],[-74.233779,41.104866,232.4],[-74.233938,41.104821,232.6],[-74.234131,41.104818,233.4],[-74.234223,41.104821,233.8],[-74.234415,41.104805,234.2],[-74.234474,41.104797,234.4],[-74.234619,41.104725,235.0],[-74.234705,41.104668,235.2],[-74.234769,41.104599,235.4],[-74.234834,41.10453,235.4],[-74.234898,41.10445,235.2],[-74.234946,41.104369,236.0],[-74.234946,41.104369,236.0],[-74.234946,41.104369,236.0],[-74.234989,41.104288,236.0],[-74.234989,41.104288,236.0],[-74.234989,41.104288,236.0],[-74.234989,41.104288,236.0],[-74.234989,41.104288,236.0],[-74.234992,41.104288,236.2],[-74.234992,41.104288,236.2],[-74.235134,41.104031,237.5],[-74.235134,41.104031,237.5],[-74.235175,41.104056,236.9],[-74.235338,41.104165,235.1],[-74.235394,41.104258,234.1],[-74.235344,41.104349,233.8],[-74.235273,41.104423,233.8],[-74.235205,41.104499,233.5],[-74.235146,41.10459,233.3],[-74.235086,41.104721,231.9],[-74.235033,41.104834,230.9],[-74.234993,41.104946,229.8],[-74.234934,41.105043,228.9],[-74.234857,41.105096,228.6],[-74.234667,41.105267,227.4],[-74.234627,41.105396,225.7],[-74.234584,41.105503,224.4],[-74.234482,41.105621,223.2],[-74.234357,41.105696,223.9],[-74.234251,41.105872,222.3],[-74.234208,41.105976,220.5],[-74.234216,41.105997,220.0],[-74.234165,41.106053,219.6],[-74.234107,41.106187,218.4],[-74.234074,41.106259,217.8],[-74.233967,41.106407,217.1],[-74.233923,41.106483,216.3],[-74.233814,41.106619,216.1],[-74.233756,41.106718,214.9],[-74.233623,41.106944,212.3],[-74.233563,41.107016,212.4],[-74.233508,41.10714,211.8],[-74.233461,41.107207,211.7],[-74.233421,41.107265,211.5],[-74.233406,41.107363,209.9],[-74.23339,41.107597,206.8],[-74.23341,41.107703,205.4],[-74.233416,41.10784,204.4],[-74.233407,41.107931,203.8],[-74.233432,41.108019,202.5],[-74.23345,41.108036,202.0],[-74.233474,41.108049,201.5],[-74.23344,41.108103,201.5],[-74.233424,41.108142,201.3],[-74.233418,41.108338,199.5],[-74.233431,41.108477,198.3],[-74.233465,41.10858,198.1],[-74.233526,41.108684,197.6],[-74.233601,41.108825,197.6],[-74.233712,41.108881,196.7],[-74.233811,41.108888,195.5],[-74.23433,41.108809,192.7],[-74.234485,41.108757,191.7],[-74.234524,41.108702,190.8],[-74.234524,41.108702,190.8],[-74.23452,41.108704,190.9],[-74.234554,41.108655,190.1],[-74.234575,41.108607,189.5],[-74.2347,41.108312,186.3],[-74.234945,41.107996,184.7],[-74.235026,41.10794,184.3],[-74.235101,41.107879,183.7],[-74.235176,41.107811,183.2],[-74.23524,41.107738,182.7],[-74.235518,41.107406,181.9],[-74.235597,41.107325,181.9],[-74.236066,41.107061,180.2],[-74.236378,41.106942,180.9],[-74.236382,41.106941,180.9],[-74.236382,41.106938,180.9],[-74.236416,41.106928,180.4],[-74.236416,41.106928,180.4],[-74.236416,41.106928,180.4],[-74.236413,41.106932,180.5],[-74.236481,41.106913,179.5],[-74.236593,41.106897,178.3],[-74.236701,41.106901,177.4],[-74.236803,41.106913,176.4],[-74.23691,41.106934,175.4],[-74.237017,41.106954,174.6],[-74.23713,41.10697,174.1],[-74.237242,41.10697,173.5],[-74.237355,41.106974,173.1],[-74.237462,41.106978,172.8],[-74.237586,41.106978,172.2],[-74.237704,41.106974,171.7],[-74.237822,41.106962,171.4],[-74.237929,41.106962,171.4],[-74.238315,41.106982,170.1],[-74.238428,41.106982,170.0],[-74.238535,41.10699,169.7],[-74.238643,41.107006,169.1],[-74.23875,41.10703,168.5],[-74.238857,41.107067,167.5],[-74.238954,41.107099,166.7],[-74.239758,41.107267,166.0],[-74.240005,41.107324,164.8],[-74.240164,41.107375,163.9],[-74.240292,41.1075,163.5],[-74.240327,41.10756,163.4],[-74.24034,41.1076,163.3],[-74.240354,41.107641,163.3],[-74.240364,41.107681,163.5],[-74.240378,41.107722,163.7],[-74.240424,41.107888,164.4],[-74.240424,41.107888,164.4],[-74.240424,41.107888,164.4],[-74.240428,41.107888,164.4],[-74.240428,41.107888,164.4],[-74.240428,41.107888,164.4],[-74.240485,41.108097,164.3],[-74.240635,41.108574,163.1],[-74.240753,41.108946,162.1],[-74.240794,41.1092,160.4],[-74.240848,41.109304,160.1],[-74.240848,41.109304,160.1],[-74.240848,41.109304,160.1],[-74.240956,41.109269,161.1],[-74.240956,41.109269,161.1],[-74.240956,41.109269,161.1],[-74.241005,41.109402,160.7],[-74.241101,41.109662,159.7],[-74.241197,41.109922,159.5],[-74.241293,41.110181,158.0],[-74.241389,41.110441,158.0],[-74.241389,41.110441,158.0],[-74.241389,41.110441,158.0],[-74.241485,41.110701,158.0],[-74.241485,41.110701,158.0],[-74.241485,41.110701,158.0],[-74.241485,41.110701,158.0],[-74.24142,41.110753,157.6],[-74.241175,41.110949,158.4],[-74.240929,41.111145,159.1],[-74.240929,41.111145,159.1],[-74.240929,41.111145,159.1],[-74.240684,41.111342,161.5],[-74.240684,41.111342,161.5],[-74.240763,41.11135,159.8],[-74.240761,41.111362,159.8],[-74.240794,41.111482,159.6],[-74.240855,41.111581,159.0],[-74.24102,41.111591,158.2],[-74.241248,41.111672,157.4],[-74.241373,41.111739,157.0],[-74.241472,41.11181,156.6],[-74.241519,41.11193,156.6],[-74.241554,41.112028,157.2],[-74.24161,41.112233,158.2],[-74.241545,41.112332,158.4],[-74.241518,41.112425,158.8],[-74.241496,41.112557,159.2],[-74.241431,41.1128,159.6],[-74.241367,41.113026,160.0],[-74.241303,41.11322,160.2],[-74.241269,41.11326,160.2],[-74.241269,41.11326,160.2],[-74.241179,41.113366,160.6],[-74.241276,41.113531,160.4],[-74.241439,41.113679,160.4],[-74.241447,41.113798,160.4],[-74.241388,41.113932,160.8],[-74.241185,41.114077,161.4],[-74.241024,41.114311,164.0],[-74.240867,41.114558,165.0],[-74.24086,41.114845,165.4],[-74.24083,41.115055,166.0],[-74.240788,41.115273,168.6],[-74.240809,41.115576,169.0],[-74.240751,41.115889,169.4],[-74.240691,41.116098,169.6],[-74.240739,41.116184,169.0],[-74.240691,41.116441,169.2],[-74.240525,41.116651,169.8],[-74.240538,41.116831,168.8],[-74.240401,41.11689,168.8],[-74.24024,41.117084,168.2],[-74.240167,41.117259,168.2],[-74.240194,41.11731,168.2],[-74.240207,41.117361,168.0],[-74.240237,41.11744,168.8],[-74.24026,41.11749,169.4],[-74.240254,41.117539,170.4],[-74.240264,41.117563,170.4],[-74.240268,41.117589,170.6],[-74.240294,41.117635,170.6],[-74.240304,41.117673,170.6],[-74.240331,41.117705,170.6],[-74.240359,41.117759,170.8],[-74.240398,41.117809,170.8],[-74.240414,41.117857,170.8],[-74.240432,41.117895,170.8],[-74.240453,41.117933,171.0],[-74.240453,41.117993,171.0],[-74.240442,41.118015,171.0],[-74.24042,41.118047,171.2],[-74.240412,41.118094,171.2],[-74.240385,41.118156,171.6],[-74.240367,41.118238,172.8],[-74.240324,41.118355,173.2],[-74.240288,41.11844,173.2],[-74.240239,41.118515,173.6],[-74.24017,41.118584,173.8],[-74.240091,41.118676,173.8],[-74.240018,41.118768,173.6],[-74.239942,41.118874,173.6],[-74.239861,41.118952,172.6],[-74.239749,41.119051,171.4],[-74.239664,41.119119,171.0],[-74.239613,41.119175,170.6],[-74.239493,41.119235,170.4],[-74.239443,41.119266,169.8],[-74.23945,41.11931,169.8],[-74.239483,41.11939,168.0],[-74.239429,41.119401,168.0],[-74.23931,41.11948,168.6],[-74.239176,41.119606,169.4],[-74.23906,41.119865,173.4],[-74.239014,41.120034,174.0],[-74.239001,41.120082,174.0],[-74.238148,41.120127,180.2],[-74.237943,41.120164,181.2],[-74.237479,41.120288,184.6],[-74.237,41.120408,188.6],[-74.236166,41.12054,190.2],[-74.235585,41.120596,192.0],[-74.235458,41.120608,192.2],[-74.234676,41.120688,195.4],[-74.234198,41.120787,195.8],[-74.234032,41.120851,196.0],[-74.234031,41.120851,196.0],[-74.234031,41.120851,196.0],[-74.234029,41.120849,195.9],[-74.234029,41.120849,195.9],[-74.234029,41.120849,195.9],[-74.23374,41.121016,197.2],[-74.233567,41.121239,196.6],[-74.233507,41.121488,196.5],[-74.233541,41.121831,196.6],[-74.23362,41.122106,196.0],[-74.233767,41.122544,196.5],[-74.233853,41.122693,194.8],[-74.233902,41.12297,193.9],[-74.233902,41.123041,193.9],[-74.233852,41.123207,194.6],[-74.233763,41.123482,194.3],[-74.2337,41.123672,194.1],[-74.233595,41.124059,194.4],[-74.233535,41.124388,195.4],[-74.233486,41.124578,194.9],[-74.23347,41.12466,195.3],[-74.233477,41.124754,195.6],[-74.233488,41.1249,196.4],[-74.233751,41.125403,202.3],[-74.233945,41.125626,204.8],[-74.234129,41.125811,205.3],[-74.234129,41.125811,205.3],[-74.234129,41.125811,205.3],[-74.234168,41.125832,205.0],[-74.234168,41.125832,205.0],[-74.234168,41.125832,205.0],[-74.234167,41.125836,205.1],[-74.234128,41.125815,205.4],[-74.233944,41.12563,204.8],[-74.23375,41.125407,202.4],[-74.23379,41.125565,205.1],[-74.233993,41.125867,209.2],[-74.234182,41.126146,211.6],[-74.234305,41.126641,221.2],[-74.234343,41.126709,222.4],[-74.234463,41.126785,223.5],[-74.234636,41.12684,224.9],[-74.234784,41.126995,229.0],[-74.234846,41.126973,228.7],[-74.234908,41.126959,228.5],[-74.234964,41.126948,228.5],[-74.23502,41.126946,228.2],[-74.235085,41.126948,227.1],[-74.235144,41.126956,226.2],[-74.235205,41.126975,225.6],[-74.235259,41.126995,225.1],[-74.235305,41.127019,225.1],[-74.235353,41.12705,225.3],[-74.235404,41.12707,225.3],[-74.235404,41.12707,225.3],[-74.235404,41.12707,225.3],[-74.235408,41.127072,225.3],[-74.235408,41.127072,225.3],[-74.235408,41.127072,225.3],[-74.235414,41.12707,225.2],[-74.235458,41.127088,225.1],[-74.235509,41.127108,225.0],[-74.235571,41.127132,224.8],[-74.235616,41.127157,224.5],[-74.235667,41.127183,224.1],[-74.235718,41.127207,223.7],[-74.235766,41.127235,223.5],[-74.235812,41.12726,223.2],[-74.235858,41.127288,223.0],[-74.235901,41.127318,222.9],[-74.235952,41.12734,222.4],[-74.236,41.127363,222.1],[-74.236056,41.127391,221.9],[-74.236107,41.127411,221.5],[-74.236161,41.127419,220.8],[-74.236231,41.127429,219.9],[-74.236287,41.127437,219.1],[-74.236346,41.127441,218.2],[-74.236402,41.127445,217.3],[-74.236464,41.127458,216.6],[-74.236523,41.127458,215.8],[-74.236855,41.127492,213.6],[-74.236888,41.127492,213.6],[-74.236924,41.127492,213.5],[-74.236965,41.127492,213.5],[-74.236996,41.127492,213.5],[-74.237034,41.127488,213.5],[-74.237066,41.127481,213.4],[-74.237151,41.127528,213.6],[-74.237215,41.127585,213.8],[-74.237224,41.127593,213.8],[-74.237298,41.127631,214.0],[-74.237346,41.127656,214.2],[-74.237416,41.127702,214.8],[-74.237462,41.127728,215.0],[-74.237513,41.127782,215.5],[-74.237695,41.128043,217.0],[-74.237719,41.128175,218.2],[-74.237863,41.12831,218.2],[-74.238006,41.128444,217.5],[-74.238111,41.128525,216.8],[-74.238111,41.128525,216.8],[-74.238111,41.128525,216.8],[-74.238152,41.128556,216.5],[-74.238152,41.128556,216.5],[-74.238152,41.128556,216.5],[-74.238147,41.128557,216.6],[-74.238458,41.128786,213.9],[-74.238546,41.128907,213.2],[-74.238545,41.129099,213.8],[-74.238567,41.129185,213.2],[-74.238557,41.129287,213.2],[-74.238598,41.129334,212.2],[-74.238698,41.129346,210.9],[-74.238743,41.129307,210.6],[-74.238789,41.129213,210.2],[-74.238866,41.12918,209.3],[-74.238943,41.129201,208.3],[-74.23897,41.129285,207.9],[-74.238768,41.129636,208.0],[-74.238585,41.129911,207.7],[-74.238349,41.13017,208.2],[-74.238074,41.13046,209.2],[-74.238081,41.130574,207.9],[-74.238137,41.130601,206.7],[-74.238194,41.130575,206.1],[-74.238248,41.130458,206.2],[-74.23835,41.130425,204.6],[-74.238403,41.130458,203.4],[-74.238374,41.13059,203.0],[-74.238295,41.130687,203.6],[-74.238246,41.130827,202.3],[-74.238284,41.130908,200.6],[-74.238397,41.130966,198.2],[-74.23838,41.131057,198.0],[-74.238355,41.131198,197.9],[-74.23833,41.131321,198.1],[-74.238403,41.131364,197.0],[-74.238442,41.131555,196.2],[-74.238387,41.131631,196.2],[-74.238445,41.131675,195.0],[-74.238532,41.131647,194.2],[-74.2386,41.131607,193.6],[-74.238667,41.131409,193.2],[-74.238727,41.131391,192.3],[-74.238791,41.131437,191.2],[-74.238864,41.131574,189.4],[-74.238945,41.131728,188.0],[-74.23902,41.131722,186.6],[-74.239074,41.131655,185.7],[-74.239128,41.131665,184.7],[-74.239214,41.131752,183.2],[-74.239242,41.131852,182.5],[-74.239277,41.131992,181.3],[-74.239244,41.13208,181.6],[-74.23933,41.132191,179.5],[-74.239373,41.132297,178.3],[-74.239457,41.132321,176.9],[-74.239538,41.132279,175.4],[-74.239698,41.132056,173.5],[-74.23982,41.132001,171.7],[-74.239895,41.132029,170.5],[-74.239921,41.132238,169.0],[-74.239874,41.132334,169.0],[-74.239821,41.132452,168.8],[-74.239818,41.132534,168.2],[-74.239818,41.132534,168.2],[-74.239818,41.132534,168.2],[-74.239808,41.132568,168.0],[-74.239808,41.132568,168.0],[-74.239808,41.132568,168.0],[-74.239811,41.132568,169.8],[-74.239781,41.132673,168.8],[-74.239751,41.132762,169.6],[-74.239796,41.132762,168.2],[-74.23985,41.132684,168.8],[-74.239884,41.132698,167.4],[-74.239895,41.132785,166.2],[-74.239823,41.132908,166.4],[-74.239704,41.133079,166.6],[-74.239133,41.133777,171.4],[-74.238882,41.133918,172.6],[-74.2387,41.133969,173.2],[-74.238537,41.134019,173.8],[-74.238079,41.134167,175.0],[-74.237683,41.134303,177.6],[-74.237212,41.13455,178.8],[-74.236878,41.134741,180.0],[-74.236567,41.135016,180.6],[-74.236245,41.135412,185.4],[-74.236018,41.135895,184.8],[-74.235889,41.136066,186.6],[-74.23553,41.136449,189.0],[-74.235352,41.136518,189.6],[-74.235092,41.136547,190.2],[-74.234796,41.136496,191.0],[-74.234613,41.13639,192.2],[-74.234282,41.136214,192.8],[-74.234038,41.136082,193.4],[-74.233849,41.136057,193.8],[-74.233659,41.136063,194.0],[-74.233438,41.136146,193.6],[-74.233104,41.136219,193.8],[-74.233056,41.135997,197.4],[-74.23297,41.135999,197.8],[-74.232873,41.135993,198.0],[-74.232421,41.135949,197.6],[-74.232421,41.135949,197.6],[-74.232421,41.135949,197.6],[-74.232395,41.135998,197.6],[-74.232395,41.135998,197.6],[-74.232395,41.135998,197.6],[-74.23213,41.13649,195.6],[-74.232057,41.136626,200.2],[-74.232036,41.136668,201.2],[-74.23192,41.136898,202.2],[-74.231932,41.137015,202.6],[-74.231883,41.137026,202.6],[-74.23177,41.137039,202.0],[-74.231737,41.137325,202.6],[-74.231722,41.137378,202.8],[-74.231654,41.137462,202.6],[-74.231597,41.13749,202.6],[-74.231645,41.137566,203.0],[-74.231671,41.137663,203.2],[-74.231718,41.138034,203.7],[-74.231736,41.137998,203.3],[-74.231767,41.137997,202.9],[-74.231796,41.137973,202.0],[-74.231908,41.137935,201.0],[-74.231972,41.137894,202.0],[-74.232053,41.137776,201.0],[-74.232063,41.137666,204.0],[-74.232096,41.13761,200.0],[-74.232111,41.1375,204.4],[-74.232127,41.137491,204.0],[-74.232106,41.137394,202.0],[-74.232112,41.137296,201.0],[-74.232133,41.137267,200.0],[-74.232137,41.137219,201.0],[-74.232163,41.137178,204.0],[-74.232178,41.137111,204.0],[-74.232199,41.13708,204.0],[-74.232232,41.136889,201.0],[-74.232226,41.136801,200.0],[-74.232248,41.136774,200.0],[-74.232262,41.136706,199.0],[-74.232234,41.136599,196.0],[-74.23221,41.136581,195.0],[-74.23219,41.136548,196.0],[-74.232174,41.136447,196.0],[-74.232213,41.136401,194.0],[-74.23225,41.136399,195.0],[-74.232341,41.136369,196.0],[-74.232432,41.136312,196.0],[-74.232438,41.13635,194.0],[-74.232548,41.13631,192.0],[-74.232663,41.136288,194.0],[-74.232773,41.136252,195.0],[-74.232857,41.136237,194.0],[-74.232969,41.136232,195.0],[-74.233116,41.136169,195.0],[-74.233207,41.13617,195.0],[-74.233187,41.1362,195.6],[-74.233489,41.13612,195.0],[-74.233518,41.136104,196.0],[-74.233521,41.136058,196.4],[-74.233553,41.136053,196.0],[-74.233623,41.136013,196.0],[-74.233657,41.13595,197.9],[-74.233681,41.135984,198.2],[-74.233908,41.136001,196.0],[-74.234087,41.136066,195.0],[-74.234235,41.136166,195.0],[-74.234435,41.13625,192.0],[-74.234532,41.136375,194.0],[-74.234779,41.136504,192.0],[-74.234902,41.136529,190.0],[-74.23492,41.136555,189.0],[-74.235021,41.136566,192.0],[-74.235119,41.136547,191.4],[-74.235139,41.136578,190.0],[-74.235135,41.13662,192.0],[-74.235107,41.136653,192.0],[-74.235115,41.13672,192.0],[-74.235218,41.136739,190.0],[-74.235477,41.136669,186.0],[-74.235574,41.136681,186.0],[-74.235622,41.136674,187.7],[-74.235678,41.136642,186.0],[-74.235727,41.136643,186.0],[-74.235784,41.136699,183.0],[-74.235816,41.136712,182.0],[-74.235859,41.136688,182.0],[-74.235879,41.136661,183.0],[-74.235854,41.136641,183.4],[-74.235903,41.136611,182.0],[-74.235949,41.136611,180.0],[-74.235988,41.136632,180.0],[-74.236074,41.136569,180.0],[-74.236149,41.136552,180.0],[-74.236189,41.136516,178.0],[-74.236243,41.136414,177.0],[-74.236285,41.136416,176.0],[-74.236323,41.136383,174.0],[-74.23642,41.136389,174.0],[-74.236502,41.136378,172.0],[-74.236541,41.136305,171.0],[-74.236547,41.136273,170.0],[-74.23659,41.136232,171.0],[-74.236675,41.136243,170.0],[-74.236766,41.136154,168.0],[-74.236814,41.136078,168.0],[-74.236839,41.136057,168.0],[-74.236941,41.13603,165.0],[-74.236964,41.135959,168.0],[-74.237074,41.135954,165.0],[-74.237157,41.135917,164.0],[-74.23716,41.135887,164.0],[-74.237188,41.135857,164.0],[-74.2372,41.135827,165.0],[-74.237236,41.135822,164.0],[-74.237271,41.13583,164.0],[-74.237378,41.135918,162.0],[-74.237417,41.135908,162.0],[-74.237479,41.13586,162.0],[-74.237517,41.135844,161.0],[-74.237615,41.135884,162.0],[-74.237657,41.135889,162.0],[-74.237723,41.13587,161.0],[-74.23778,41.135867,162.0],[-74.237803,41.135899,161.0],[-74.2378,41.135937,159.0],[-74.237844,41.136001,160.0],[-74.23792,41.136041,160.0],[-74.237997,41.136121,158.0],[-74.238034,41.136129,157.0],[-74.238101,41.136096,156.0],[-74.238134,41.136067,156.0],[-74.238138,41.136031,156.0],[-74.238089,41.135978,156.0],[-74.238093,41.135937,156.0],[-74.238192,41.135883,158.0],[-74.238452,41.135791,156.0],[-74.238559,41.13578,154.0],[-74.238675,41.135723,156.0],[-74.238775,41.135731,156.0],[-74.238907,41.135792,153.0],[-74.239002,41.135801,154.0],[-74.239061,41.135834,153.0],[-74.239101,41.135839,156.0],[-74.239128,41.135854,156.0],[-74.23915,41.135891,153.0],[-74.239157,41.135973,153.0],[-74.239191,41.135997,153.0],[-74.239234,41.136011,153.0],[-74.239269,41.136003,153.0],[-74.239304,41.136017,153.0],[-74.239388,41.136141,151.0],[-74.239566,41.136254,150.0],[-74.239592,41.136323,150.0],[-74.239641,41.136396,150.0],[-74.239695,41.136453,150.0],[-74.239734,41.136459,148.0],[-74.239896,41.13645,147.0],[-74.240032,41.13648,146.0],[-74.240189,41.136446,146.0],[-74.24022,41.136451,146.0],[-74.240326,41.136434,144.0],[-74.240437,41.136434,146.0],[-74.240578,41.136494,144.0],[-74.240703,41.136528,144.0],[-74.24074,41.136529,144.0],[-74.240888,41.13658,145.4],[-74.241011,41.136589,144.0],[-74.24108,41.136604,144.0],[-74.241221,41.1366,144.0],[-74.241287,41.136609,144.0],[-74.241369,41.136602,143.0],[-74.241526,41.136616,144.0],[-74.241563,41.136643,145.5],[-74.241633,41.136606,145.9],[-74.241714,41.13653,144.0],[-74.24181,41.136515,144.7],[-74.241854,41.13651,145.9],[-74.241876,41.136499,146.1],[-74.241905,41.136503,144.0],[-74.241988,41.136463,144.0],[-74.242091,41.136361,150.0],[-74.242123,41.136347,150.0],[-74.242177,41.136292,150.0],[-74.242205,41.136227,148.0],[-74.242298,41.136098,147.0],[-74.242323,41.136117,148.2],[-74.242329,41.136057,148.0],[-74.242385,41.136003,147.0],[-74.242364,41.135999,148.6],[-74.242393,41.135927,145.0],[-74.242518,41.135848,145.0],[-74.242593,41.135838,148.0],[-74.24263,41.135844,147.0],[-74.242666,41.135863,148.0],[-74.242742,41.135867,150.0],[-74.242775,41.135858,150.0],[-74.242837,41.135819,150.0],[-74.24288,41.135826,152.0],[-74.24291,41.135876,152.0],[-74.24293,41.135881,151.0],[-74.24298,41.135867,152.0],[-74.242993,41.135833,151.0],[-74.242959,41.135804,152.0],[-74.242931,41.135736,152.0],[-74.242921,41.135675,151.0],[-74.242862,41.135614,152.0],[-74.242833,41.135545,154.0],[-74.242844,41.135513,152.0],[-74.242819,41.135483,153.0],[-74.242817,41.135382,152.0],[-74.242855,41.135323,150.0],[-74.243003,41.135252,150.0],[-74.243023,41.135185,150.0],[-74.243079,41.13512,152.0],[-74.243103,41.135077,152.0],[-74.243217,41.135023,154.0],[-74.243326,41.134916,156.4],[-74.243351,41.134853,156.0],[-74.243404,41.134785,152.0],[-74.243457,41.134743,154.0],[-74.243501,41.134691,152.0],[-74.243516,41.134729,153.0],[-74.243505,41.134762,154.0],[-74.243476,41.134797,154.0],[-74.243471,41.134833,153.0],[-74.243493,41.13487,156.0],[-74.243525,41.134879,156.0],[-74.24356,41.134861,156.0],[-74.243733,41.134698,158.0],[-74.243776,41.13467,158.0],[-74.243866,41.134686,159.0],[-74.2439,41.134673,159.0],[-74.243944,41.134688,159.0],[-74.243966,41.13472,159.0],[-74.243996,41.134735,159.0],[-74.244084,41.134674,159.0],[-74.244267,41.134671,160.0],[-74.244293,41.134642,160.9],[-74.244274,41.134614,160.0],[-74.244296,41.134569,162.0],[-74.244277,41.134489,162.0],[-74.244292,41.134427,160.0],[-74.244286,41.13439,159.0],[-74.244297,41.134358,159.0],[-74.244371,41.134285,160.0],[-74.244437,41.134273,160.0],[-74.244516,41.134208,159.0],[-74.24447,41.134117,160.0],[-74.244452,41.134007,160.0],[-74.244483,41.133977,160.0],[-74.244521,41.133957,159.0],[-74.244536,41.133928,158.0],[-74.244694,41.133791,159.0],[-74.244707,41.13376,156.0],[-74.244699,41.133728,156.0],[-74.244704,41.133686,158.0],[-74.244682,41.133648,156.0],[-74.244742,41.13357,153.0],[-74.244849,41.133518,154.0],[-74.244899,41.13353,154.0],[-74.24502,41.133618,152.0],[-74.245053,41.133654,152.0],[-74.245154,41.133722,154.0],[-74.245178,41.133748,153.0],[-74.245183,41.13378,152.0],[-74.245205,41.133809,154.0],[-74.24526,41.133837,154.0],[-74.24534,41.133854,153.0],[-74.245383,41.133872,154.0],[-74.245413,41.133898,152.0],[-74.245525,41.133877,152.0],[-74.245566,41.133885,153.0],[-74.245595,41.13391,153.0],[-74.245613,41.133943,154.0],[-74.245642,41.133963,155.3],[-74.245746,41.134,156.0],[-74.245924,41.133963,155.9],[-74.245952,41.13396,155.0],[-74.246,41.133972,154.0],[-74.24606,41.13402,154.0],[-74.246079,41.134052,153.0],[-74.246316,41.134142,153.0],[-74.246339,41.134162,152.0],[-74.246381,41.134176,153.0],[-74.246395,41.134208,153.0],[-74.246459,41.13422,155.0],[-74.24655,41.134262,156.0],[-74.246659,41.134332,156.0],[-74.246769,41.134355,155.0],[-74.246814,41.134343,156.0],[-74.246914,41.13436,156.0],[-74.246967,41.134385,159.1],[-74.247052,41.134369,156.0],[-74.247259,41.134383,161.0],[-74.247315,41.1344,164.0],[-74.247358,41.134397,164.0],[-74.247677,41.134464,158.0],[-74.247755,41.134456,156.0],[-74.247848,41.134507,157.0],[-74.247952,41.134524,159.0],[-74.247974,41.134553,158.0],[-74.247985,41.134595,160.0],[-74.248016,41.134621,158.0],[-74.247994,41.134684,156.0],[-74.248096,41.134838,157.0],[-74.248191,41.134921,154.0],[-74.248277,41.134966,155.0],[-74.248309,41.135,155.4],[-74.248259,41.135019,156.5],[-74.248336,41.135042,155.8],[-74.24835,41.135071,154.0],[-74.24844,41.135122,154.0],[-74.248455,41.135149,157.0],[-74.248449,41.135226,156.0],[-74.248476,41.135262,158.5],[-74.248475,41.135375,155.0],[-74.248522,41.135399,156.0],[-74.248568,41.135398,153.0],[-74.248603,41.135356,154.0],[-74.24868,41.135204,155.0],[-74.24869,41.135137,153.0],[-74.248723,41.135127,152.0],[-74.248761,41.135129,152.0],[-74.248845,41.135175,150.0],[-74.248947,41.135335,150.0],[-74.248955,41.135365,149.0],[-74.248998,41.13539,151.0],[-74.248989,41.135414,151.0],[-74.24904,41.135482,148.0],[-74.249056,41.135531,146.0],[-74.249091,41.135552,148.0],[-74.249121,41.135586,150.0],[-74.249104,41.135645,148.0],[-74.249102,41.135696,147.0],[-74.249058,41.1358,146.0],[-74.249027,41.135834,146.0],[-74.249015,41.135869,144.0],[-74.249024,41.135899,145.0],[-74.248882,41.136193,150.0],[-74.248872,41.136242,151.0],[-74.248907,41.136325,150.0],[-74.249017,41.136403,148.0],[-74.249052,41.136528,148.0],[-74.249134,41.13665,150.0],[-74.249106,41.136707,146.0],[-74.249188,41.136963,148.0],[-74.249164,41.137033,146.0],[-74.249132,41.137068,145.0],[-74.249151,41.137175,146.0],[-74.249143,41.137247,144.0],[-74.249163,41.137314,145.9],[-74.249131,41.137309,144.0],[-74.249082,41.13738,144.0],[-74.249069,41.137424,147.0],[-74.24901,41.137473,147.0],[-74.249009,41.137515,152.0],[-74.249024,41.137545,152.0],[-74.249002,41.137673,147.0],[-74.249028,41.137706,150.0],[-74.249007,41.137737,150.0],[-74.249012,41.13787,147.0],[-74.249031,41.137904,149.0],[-74.248946,41.138048,149.0],[-74.248911,41.138058,149.0],[-74.248879,41.138111,148.0],[-74.248816,41.138174,150.0],[-74.248751,41.138291,152.0],[-74.248787,41.138355,152.0],[-74.248766,41.138432,150.0],[-74.248769,41.138532,152.0],[-74.248809,41.138558,147.0],[-74.248828,41.138592,148.0],[-74.248828,41.138631,147.0],[-74.248783,41.138696,150.0],[-74.248783,41.138744,147.0],[-74.248805,41.138801,147.0],[-74.248788,41.138838,144.0],[-74.248686,41.138931,147.0],[-74.248698,41.13902,150.0],[-74.24869,41.139072,149.0],[-74.248642,41.139114,148.0],[-74.24862,41.139233,146.0],[-74.248582,41.13928,145.0],[-74.248582,41.139305,146.0],[-74.248472,41.139452,146.0],[-74.248379,41.139493,145.0],[-74.248346,41.139517,147.0],[-74.248201,41.139667,147.0],[-74.248167,41.139724,147.0],[-74.248132,41.139755,148.0],[-74.248087,41.139775,148.3],[-74.248071,41.139801,144.0],[-74.247987,41.139858,147.0],[-74.24799,41.139899,147.0],[-74.247906,41.139986,145.0],[-74.247766,41.14002,149.0],[-74.247709,41.140082,148.0],[-74.247717,41.140124,146.0],[-74.247789,41.140215,146.0],[-74.247783,41.140254,145.0],[-74.247737,41.140328,147.0],[-74.247707,41.140349,147.0],[-74.247693,41.140382,147.0],[-74.247638,41.140447,148.0],[-74.24746,41.140604,146.0],[-74.247428,41.140667,149.0],[-74.247473,41.140745,147.0],[-74.247481,41.140779,148.0],[-74.247476,41.140823,144.0],[-74.247428,41.140891,150.0],[-74.247372,41.140937,149.0],[-74.247283,41.140958,148.0],[-74.247286,41.141028,150.0],[-74.247337,41.141091,152.0],[-74.247344,41.141147,150.8],[-74.247288,41.141253,148.7],[-74.247228,41.141307,148.0],[-74.247213,41.141333,148.0],[-74.247238,41.141354,148.4],[-74.247192,41.14137,147.0],[-74.247192,41.141401,147.0],[-74.24713,41.141592,147.0],[-74.246938,41.141872,150.0],[-74.24693,41.141979,149.0],[-74.246844,41.142127,148.0],[-74.246758,41.142221,150.0],[-74.246753,41.142269,152.0],[-74.246635,41.142351,150.0],[-74.246594,41.142361,150.0],[-74.246573,41.142388,150.0],[-74.246565,41.142418,150.0],[-74.246576,41.142499,150.0],[-74.246549,41.14256,151.0],[-74.246515,41.142569,148.0],[-74.246433,41.142652,150.0],[-74.246355,41.142711,149.0],[-74.246365,41.142786,150.0],[-74.246328,41.142814,148.0],[-74.246334,41.142969,153.0],[-74.246324,41.143005,152.0],[-74.246299,41.143072,150.0],[-74.246245,41.143122,147.0],[-74.246221,41.143161,144.0],[-74.246191,41.143286,148.0],[-74.24612,41.143368,145.0],[-74.246088,41.14343,145.0],[-74.245976,41.143516,148.3],[-74.245894,41.143551,146.4],[-74.245823,41.143638,143.0],[-74.245724,41.143676,143.0],[-74.245678,41.14371,144.0],[-74.245633,41.143768,144.0],[-74.245561,41.143789,145.0],[-74.24548,41.14379,146.0],[-74.245445,41.143804,146.0],[-74.245409,41.143857,144.0],[-74.245371,41.143868,144.0],[-74.245332,41.143874,146.6],[-74.245263,41.143854,146.0],[-74.245227,41.14386,146.4],[-74.245245,41.143834,146.5],[-74.245186,41.143847,145.0],[-74.245105,41.143848,148.0],[-74.245023,41.143876,148.0],[-74.244852,41.143888,150.0],[-74.244813,41.143908,148.0],[-74.244791,41.143947,149.1],[-74.244757,41.143952,148.0],[-74.244734,41.143984,146.0],[-74.244685,41.144001,145.0],[-74.244683,41.144037,144.0],[-74.244654,41.144095,146.0],[-74.244669,41.144137,145.0],[-74.244656,41.144179,144.0],[-74.244609,41.144206,144.0],[-74.244553,41.144206,144.0],[-74.244467,41.144236,144.0],[-74.244388,41.14424,144.0],[-74.244276,41.144299,144.0],[-74.244123,41.144361,144.0],[-74.244051,41.144427,144.0],[-74.24397,41.144455,142.0],[-74.243911,41.144497,144.0],[-74.243856,41.144558,141.0],[-74.243798,41.144665,144.0],[-74.243717,41.144697,144.0],[-74.243648,41.144755,142.0],[-74.243583,41.14479,142.0],[-74.243458,41.144797,144.5],[-74.243306,41.144848,144.0],[-74.243272,41.144962,145.0],[-74.24322,41.145029,144.0],[-74.243219,41.145067,140.0],[-74.243178,41.145099,139.0],[-74.243025,41.145104,142.0],[-74.242966,41.145123,143.0],[-74.242873,41.145184,143.0],[-74.242834,41.145223,141.0],[-74.242664,41.145314,139.0],[-74.242516,41.145352,140.0],[-74.24243,41.1454,138.0],[-74.242471,41.145414,138.0],[-74.242515,41.145409,136.0],[-74.242586,41.145383,139.0],[-74.242766,41.145385,135.0],[-74.24267,41.145502,136.0],[-74.24259,41.145519,136.0],[-74.242556,41.145538,138.0],[-74.24243,41.145489,135.0],[-74.24238,41.14549,137.6],[-74.242264,41.145459,135.0],[-74.242094,41.145453,142.0],[-74.242067,41.145425,143.0],[-74.241986,41.145407,142.0],[-74.241911,41.145429,141.0],[-74.241868,41.145424,143.0],[-74.241745,41.145387,146.0],[-74.241661,41.145348,147.0],[-74.241641,41.14532,147.0],[-74.241577,41.145298,147.0],[-74.241537,41.145273,146.0],[-74.241421,41.145245,146.0],[-74.241355,41.145246,148.0],[-74.241317,41.145221,148.0],[-74.241273,41.145172,149.0],[-74.241284,41.145137,150.0],[-74.241361,41.145074,149.0],[-74.24141,41.145076,150.0],[-74.2415,41.145099,150.1],[-74.241569,41.145081,147.0],[-74.241623,41.145086,148.1],[-74.241708,41.145113,148.0],[-74.241884,41.145129,148.0],[-74.241955,41.145111,149.0],[-74.242004,41.145117,153.0],[-74.242061,41.145158,152.0],[-74.242094,41.14517,150.0],[-74.242183,41.145151,150.2],[-74.242339,41.145012,152.0],[-74.242452,41.14498,152.0],[-74.242572,41.144876,153.0],[-74.242637,41.144834,155.0],[-74.242673,41.144773,154.0],[-74.242753,41.144709,153.0],[-74.242764,41.144641,154.0],[-74.242793,41.144606,156.0],[-74.242839,41.14458,153.0],[-74.242876,41.144525,155.0],[-74.242909,41.144501,156.0],[-74.242972,41.144486,157.0],[-74.243044,41.14445,156.0],[-74.24311,41.144384,158.0],[-74.24322,41.144308,156.0],[-74.243283,41.144244,159.0],[-74.243368,41.144134,158.0],[-74.243378,41.144191,160.0],[-74.243347,41.144162,162.7],[-74.243429,41.144118,163.3],[-74.243438,41.144085,164.0],[-74.243468,41.144061,164.0],[-74.243484,41.144,163.0],[-74.243521,41.143962,162.0],[-74.243572,41.143936,160.0],[-74.243619,41.143895,162.0],[-74.243654,41.143843,161.0],[-74.243646,41.143811,163.0],[-74.243667,41.143789,164.0],[-74.243823,41.143737,166.0],[-74.243872,41.14369,164.0],[-74.243948,41.143579,172.0],[-74.244024,41.143531,167.0],[-74.244085,41.14346,168.0],[-74.24409,41.143422,168.0],[-74.244148,41.143361,168.0],[-74.24419,41.143333,168.0],[-74.244229,41.143257,168.0],[-74.244214,41.143197,168.0],[-74.244268,41.14313,170.0],[-74.244314,41.143055,172.0],[-74.244301,41.143021,172.0],[-74.244241,41.142965,175.0],[-74.244238,41.142898,176.0],[-74.244293,41.142833,174.0],[-74.2443,41.142797,173.0],[-74.244323,41.142756,176.0],[-74.244388,41.142719,176.0],[-74.244419,41.142667,178.0],[-74.244523,41.142575,176.0],[-74.244579,41.142505,180.0],[-74.244551,41.14247,183.0],[-74.244473,41.14247,182.0],[-74.244281,41.142537,181.0],[-74.244224,41.142578,181.0],[-74.244199,41.142618,183.6],[-74.244029,41.142703,182.0],[-74.243915,41.142838,185.0],[-74.243807,41.14286,185.0],[-74.243679,41.142982,184.0],[-74.243602,41.14299,186.0],[-74.243479,41.14304,188.0],[-74.243392,41.143105,192.0],[-74.243196,41.143177,189.0],[-74.243076,41.143239,189.0],[-74.243039,41.143247,189.5],[-74.243006,41.143239,188.0],[-74.242892,41.143273,190.0],[-74.242855,41.143258,189.0],[-74.242873,41.143223,190.0],[-74.24292,41.143214,192.0],[-74.243003,41.143165,192.0],[-74.243019,41.143116,192.0],[-74.24302,41.143046,194.0],[-74.242947,41.143032,197.1],[-74.242848,41.14307,195.0],[-74.242777,41.14305,197.0],[-74.242714,41.14302,198.0],[-74.242691,41.142994,199.0],[-74.2426,41.142962,198.0],[-74.242574,41.142943,200.0],[-74.242573,41.142896,200.0],[-74.242795,41.14287,202.0],[-74.242896,41.14283,202.0],[-74.242993,41.142727,203.0],[-74.243004,41.142694,204.0],[-74.24306,41.142638,203.0],[-74.243102,41.142571,204.0],[-74.243184,41.142498,206.9],[-74.243236,41.142405,207.0],[-74.243253,41.142282,205.0],[-74.2433,41.142221,204.0],[-74.243321,41.142158,206.0],[-74.243412,41.142059,208.0],[-74.243506,41.142011,208.0],[-74.243586,41.141936,208.0],[-74.243658,41.141901,207.0],[-74.243638,41.14186,207.9],[-74.243669,41.141858,208.0],[-74.243694,41.141837,208.0],[-74.243703,41.141761,207.0],[-74.243757,41.141697,204.0],[-74.243767,41.141634,204.0],[-74.243749,41.141595,204.0],[-74.24376,41.14156,202.0],[-74.243782,41.141537,202.9],[-74.243871,41.141489,204.0],[-74.243963,41.141486,206.2],[-74.244074,41.141508,204.0],[-74.244132,41.141482,204.0],[-74.244169,41.141425,204.0],[-74.244167,41.141352,201.0],[-74.244142,41.141253,204.0],[-74.244161,41.141143,200.0],[-74.244312,41.141036,201.0],[-74.244401,41.141007,201.0],[-74.244487,41.140964,201.0],[-74.244538,41.140858,201.0],[-74.244561,41.14083,200.0],[-74.244567,41.140792,200.0],[-74.244591,41.140762,203.0],[-74.244639,41.14066,204.0],[-74.244701,41.140573,207.1],[-74.244703,41.140543,206.0],[-74.244871,41.140382,208.0],[-74.244886,41.140351,208.0],[-74.244961,41.140312,203.8],[-74.245044,41.140243,201.0],[-74.245129,41.140192,200.0],[-74.24516,41.140156,198.0],[-74.245216,41.140133,198.0],[-74.245338,41.140104,200.0],[-74.245461,41.140097,202.0],[-74.245589,41.139927,207.0],[-74.245599,41.139822,208.0],[-74.245618,41.139791,208.0],[-74.245631,41.139733,208.0],[-74.245627,41.139694,208.0],[-74.245604,41.13966,207.0],[-74.24556,41.139647,208.0],[-74.245509,41.139607,207.0],[-74.24549,41.139544,207.0],[-74.245507,41.13946,204.0],[-74.245497,41.139426,204.0],[-74.245533,41.139377,206.0],[-74.245601,41.139181,206.0],[-74.245679,41.13909,205.0],[-74.245744,41.139054,204.0],[-74.24592,41.138993,200.0],[-74.245928,41.138964,198.0],[-74.245909,41.138921,198.0],[-74.245854,41.138871,200.0],[-74.245842,41.138843,202.0],[-74.245885,41.13879,202.0],[-74.245906,41.138744,200.0],[-74.245908,41.1387,200.0],[-74.245889,41.138638,199.0],[-74.245895,41.138584,198.0],[-74.245836,41.138504,197.0],[-74.245842,41.138433,198.0],[-74.245824,41.138309,198.0],[-74.245848,41.138278,197.0],[-74.245825,41.138164,196.0],[-74.245795,41.138114,196.0],[-74.245804,41.138014,198.0],[-74.245816,41.137979,196.0],[-74.245808,41.137924,196.0],[-74.245813,41.137886,196.0],[-74.245787,41.137779,198.0],[-74.245743,41.137712,197.0],[-74.245719,41.137647,199.0],[-74.245731,41.137566,200.0],[-74.245696,41.137428,201.0],[-74.245716,41.137394,202.0],[-74.245711,41.137354,202.0],[-74.245731,41.137288,201.0],[-74.245758,41.137257,202.0],[-74.245868,41.137245,202.0],[-74.246007,41.137202,201.0],[-74.24607,41.137152,199.0],[-74.246243,41.137161,196.0],[-74.246301,41.13714,195.0],[-74.24642,41.137047,194.0],[-74.246441,41.137023,193.0],[-74.246448,41.13699,191.0],[-74.246481,41.13698,189.0],[-74.246514,41.13695,190.0],[-74.246548,41.136945,191.0],[-74.246653,41.136892,189.0],[-74.246723,41.136834,187.0],[-74.246741,41.136792,185.0],[-74.246836,41.136685,188.0],[-74.24683,41.136647,188.0],[-74.246855,41.136621,185.0],[-74.246863,41.136587,184.0],[-74.246841,41.13655,185.4],[-74.246874,41.13653,184.0],[-74.246894,41.136497,183.0],[-74.247011,41.136397,184.0],[-74.24702,41.136368,184.0],[-74.247048,41.136342,184.0],[-74.247088,41.136145,180.0],[-74.247065,41.135985,180.0],[-74.247087,41.135877,180.0],[-74.247108,41.135855,178.0],[-74.247113,41.135783,178.0],[-74.247026,41.13558,177.0],[-74.247016,41.13552,176.0],[-74.246983,41.135453,174.0],[-74.246982,41.13542,174.0],[-74.246941,41.135371,173.0],[-74.246929,41.135326,173.5],[-74.246874,41.135303,171.0],[-74.246853,41.135274,170.0],[-74.246825,41.135202,168.0],[-74.246839,41.135136,166.0],[-74.246885,41.135064,166.0],[-74.24707,41.1349,165.0],[-74.247032,41.1349,168.0],[-74.247008,41.134851,168.5],[-74.246991,41.134881,167.9],[-74.246802,41.134948,164.0],[-74.246638,41.134986,164.0],[-74.246488,41.135084,168.0],[-74.246452,41.135144,166.2],[-74.246385,41.13535,165.0],[-74.246336,41.135402,166.0],[-74.246258,41.135449,166.0],[-74.246185,41.135451,166.0],[-74.246152,41.135467,166.0],[-74.246083,41.135416,164.0],[-74.246,41.135371,164.0],[-74.245897,41.135386,164.0],[-74.24587,41.135405,162.0],[-74.245853,41.135436,162.0],[-74.245792,41.135476,164.0],[-74.245683,41.135486,167.0],[-74.245617,41.135516,165.0],[-74.24553,41.135531,166.0],[-74.245507,41.13556,166.0],[-74.245489,41.13563,168.0],[-74.245375,41.135786,164.0],[-74.245329,41.135791,165.0],[-74.245216,41.135851,166.0],[-74.245138,41.135923,168.0],[-74.245091,41.13593,167.0],[-74.244891,41.136003,168.0],[-74.244719,41.135997,172.0],[-74.244637,41.135973,172.0],[-74.244559,41.135927,172.0],[-74.244454,41.135895,170.0],[-74.244411,41.135901,168.0],[-74.244342,41.135888,169.0],[-74.244276,41.135911,168.0],[-74.24413,41.135876,165.6],[-74.244112,41.135885,164.0],[-74.244034,41.135876,166.0],[-74.244005,41.13586,165.0],[-74.243973,41.135825,163.0],[-74.243928,41.135805,161.0],[-74.243843,41.135799,160.0],[-74.243532,41.135855,159.0],[-74.243502,41.135878,158.0],[-74.243482,41.135917,159.0],[-74.243488,41.135953,158.0],[-74.243415,41.135963,158.0],[-74.243382,41.135946,159.0],[-74.243358,41.135918,158.0],[-74.243304,41.135914,157.0],[-74.243151,41.135956,154.0],[-74.243136,41.135986,153.0],[-74.243053,41.136052,152.0],[-74.242986,41.136096,150.0],[-74.242885,41.136144,148.0],[-74.242851,41.136169,151.0],[-74.242809,41.136219,152.0],[-74.242753,41.136248,150.0],[-74.242696,41.136298,151.4],[-74.242561,41.136325,149.0],[-74.242469,41.13636,146.0],[-74.242335,41.136369,147.6],[-74.242269,41.136408,147.0],[-74.242205,41.136496,150.0],[-74.24207,41.136549,145.0],[-74.242042,41.136526,145.7],[-74.242016,41.136546,146.0],[-74.24193,41.136545,144.0],[-74.241899,41.136521,144.0],[-74.241827,41.136557,147.0],[-74.241715,41.136549,145.0],[-74.241655,41.136573,147.0],[-74.241624,41.136602,146.0],[-74.241539,41.136634,148.0],[-74.241395,41.13662,143.0],[-74.241359,41.136604,145.0],[-74.241328,41.136623,146.0],[-74.241282,41.136623,146.0],[-74.241189,41.136607,144.0],[-74.241067,41.136609,144.7],[-74.240963,41.136593,143.0],[-74.240922,41.136596,144.0],[-74.240813,41.136566,148.0],[-74.2407,41.136518,148.0],[-74.240549,41.136485,142.0],[-74.240418,41.136442,142.0],[-74.240314,41.136446,143.0],[-74.240164,41.136473,145.0],[-74.240127,41.13649,146.0],[-74.240053,41.136505,146.0],[-74.239898,41.136498,147.0],[-74.239772,41.136453,145.0],[-74.239715,41.136449,146.9],[-74.239661,41.136416,147.0],[-74.239536,41.136271,150.0],[-74.239496,41.136239,150.0],[-74.239484,41.136203,152.3],[-74.239364,41.136139,152.0],[-74.239319,41.13606,150.0],[-74.23924,41.136013,150.0],[-74.239207,41.136027,150.0],[-74.239177,41.136022,153.0],[-74.239148,41.135993,154.0],[-74.239136,41.135954,154.0],[-74.23915,41.135859,156.0],[-74.239134,41.135793,152.0],[-74.239083,41.135733,155.0],[-74.238985,41.13568,156.0],[-74.238963,41.135652,156.0],[-74.238991,41.135586,158.0],[-74.239071,41.135565,159.5],[-74.239146,41.135579,156.0],[-74.239181,41.135573,156.0],[-74.239255,41.135534,156.0],[-74.239304,41.135489,156.0],[-74.239327,41.135329,156.0],[-74.239314,41.135298,159.0],[-74.23905,41.13528,159.0],[-74.2389,41.135224,160.0],[-74.238885,41.135195,162.0],[-74.238854,41.135168,162.0],[-74.238724,41.135113,162.0],[-74.238724,41.135044,162.0],[-74.238735,41.135009,164.0],[-74.238829,41.134946,165.0],[-74.238855,41.134906,164.0],[-74.238833,41.134823,165.0],[-74.238749,41.134808,166.0],[-74.238682,41.134777,165.0],[-74.238447,41.134734,168.0],[-74.238422,41.134709,168.0],[-74.238422,41.13465,168.0],[-74.238466,41.134622,168.0],[-74.238528,41.134561,167.0],[-74.238556,41.134512,165.0],[-74.238553,41.13446,166.0],[-74.238526,41.134434,166.0],[-74.2384,41.134461,168.0],[-74.238316,41.134444,173.0],[-74.238297,41.134395,174.0],[-74.238321,41.134362,172.0],[-74.238413,41.134286,172.0],[-74.238492,41.134186,171.0],[-74.238493,41.13411,171.0],[-74.238539,41.134087,172.3],[-74.23853,41.134031,171.0],[-74.238472,41.13407,174.0],[-74.238378,41.134104,172.0],[-74.238297,41.134122,173.0],[-74.238149,41.134131,175.0],[-74.238079,41.134154,174.0],[-74.237957,41.134217,173.0],[-74.237909,41.134223,174.0],[-74.237956,41.134234,174.0],[-74.237919,41.134252,173.0],[-74.237977,41.134231,174.0],[-74.237868,41.13423,180.0],[-74.237933,41.134254,169.0],[-74.237901,41.134235,177.0],[-74.23786,41.134243,177.0],[-74.23755,41.134382,176.0],[-74.237497,41.134425,177.0],[-74.237356,41.134493,180.0],[-74.237263,41.134569,180.0],[-74.237045,41.134667,182.0],[-74.236959,41.134689,182.0],[-74.236882,41.134729,180.0],[-74.236702,41.134922,180.0],[-74.236702,41.134959,183.0],[-74.236674,41.134994,183.0],[-74.236585,41.135057,183.0],[-74.23657,41.135083,182.0],[-74.236477,41.135174,182.0],[-74.23643,41.13526,186.0],[-74.236362,41.135324,183.0],[-74.236308,41.135428,183.0],[-74.23629,41.135499,186.0],[-74.236259,41.135542,185.0],[-74.236249,41.135581,184.0],[-74.236228,41.135616,186.0],[-74.236175,41.135666,186.0],[-74.236141,41.13578,187.8],[-74.236071,41.135869,185.0],[-74.236051,41.135905,188.0],[-74.236046,41.135953,189.0],[-74.236023,41.13599,188.0],[-74.235964,41.136047,184.0],[-74.235926,41.13605,187.0],[-74.235894,41.136076,186.0],[-74.235682,41.13633,189.0],[-74.235623,41.136381,191.0],[-74.23558,41.1364,192.0],[-74.235454,41.136485,192.0],[-74.235343,41.136519,192.0],[-74.235304,41.136517,192.0],[-74.235183,41.136563,189.0],[-74.235156,41.136549,192.0],[-74.234981,41.136545,192.0],[-74.234827,41.13651,193.0],[-74.234759,41.136481,192.0],[-74.234681,41.136463,193.9],[-74.234562,41.13637,193.2],[-74.234501,41.136361,192.3],[-74.234485,41.136283,192.0],[-74.234425,41.136229,196.0],[-74.234238,41.136148,195.0],[-74.234172,41.136098,198.0],[-74.234046,41.136073,195.0],[-74.233922,41.136034,192.0],[-74.233884,41.136039,195.0],[-74.233774,41.136013,196.0],[-74.23368,41.136025,198.0],[-74.233461,41.136126,196.0],[-74.233381,41.13615,196.0],[-74.233343,41.136176,196.0],[-74.23328,41.136182,194.0],[-74.233192,41.136175,195.0],[-74.233164,41.136164,195.0],[-74.23313,41.136169,195.0],[-74.233062,41.136223,195.0],[-74.232715,41.136267,195.0],[-74.23257,41.136298,194.0],[-74.232321,41.136387,195.0],[-74.232216,41.136455,196.0],[-74.232175,41.136519,196.0],[-74.232218,41.136585,196.0],[-74.232252,41.136733,195.0],[-74.232252,41.136775,198.0],[-74.232227,41.136869,200.0],[-74.232228,41.136943,202.0],[-74.232208,41.137,202.0],[-74.232201,41.137168,204.6],[-74.232153,41.137215,201.0],[-74.232136,41.137251,200.0],[-74.232114,41.137356,202.0],[-74.232116,41.137464,201.0],[-74.232022,41.137891,201.0],[-74.231997,41.137918,200.0],[-74.231862,41.137975,201.0],[-74.231824,41.138009,201.0],[-74.23177,41.138138,203.4],[-74.231772,41.138164,201.0],[-74.231766,41.138153,202.3],[-74.231696,41.137836,200.0],[-74.231671,41.137664,199.1],[-74.231645,41.137567,198.7],[-74.231597,41.137491,198.5],[-74.231654,41.137463,198.4],[-74.231722,41.137379,198.5],[-74.231737,41.137326,198.5],[-74.23177,41.13704,198.3],[-74.231883,41.137027,198.6],[-74.231932,41.137016,198.7],[-74.23192,41.136899,198.3],[-74.232036,41.136669,197.8],[-74.232057,41.136627,197.6],[-74.23213,41.136491,196.7],[-74.232012,41.136376,195.9],[-74.232048,41.136241,195.0],[-74.232049,41.136148,194.9],[-74.232041,41.136054,194.8],[-74.231975,41.135867,194.6],[-74.231946,41.135648,195.2],[-74.231913,41.135571,195.3],[-74.231861,41.135535,195.3],[-74.231951,41.135511,195.7],[-74.231922,41.135484,195.7],[-74.231799,41.135375,196.0],[-74.231589,41.135268,196.3],[-74.231356,41.135229,195.8],[-74.231036,41.135246,197.6],[-74.230665,41.13539,197.2],[-74.23001,41.135624,197.5],[-74.229905,41.135653,197.6],[-74.229904,41.135652,197.6],[-74.229772,41.135688,198.4],[-74.229598,41.135704,198.4],[-74.229385,41.135647,198.2],[-74.229257,41.13557,197.9],[-74.229162,41.135476,198.1],[-74.228997,41.135321,200.0],[-74.228825,41.135219,200.6],[-74.228602,41.135161,199.6],[-74.228393,41.135121,199.5],[-74.227712,41.13508,200.7],[-74.22737,41.134963,200.5],[-74.227025,41.13464,200.9],[-74.226764,41.134467,201.8],[-74.22663,41.134413,202.1],[-74.226496,41.134418,202.0],[-74.226362,41.134452,201.7],[-74.22594,41.134623,203.7],[-74.225538,41.134778,203.3],[-74.225259,41.134829,203.5],[-74.225002,41.134839,204.2],[-74.224614,41.13481,204.3],[-74.224278,41.134709,203.7],[-74.224011,41.134608,203.9],[-74.223692,41.134558,205.4],[-74.223469,41.134589,205.4],[-74.2229,41.134799,206.8],[-74.22248,41.135036,208.4],[-74.22206,41.135316,207.2],[-74.221766,41.135423,207.2],[-74.22134,41.135522,209.1],[-74.221183,41.135599,210.7],[-74.221026,41.135722,211.4],[-74.220638,41.136142,212.1],[-74.220087,41.136311,219.6],[-74.219766,41.136346,224.6],[-74.219416,41.136306,228.9],[-74.219202,41.136235,231.7],[-74.218816,41.135983,232.0],[-74.218816,41.135984,232.0],[-74.218711,41.135915,232.5],[-74.218301,41.135599,234.7],[-74.217922,41.135284,233.3],[-74.217874,41.135047,232.7],[-74.217936,41.134605,230.7],[-74.21814,41.134374,233.2],[-74.218522,41.133968,239.6],[-74.218779,41.133621,238.3],[-74.219184,41.133406,240.5],[-74.219445,41.132746,237.6],[-74.219567,41.132267,230.3],[-74.219806,41.131834,223.7],[-74.220079,41.131378,221.8],[-74.220159,41.13115,219.5],[-74.22016,41.131148,219.5],[-74.220251,41.130885,216.3],[-74.220467,41.130527,212.9],[-74.22063,41.129999,208.3],[-74.220721,41.129598,204.6],[-74.220722,41.129226,203.0],[-74.220888,41.128442,198.4],[-74.221885,41.127533,199.7],[-74.222475,41.126934,198.6],[-74.222819,41.126516,198.2],[-74.222885,41.126356,198.6],[-74.222905,41.126235,198.9],[-74.222963,41.126171,199.2],[-74.22313,41.12611,200.7],[-74.223121,41.125954,200.7],[-74.223452,41.12552,204.3],[-74.223741,41.12489,206.9],[-74.223827,41.124601,208.9],[-74.223902,41.124348,209.1],[-74.223963,41.123857,210.4],[-74.22396,41.123583,210.5],[-74.22396,41.123584,210.5],[-74.22396,41.123552,210.5],[-74.223971,41.123128,210.9],[-74.223976,41.12296,210.9],[-74.224025,41.12256,210.2],[-74.224095,41.122347,209.6],[-74.224289,41.122126,208.8],[-74.224648,41.121992,209.1],[-74.224985,41.121901,207.7],[-74.22533,41.121802,209.0],[-74.227187,41.120174,200.2],[-74.227327,41.120052,199.3],[-74.227486,41.119777,198.6],[-74.227998,41.11907,198.5],[-74.228642,41.118553,196.1],[-74.22896,41.118205,196.1],[-74.22896,41.118204,196.1],[-74.229081,41.118072,196.1],[-74.229428,41.117544,194.7],[-74.229852,41.11708,194.5],[-74.230383,41.116621,191.4],[-74.230893,41.1162,191.2],[-74.231341,41.115815,189.1],[-74.231872,41.115212,189.1],[-74.231872,41.115212,189.1],[-74.231927,41.115149,189.0],[-74.232442,41.114657,190.1],[-74.232834,41.114424,189.9],[-74.233143,41.114081,191.4],[-74.233546,41.113708,191.3],[-74.233893,41.113434,189.7],[-74.233861,41.113369,189.1],[-74.233864,41.113368,189.1],[-74.233896,41.113433,189.7],[-74.234013,41.113625,192.9],[-74.234189,41.113946,199.1],[-74.234308,41.114015,201.4],[-74.234441,41.114047,203.0],[-74.23472,41.113986,204.7],[-74.234902,41.113948,205.9],[-74.235225,41.113912,207.7],[-74.235332,41.113903,208.7],[-74.235653,41.113867,212.3],[-74.236132,41.113824,216.5],[-74.236651,41.113803,219.9],[-74.236823,41.113824,220.3],[-74.236981,41.113898,219.5],[-74.237127,41.114051,216.3],[-74.237245,41.114324,213.3],[-74.237116,41.11488,213.4],[-74.237112,41.11488,213.5],[-74.237085,41.114998,213.2],[-74.236849,41.115511,214.8],[-74.236704,41.115893,215.9],[-74.236536,41.116416,216.4],[-74.236521,41.116741,214.3],[-74.2363,41.117449,208.7],[-74.235988,41.117837,205.7],[-74.235937,41.118044,202.7],[-74.234978,41.118658,202.3],[-74.234853,41.11893,201.8],[-74.234791,41.119337,200.2],[-74.234792,41.11934,200.2],[-74.234763,41.119528,199.9],[-74.234741,41.120493,195.3],[-74.234676,41.120689,194.2],[-74.234198,41.120788,195.2],[-74.234032,41.120852,195.8],[-74.233743,41.121019,197.2],[-74.23357,41.121242,196.5],[-74.23351,41.121491,196.5],[-74.233512,41.121511,196.4],[-74.233512,41.121512,196.4],[-74.233544,41.121835,196.6],[-74.233623,41.12211,196.0],[-74.23377,41.122548,196.4],[-74.233856,41.122697,194.8],[-74.233905,41.122974,193.9],[-74.233905,41.123045,193.9],[-74.233855,41.123211,194.5],[-74.233766,41.123486,194.3],[-74.233703,41.123676,194.0],[-74.233598,41.124063,194.4],[-74.233538,41.124392,195.4],[-74.233489,41.124582,194.9],[-74.233473,41.124664,195.3],[-74.23348,41.124758,195.6],[-74.233491,41.124904,196.5],[-74.233513,41.124945,196.9],[-74.233512,41.124944,196.9],[-74.233753,41.125406,202.3],[-74.233793,41.125564,205.0],[-74.233996,41.125866,209.2],[-74.234185,41.126145,211.5],[-74.234308,41.12664,221.1],[-74.234346,41.126708,222.4],[-74.234466,41.126784,223.5],[-74.234639,41.126839,224.9],[-74.234787,41.126994,229.0],[-74.234849,41.126972,228.7],[-74.234911,41.126958,228.5],[-74.234967,41.126947,228.4],[-74.235023,41.126945,228.1],[-74.235088,41.126947,227.0],[-74.235147,41.126955,226.1],[-74.235208,41.126974,225.5],[-74.235262,41.126994,225.0],[-74.235308,41.127018,225.0],[-74.235356,41.127049,225.3],[-74.235407,41.127069,225.2],[-74.235455,41.127089,225.2],[-74.235506,41.127109,225.1],[-74.235568,41.127133,224.8],[-74.235613,41.127158,224.6],[-74.235664,41.127184,224.2],[-74.235715,41.127208,223.8],[-74.235763,41.127236,223.6],[-74.235809,41.127261,223.3],[-74.235855,41.127289,223.1],[-74.235898,41.127319,222.9],[-74.235949,41.127341,222.5],[-74.235997,41.127364,222.1],[-74.236053,41.127392,222.0],[-74.236104,41.127412,221.6],[-74.236158,41.12742,220.9],[-74.236228,41.12743,220.0],[-74.236284,41.127438,219.2],[-74.236343,41.127442,218.3],[-74.236399,41.127446,217.4],[-74.236461,41.127459,216.7],[-74.23652,41.127459,215.8],[-74.236852,41.127493,213.6],[-74.236885,41.127493,213.6],[-74.236921,41.127493,213.5],[-74.236962,41.127493,213.5],[-74.236993,41.127493,213.5],[-74.237031,41.127489,213.5],[-74.237063,41.127482,213.4],[-74.237148,41.127529,213.6],[-74.237212,41.127586,213.8],[-74.237221,41.127594,213.8],[-74.237295,41.127632,214.0],[-74.237343,41.127657,214.2],[-74.237413,41.127703,214.8],[-74.237459,41.127729,215.0],[-74.23751,41.127783,215.5],[-74.23761,41.127926,216.3],[-74.237608,41.127924,216.3],[-74.23769,41.128042,217.0],[-74.237714,41.128174,218.2],[-74.237858,41.128309,218.3],[-74.238001,41.128443,217.6],[-74.238106,41.128524,216.8],[-74.238458,41.128784,213.9],[-74.238546,41.128905,213.2],[-74.238545,41.129097,213.8],[-74.238567,41.129183,213.3],[-74.238557,41.129285,213.2],[-74.238598,41.129332,212.2],[-74.238698,41.129344,210.9],[-74.238743,41.129305,210.6],[-74.238789,41.129211,210.2],[-74.238866,41.129178,209.3],[-74.238943,41.129199,208.3],[-74.23897,41.129283,207.9],[-74.238768,41.129634,208.0],[-74.238585,41.129909,207.7],[-74.238349,41.130168,208.2],[-74.238074,41.130458,209.2],[-74.238081,41.130572,207.9],[-74.238137,41.130599,206.8],[-74.238194,41.130573,206.1],[-74.238248,41.130456,206.2],[-74.23835,41.130423,204.7],[-74.238403,41.130456,203.5],[-74.238374,41.130588,203.0],[-74.238295,41.130685,203.6],[-74.238246,41.130825,202.4],[-74.238284,41.130906,200.7],[-74.238397,41.130964,198.2],[-74.23838,41.131055,198.0],[-74.238355,41.131196,197.9],[-74.23833,41.131319,198.1],[-74.238403,41.131362,197.0],[-74.238442,41.131553,196.2],[-74.238387,41.131629,196.2],[-74.238445,41.131673,195.0],[-74.238532,41.131645,194.2],[-74.2386,41.131605,193.6],[-74.238667,41.131407,193.2],[-74.238727,41.131389,192.3],[-74.238791,41.131435,191.2],[-74.238864,41.131572,189.4],[-74.238945,41.131726,188.0],[-74.23902,41.13172,186.6],[-74.239074,41.131653,185.7],[-74.239128,41.131663,184.7],[-74.239214,41.13175,183.2],[-74.239242,41.13185,182.5],[-74.239277,41.13199,181.3],[-74.239244,41.132078,181.6],[-74.23933,41.132189,179.5],[-74.239373,41.132295,178.3],[-74.239457,41.132319,176.9],[-74.239538,41.132277,175.4],[-74.239698,41.132054,173.5],[-74.23982,41.131999,171.7],[-74.239895,41.132027,170.5],[-74.239921,41.132236,169.0],[-74.239874,41.132332,169.0],[-74.239821,41.13245,168.8],[-74.239818,41.132532,168.2],[-74.239778,41.132672,167.7],[-74.239748,41.132761,167.6],[-74.239793,41.132761,166.6],[-74.239845,41.132686,166.3],[-74.239848,41.132688,166.2],[-74.23985,41.132685,166.2],[-74.239884,41.132699,165.4],[-74.239895,41.132786,164.2],[-74.239823,41.132909,164.5],[-74.239704,41.13308,166.1],[-74.239133,41.133778,168.3],[-74.238882,41.133919,169.8],[-74.2387,41.13397,170.8],[-74.238537,41.13402,171.3],[-74.238079,41.134168,171.8],[-74.237683,41.134304,174.0],[-74.237212,41.134551,176.5],[-74.236878,41.134742,177.8],[-74.236567,41.135017,180.3],[-74.236294,41.135353,182.8],[-74.236296,41.135352,182.7],[-74.236247,41.135412,183.6],[-74.23602,41.135895,184.9],[-74.235891,41.136066,185.9],[-74.235532,41.136449,187.0],[-74.235354,41.136518,186.9],[-74.235094,41.136547,188.1],[-74.234798,41.136496,190.1],[-74.234615,41.13639,190.5],[-74.234284,41.136214,190.4],[-74.23404,41.136082,192.0],[-74.233851,41.136057,192.6],[-74.233661,41.136063,192.9],[-74.23344,41.136146,193.7],[-74.233106,41.136219,194.2],[-74.233058,41.135997,195.8],[-74.232972,41.135999,195.8],[-74.232875,41.135993,195.9],[-74.232539,41.13596,196.2],[-74.232536,41.13596,196.2],[-74.23242,41.135949,196.3],[-74.232129,41.13649,196.7],[-74.232056,41.136626,197.6],[-74.232035,41.136668,197.8],[-74.231919,41.136898,198.3],[-74.231931,41.137015,198.7],[-74.231882,41.137026,198.6],[-74.231769,41.137039,198.3],[-74.231736,41.137325,198.5],[-74.231721,41.137378,198.5],[-74.231653,41.137462,198.4],[-74.231596,41.13749,198.5],[-74.231644,41.137566,198.7],[-74.23167,41.137663,199.1],[-74.231721,41.138009,201.0],[-74.231731,41.138059,201.4],[-74.231739,41.138096,204.8],[-74.231722,41.138009,204.6],[-74.231671,41.137663,203.2],[-74.231645,41.137566,203.0],[-74.231597,41.13749,202.6],[-74.231654,41.137462,202.6],[-74.231722,41.137378,202.8],[-74.231737,41.137325,202.6],[-74.23177,41.137039,202.0],[-74.231883,41.137026,202.6],[-74.231932,41.137015,202.6],[-74.23192,41.136898,202.2],[-74.232036,41.136668,201.2],[-74.232057,41.136626,200.2],[-74.23213,41.13649,195.6],[-74.232012,41.136375,193.6],[-74.232048,41.13624,193.8],[-74.232049,41.136147,194.4],[-74.232041,41.136053,195.8],[-74.231975,41.135866,195.6],[-74.231946,41.135647,194.6],[-74.231913,41.13557,195.0],[-74.231861,41.135534,194.6],[-74.231951,41.13551,195.6],[-74.231922,41.135483,196.6],[-74.231799,41.135374,197.0],[-74.231589,41.135267,198.0],[-74.231356,41.135228,197.4],[-74.231036,41.135245,197.6],[-74.230665,41.135389,196.8],[-74.23001,41.135623,195.6],[-74.229773,41.135688,196.4],[-74.229599,41.135704,199.2],[-74.229386,41.135647,201.2],[-74.229258,41.13557,202.0],[-74.229163,41.135476,203.8],[-74.228998,41.135321,204.6],[-74.228826,41.135219,205.2],[-74.228603,41.135161,204.4],[-74.228394,41.135121,203.6],[-74.227713,41.13508,202.8],[-74.227371,41.134963,203.2],[-74.227026,41.13464,204.2],[-74.226765,41.134467,204.0],[-74.226631,41.134413,204.4],[-74.226497,41.134418,204.4],[-74.226363,41.134452,203.4],[-74.225941,41.134623,205.0],[-74.225539,41.134778,204.2],[-74.22526,41.134829,204.8],[-74.225003,41.134839,205.0],[-74.224615,41.13481,204.8],[-74.224279,41.134709,205.4],[-74.224012,41.134608,205.0],[-74.223693,41.134558,205.4],[-74.22347,41.134589,204.2],[-74.222901,41.134799,203.8],[-74.222481,41.135036,204.4],[-74.222061,41.135316,204.8],[-74.221767,41.135423,206.8],[-74.221341,41.135522,209.6],[-74.221184,41.135599,210.4],[-74.221027,41.135722,210.8],[-74.220639,41.136142,209.4],[-74.220088,41.136311,218.6],[-74.220088,41.136311,218.6],[-74.220088,41.136311,218.6],[-74.219863,41.136336,221.2],[-74.219863,41.136336,221.2],[-74.219863,41.136336,223.2],[-74.219767,41.136346,224.6],[-74.219417,41.136306,228.9],[-74.219203,41.136235,231.7],[-74.218712,41.135914,232.6],[-74.218302,41.135598,234.7],[-74.217923,41.135283,233.3],[-74.217875,41.135046,232.7],[-74.217937,41.134604,230.7],[-74.218141,41.134373,233.2],[-74.218523,41.133967,239.7],[-74.21878,41.13362,238.3],[-74.219185,41.133405,240.6],[-74.219446,41.132745,237.6],[-74.219446,41.132745,237.6],[-74.219446,41.132745,237.6],[-74.219552,41.132328,232.0],[-74.219552,41.132328,232.0],[-74.219552,41.132328,235.4],[-74.219568,41.132266,233.2],[-74.219807,41.131833,225.6],[-74.22008,41.131377,221.0],[-74.220251,41.130886,216.0],[-74.220467,41.130528,214.4],[-74.22063,41.13,210.4],[-74.220721,41.129599,204.8],[-74.220722,41.129227,203.4],[-74.220888,41.128443,199.4],[-74.221885,41.127534,198.6],[-74.222475,41.126935,198.8],[-74.222819,41.126517,198.8],[-74.222885,41.126357,199.0],[-74.222905,41.126236,199.0],[-74.222963,41.126172,200.0],[-74.22313,41.126111,202.4],[-74.223121,41.125955,202.8],[-74.223452,41.125521,207.8],[-74.223741,41.124891,210.2],[-74.223827,41.124602,212.0],[-74.223902,41.124349,212.6],[-74.223963,41.123858,211.6],[-74.22396,41.123552,211.0],[-74.22396,41.123552,211.0],[-74.22396,41.123552,211.0],[-74.223967,41.123299,211.4],[-74.223967,41.123299,211.4],[-74.223967,41.123299,211.4],[-74.223971,41.123128,211.4],[-74.223976,41.12296,211.4],[-74.224025,41.12256,210.6],[-74.224095,41.122347,210.6],[-74.224289,41.122126,208.4],[-74.224648,41.121992,208.2],[-74.224985,41.121901,208.2],[-74.22533,41.121802,208.8],[-74.227187,41.120174,199.6],[-74.2271,41.120111,199.0],[-74.22686,41.11992,198.2],[-74.226799,41.119845,198.4],[-74.226756,41.119724,198.4],[-74.226747,41.119443,199.2],[-74.226873,41.119137,200.4],[-74.226943,41.119008,201.6],[-74.22698,41.118931,202.2],[-74.22705,41.118806,202.2],[-74.227085,41.118724,202.4],[-74.227085,41.118724,202.4],[-74.227085,41.118724,202.4],[-74.227089,41.118725,203.6],[-74.227089,41.118725,203.6],[-74.227089,41.118725,203.6],[-74.227204,41.118457,203.5],[-74.227236,41.118372,204.0],[-74.227252,41.118328,204.2],[-74.227279,41.118195,205.0],[-74.227285,41.118146,205.3],[-74.227459,41.117626,206.9],[-74.227767,41.117128,208.8],[-74.227816,41.117055,209.3],[-74.227864,41.116974,210.3],[-74.227902,41.116889,211.1],[-74.227939,41.116796,211.8],[-74.227971,41.116711,212.2],[-74.227998,41.116623,212.6],[-74.228009,41.116542,213.0],[-74.228057,41.116267,212.9],[-74.228095,41.11619,213.3],[-74.228138,41.116109,213.8],[-74.228181,41.116032,214.4],[-74.228272,41.115543,218.1],[-74.228299,41.115442,218.3],[-74.22832,41.115321,219.6],[-74.228427,41.114852,223.1],[-74.228438,41.114771,223.7],[-74.228449,41.114687,224.2],[-74.228459,41.114606,224.7],[-74.228481,41.114525,225.1],[-74.228513,41.114444,225.6],[-74.228567,41.114343,226.2],[-74.228604,41.114266,227.0],[-74.228647,41.114185,227.8],[-74.228704,41.114128,227.7],[-74.228704,41.114128,227.7],[-74.228704,41.114128,227.7],[-74.228703,41.114129,227.7],[-74.228703,41.114129,227.7],[-74.228703,41.114129,227.7],[-74.228764,41.114069,227.7],[-74.229226,41.113605,232.7],[-74.229495,41.113619,228.6],[-74.229899,41.113561,226.8],[-74.231003,41.113327,221.2],[-74.231201,41.113249,220.7],[-74.231421,41.113084,219.8],[-74.232425,41.11228,212.1],[-74.232857,41.111983,211.8],[-74.233032,41.111827,210.5],[-74.233706,41.111019,208.8],[-74.23399,41.110721,205.8],[-74.234031,41.110612,204.9],[-74.23402,41.109909,204.2],[-74.234019,41.109753,203.1],[-74.234049,41.109587,201.3],[-74.233991,41.109541,201.4],[-74.233943,41.10946,201.1],[-74.233795,41.109444,202.0],[-74.233636,41.109503,203.7],[-74.23362,41.109556,204.5],[-74.233639,41.109649,205.9],[-74.233602,41.109729,207.7],[-74.233521,41.109809,209.4],[-74.233402,41.109826,210.2],[-74.233305,41.109749,209.8],[-74.233237,41.109646,209.0],[-74.233032,41.109511,209.3],[-74.232935,41.109486,209.2],[-74.232691,41.109317,206.9],[-74.232569,41.109443,208.6],[-74.232473,41.10949,209.3],[-74.232243,41.109512,209.7],[-74.231922,41.109457,212.0],[-74.231727,41.109312,212.0],[-74.231543,41.109099,217.4],[-74.231683,41.108808,218.3],[-74.231752,41.108664,217.3],[-74.231752,41.108664,217.3],[-74.231752,41.108664,217.3],[-74.231748,41.108663,217.4],[-74.231748,41.108663,217.4],[-74.231748,41.108663,217.4],[-74.231749,41.108663,218.4],[-74.231959,41.108226,225.0],[-74.232109,41.107997,229.4],[-74.232363,41.107648,232.4],[-74.232463,41.107494,233.6],[-74.232509,41.107288,234.4],[-74.232584,41.107069,235.2],[-74.232564,41.107003,235.6],[-74.232438,41.106902,236.2],[-74.23229,41.106765,237.2],[-74.232257,41.106753,237.2],[-74.232409,41.106671,235.8],[-74.232447,41.106642,235.6],[-74.232484,41.10661,234.8],[-74.232527,41.106582,234.8],[-74.232573,41.106558,234.2],[-74.232613,41.106531,234.2],[-74.232661,41.106495,233.8],[-74.232699,41.106465,233.8],[-74.232736,41.106436,233.6],[-74.232774,41.106402,233.6],[-74.232913,41.106127,233.2],[-74.233066,41.105816,233.0],[-74.233066,41.105816,233.0],[-74.233066,41.105816,233.0],[-74.233094,41.105768,233.0],[-74.233094,41.105768,233.0],[-74.233094,41.105768,233.0],[-74.233224,41.105543,232.6],[-74.233321,41.105375,232.4],[-74.233372,41.105286,232.4],[-74.23342,41.105205,232.8],[-74.233564,41.105027,232.4],[-74.23368,41.10492,232.4],[-74.233779,41.104866,232.4],[-74.233938,41.104821,232.6],[-74.234131,41.104818,233.4],[-74.234223,41.104821,233.8],[-74.234415,41.104805,234.2],[-74.234474,41.104797,234.4],[-74.234619,41.104725,235.0],[-74.234705,41.104668,235.2],[-74.234769,41.104599,235.4],[-74.234834,41.10453,235.4],[-74.234898,41.10445,235.2],[-74.234946,41.104369,236.0],[-74.234946,41.104369,236.0],[-74.234946,41.104369,236.0],[-74.234989,41.104288,236.0],[-74.234989,41.104288,236.0],[-74.234989,41.104288,236.0],[-74.234989,41.104288,236.0],[-74.234989,41.104288,236.0],[-74.234992,41.104288,236.2],[-74.234992,41.104288,236.2],[-74.235134,41.104031,237.5],[-74.235134,41.104031,237.5],[-74.235175,41.104056,236.9],[-74.235338,41.104165,235.1],[-74.235394,41.104258,234.1],[-74.235344,41.104349,233.8],[-74.235273,41.104423,233.8],[-74.235205,41.104499,233.5],[-74.235146,41.10459,233.3],[-74.235086,41.104721,231.9],[-74.235033,41.104834,230.9],[-74.234993,41.104946,229.8],[-74.234934,41.105043,228.9],[-74.234857,41.105096,228.6],[-74.234667,41.105267,227.4],[-74.234627,41.105396,225.7],[-74.234584,41.105503,224.4],[-74.234482,41.105621,223.2],[-74.234357,41.105696,223.9],[-74.234251,41.105872,222.3],[-74.234208,41.105976,220.5],[-74.234216,41.105997,220.0],[-74.234165,41.106053,219.6],[-74.234107,41.106187,218.4],[-74.234074,41.106259,217.8],[-74.233967,41.106407,217.1],[-74.233923,41.106483,216.3],[-74.233814,41.106619,216.1],[-74.233756,41.106718,214.9],[-74.233623,41.106944,212.3],[-74.233563,41.107016,212.4],[-74.233508,41.10714,211.8],[-74.233461,41.107207,211.7],[-74.233421,41.107265,211.5],[-74.233406,41.107363,209.9],[-74.23339,41.107597,206.8],[-74.23341,41.107703,205.4],[-74.233416,41.10784,204.4],[-74.233407,41.107931,203.8],[-74.233432,41.108019,202.5],[-74.23345,41.108036,202.0],[-74.233474,41.108049,201.5],[-74.23344,41.108103,201.5],[-74.233424,41.108142,201.3],[-74.233418,41.108338,199.5],[-74.233431,41.108477,198.3],[-74.233465,41.10858,198.1],[-74.233526,41.108684,197.6],[-74.233601,41.108825,197.6],[-74.233712,41.108881,196.7],[-74.233811,41.108888,195.5],[-74.23433,41.108809,192.7],[-74.234485,41.108757,191.7],[-74.234524,41.108702,190.8],[-74.234524,41.108702,190.8],[-74.23452,41.108704,190.9],[-74.234554,41.108655,190.1],[-74.234575,41.108607,189.5],[-74.2347,41.108312,186.3],[-74.234945,41.107996,184.7],[-74.235026,41.10794,184.3],[-74.235101,41.107879,183.7],[-74.235176,41.107811,183.2],[-74.23524,41.107738,182.7],[-74.235518,41.107406,181.9],[-74.235597,41.107325,181.9],[-74.236066,41.107061,180.2],[-74.236378,41.106942,180.9],[-74.236382,41.106941,180.9],[-74.236382,41.106938,180.9],[-74.236416,41.106928,180.4],[-74.236416,41.106928,180.4],[-74.236416,41.106928,180.4],[-74.236413,41.106932,180.5],[-74.236481,41.106913,179.5],[-74.236593,41.106897,178.3],[-74.236701,41.106901,177.4],[-74.236803,41.106913,176.4],[-74.23691,41.106934,175.4],[-74.237017,41.106954,174.6],[-74.23713,41.10697,174.1],[-74.237242,41.10697,173.5],[-74.237355,41.106974,173.1],[-74.237462,41.106978,172.8],[-74.237586,41.106978,172.2],[-74.237704,41.106974,171.7],[-74.237822,41.106962,171.4],[-74.237929,41.106962,171.4],[-74.238315,41.106982,170.1],[-74.238428,41.106982,170.0],[-74.238535,41.10699,169.7],[-74.238643,41.107006,169.1],[-74.23875,41.10703,168.5],[-74.238857,41.107067,167.5],[-74.238954,41.107099,166.7],[-74.239758,41.107267,166.0],[-74.240005,41.107324,164.8],[-74.240164,41.107375,163.9],[-74.240292,41.1075,163.5],[-74.240327,41.10756,163.4],[-74.24034,41.1076,163.3],[-74.240354,41.107641,163.3],[-74.240364,41.107681,163.5],[-74.240378,41.107722,163.7],[-74.240424,41.107888,164.4],[-74.240424,41.107888,164.4],[-74.240424,41.107888,164.4],[-74.240428,41.107888,164.4],[-74.240428,41.107888,164.4],[-74.240428,41.107888,164.4],[-74.240485,41.108097,164.3],[-74.240635,41.108574,163.1],[-74.240753,41.108946,162.1],[-74.240794,41.1092,160.4],[-74.240848,41.109304,160.1],[-74.240848,41.109304,160.1],[-74.240848,41.109304,160.1],[-74.240956,41.109269,161.1],[-74.240956,41.109269,161.1],[-74.240956,41.109269,161.1],[-74.241005,41.109402,160.7],[-74.241101,41.109662,159.7],[-74.241197,41.109922,159.5],[-74.241293,41.110181,158.0],[-74.241389,41.110441,158.0],[-74.241389,41.110441,158.0],[-74.241389,41.110441,158.0],[-74.241485,41.110701,158.0],[-74.241485,41.110701,158.0],[-74.241485,41.110701,158.0],[-74.241485,41.110701,158.0],[-74.24142,41.110753,157.6],[-74.241175,41.110949,158.4],[-74.240929,41.111145,159.1],[-74.240929,41.111145,159.1],[-74.240929,41.111145,159.1],[-74.240684,41.111342,161.5],[-74.240684,41.111342,161.5],[-74.240763,41.11135,159.8],[-74.240761,41.111362,159.8],[-74.240794,41.111482,159.6],[-74.240855,41.111581,159.0],[-74.24102,41.111591,158.2],[-74.241248,41.111672,157.4],[-74.241373,41.111739,157.0],[-74.241472,41.11181,156.6],[-74.241519,41.11193,156.6],[-74.241554,41.112028,157.2],[-74.24161,41.112233,158.2],[-74.241545,41.112332,158.4],[-74.241518,41.112425,158.8],[-74.241496,41.112557,159.2],[-74.241431,41.1128,159.6],[-74.241367,41.113026,160.0],[-74.241303,41.11322,160.2],[-74.241269,41.11326,160.2],[-74.241269,41.11326,160.2],[-74.241179,41.113366,160.6],[-74.241276,41.113531,160.4],[-74.241439,41.113679,160.4],[-74.241447,41.113798,160.4],[-74.241388,41.113932,160.8],[-74.241185,41.114077,161.4],[-74.241024,41.114311,164.0],[-74.240867,41.114558,165.0],[-74.24086,41.114845,165.4],[-74.24083,41.115055,166.0],[-74.240788,41.115273,168.6],[-74.240809,41.115576,169.0],[-74.240751,41.115889,169.4],[-74.240691,41.116098,169.6],[-74.240739,41.116184,169.0],[-74.240691,41.116441,169.2],[-74.240525,41.116651,169.8],[-74.240538,41.116831,168.8],[-74.240401,41.11689,168.8],[-74.24024,41.117084,168.2],[-74.240167,41.117259,168.2],[-74.240194,41.11731,168.2],[-74.240207,41.117361,168.0],[-74.240237,41.11744,168.8],[-74.24026,41.11749,169.4],[-74.240254,41.117539,170.4],[-74.240264,41.117563,170.4],[-74.240268,41.117589,170.6],[-74.240294,41.117635,170.6],[-74.240304,41.117673,170.6],[-74.240331,41.117705,170.6],[-74.240359,41.117759,170.8],[-74.240398,41.117809,170.8],[-74.240414,41.117857,170.8],[-74.240432,41.117895,170.8],[-74.240453,41.117933,171.0],[-74.240453,41.117993,171.0],[-74.240442,41.118015,171.0],[-74.24042,41.118047,171.2],[-74.240412,41.118094,171.2],[-74.240385,41.118156,171.6],[-74.240367,41.118238,172.8],[-74.240324,41.118355,173.2],[-74.240288,41.11844,173.2],[-74.240239,41.118515,173.6],[-74.24017,41.118584,173.8],[-74.240091,41.118676,173.8],[-74.240018,41.118768,173.6],[-74.239942,41.118874,173.6],[-74.239861,41.118952,172.6],[-74.239749,41.119051,171.4],[-74.239664,41.119119,171.0],[-74.239613,41.119175,170.6],[-74.239493,41.119235,170.4],[-74.239443,41.119266,169.8],[-74.23945,41.11931,169.8],[-74.239483,41.11939,168.0],[-74.239429,41.119401,168.0],[-74.23931,41.11948,168.6],[-74.239176,41.119606,169.4],[-74.23906,41.119865,173.4],[-74.239014,41.120034,174.0],[-74.239001,41.120082,174.0],[-74.238148,41.120127,180.2],[-74.237943,41.120164,181.2],[-74.237479,41.120288,184.6],[-74.237,41.120408,188.6],[-74.236166,41.12054,190.2],[-74.235585,41.120596,192.0],[-74.235458,41.120608,192.2],[-74.234676,41.120688,195.4],[-74.234198,41.120787,195.8],[-74.234032,41.120851,196.0],[-74.234031,41.120851,196.0],[-74.234031,41.120851,196.0],[-74.234029,41.120849,195.9],[-74.234029,41.120849,195.9],[-74.234029,41.120849,195.9],[-74.23374,41.121016,197.2],[-74.233567,41.121239,196.6],[-74.233507,41.121488,196.5],[-74.233541,41.121831,196.6],[-74.23362,41.122106,196.0],[-74.233767,41.122544,196.5],[-74.233853,41.122693,194.8],[-74.233902,41.12297,193.9],[-74.233902,41.123041,193.9],[-74.233852,41.123207,194.6],[-74.233763,41.123482,194.3],[-74.2337,41.123672,194.1],[-74.233595,41.124059,194.4],[-74.233535,41.124388,195.4],[-74.233486,41.124578,194.9],[-74.23347,41.12466,195.3],[-74.233477,41.124754,195.6],[-74.233488,41.1249,196.4],[-74.233751,41.125403,202.3],[-74.233945,41.125626,204.8],[-74.234129,41.125811,205.3],[-74.234129,41.125811,205.3],[-74.234129,41.125811,205.3],[-74.234168,41.125832,205.0],[-74.234168,41.125832,205.0],[-74.234168,41.125832,205.0],[-74.234167,41.125836,205.1],[-74.234128,41.125815,205.4],[-74.233944,41.12563,204.8],[-74.23375,41.125407,202.4],[-74.23379,41.125565,205.1],[-74.233993,41.125867,209.2],[-74.234182,41.126146,211.6],[-74.234305,41.126641,221.2],[-74.234343,41.126709,222.4],[-74.234463,41.126785,223.5],[-74.234636,41.12684,224.9],[-74.234784,41.126995,229.0],[-74.234846,41.126973,228.7],[-74.234908,41.126959,228.5],[-74.234964,41.126948,228.5],[-74.23502,41.126946,228.2],[-74.235085,41.126948,227.1],[-74.235144,41.126956,226.2],[-74.235205,41.126975,225.6],[-74.235259,41.126995,225.1],[-74.235305,41.127019,225.1],[-74.235353,41.12705,225.3],[-74.235404,41.12707,225.3],[-74.235404,41.12707,225.3],[-74.235404,41.12707,225.3],[-74.235408,41.127072,225.3],[-74.235408,41.127072,225.3],[-74.235408,41.127072,225.3],[-74.235414,41.12707,225.2],[-74.235458,41.127088,225.1],[-74.235509,41.127108,225.0],[-74.235571,41.127132,224.8],[-74.235616,41.127157,224.5],[-74.235667,41.127183,224.1],[-74.235718,41.127207,223.7],[-74.235766,41.127235,223.5],[-74.235812,41.12726,223.2],[-74.235858,41.127288,223.0],[-74.235901,41.127318,222.9],[-74.235952,41.12734,222.4],[-74.236,41.127363,222.1],[-74.236056,41.127391,221.9],[-74.236107,41.127411,221.5],[-74.236161,41.127419,220.8],[-74.236231,41.127429,219.9],[-74.236287,41.127437,219.1],[-74.236346,41.127441,218.2],[-74.236402,41.127445,217.3],[-74.236464,41.127458,216.6],[-74.236523,41.127458,215.8],[-74.236855,41.127492,213.6],[-74.236888,41.127492,213.6],[-74.236924,41.127492,213.5],[-74.236965,41.127492,213.5],[-74.236996,41.127492,213.5],[-74.237034,41.127488,213.5],[-74.237066,41.127481,213.4],[-74.237151,41.127528,213.6],[-74.237215,41.127585,213.8],[-74.237224,41.127593,213.8],[-74.237298,41.127631,214.0],[-74.237346,41.127656,214.2],[-74.237416,41.127702,214.8],[-74.237462,41.127728,215.0],[-74.237513,41.127782,215.5],[-74.237695,41.128043,217.0],[-74.237719,41.128175,218.2],[-74.237863,41.12831,218.2],[-74.238006,41.128444,217.5],[-74.238111,41.128525,216.8],[-74.238111,41.128525,216.8],[-74.238111,41.128525,216.8],[-74.238152,41.128556,216.5],[-74.238152,41.128556,216.5],[-74.238152,41.128556,216.5],[-74.238147,41.128557,216.6],[-74.238458,41.128786,213.9],[-74.238546,41.128907,213.2],[-74.238545,41.129099,213.8],[-74.238567,41.129185,213.2],[-74.238557,41.129287,213.2],[-74.238598,41.129334,212.2],[-74.238698,41.129346,210.9],[-74.238743,41.129307,210.6],[-74.238789,41.129213,210.2],[-74.238866,41.12918,209.3],[-74.238943,41.129201,208.3],[-74.23897,41.129285,207.9],[-74.238768,41.129636,208.0],[-74.238585,41.129911,207.7],[-74.238349,41.13017,208.2],[-74.238074,41.13046,209.2],[-74.238081,41.130574,207.9],[-74.238137,41.130601,206.7],[-74.238194,41.130575,206.1],[-74.238248,41.130458,206.2],[-74.23835,41.130425,204.6],[-74.238403,41.130458,203.4],[-74.238374,41.13059,203.0],[-74.238295,41.130687,203.6],[-74.238246,41.130827,202.3],[-74.238284,41.130908,200.6],[-74.238397,41.130966,198.2],[-74.23838,41.131057,198.0],[-74.238355,41.131198,197.9],[-74.23833,41.131321,198.1],[-74.238403,41.131364,197.0],[-74.238442,41.131555,196.2],[-74.238387,41.131631,196.2],[-74.238445,41.131675,195.0],[-74.238532,41.131647,194.2],[-74.2386,41.131607,193.6],[-74.238667,41.131409,193.2],[-74.238727,41.131391,192.3],[-74.238791,41.131437,191.2],[-74.238864,41.131574,189.4],[-74.238945,41.131728,188.0],[-74.23902,41.131722,186.6],[-74.239074,41.131655,185.7],[-74.239128,41.131665,184.7],[-74.239214,41.131752,183.2],[-74.239242,41.131852,182.5],[-74.239277,41.131992,181.3],[-74.239244,41.13208,181.6],[-74.23933,41.132191,179.5],[-74.239373,41.132297,178.3],[-74.239457,41.132321,176.9],[-74.239538,41.132279,175.4],[-74.239698,41.132056,173.5],[-74.23982,41.132001,171.7],[-74.239895,41.132029,170.5],[-74.239921,41.132238,169.0],[-74.239874,41.132334,169.0],[-74.239821,41.132452,168.8],[-74.239818,41.132534,168.2],[-74.239818,41.132534,168.2],[-74.239818,41.132534,168.2],[-74.239808,41.132568,168.0],[-74.239808,41.132568,168.0],[-74.239808,41.132568,168.0],[-74.239811,41.132568,169.8],[-74.239781,41.132673,168.8],[-74.239751,41.132762,169.6],[-74.239796,41.132762,168.2],[-74.23985,41.132684,168.8],[-74.239884,41.132698,167.4],[-74.239895,41.132785,166.2],[-74.239823,41.132908,166.4],[-74.239704,41.133079,166.6],[-74.239133,41.133777,171.4],[-74.238882,41.133918,172.6],[-74.2387,41.133969,173.2],[-74.238537,41.134019,173.8],[-74.238079,41.134167,175.0],[-74.237683,41.134303,177.6],[-74.237212,41.13455,178.8],[-74.236878,41.134741,180.0],[-74.236567,41.135016,180.6],[-74.236245,41.135412,185.4],[-74.236018,41.135895,184.8],[-74.235889,41.136066,186.6],[-74.23553,41.136449,189.0],[-74.235352,41.136518,189.6],[-74.235092,41.136547,190.2],[-74.234796,41.136496,191.0],[-74.234613,41.13639,192.2],[-74.234282,41.136214,192.8],[-74.234038,41.136082,193.4],[-74.233849,41.136057,193.8],[-74.233659,41.136063,194.0],[-74.233438,41.136146,193.6],[-74.233104,41.136219,193.8],[-74.233056,41.135997,197.4],[-74.23297,41.135999,197.8],[-74.232873,41.135993,198.0],[-74.232421,41.135949,197.6],[-74.232421,41.135949,197.6],[-74.232421,41.135949,197.6],[-74.232395,41.135998,197.6],[-74.232395,41.135998,197.6],[-74.232395,41.135998,197.6],[-74.23213,41.13649,195.6],[-74.232057,41.136626,200.2],[-74.232036,41.136668,201.2],[-74.23192,41.136898,202.2],[-74.231932,41.137015,202.6],[-74.231883,41.137026,202.6],[-74.23177,41.137039,202.0],[-74.231737,41.137325,202.6],[-74.231722,41.137378,202.8],[-74.231654,41.137462,202.6],[-74.231597,41.13749,202.6],[-74.231645,41.137566,203.0],[-74.231671,41.137663,203.2],[-74.231696,41.137836,200.0],[-74.231671,41.137664,199.1],[-74.231645,41.137567,198.7],[-74.231597,41.137491,198.5],[-74.231654,41.137463,198.4],[-74.231722,41.137379,198.5],[-74.231737,41.137326,198.5],[-74.23177,41.13704,198.3],[-74.231883,41.137027,198.6],[-74.231932,41.137016,198.7],[-74.23192,41.136899,198.3],[-74.232036,41.136669,197.8],[-74.232057,41.136627,197.6],[-74.23213,41.136491,196.7],[-74.232012,41.136376,195.9],[-74.232048,41.136241,195.0],[-74.232049,41.136148,194.9],[-74.232041,41.136054,194.8],[-74.231975,41.135867,194.6],[-74.231946,41.135648,195.2],[-74.231913,41.135571,195.3],[-74.231861,41.135535,195.3],[-74.231951,41.135511,195.7],[-74.231922,41.135484,195.7],[-74.231799,41.135375,196.0],[-74.231589,41.135268,196.3],[-74.231356,41.135229,195.8],[-74.231036,41.135246,197.6],[-74.230665,41.13539,197.2],[-74.23001,41.135624,197.5],[-74.229905,41.135653,197.6],[-74.229904,41.135652,197.6],[-74.229772,41.135688,198.4],[-74.229598,41.135704,198.4],[-74.229385,41.135647,198.2],[-74.229257,41.13557,197.9],[-74.229162,41.135476,198.1],[-74.228997,41.135321,200.0],[-74.228825,41.135219,200.6],[-74.228602,41.135161,199.6],[-74.228393,41.135121,199.5],[-74.227712,41.13508,200.7],[-74.22737,41.134963,200.5],[-74.227025,41.13464,200.9],[-74.226764,41.134467,201.8],[-74.22663,41.134413,202.1],[-74.226496,41.134418,202.0],[-74.226362,41.134452,201.7],[-74.22594,41.134623,203.7],[-74.225538,41.134778,203.3],[-74.225259,41.134829,203.5],[-74.225002,41.134839,204.2],[-74.224614,41.13481,204.3],[-74.224278,41.134709,203.7],[-74.224011,41.134608,203.9],[-74.223692,41.134558,205.4],[-74.223469,41.134589,205.4],[-74.2229,41.134799,206.8],[-74.22248,41.135036,208.4],[-74.22206,41.135316,207.2],[-74.221766,41.135423,207.2],[-74.22134,41.135522,209.1],[-74.221183,41.135599,210.7],[-74.221026,41.135722,211.4],[-74.220638,41.136142,212.1],[-74.220087,41.136311,219.6],[-74.219766,41.136346,224.6],[-74.219416,41.136306,228.9],[-74.219202,41.136235,231.7],[-74.218816,41.135983,232.0],[-74.218816,41.135984,232.0],[-74.218711,41.135915,232.5],[-74.218301,41.135599,234.7],[-74.217922,41.135284,233.3],[-74.217874,41.135047,232.7],[-74.217936,41.134605,230.7],[-74.21814,41.134374,233.2],[-74.218522,41.133968,239.6],[-74.218779,41.133621,238.3],[-74.219184,41.133406,240.5],[-74.219445,41.132746,237.6],[-74.219567,41.132267,230.3],[-74.219806,41.131834,223.7],[-74.220079,41.131378,221.8],[-74.220159,41.13115,219.5],[-74.22016,41.131148,219.5],[-74.220251,41.130885,216.3],[-74.220467,41.130527,212.9],[-74.22063,41.129999,208.3],[-74.220721,41.129598,204.6],[-74.220722,41.129226,203.0],[-74.220888,41.128442,198.4],[-74.221885,41.127533,199.7],[-74.222475,41.126934,198.6],[-74.222819,41.126516,198.2],[-74.222885,41.126356,198.6],[-74.222905,41.126235,198.9],[-74.222963,41.126171,199.2],[-74.22313,41.12611,200.7],[-74.223121,41.125954,200.7],[-74.223452,41.12552,204.3],[-74.223741,41.12489,206.9],[-74.223827,41.124601,208.9],[-74.223902,41.124348,209.1],[-74.223963,41.123857,210.4],[-74.22396,41.123583,210.5],[-74.22396,41.123584,210.5],[-74.22396,41.123552,210.5],[-74.223971,41.123128,210.9],[-74.223976,41.12296,210.9],[-74.224025,41.12256,210.2],[-74.224095,41.122347,209.6],[-74.224289,41.122126,208.8],[-74.224648,41.121992,209.1],[-74.224985,41.121901,207.7],[-74.22533,41.121802,209.0],[-74.227187,41.120174,200.2],[-74.227327,41.120052,199.3],[-74.227486,41.119777,198.6],[-74.227998,41.11907,198.5],[-74.228642,41.118553,196.1],[-74.22896,41.118205,196.1],[-74.22896,41.118204,196.1],[-74.229081,41.118072,196.1],[-74.229428,41.117544,194.7],[-74.229852,41.11708,194.5],[-74.230383,41.116621,191.4],[-74.230893,41.1162,191.2],[-74.231341,41.115815,189.1],[-74.231872,41.115212,189.1],[-74.231872,41.115212,189.1],[-74.231927,41.115149,189.0],[-74.232442,41.114657,190.1],[-74.232834,41.114424,189.9],[-74.233143,41.114081,191.4],[-74.233546,41.113708,191.3],[-74.233893,41.113434,189.7],[-74.233861,41.113369,189.1],[-74.233864,41.113368,189.1],[-74.233896,41.113433,189.7],[-74.234013,41.113625,192.9],[-74.234189,41.113946,199.1],[-74.234308,41.114015,201.4],[-74.234441,41.114047,203.0],[-74.23472,41.113986,204.7],[-74.234902,41.113948,205.9],[-74.235225,41.113912,207.7],[-74.235332,41.113903,208.7],[-74.235653,41.113867,212.3],[-74.236132,41.113824,216.5],[-74.236651,41.113803,219.9],[-74.236823,41.113824,220.3],[-74.236981,41.113898,219.5],[-74.237127,41.114051,216.3],[-74.237245,41.114324,213.3],[-74.237116,41.11488,213.4],[-74.237112,41.11488,213.5],[-74.237085,41.114998,213.2],[-74.236849,41.115511,214.8],[-74.236704,41.115893,215.9],[-74.236536,41.116416,216.4],[-74.236521,41.116741,214.3],[-74.2363,41.117449,208.7],[-74.235988,41.117837,205.7],[-74.235937,41.118044,202.7],[-74.234978,41.118658,202.3],[-74.234853,41.11893,201.8],[-74.234791,41.119337,200.2],[-74.234792,41.11934,200.2],[-74.234763,41.119528,199.9],[-74.234741,41.120493,195.3],[-74.234676,41.120689,194.2],[-74.234198,41.120788,195.2],[-74.234032,41.120852,195.8],[-74.233743,41.121019,197.2],[-74.23357,41.121242,196.5],[-74.23351,41.121491,196.5],[-74.233512,41.121511,196.4],[-74.233512,41.121512,196.4],[-74.233544,41.121835,196.6],[-74.233623,41.12211,196.0],[-74.23377,41.122548,196.4],[-74.233856,41.122697,194.8],[-74.233905,41.122974,193.9],[-74.233905,41.123045,193.9],[-74.233855,41.123211,194.5],[-74.233766,41.123486,194.3],[-74.233703,41.123676,194.0],[-74.233598,41.124063,194.4],[-74.233538,41.124392,195.4],[-74.233489,41.124582,194.9],[-74.233473,41.124664,195.3],[-74.23348,41.124758,195.6],[-74.233491,41.124904,196.5],[-74.233513,41.124945,196.9],[-74.233512,41.124944,196.9],[-74.233753,41.125406,202.3],[-74.233793,41.125564,205.0],[-74.233996,41.125866,209.2],[-74.234185,41.126145,211.5],[-74.234308,41.12664,221.1],[-74.234346,41.126708,222.4],[-74.234466,41.126784,223.5],[-74.234639,41.126839,224.9],[-74.234787,41.126994,229.0],[-74.234849,41.126972,228.7],[-74.234911,41.126958,228.5],[-74.234967,41.126947,228.4],[-74.235023,41.126945,228.1],[-74.235088,41.126947,227.0],[-74.235147,41.126955,226.1],[-74.235208,41.126974,225.5],[-74.235262,41.126994,225.0],[-74.235308,41.127018,225.0],[-74.235356,41.127049,225.3],[-74.235407,41.127069,225.2],[-74.235455,41.127089,225.2],[-74.235506,41.127109,225.1],[-74.235568,41.127133,224.8],[-74.235613,41.127158,224.6],[-74.235664,41.127184,224.2],[-74.235715,41.127208,223.8],[-74.235763,41.127236,223.6],[-74.235809,41.127261,223.3],[-74.235855,41.127289,223.1],[-74.235898,41.127319,222.9],[-74.235949,41.127341,222.5],[-74.235997,41.127364,222.1],[-74.236053,41.127392,222.0],[-74.236104,41.127412,221.6],[-74.236158,41.12742,220.9],[-74.236228,41.12743,220.0],[-74.236284,41.127438,219.2],[-74.236343,41.127442,218.3],[-74.236399,41.127446,217.4],[-74.236461,41.127459,216.7],[-74.23652,41.127459,215.8],[-74.236852,41.127493,213.6],[-74.236885,41.127493,213.6],[-74.236921,41.127493,213.5],[-74.236962,41.127493,213.5],[-74.236993,41.127493,213.5],[-74.237031,41.127489,213.5],[-74.237063,41.127482,213.4],[-74.237148,41.127529,213.6],[-74.237212,41.127586,213.8],[-74.237221,41.127594,213.8],[-74.237295,41.127632,214.0],[-74.237343,41.127657,214.2],[-74.237413,41.127703,214.8],[-74.237459,41.127729,215.0],[-74.23751,41.127783,215.5],[-74.23761,41.127926,216.3],[-74.237608,41.127924,216.3],[-74.23769,41.128042,217.0],[-74.237714,41.128174,218.2],[-74.237858,41.128309,218.3],[-74.238001,41.128443,217.6],[-74.238106,41.128524,216.8],[-74.238458,41.128784,213.9],[-74.238546,41.128905,213.2],[-74.238545,41.129097,213.8],[-74.238567,41.129183,213.3],[-74.238557,41.129285,213.2],[-74.238598,41.129332,212.2],[-74.238698,41.129344,210.9],[-74.238743,41.129305,210.6],[-74.238789,41.129211,210.2],[-74.238866,41.129178,209.3],[-74.238943,41.129199,208.3],[-74.23897,41.129283,207.9],[-74.238768,41.129634,208.0],[-74.238585,41.129909,207.7],[-74.238349,41.130168,208.2],[-74.238074,41.130458,209.2],[-74.238081,41.130572,207.9],[-74.238137,41.130599,206.8],[-74.238194,41.130573,206.1],[-74.238248,41.130456,206.2],[-74.23835,41.130423,204.7],[-74.238403,41.130456,203.5],[-74.238374,41.130588,203.0],[-74.238295,41.130685,203.6],[-74.238246,41.130825,202.4],[-74.238284,41.130906,200.7],[-74.238397,41.130964,198.2],[-74.23838,41.131055,198.0],[-74.238355,41.131196,197.9],[-74.23833,41.131319,198.1],[-74.238403,41.131362,197.0],[-74.238442,41.131553,196.2],[-74.238387,41.131629,196.2],[-74.238445,41.131673,195.0],[-74.238532,41.131645,194.2],[-74.2386,41.131605,193.6],[-74.238667,41.131407,193.2],[-74.238727,41.131389,192.3],[-74.238791,41.131435,191.2],[-74.238864,41.131572,189.4],[-74.238945,41.131726,188.0],[-74.23902,41.13172,186.6],[-74.239074,41.131653,185.7],[-74.239128,41.131663,184.7],[-74.239214,41.13175,183.2],[-74.239242,41.13185,182.5],[-74.239277,41.13199,181.3],[-74.239244,41.132078,181.6],[-74.23933,41.132189,179.5],[-74.239373,41.132295,178.3],[-74.239457,41.132319,176.9],[-74.239538,41.132277,175.4],[-74.239698,41.132054,173.5],[-74.23982,41.131999,171.7],[-74.239895,41.132027,170.5],[-74.239921,41.132236,169.0],[-74.239874,41.132332,169.0],[-74.239821,41.13245,168.8],[-74.239818,41.132532,168.2],[-74.239778,41.132672,167.7],[-74.239748,41.132761,167.6],[-74.239793,41.132761,166.6],[-74.239845,41.132686,166.3],[-74.239848,41.132688,166.2],[-74.23985,41.132685,166.2],[-74.239884,41.132699,165.4],[-74.239895,41.132786,164.2],[-74.239823,41.132909,164.5],[-74.239704,41.13308,166.1],[-74.239133,41.133778,168.3],[-74.238882,41.133919,169.8],[-74.2387,41.13397,170.8],[-74.238537,41.13402,171.3],[-74.238079,41.134168,171.8],[-74.237683,41.134304,174.0],[-74.237212,41.134551,176.5],[-74.236878,41.134742,177.8],[-74.236567,41.135017,180.3],[-74.236294,41.135353,182.8],[-74.236296,41.135352,182.7],[-74.236247,41.135412,183.6],[-74.23602,41.135895,184.9],[-74.235891,41.136066,185.9],[-74.235532,41.136449,187.0],[-74.235354,41.136518,186.9],[-74.235094,41.136547,188.1],[-74.234798,41.136496,190.1],[-74.234615,41.13639,190.5],[-74.234284,41.136214,190.4],[-74.23404,41.136082,192.0],[-74.233851,41.136057,192.6],[-74.233661,41.136063,192.9],[-74.23344,41.136146,193.7],[-74.233106,41.136219,194.2],[-74.233058,41.135997,195.8],[-74.232972,41.135999,195.8],[-74.232875,41.135993,195.9],[-74.232539,41.13596,196.2],[-74.232536,41.13596,196.2],[-74.23242,41.135949,196.3],[-74.232129,41.13649,196.7],[-74.232056,41.136626,197.6],[-74.232035,41.136668,197.8],[-74.231919,41.136898,198.3],[-74.231931,41.137015,198.7],[-74.231882,41.137026,198.6],[-74.231769,41.137039,198.3],[-74.231736,41.137325,198.5],[-74.231721,41.137378,198.5],[-74.231653,41.137462,198.4],[-74.231596,41.13749,198.5],[-74.231644,41.137566,198.7],[-74.23167,41.137663,199.1],[-74.231721,41.138009,201.0],[-74.231731,41.138059,201.4]]}}]}