{"type":"FeatureCollection","features":[{"type":"Feature","properties":{"name":"","blaze":null},"geometry":{"type":"LineString","coordinates":[[-74.247722,41.100664],[-74.247019,41.100659],[-74.246897,41.100669],[-74.246779,41.10073],[-74.246381,41.101101],[-74.246188,41.101168],[-74.245735,41.101119],[-74.245256,41.101109],[-74.244984,41.10114],[-74.244733,41.10123],[-74.24408,41.102]]}},{"type":"Feature","properties":{"name":"","blaze":null},"geometry":{"type":"LineString","coordinates":[[-74.254208,41.151119],[-74.254116,41.151061],[-74.253942,41.151045],[-74.253808,41.151005],[-74.253578,41.150811],[-74.253263,41.150675],[-74.253065,41.150656],[-74.252948,41.150605],[-74.252789,41.150294],[-74.252736,41.150019],[-74.252672,41.149894],[-74.252537,41.149825],[-74.252307,41.149835],[-74.251936,41.149942],[-74.251567,41.15005],[-74.251203,41.150096],[-74.250998,41.15007],[-74.250785,41.149947],[-74.250658,41.149838],[-74.250258,41.149651],[-74.25017,41.149638],[-74.249996,41.149665],[-74.249855,41.149659],[-74.249759,41.149593],[-74.249706,41.149497],[-74.249479,41.149382],[-74.249331,41.149356],[-74.249288,41.149337],[-74.249327,41.149244],[-74.249246,41.148988],[-74.249129,41.148881],[-74.248973,41.148623],[-74.248942,41.148505],[-74.248917,41.148452],[-74.248846,41.148436],[-74.248733,41.148479],[-74.248609,41.14854],[-74.248446,41.148608],[-74.248384,41.148684],[-74.248272,41.148757],[-74.248063,41.148765],[-74.247821,41.14866],[-74.247709,41.148502],[-74.247596,41.148292],[-74.247429,41.148034],[-74.247266,41.147841],[-74.247026,41.147674],[-74.246813,41.147635],[-74.246535,41.147588],[-74.246331,41.147647],[-74.246242,41.147654],[-74.246039,41.147692],[-74.245909,41.147703],[-74.245842,41.147698],[-74.245777,41.147697],[-74.245751,41.147701],[-74.24572,41.147709],[-74.245671,41.147715],[-74.245608,41.147716],[-74.245574,41.147715],[-74.245544,41.14771],[-74.24547,41.147686],[-74.245367,41.147649],[-74.245213,41.14759],[-74.245159,41.147557],[-74.245118,41.147525],[-74.245092,41.147499],[-74.245075,41.14747],[-74.245064,41.147438],[-74.245055,41.14741],[-74.245055,41.147385],[-74.245064,41.147364],[-74.245082,41.147343],[-74.245142,41.147294],[-74.245282,41.147203],[-74.245357,41.147144]]}},{"type":"Feature","properties":{"name":"Skylands Drive","blaze":null},"geometry":{"type":"LineString","coordinates":[[-74.215884,41.135111],[-74.215286,41.135705],[-74.215066,41.136083],[-74.215059,41.136406],[-74.215323,41.136975],[-74.215232,41.137945],[-74.215034,41.138412],[-74.215112,41.138759],[-74.215229,41.139057],[-74.215239,41.139181]]}},{"type":"Feature","properties":{"name":"Old Cranberry Road","blaze":null},"geometry":{"type":"LineString","coordinates":[[-74.224612,41.142446],[-74.224346,41.142164],[-74.224088,41.141739],[-74.22397,41.141349],[-74.22366,41.140999],[-74.223326,41.140864],[-74.22286,41.140765],[-74.222239,41.140744],[-74.221793,41.140783],[-74.221134,41.140946],[-74.220213,41.141112],[-74.219761,41.141137],[-74.219554,41.141031],[-74.219578,41.140797],[-74.219662,41.140464],[-74.219907,41.140043],[-74.220024,41.139763],[-74.219935,41.13948],[-74.219921,41.138856],[-74.219666,41.138524],[-74.219008,41.138012],[-74.218784,41.137877],[-74.218317,41.137695],[-74.217883,41.137637],[-74.217689,41.137612],[-74.217129,41.137523],[-74.216581,41.137649],[-74.215975,41.137937],[-74.215575,41.138396],[-74.215441,41.138835],[-74.215239,41.139181],[-74.214176,41.139756],[-74.213262,41.140101],[-74.212935,41.140276],[-74.212316,41.1409],[-74.211406,41.141907]]}},{"type":"Feature","properties":{"name":"","blaze":null},"geometry":{"type":"LineString","coordinates":[[-74.238391,41.124937],[-74.238391,41.124906],[-74.238391,41.124873],[-74.238351,41.12484],[-74.2383,41.124839],[-74.238244,41.124838],[-74.23821,41.124866],[-74.23821,41.124908],[-74.23821,41.124941],[-74.238244,41.124972],[-74.238304,41.124974],[-74.238354,41.124975],[-74.238391,41.124937]]}},{"type":"Feature","properties":{"name":"","blaze":null},"geometry":{"type":"LineString","coordinates":[[-74.238304,41.124974],[-74.238304,41.125055]]}},{"type":"Feature","properties":{"name":"","blaze":null},"geometry":{"type":"LineString","coordinates":[[-74.238391,41.124906],[-74.238497,41.124907]]}},{"type":"Feature","properties":{"name":"","blaze":null},"geometry":{"type":"LineString","coordinates":[[-74.23821,41.124908],[-74.238098,41.124908],[-74.238031,41.124907]]}},{"type":"Feature","properties":{"name":"","blaze":null},"geometry":{"type":"LineString","coordinates":[[-74.2383,41.124839],[-74.2383,41.124772]]}},{"type":"Feature","properties":{"name":"","blaze":null},"geometry":{"type":"LineString","coordinates":[[-74.2383,41.124772],[-74.238369,41.124772]]}},{"type":"Feature","properties":{"name":"","blaze":null},"geometry":{"type":"LineString","coordinates":[[-74.2383,41.124772],[-74.238213,41.124774]]}},{"type":"Feature","properties":{"name":"","blaze":null},"geometry":{"type":"LineString","coordinates":[[-74.238369,41.124772],[-74.238397,41.123984]]}},{"type":"Feature","properties":{"name":"","blaze":null},"geometry":{"type":"LineString","coordinates":[[-74.238213,41.124774],[-74.238237,41.123983]]}},{"type":"Feature","properties":{"name":"","blaze":null},"geometry":{"type":"LineString","coordinates":[[-74.236809,41.125252],[-74.237302,41.125262]]}},{"type":"Feature","properties":{"name":"","blaze":null},"geometry":{"type":"LineString","coordinates":[[-74.236809,41.125252],[-74.236813,41.12498],[-74.236843,41.124189]]}},{"type":"Feature","properties":{"name":"","blaze":null},"geometry":{"type":"LineString","coordinates":[[-74.236809,41.125252],[-74.236398,41.125248],[-74.235683,41.125242]]}},{"type":"Feature","properties":{"name":"Crabapple Vista","blaze":null},"geometry":{"type":"LineString","coordinates":[[-74.236562,41.121105],[-74.236442,41.124181],[-74.23641,41.124973],[-74.236398,41.125248],[-74.236326,41.126973]]}},{"type":"Feature","properties":{"name":"","blaze":null},"geometry":{"type":"LineString","coordinates":[[-74.2386,41.125278],[-74.238599,41.125253],[-74.238517,41.125226],[-74.238458,41.125176],[-74.238343,41.125064],[-74.238304,41.125055],[-74.238192,41.125054],[-74.238151,41.125041],[-74.238038,41.124927],[-74.238031,41.124907],[-74.23801,41.124852],[-74.237938,41.12478],[-74.237859,41.124749],[-74.237656,41.124738]]}},{"type":"Feature","properties":{"name":"","blaze":null},"geometry":{"type":"LineString","coordinates":[[-74.236813,41.12498],[-74.23686,41.12498],[-74.236918,41.125003],[-74.236971,41.12501],[-74.237017,41.125002],[-74.237056,41.12498],[-74.237314,41.12498]]}},{"type":"Feature","properties":{"name":"","blaze":null},"geometry":{"type":"LineString","coordinates":[[-74.236813,41.12498],[-74.236758,41.124979],[-74.23672,41.124998],[-74.236664,41.125005],[-74.236614,41.124998],[-74.23656,41.124975],[-74.23641,41.124973]]}},{"type":"Feature","properties":{"name":"Swan Pond Road/Five Ponds Loop Trail","blaze":null},"geometry":{"type":"LineString","coordinates":[[-74.237943,41.120164],[-74.237479,41.120288],[-74.237,41.120408],[-74.236166,41.120539],[-74.235585,41.120596]]}},{"type":"Feature","properties":{"name":"","blaze":null},"geometry":{"type":"LineString","coordinates":[[-74.237283,41.125729],[-74.237092,41.125726]]}},{"type":"Feature","properties":{"name":"","blaze":null},"geometry":{"type":"LineString","coordinates":[[-74.235959,41.124308],[-74.235809,41.124365],[-74.235594,41.124377],[-74.235449,41.12428],[-74.235409,41.124236],[-74.235294,41.12411]]}},{"type":"Feature","properties":{"name":"","blaze":null},"geometry":{"type":"LineString","coordinates":[[-74.235294,41.12411],[-74.235273,41.124007],[-74.235269,41.123972],[-74.235261,41.123928],[-74.23517,41.123815],[-74.234913,41.123646],[-74.234832,41.123528],[-74.234854,41.123479],[-74.234907,41.123359],[-74.234913,41.123185],[-74.235043,41.123147],[-74.235136,41.123049],[-74.235465,41.123003],[-74.235624,41.12289]]}},{"type":"Feature","properties":{"name":"","blaze":null},"geometry":{"type":"LineString","coordinates":[[-74.235624,41.12289],[-74.235329,41.122745],[-74.234938,41.122661],[-74.234682,41.122708]]}},{"type":"Feature","properties":{"name":"","blaze":null},"geometry":{"type":"LineString","coordinates":[[-74.23465,41.124424],[-74.23472,41.124421],[-74.23495,41.124359],[-74.235047,41.124308],[-74.235091,41.124266],[-74.235186,41.124175],[-74.235294,41.12411],[-74.235326,41.12409],[-74.235653,41.124098],[-74.235782,41.12416],[-74.235857,41.124195],[-74.235959,41.124308],[-74.23613,41.124313]]}},{"type":"Feature","properties":{"name":"","blaze":null},"geometry":{"type":"LineString","coordinates":[[-74.235805,41.121181],[-74.235489,41.121152],[-74.235258,41.121223],[-74.235148,41.121355],[-74.235077,41.121632],[-74.235022,41.121868],[-74.234908,41.1221],[-74.234865,41.122265],[-74.234738,41.122406],[-74.234724,41.122413]]}},{"type":"Feature","properties":{"name":"","blaze":null},"geometry":{"type":"LineString","coordinates":[[-74.235643,41.123729],[-74.235452,41.123852],[-74.235269,41.123972],[-74.234986,41.12395],[-74.234772,41.123937],[-74.234576,41.123865],[-74.234459,41.123795],[-74.234337,41.123723],[-74.234305,41.123704]]}},{"type":"Feature","properties":{"name":"","blaze":null},"geometry":{"type":"LineString","coordinates":[[-74.233969,41.124328],[-74.233724,41.124363]]}},{"type":"Feature","properties":{"name":"","blaze":null},"geometry":{"type":"LineString","coordinates":[[-74.234938,41.122661],[-74.234952,41.122854],[-74.234811,41.123053],[-74.234708,41.123204],[-74.234672,41.123358],[-74.234337,41.123723]]}},{"type":"Feature","properties":{"name":"","blaze":null},"geometry":{"type":"LineString","coordinates":[[-74.235261,41.123928],[-74.235306,41.123578],[-74.235199,41.123307],[-74.235043,41.123147],[-74.234929,41.123124],[-74.234811,41.123053],[-74.234658,41.123028]]}},{"type":"Feature","properties":{"name":"","blaze":null},"geometry":{"type":"LineString","coordinates":[[-74.232041,41.136053],[-74.232049,41.136147],[-74.232048,41.13624],[-74.232011,41.136375],[-74.231917,41.136435],[-74.231675,41.136618],[-74.231636,41.136647],[-74.23153,41.136666],[-74.231508,41.136696],[-74.231496,41.136756],[-74.231564,41.137014]]}},{"type":"Feature","properties":{"name":"Shepherd Pond Road","blaze":null},"geometry":{"type":"LineString","coordinates":[[-74.233117,41.142299],[-74.233258,41.142009],[-74.23354,41.141633],[-74.233712,41.141405],[-74.233813,41.141129],[-74.233893,41.140778],[-74.233762,41.139958],[-74.233624,41.139126],[-74.233439,41.138037],[-74.23334,41.137308],[-74.233326,41.137175],[-74.233334,41.137131],[-74.233372,41.136888],[-74.233361,41.136827],[-74.233325,41.136758],[-74.233245,41.136698],[-74.232964,41.136599]]}},{"type":"Feature","properties":{"name":"","blaze":null},"geometry":{"type":"LineString","coordinates":[[-74.232421,41.135949],[-74.23213,41.13649],[-74.232057,41.136626],[-74.232036,41.136668],[-74.23192,41.136898],[-74.231932,41.137015],[-74.231883,41.137026],[-74.231889,41.137153],[-74.23192,41.137153],[-74.231886,41.137339],[-74.232156,41.137462]]}},{"type":"Feature","properties":{"name":"","blaze":null},"geometry":{"type":"LineString","coordinates":[[-74.232203,41.137202],[-74.231999,41.137245],[-74.231886,41.137339],[-74.231737,41.137325],[-74.231722,41.137378],[-74.231654,41.137462],[-74.231597,41.13749]]}},{"type":"Feature","properties":{"name":"","blaze":null},"geometry":{"type":"LineString","coordinates":[[-74.231564,41.137363],[-74.23156,41.13743],[-74.231597,41.13749],[-74.231645,41.137566],[-74.231671,41.137663],[-74.231722,41.138009],[-74.231746,41.138134],[-74.231739,41.138173],[-74.231698,41.138408],[-74.231693,41.138437]]}},{"type":"Feature","properties":{"name":"","blaze":null},"geometry":{"type":"LineString","coordinates":[[-74.231969,41.138455],[-74.231698,41.138408]]}},{"type":"Feature","properties":{"name":"","blaze":null},"geometry":{"type":"LineString","coordinates":[[-74.23182,41.138183],[-74.232019,41.138203]]}},{"type":"Feature","properties":{"name":"","blaze":null},"geometry":{"type":"LineString","coordinates":[[-74.231883,41.137026],[-74.23177,41.13704],[-74.231737,41.137325]]}},{"type":"Feature","properties":{"name":"","blaze":null},"geometry":{"type":"LineString","coordinates":[[-74.231675,41.136618],[-74.231868,41.13663],[-74.232036,41.136668]]}},{"type":"Feature","properties":{"name":"","blaze":null},"geometry":{"type":"LineString","coordinates":[[-74.232011,41.136375],[-74.23213,41.13649]]}},{"type":"Feature","properties":{"name":"","blaze":null},"geometry":{"type":"LineString","coordinates":[[-74.23213,41.13649],[-74.23218,41.136567],[-74.23222,41.136696],[-74.232198,41.136929],[-74.232245,41.136978]]}},{"type":"Feature","properties":{"name":"","blaze":null},"geometry":{"type":"LineString","coordinates":[[-74.2318,41.135552],[-74.231861,41.135534]]}},{"type":"Feature","properties":{"name":"","blaze":null},"geometry":{"type":"LineString","coordinates":[[-74.23205,41.135486],[-74.231951,41.13551]]}},{"type":"Feature","properties":{"name":"White's Road","blaze":null},"geometry":{"type":"LineString","coordinates":[[-74.217883,41.137637],[-74.217755,41.137473],[-74.217721,41.137393],[-74.218216,41.136697],[-74.218292,41.13637],[-74.218711,41.135914]]}},{"type":"Feature","properties":{"name":"Black Birch Way","blaze":null},"geometry":{"type":"LineString","coordinates":[[-74.223902,41.124349],[-74.223666,41.124341],[-74.223291,41.124705],[-74.222754,41.12485],[-74.222566,41.124826],[-74.222438,41.124834],[-74.22236,41.124842],[-74.222228,41.124859],[-74.221537,41.124647],[-74.221284,41.124354],[-74.22112,41.124178],[-74.220737,41.123986],[-74.220501,41.123945],[-74.219868,41.123654],[-74.219514,41.123517],[-74.219117,41.123485],[-74.218624,41.123557],[-74.217991,41.123662],[-74.217626,41.12363],[-74.217272,41.123565],[-74.216757,41.123606],[-74.216306,41.123509],[-74.215963,41.123565],[-74.21563,41.123711],[-74.215577,41.123848],[-74.215437,41.123978],[-74.21504,41.124366],[-74.214944,41.12443],[-74.214922,41.124592],[-74.214729,41.124665],[-74.214579,41.124656],[-74.214268,41.12477],[-74.214128,41.124899],[-74.21371,41.124972]]}},{"type":"Feature","properties":{"name":"Cape Road","blaze":null},"geometry":{"type":"LineString","coordinates":[[-74.216235,41.129571],[-74.216081,41.129609],[-74.215799,41.129897],[-74.21563,41.129923],[-74.215544,41.129923],[-74.214947,41.129686],[-74.214575,41.129426],[-74.214152,41.129318],[-74.213849,41.129271],[-74.213469,41.129142],[-74.213382,41.129083],[-74.213313,41.129037],[-74.213138,41.128891],[-74.213006,41.128745],[-74.212873,41.12855],[-74.212969,41.128382],[-74.213077,41.127841],[-74.213006,41.127621],[-74.212766,41.127186],[-74.212687,41.127047],[-74.212705,41.126863],[-74.21283,41.126742],[-74.212979,41.126597],[-74.213045,41.126378],[-74.213077,41.126087],[-74.213141,41.125945],[-74.213259,41.125853],[-74.213463,41.125691],[-74.213485,41.12557],[-74.213388,41.125376]]}},{"type":"Feature","properties":{"name":"Mountain Bike Loop/Race Trail","blaze":null},"geometry":{"type":"LineString","coordinates":[[-74.218624,41.123557],[-74.218569,41.123819],[-74.218684,41.123996],[-74.218796,41.124184],[-74.218754,41.124424],[-74.2188,41.124666],[-74.218784,41.125044],[-74.218599,41.125557],[-74.218216,41.126354],[-74.218195,41.126718],[-74.21808,41.127127],[-74.217851,41.127548],[-74.217266,41.128062],[-74.216906,41.128385],[-74.216598,41.128644],[-74.216517,41.128881],[-74.216267,41.12939],[-74.216235,41.129571]]}},{"type":"Feature","properties":{"name":"Lower Ruins Trail","blaze":null},"geometry":{"type":"LineString","coordinates":[[-74.223902,41.124349],[-74.223963,41.123858]]}},{"type":"Feature","properties":{"name":"Five Ponds Loop Trail/Mountain Bike Loop/Race Trail","blaze":null},"geometry":{"type":"LineString","coordinates":[[-74.225094,41.115367],[-74.224611,41.115323],[-74.224263,41.115308],[-74.224074,41.115148],[-74.223998,41.114911],[-74.224008,41.114754],[-74.224181,41.113971],[-74.224321,41.113608],[-74.224589,41.113317],[-74.225036,41.11285],[-74.225243,41.112537],[-74.225318,41.112177],[-74.225377,41.112052],[-74.225592,41.111829],[-74.22582,41.111609],[-74.226065,41.111434],[-74.226108,41.111425],[-74.226326,41.111376],[-74.22673,41.111402],[-74.226748,41.11142]]}},{"type":"Feature","properties":{"name":"Mountain Bike Loop/Race Trail","blaze":null},"geometry":{"type":"LineString","coordinates":[[-74.218624,41.123557],[-74.21886,41.123363],[-74.219031,41.123129],[-74.219203,41.122975],[-74.219403,41.122851],[-74.219679,41.122754],[-74.2199,41.122571],[-74.220072,41.122418],[-74.220448,41.122248],[-74.220823,41.122038],[-74.221048,41.121844],[-74.221093,41.121818],[-74.221145,41.121787],[-74.221148,41.121685]]}},{"type":"Feature","properties":{"name":"Five Ponds Loop/Crossover Trail","blaze":null},"geometry":{"type":"LineString","coordinates":[[-74.226748,41.11142],[-74.226873,41.111381],[-74.22696,41.11136],[-74.226964,41.111264],[-74.227196,41.111112],[-74.227148,41.111],[-74.227104,41.11088],[-74.227182,41.110802],[-74.227257,41.110657],[-74.227357,41.11057],[-74.227429,41.11052],[-74.227486,41.110534],[-74.22754,41.110578],[-74.227689,41.110637],[-74.227781,41.110579],[-74.227862,41.110463],[-74.228093,41.1105],[-74.228187,41.110453],[-74.228219,41.110419],[-74.228257,41.110319],[-74.228273,41.110024],[-74.228439,41.109737],[-74.228489,41.109601],[-74.228663,41.109435]]}},{"type":"Feature","properties":{"name":"Mountain Bike Loop/Race Trail","blaze":null},"geometry":{"type":"LineString","coordinates":[[-74.22125,41.120817],[-74.221453,41.120387],[-74.22175,41.119868]]}},{"type":"Feature","properties":{"name":"Five Ponds Loop Trail","blaze":null},"geometry":{"type":"LineString","coordinates":[[-74.228576,41.108874],[-74.22849,41.108643],[-74.228492,41.108531],[-74.228599,41.108376],[-74.228752,41.10818],[-74.228989,41.10794],[-74.229289,41.10764],[-74.229431,41.107408],[-74.229675,41.107181]]}},{"type":"Feature","properties":{"name":"Crossover Trail","blaze":null},"geometry":{"type":"LineString","coordinates":[[-74.229045,41.10952],[-74.22904,41.109576],[-74.229047,41.109658],[-74.229079,41.109726],[-74.229108,41.109759],[-74.229296,41.109761],[-74.229532,41.10976],[-74.229891,41.109825],[-74.230204,41.109795]]}},{"type":"Feature","properties":{"name":"Catnest Swamp Road","blaze":null},"geometry":{"type":"LineString","coordinates":[[-74.235131,41.104031],[-74.235132,41.104028],[-74.235264,41.103926],[-74.235382,41.103849],[-74.235422,41.10373],[-74.235573,41.103649],[-74.235646,41.103479],[-74.235716,41.103413],[-74.235935,41.103348],[-74.236065,41.103184],[-74.236152,41.103056],[-74.236344,41.102972],[-74.236517,41.102935],[-74.236595,41.102855],[-74.236689,41.102776],[-74.236731,41.102678],[-74.236797,41.102601],[-74.236787,41.102468],[-74.236693,41.102349],[-74.236672,41.102274],[-74.23663,41.102143],[-74.236451,41.101943],[-74.236441,41.101864],[-74.236494,41.101788],[-74.23657,41.10173],[-74.23679,41.101598],[-74.236926,41.101479],[-74.237097,41.101359],[-74.237234,41.10124],[-74.237359,41.101173],[-74.237578,41.101062],[-74.237644,41.101013]]}},{"type":"Feature","properties":{"name":"Dollar Hill","blaze":null},"geometry":{"type":"LineString","coordinates":[[-74.239273,41.101295],[-74.239309,41.101207],[-74.239459,41.101013],[-74.239759,41.100851],[-74.239926,41.100702],[-74.240097,41.100325],[-74.240446,41.100148],[-74.240757,41.099978],[-74.240916,41.099924]]}},{"type":"Feature","properties":{"name":"Six Bridges Loop","blaze":null},"geometry":{"type":"LineString","coordinates":[[-74.240575,41.099064],[-74.240618,41.099242],[-74.240682,41.099396],[-74.240564,41.09963],[-74.240514,41.099692],[-74.240295,41.099635],[-74.240228,41.099699],[-74.240253,41.099752],[-74.240309,41.099846],[-74.240274,41.099895],[-74.240103,41.099853],[-74.239888,41.099907],[-74.23991,41.10002],[-74.23981,41.100049],[-74.239711,41.100051],[-74.239652,41.100091],[-74.23971,41.100199],[-74.239592,41.100285],[-74.239454,41.100316],[-74.239153,41.10035],[-74.238994,41.100445],[-74.23903,41.10048],[-74.239041,41.10057],[-74.238858,41.10056],[-74.238461,41.10035],[-74.238418,41.100212],[-74.238536,41.10014],[-74.238858,41.100253],[-74.238955,41.100237],[-74.238987,41.100107],[-74.239073,41.100018],[-74.239062,41.09997],[-74.239223,41.099792],[-74.239126,41.099719],[-74.238987,41.099776],[-74.238912,41.099897],[-74.238858,41.099832],[-74.238708,41.099832],[-74.238687,41.099703],[-74.23889,41.099582],[-74.238998,41.099469],[-74.239255,41.099339],[-74.239555,41.099307],[-74.239663,41.099266],[-74.239609,41.099161],[-74.23947,41.09904],[-74.239244,41.099121],[-74.239169,41.09908],[-74.23918,41.098975],[-74.239448,41.098919],[-74.239684,41.09887],[-74.23962,41.098733],[-74.239555,41.098717],[-74.23948,41.098765],[-74.239212,41.098692],[-74.238697,41.099226],[-74.238601,41.099202],[-74.238568,41.099097],[-74.238633,41.099024],[-74.238633,41.098919],[-74.238729,41.098854],[-74.238772,41.098733],[-74.238901,41.098717],[-74.239008,41.098644],[-74.238998,41.098523],[-74.239139,41.098439],[-74.239202,41.09854],[-74.239652,41.098563],[-74.239792,41.098426],[-74.239717,41.098215],[-74.239577,41.098054],[-74.23948,41.097957],[-74.239534,41.097819],[-74.239695,41.097755],[-74.239717,41.097625],[-74.239877,41.097512],[-74.239953,41.097358],[-74.240081,41.097365],[-74.240193,41.097497],[-74.240349,41.097706],[-74.240264,41.097957],[-74.240189,41.098094],[-74.240457,41.098224],[-74.240585,41.098377]]}},{"type":"Feature","properties":{"name":"Double \"S\" Trail","blaze":null},"geometry":{"type":"LineString","coordinates":[[-74.240916,41.099924],[-74.240944,41.099922],[-74.241054,41.099867],[-74.241294,41.099804],[-74.241497,41.09979],[-74.241669,41.099776],[-74.241763,41.099786],[-74.241777,41.099832],[-74.241775,41.09987],[-74.241819,41.099885],[-74.241948,41.099869],[-74.242125,41.099954],[-74.242214,41.100005],[-74.242372,41.09997],[-74.242485,41.100067],[-74.242509,41.100168],[-74.242608,41.100212],[-74.242434,41.100224],[-74.242388,41.100248],[-74.242383,41.100292],[-74.242511,41.100382],[-74.24246,41.100448],[-74.242255,41.100438],[-74.242191,41.10049],[-74.242197,41.100533],[-74.242264,41.100575],[-74.242384,41.100575],[-74.242509,41.100575],[-74.242661,41.100538],[-74.24267,41.100576],[-74.242497,41.100699],[-74.242334,41.100696],[-74.242294,41.100733],[-74.242177,41.10078],[-74.242087,41.100799],[-74.242023,41.100849],[-74.242069,41.100885],[-74.242137,41.100938],[-74.242193,41.10101],[-74.242324,41.101072],[-74.242415,41.101069],[-74.242538,41.101021],[-74.242629,41.10096],[-74.242721,41.100952],[-74.242863,41.100993],[-74.242881,41.101073]]}},{"type":"Feature","properties":{"name":"Double \"S\" Trail","blaze":null},"geometry":{"type":"LineString","coordinates":[[-74.242881,41.101073],[-74.242731,41.101263],[-74.242474,41.101425],[-74.242334,41.101409],[-74.242258,41.101447],[-74.242208,41.101502],[-74.24183,41.101676],[-74.241487,41.101716],[-74.24124,41.10204],[-74.240948,41.102186]]}},{"type":"Feature","properties":{"name":"Five Ponds Connector Trail","blaze":null},"geometry":{"type":"LineString","coordinates":[[-74.232442,41.114658],[-74.232936,41.114519],[-74.233688,41.11447],[-74.234148,41.114419],[-74.234316,41.114328],[-74.234561,41.114276],[-74.234811,41.11423],[-74.235103,41.114068],[-74.235329,41.113905]]}},{"type":"Feature","properties":{"name":"Skylands Trail","blaze":null},"geometry":{"type":"LineString","coordinates":[[-74.227327,41.125255],[-74.227307,41.125309],[-74.227331,41.125372],[-74.22738,41.125423],[-74.227445,41.12543],[-74.227479,41.125478],[-74.227552,41.125523],[-74.227567,41.125569],[-74.227545,41.125607],[-74.22745,41.12566],[-74.227405,41.125693],[-74.227423,41.125788],[-74.227414,41.125877],[-74.227384,41.125918],[-74.227334,41.125965],[-74.227283,41.125956],[-74.22726,41.125892],[-74.227277,41.125847],[-74.227264,41.125803],[-74.227225,41.125775],[-74.227181,41.125791],[-74.227094,41.125847],[-74.227023,41.125894],[-74.226968,41.125895],[-74.226881,41.125853],[-74.226826,41.125851],[-74.226752,41.125895],[-74.226688,41.125895],[-74.226646,41.125926],[-74.226642,41.12596],[-74.226614,41.125976],[-74.226572,41.12599],[-74.226543,41.125973],[-74.22647,41.125966],[-74.226458,41.125951],[-74.22646,41.125928],[-74.226483,41.1259],[-74.22656,41.12582],[-74.226614,41.125675],[-74.226659,41.125585],[-74.22656,41.125389]]}},{"type":"Feature","properties":{"name":"Lower Ruins Trail","blaze":null},"geometry":{"type":"LineString","coordinates":[[-74.223129,41.126111],[-74.223121,41.125955],[-74.223452,41.125521],[-74.223741,41.124891],[-74.223827,41.124602],[-74.223902,41.124349]]}},{"type":"Feature","properties":{"name":"White's Road","blaze":null},"geometry":{"type":"LineString","coordinates":[[-74.240794,41.111482],[-74.240761,41.111362],[-74.240777,41.111274],[-74.24083,41.111139],[-74.240871,41.111013],[-74.240899,41.110887],[-74.240879,41.110753],[-74.240854,41.110624],[-74.24081,41.110523],[-74.240745,41.110443],[-74.240668,41.1104],[-74.240542,41.110309],[-74.24003,41.109863],[-74.239741,41.109684],[-74.239501,41.10954],[-74.239358,41.109512],[-74.239216,41.109527],[-74.239102,41.109561],[-74.238968,41.109668],[-74.23849,41.110009],[-74.237762,41.1104],[-74.236761,41.111135],[-74.23615,41.111599],[-74.235912,41.111794],[-74.235331,41.11234],[-74.234624,41.112987],[-74.23421,41.113187],[-74.233936,41.113406],[-74.233892,41.113435],[-74.233546,41.113709],[-74.233142,41.114081],[-74.232834,41.114426],[-74.232442,41.114658]]}},{"type":"Feature","properties":{"name":"Lower Ruins Trail","blaze":null},"geometry":{"type":"LineString","coordinates":[[-74.22533,41.121802],[-74.224985,41.121901],[-74.224648,41.121992],[-74.224289,41.122126],[-74.224095,41.122347],[-74.224025,41.12256],[-74.223976,41.12296],[-74.223971,41.123128],[-74.22396,41.123552],[-74.223963,41.123858]]}},{"type":"Feature","properties":{"name":"","blaze":null},"geometry":{"type":"LineString","coordinates":[[-74.24204,41.114446],[-74.241418,41.114494],[-74.240867,41.114558],[-74.240664,41.114702],[-74.240456,41.114765],[-74.240279,41.114941],[-74.240199,41.115082],[-74.240017,41.115282],[-74.239896,41.115486],[-74.239807,41.115641],[-74.239739,41.115824]]}},{"type":"Feature","properties":{"name":"Duck Pond Trail","blaze":null},"geometry":{"type":"LineString","coordinates":[[-74.23994,41.117138],[-74.240022,41.117165],[-74.240056,41.117231],[-74.240167,41.117259],[-74.240194,41.11731],[-74.240207,41.117361],[-74.240237,41.11744],[-74.24026,41.11749],[-74.240254,41.117539],[-74.240264,41.117563],[-74.240268,41.117589],[-74.240294,41.117635],[-74.240304,41.117673],[-74.24033,41.117705],[-74.240359,41.117759],[-74.240398,41.117809],[-74.240414,41.117857],[-74.240432,41.117895],[-74.240453,41.117933],[-74.240453,41.117993],[-74.240442,41.118015],[-74.24042,41.118047],[-74.240412,41.118094],[-74.240385,41.118156],[-74.240367,41.118238],[-74.240324,41.118355],[-74.240288,41.11844],[-74.240239,41.118515],[-74.24017,41.118584],[-74.240091,41.118676],[-74.240017,41.118768],[-74.239942,41.118874],[-74.239861,41.118952],[-74.239749,41.119051],[-74.239664,41.119119],[-74.239613,41.119175],[-74.239493,41.119235],[-74.239443,41.119266]]}},{"type":"Feature","properties":{"name":"Arbor Trail","blaze":null},"geometry":{"type":"LineString","coordinates":[[-74.233754,41.125405],[-74.233794,41.125563],[-74.233997,41.125865],[-74.234186,41.126144],[-74.234309,41.126639],[-74.234347,41.126707],[-74.234467,41.126783],[-74.23464,41.126838],[-74.234789,41.126877],[-74.234927,41.126871],[-74.235004,41.12684],[-74.235241,41.126795],[-74.235274,41.12674],[-74.235217,41.126518],[-74.235169,41.12636],[-74.235172,41.126173],[-74.235297,41.125946]]}},{"type":"Feature","properties":{"name":"","blaze":null},"geometry":{"type":"LineString","coordinates":[[-74.234469,41.125593],[-74.234934,41.125276]]}},{"type":"Feature","properties":{"name":"","blaze":null},"geometry":{"type":"LineString","coordinates":[[-74.233754,41.125405],[-74.234048,41.125484],[-74.234469,41.125593],[-74.234911,41.125623],[-74.235268,41.125665],[-74.235644,41.125702],[-74.235743,41.125714]]}},{"type":"Feature","properties":{"name":"","blaze":null},"geometry":{"type":"LineString","coordinates":[[-74.23656,41.124975],[-74.236602,41.124957],[-74.236658,41.124951],[-74.23672,41.124958],[-74.236758,41.124979]]}},{"type":"Feature","properties":{"name":"","blaze":null},"geometry":{"type":"LineString","coordinates":[[-74.237056,41.12498],[-74.237023,41.124958],[-74.23697,41.124951],[-74.236917,41.124958],[-74.23686,41.12498]]}},{"type":"Feature","properties":{"name":"Hewitt Connector Trail","blaze":null},"geometry":{"type":"LineString","coordinates":[[-74.252296,41.146569],[-74.251985,41.146381],[-74.251355,41.146301],[-74.251129,41.1462],[-74.251057,41.146116],[-74.250979,41.14584],[-74.250991,41.145679],[-74.250935,41.145451],[-74.251049,41.145203],[-74.251011,41.145022],[-74.25094,41.144856],[-74.250562,41.144526],[-74.250536,41.14445],[-74.250708,41.14417],[-74.250748,41.143875],[-74.250848,41.143546],[-74.250519,41.143113],[-74.250447,41.143082],[-74.250265,41.143142],[-74.250162,41.143142],[-74.250166,41.143072],[-74.250269,41.143056],[-74.250435,41.142959],[-74.250431,41.142905],[-74.250324,41.142886],[-74.250173,41.142878],[-74.250083,41.142846],[-74.249997,41.142715],[-74.249979,41.142606],[-74.250012,41.142477],[-74.25009,41.142418],[-74.250203,41.142406],[-74.250555,41.142539],[-74.250781,41.14255],[-74.250956,41.142615],[-74.251004,41.142595],[-74.250872,41.142415],[-74.250523,41.142128],[-74.250301,41.141945],[-74.250149,41.141835],[-74.249546,41.14177],[-74.249292,41.141698],[-74.249108,41.141568]]}},{"type":"Feature","properties":{"name":"","blaze":null},"geometry":{"type":"LineString","coordinates":[[-74.247024,41.145486],[-74.247146,41.145735],[-74.247221,41.145796],[-74.247304,41.145808],[-74.247422,41.145786],[-74.247661,41.145723],[-74.247814,41.145707],[-74.247967,41.145685],[-74.248168,41.145691],[-74.248321,41.145721],[-74.248399,41.145778],[-74.24845,41.145873],[-74.248429,41.145996],[-74.248315,41.146069],[-74.247943,41.146151],[-74.247697,41.146286],[-74.247426,41.146349],[-74.247298,41.14641],[-74.24712,41.146563],[-74.247011,41.146616],[-74.246867,41.146664],[-74.246725,41.146685],[-74.246595,41.146691],[-74.246514,41.146687],[-74.246397,41.146632]]}},{"type":"Feature","properties":{"name":"","blaze":null},"geometry":{"type":"LineString","coordinates":[[-74.249954,41.140532],[-74.250207,41.140689]]}},{"type":"Feature","properties":{"name":"Weyble Pond Road","blaze":null},"geometry":{"type":"LineString","coordinates":[[-74.226845,41.111515],[-74.227266,41.111926],[-74.227327,41.112045],[-74.227281,41.112296],[-74.227159,41.112535],[-74.226945,41.112787],[-74.226899,41.112867],[-74.226892,41.113145],[-74.226897,41.113358],[-74.226752,41.113684],[-74.226424,41.114098],[-74.226136,41.114399],[-74.225622,41.114756],[-74.225347,41.115024],[-74.225217,41.115243],[-74.225094,41.115367]]}},{"type":"Feature","properties":{"name":"Shore/Hoeferlin Memorial Trail","blaze":null},"geometry":{"type":"LineString","coordinates":[[-74.215116,41.101652],[-74.215268,41.101445],[-74.215401,41.101343],[-74.215528,41.10123],[-74.21562,41.101145],[-74.215752,41.10107],[-74.21587,41.100995],[-74.215927,41.100925],[-74.21594,41.100735],[-74.215983,41.100585],[-74.216074,41.100459]]}},{"type":"Feature","properties":{"name":"Hoeferlin Memorial Trail","blaze":null},"geometry":{"type":"LineString","coordinates":[[-74.214393,41.1032],[-74.214506,41.103068],[-74.214614,41.102994],[-74.214751,41.102902],[-74.214836,41.102813],[-74.214921,41.102712],[-74.214985,41.10264],[-74.215012,41.102561],[-74.215058,41.10232],[-74.21509,41.102073],[-74.215141,41.101863],[-74.215156,41.101727],[-74.215116,41.101652]]}},{"type":"Feature","properties":{"name":"Skylands Trail","blaze":null},"geometry":{"type":"LineString","coordinates":[[-74.230314,41.120888],[-74.230192,41.120887],[-74.230134,41.120948],[-74.230286,41.121065],[-74.229898,41.121098],[-74.229952,41.121187],[-74.229818,41.121232],[-74.22938,41.121683],[-74.229282,41.121853],[-74.229188,41.121941],[-74.229032,41.121983],[-74.228572,41.122141],[-74.228502,41.122341],[-74.228331,41.122475],[-74.228269,41.122644],[-74.228214,41.122636],[-74.228229,41.122473],[-74.227993,41.122649],[-74.227889,41.122831],[-74.227831,41.12293],[-74.227831,41.123104],[-74.227774,41.123263],[-74.227637,41.123353],[-74.227586,41.123476],[-74.227634,41.123649],[-74.227591,41.123745],[-74.227544,41.123776],[-74.227398,41.123764],[-74.227363,41.123879],[-74.227288,41.12396],[-74.227216,41.124014],[-74.227282,41.124119],[-74.227375,41.124128],[-74.227497,41.123932],[-74.227551,41.123968],[-74.227593,41.124116],[-74.227505,41.124206],[-74.227387,41.124274],[-74.227266,41.124279],[-74.227184,41.124492],[-74.227238,41.12459],[-74.227206,41.12466],[-74.227096,41.124719],[-74.227006,41.124807],[-74.226933,41.124875],[-74.22694,41.124961],[-74.227027,41.124991],[-74.227173,41.124942],[-74.227265,41.124965],[-74.227327,41.125255]]}},{"type":"Feature","properties":{"name":"Shepherd Lake Trail/Mountain Bike Loop/Race Trail","blaze":null},"geometry":{"type":"LineString","coordinates":[[-74.220639,41.136142],[-74.220088,41.136311],[-74.219767,41.136346],[-74.219416,41.136306],[-74.219203,41.136235],[-74.218711,41.135914]]}},{"type":"Feature","properties":{"name":"Crossover Trail","blaze":null},"geometry":{"type":"LineString","coordinates":[[-74.224583,41.099126],[-74.224854,41.099228],[-74.225027,41.099338],[-74.22504,41.099427],[-74.225253,41.099556],[-74.225374,41.099753],[-74.225608,41.09983],[-74.225654,41.099962],[-74.225775,41.100047],[-74.225793,41.10015],[-74.225947,41.100146],[-74.226111,41.100218],[-74.226326,41.100383],[-74.226381,41.100512],[-74.226561,41.100645],[-74.226485,41.100887],[-74.226477,41.101236],[-74.226433,41.101341],[-74.22644,41.101563],[-74.226428,41.101776],[-74.226357,41.101984],[-74.226115,41.102195],[-74.22613,41.102437],[-74.226217,41.102517],[-74.226399,41.10253],[-74.226505,41.102481],[-74.22675,41.102538],[-74.226877,41.102504],[-74.227123,41.102516],[-74.227212,41.102597],[-74.22728,41.102768],[-74.227244,41.102987],[-74.227341,41.103093],[-74.227166,41.103286],[-74.227105,41.103431],[-74.227129,41.103517],[-74.227199,41.103756],[-74.227189,41.103868],[-74.227157,41.103972],[-74.227163,41.104438],[-74.227008,41.104552],[-74.226748,41.104929]]}},{"type":"Feature","properties":{"name":"Hoeferlin Memorial Trail","blaze":null},"geometry":{"type":"LineString","coordinates":[[-74.216074,41.100459],[-74.216204,41.100499],[-74.216321,41.100707],[-74.216433,41.100962],[-74.216642,41.101249],[-74.216913,41.101532],[-74.217207,41.101641],[-74.217715,41.101782],[-74.218189,41.101998],[-74.218653,41.1023],[-74.218711,41.102405],[-74.218852,41.102423],[-74.219083,41.102661],[-74.219173,41.102747],[-74.219301,41.10282],[-74.219347,41.102815],[-74.219561,41.102793],[-74.219712,41.102714],[-74.220028,41.102786],[-74.220144,41.102906],[-74.22026,41.102909],[-74.220868,41.103141],[-74.220938,41.10338],[-74.221097,41.103458],[-74.221307,41.10343],[-74.221533,41.103508],[-74.221661,41.103415],[-74.222112,41.103379],[-74.222283,41.103326],[-74.222417,41.103212],[-74.222454,41.102995],[-74.222583,41.10284],[-74.222643,41.102642],[-74.222827,41.102496],[-74.223203,41.10238],[-74.22365,41.101585],[-74.223667,41.101439],[-74.223865,41.10123],[-74.223795,41.100824],[-74.223986,41.100682],[-74.223981,41.100402],[-74.224039,41.100307],[-74.224033,41.100138],[-74.224182,41.100041],[-74.224355,41.099833],[-74.224317,41.099602],[-74.224519,41.099463],[-74.224583,41.099126]]}},{"type":"Feature","properties":{"name":"Cooper Union Trail","blaze":null},"geometry":{"type":"LineString","coordinates":[[-74.249539,41.128805],[-74.249591,41.128613],[-74.250012,41.12836],[-74.250298,41.128056],[-74.250543,41.127651],[-74.250786,41.12765],[-74.250997,41.127579],[-74.251439,41.12722],[-74.252423,41.127406],[-74.252608,41.127539],[-74.252741,41.128194],[-74.25314,41.128334],[-74.253607,41.128407],[-74.2538,41.128363],[-74.253952,41.128215],[-74.254079,41.12806],[-74.25427,41.127969],[-74.254373,41.127724],[-74.254665,41.127523],[-74.254677,41.12734],[-74.255081,41.127029],[-74.255091,41.126957],[-74.256299,41.126211],[-74.256354,41.126053],[-74.256581,41.125938],[-74.257001,41.125417],[-74.257313,41.125321],[-74.257376,41.125039],[-74.257763,41.124679],[-74.258329,41.1244],[-74.258801,41.124369],[-74.259283,41.124185],[-74.259371,41.124017],[-74.259416,41.123509],[-74.259699,41.123042],[-74.25966,41.122866],[-74.259874,41.122757],[-74.259926,41.122444],[-74.259705,41.122368],[-74.259638,41.122313],[-74.259665,41.122189],[-74.25951,41.121896],[-74.259494,41.121723],[-74.25967,41.121363],[-74.259754,41.121309],[-74.260135,41.120772],[-74.260321,41.120366],[-74.260291,41.120195]]}},{"type":"Feature","properties":{"name":"Crossover Trail","blaze":null},"geometry":{"type":"LineString","coordinates":[[-74.226745,41.104939],[-74.226767,41.104951],[-74.22678,41.104978],[-74.226709,41.104992],[-74.226779,41.105119],[-74.226788,41.105229],[-74.226839,41.105316],[-74.226845,41.10541],[-74.226797,41.105531],[-74.226808,41.105689],[-74.226893,41.105814],[-74.22697,41.105863],[-74.227099,41.10591],[-74.227153,41.105927],[-74.227271,41.106055],[-74.227325,41.106219],[-74.227368,41.106422],[-74.227328,41.10658],[-74.227401,41.106631],[-74.22752,41.106595],[-74.227612,41.106474],[-74.227679,41.106443],[-74.227735,41.106464],[-74.227778,41.106511],[-74.227713,41.10659],[-74.227663,41.106918],[-74.227583,41.107091],[-74.227481,41.107186],[-74.227473,41.107381],[-74.227366,41.107659],[-74.227329,41.107809],[-74.227199,41.107932],[-74.226982,41.108066],[-74.226775,41.108103],[-74.226581,41.1082],[-74.22648,41.108346],[-74.226476,41.108458],[-74.226342,41.108569],[-74.226318,41.108713],[-74.225979,41.108934],[-74.225883,41.10906],[-74.225845,41.109189],[-74.225519,41.109517],[-74.225192,41.109857],[-74.2251,41.110045],[-74.224943,41.110198],[-74.224688,41.110425],[-74.224457,41.110762],[-74.224331,41.110982],[-74.224311,41.111074],[-74.224341,41.111192],[-74.224478,41.111364],[-74.224473,41.111446],[-74.224383,41.111627],[-74.224319,41.111852],[-74.224166,41.11205],[-74.224147,41.112113],[-74.224168,41.112171],[-74.224228,41.1122],[-74.224321,41.112163],[-74.224605,41.111771],[-74.22465,41.111681],[-74.224718,41.111611],[-74.225266,41.111276],[-74.225314,41.111224],[-74.225336,41.11114],[-74.225278,41.111007],[-74.225295,41.110937],[-74.225355,41.110925],[-74.225444,41.110949],[-74.225521,41.110995],[-74.22557,41.111055],[-74.22559,41.111184],[-74.22563,41.111211],[-74.225716,41.111178],[-74.225748,41.111043],[-74.225777,41.110802],[-74.225798,41.11074],[-74.225847,41.110715],[-74.22591,41.110744],[-74.225944,41.110792],[-74.225963,41.110864],[-74.226108,41.111425]]}},{"type":"Feature","properties":{"name":"Pierson Ridge Road","blaze":null},"geometry":{"type":"LineString","coordinates":[[-74.228054,41.10507],[-74.22808,41.105154],[-74.227899,41.105264],[-74.227465,41.106205],[-74.227368,41.106422],[-74.226985,41.10698],[-74.226719,41.107278],[-74.22562,41.108277],[-74.225007,41.10913],[-74.224788,41.109327],[-74.224325,41.109629]]}},{"type":"Feature","properties":{"name":"Pierson Ridge Road","blaze":null},"geometry":{"type":"LineString","coordinates":[[-74.228054,41.10507],[-74.228311,41.104658],[-74.228515,41.104265],[-74.22866,41.104049]]}},{"type":"Feature","properties":{"name":"","blaze":null},"geometry":{"type":"LineString","coordinates":[[-74.226748,41.104929],[-74.227195,41.104981],[-74.227388,41.105223],[-74.227892,41.105062],[-74.228054,41.10507]]}},{"type":"Feature","properties":{"name":"Defiance Road/Crossover/Five Ponds Loop Trail","blaze":null},"geometry":{"type":"LineString","coordinates":[[-74.236648,41.113805],[-74.23682,41.113826],[-74.236978,41.1139],[-74.237124,41.114053],[-74.237242,41.114326],[-74.237086,41.115],[-74.23685,41.115513],[-74.236705,41.115895],[-74.236537,41.116419],[-74.236522,41.116743],[-74.236462,41.117005],[-74.236409,41.117276],[-74.236255,41.117531],[-74.235912,41.117915],[-74.235551,41.118204]]}},{"type":"Feature","properties":{"name":"Cape Road","blaze":null},"geometry":{"type":"LineString","coordinates":[[-74.217824,41.116588],[-74.217381,41.116579],[-74.217196,41.116579],[-74.216959,41.116674],[-74.216793,41.116757],[-74.216586,41.116899],[-74.216454,41.117029],[-74.216316,41.117108],[-74.21637,41.11731],[-74.216422,41.11761],[-74.216345,41.117967],[-74.216193,41.118245],[-74.215989,41.118414],[-74.215764,41.118649],[-74.215723,41.118829],[-74.215714,41.118903],[-74.215661,41.11894],[-74.215606,41.118949],[-74.215586,41.119],[-74.215639,41.119087],[-74.215624,41.119151],[-74.215491,41.119324],[-74.215378,41.11935],[-74.215279,41.119375],[-74.215232,41.119438],[-74.215274,41.119533],[-74.215247,41.119706],[-74.215199,41.119752],[-74.215057,41.119782],[-74.214913,41.119819],[-74.214849,41.119894],[-74.214832,41.120122],[-74.214939,41.120316],[-74.214844,41.120677],[-74.214982,41.12099],[-74.215033,41.121193],[-74.214909,41.121442],[-74.21487,41.121748],[-74.214706,41.122015],[-74.214627,41.122257],[-74.214282,41.122808],[-74.214224,41.123157],[-74.214228,41.123493],[-74.214185,41.123654],[-74.214035,41.123791],[-74.214022,41.123885],[-74.214073,41.123999],[-74.213831,41.124576],[-74.21371,41.124972]]}},{"type":"Feature","properties":{"name":"Pierson Ridge Trail","blaze":null},"geometry":{"type":"LineString","coordinates":[[-74.21849,41.116327],[-74.218793,41.116279],[-74.219117,41.116234],[-74.219338,41.116098],[-74.219704,41.115719],[-74.219739,41.115587],[-74.21969,41.115205],[-74.219685,41.114999],[-74.21975,41.114787],[-74.219947,41.114641],[-74.22012,41.114456],[-74.220533,41.114023],[-74.220717,41.113811],[-74.221245,41.113212],[-74.221503,41.112808],[-74.221811,41.112406],[-74.222764,41.11147],[-74.22304,41.111129],[-74.223252,41.110867],[-74.223362,41.11073],[-74.223642,41.110426],[-74.224057,41.109823],[-74.224325,41.109629]]}},{"type":"Feature","properties":{"name":"Bear Swamp Trail","blaze":null},"geometry":{"type":"LineString","coordinates":[[-74.224904,41.108453],[-74.224674,41.108435],[-74.224376,41.10845],[-74.224003,41.108374],[-74.223602,41.108445],[-74.223227,41.108039],[-74.22305,41.108005],[-74.222778,41.107865],[-74.222618,41.107625],[-74.22228,41.107338],[-74.22209,41.107017],[-74.221558,41.106583],[-74.220715,41.106494],[-74.220491,41.106271],[-74.220288,41.106141],[-74.220148,41.105928],[-74.220081,41.105076],[-74.219917,41.104966],[-74.219845,41.10473],[-74.219681,41.104602],[-74.219588,41.104566],[-74.219425,41.104503],[-74.219181,41.104409],[-74.218622,41.104526],[-74.218364,41.104501],[-74.217982,41.104466],[-74.217494,41.10424],[-74.216684,41.104098],[-74.216393,41.104183],[-74.216235,41.104131],[-74.216191,41.103968],[-74.216006,41.10377],[-74.215882,41.103282],[-74.21589,41.103189],[-74.215816,41.102838],[-74.215576,41.102646],[-74.215256,41.102548],[-74.215089,41.102558],[-74.215012,41.102561]]}},{"type":"Feature","properties":{"name":"Pierson Ridge Road","blaze":null},"geometry":{"type":"LineString","coordinates":[[-74.21849,41.116327],[-74.217824,41.116588],[-74.217347,41.116819],[-74.217184,41.116935],[-74.217104,41.117093],[-74.21708,41.117251],[-74.217071,41.117406],[-74.217044,41.117818],[-74.216917,41.11833],[-74.216808,41.119244],[-74.216831,41.119585],[-74.216894,41.119652],[-74.21703,41.119675],[-74.217347,41.11962],[-74.217589,41.119508],[-74.217781,41.119336],[-74.218275,41.118903],[-74.218557,41.118592],[-74.218711,41.1185],[-74.218969,41.118481],[-74.220022,41.118429]]}},{"type":"Feature","properties":{"name":"Five Ponds Loop Trail","blaze":null},"geometry":{"type":"LineString","coordinates":[[-74.233489,41.12458],[-74.233419,41.124592],[-74.23337,41.124562],[-74.23331,41.124396],[-74.233309,41.124191],[-74.233211,41.124232],[-74.233148,41.124291],[-74.233117,41.124304],[-74.233058,41.124303],[-74.23304,41.124257],[-74.233109,41.124136],[-74.233155,41.124024],[-74.23318,41.123929],[-74.233166,41.123889],[-74.233116,41.123866],[-74.233079,41.123868],[-74.233029,41.123931],[-74.232907,41.124082],[-74.232838,41.12411],[-74.232777,41.124116],[-74.232747,41.124066],[-74.232741,41.123882],[-74.232753,41.123737],[-74.232744,41.123609],[-74.232736,41.123481],[-74.232737,41.123412],[-74.232732,41.123273],[-74.232676,41.12305],[-74.23265,41.123015],[-74.23256,41.12296],[-74.23256,41.123045],[-74.232567,41.123086],[-74.232516,41.123155],[-74.232508,41.123285],[-74.232435,41.123397],[-74.232389,41.123432],[-74.232363,41.123416],[-74.232386,41.123266],[-74.232365,41.123141],[-74.23233,41.123098],[-74.232267,41.123089],[-74.232244,41.123132],[-74.232226,41.123223],[-74.232166,41.123355],[-74.232154,41.123476],[-74.232122,41.123519],[-74.232025,41.123567],[-74.231971,41.123574],[-74.231944,41.123555],[-74.231925,41.123444],[-74.23194,41.123297],[-74.231948,41.123185],[-74.231926,41.123072],[-74.231784,41.122973],[-74.231723,41.122864],[-74.231687,41.122852],[-74.231646,41.122869],[-74.231656,41.122948],[-74.231653,41.122985],[-74.231684,41.123029],[-74.231669,41.123083],[-74.231632,41.123111],[-74.231571,41.123106],[-74.231489,41.123069],[-74.231462,41.123084],[-74.23147,41.123197],[-74.231331,41.123205],[-74.231294,41.123213],[-74.231238,41.123252],[-74.23109,41.123258],[-74.230997,41.123224],[-74.231009,41.123098],[-74.230993,41.122985],[-74.230902,41.12281],[-74.230774,41.122738],[-74.230655,41.122741],[-74.230506,41.122698],[-74.230381,41.122681],[-74.230229,41.122675],[-74.230084,41.122696],[-74.230018,41.122623],[-74.229905,41.12248],[-74.22984,41.122386],[-74.229552,41.122314],[-74.229435,41.122247],[-74.229468,41.122104],[-74.229357,41.121975],[-74.229188,41.121941],[-74.229122,41.121815],[-74.229271,41.12164],[-74.229233,41.121585],[-74.228979,41.12168],[-74.228929,41.121646],[-74.229027,41.121463],[-74.228996,41.121375],[-74.228783,41.121395],[-74.228739,41.121326],[-74.228848,41.121155],[-74.229018,41.121025],[-74.22901,41.120887],[-74.229087,41.120753],[-74.228858,41.120804],[-74.228747,41.120902],[-74.228609,41.121017],[-74.228522,41.121031],[-74.228502,41.120957],[-74.228333,41.120949],[-74.228325,41.120787],[-74.228266,41.120652],[-74.228147,41.120691],[-74.228115,41.120679],[-74.228219,41.120592],[-74.228196,41.12055],[-74.228084,41.120631],[-74.228027,41.12061],[-74.228086,41.120506],[-74.228144,41.120448],[-74.228108,41.120253],[-74.228081,41.1201],[-74.228048,41.120045],[-74.227917,41.120027],[-74.227845,41.119907],[-74.227725,41.119962],[-74.227588,41.119968],[-74.227445,41.120055],[-74.227321,41.120163],[-74.227187,41.120174]]}},{"type":"Feature","properties":{"name":"Ringwood-Ramapo/Shepherd Lake Trail/Mountain Bike Loop","blaze":null},"geometry":{"type":"LineString","coordinates":[[-74.229258,41.13557],[-74.229386,41.135647],[-74.229599,41.135704],[-74.229773,41.135688],[-74.23001,41.135623],[-74.230665,41.135388],[-74.231036,41.135245],[-74.231356,41.135228],[-74.231589,41.135267],[-74.231798,41.135374]]}},{"type":"Feature","properties":{"name":"Cooper Union Trail","blaze":null},"geometry":{"type":"LineString","coordinates":[[-74.244514,41.140903],[-74.244543,41.140872],[-74.244611,41.140729],[-74.244617,41.140655],[-74.244661,41.140609],[-74.244709,41.140497],[-74.24483,41.140431],[-74.244878,41.140313],[-74.245046,41.140243],[-74.245219,41.1401],[-74.245463,41.140078],[-74.245517,41.140037],[-74.245583,41.139815],[-74.245581,41.139592],[-74.245511,41.139352],[-74.245553,41.139165],[-74.2458,41.139036],[-74.245858,41.138899],[-74.245818,41.138816],[-74.245879,41.138659],[-74.245793,41.138388],[-74.245813,41.138292],[-74.245787,41.138151],[-74.245778,41.137779],[-74.245691,41.137638],[-74.245715,41.13731],[-74.245983,41.137233],[-74.246079,41.137147],[-74.246266,41.13714],[-74.246407,41.137078],[-74.246514,41.136957],[-74.246735,41.136824],[-74.24686,41.136553],[-74.247027,41.136393],[-74.247081,41.13622],[-74.247108,41.135818],[-74.247051,41.135694],[-74.246877,41.135281],[-74.246856,41.135103],[-74.246938,41.135007],[-74.247109,41.134918]]}},{"type":"Feature","properties":{"name":"Crossover Trail","blaze":null},"geometry":{"type":"LineString","coordinates":[[-74.248815,41.135129],[-74.248934,41.135306],[-74.249062,41.135641],[-74.249068,41.13575],[-74.248879,41.136137],[-74.248861,41.136301],[-74.249004,41.136471],[-74.249105,41.136679],[-74.249184,41.137147],[-74.249168,41.137255],[-74.249015,41.137552],[-74.249015,41.137964],[-74.248903,41.138152],[-74.248835,41.138244],[-74.248829,41.138361]]}},{"type":"Feature","properties":{"name":"Crossover Trail","blaze":null},"geometry":{"type":"LineString","coordinates":[[-74.247682,41.134469],[-74.247863,41.134511],[-74.247943,41.13455],[-74.247985,41.134696],[-74.248062,41.134849],[-74.248323,41.135003],[-74.248404,41.135118],[-74.248423,41.135256],[-74.248443,41.135374],[-74.248519,41.135381],[-74.248586,41.135311],[-74.248659,41.135144],[-74.248695,41.135116],[-74.248815,41.135129]]}},{"type":"Feature","properties":{"name":"Cooper Union Trail","blaze":null},"geometry":{"type":"LineString","coordinates":[[-74.247109,41.134918],[-74.247547,41.134705],[-74.247638,41.134619],[-74.247682,41.134469]]}},{"type":"Feature","properties":{"name":"Cooper Union/Ringwood-Ramapo Trail","blaze":null},"geometry":{"type":"LineString","coordinates":[[-74.244411,41.140924],[-74.244514,41.140903]]}},{"type":"Feature","properties":{"name":"Ringwood-Ramapo Trail","blaze":null},"geometry":{"type":"LineString","coordinates":[[-74.244514,41.140903],[-74.24463,41.140935],[-74.244773,41.141041],[-74.244865,41.141066],[-74.244984,41.141031],[-74.245256,41.141067],[-74.245571,41.141158],[-74.245753,41.141155],[-74.24593,41.141127],[-74.246157,41.141025],[-74.246366,41.140984],[-74.246558,41.140996],[-74.246852,41.140909],[-74.246961,41.140792],[-74.247246,41.140712],[-74.247474,41.140579],[-74.247562,41.14053],[-74.247737,41.140274],[-74.247742,41.140173],[-74.247681,41.140114],[-74.247715,41.140023],[-74.247861,41.139996]]}},{"type":"Feature","properties":{"name":"","blaze":null},"geometry":{"type":"LineString","coordinates":[[-74.242664,41.142954],[-74.242355,41.143143],[-74.242222,41.143246],[-74.241615,41.143466],[-74.241409,41.143566],[-74.24135,41.143599],[-74.241251,41.143721],[-74.241251,41.143807],[-74.241138,41.144225],[-74.241061,41.144327],[-74.241018,41.144427],[-74.240955,41.144563],[-74.240893,41.144808],[-74.240884,41.144929],[-74.240858,41.144998],[-74.240859,41.145071]]}},{"type":"Feature","properties":{"name":"Cupsaw Brook/Ringwood-Ramapo Trail","blaze":null},"geometry":{"type":"LineString","coordinates":[[-74.238406,41.137831],[-74.238516,41.137828],[-74.238636,41.137773],[-74.238907,41.137909],[-74.239785,41.137745],[-74.239873,41.137757],[-74.240023,41.137842],[-74.240083,41.137833],[-74.240315,41.137796],[-74.240779,41.137916],[-74.241142,41.137741],[-74.241415,41.137453],[-74.241437,41.137234],[-74.241548,41.137105],[-74.241521,41.136947],[-74.241629,41.136593]]}},{"type":"Feature","properties":{"name":"Ringwood-Ramapo Trail","blaze":null},"geometry":{"type":"LineString","coordinates":[[-74.24197,41.13651],[-74.241987,41.136662],[-74.24212,41.136796],[-74.242075,41.136924],[-74.242052,41.136987],[-74.242027,41.13711],[-74.242091,41.137125],[-74.242061,41.13749],[-74.242211,41.137672],[-74.242329,41.138114],[-74.242584,41.13834],[-74.242611,41.13849],[-74.242586,41.138557],[-74.242507,41.138659],[-74.242533,41.138706],[-74.242618,41.1387],[-74.242806,41.139043],[-74.242877,41.139138],[-74.243159,41.139312],[-74.243343,41.139509],[-74.243462,41.139868],[-74.243563,41.139911],[-74.243646,41.140079],[-74.243703,41.140092],[-74.24379,41.140224],[-74.243788,41.140277],[-74.243729,41.140357],[-74.243746,41.140394],[-74.243803,41.140446],[-74.243853,41.14062],[-74.243857,41.140817],[-74.243934,41.140858],[-74.24412,41.140899],[-74.244411,41.140924]]}},{"type":"Feature","properties":{"name":"Cupsaw Brook Trail","blaze":null},"geometry":{"type":"LineString","coordinates":[[-74.24197,41.13651],[-74.242086,41.136484],[-74.242239,41.136385],[-74.242352,41.136347],[-74.242597,41.136305],[-74.24273,41.136262],[-74.242922,41.136102],[-74.243116,41.135966],[-74.243254,41.135917],[-74.243758,41.135799],[-74.244136,41.135862],[-74.244498,41.135919],[-74.244776,41.136012],[-74.244927,41.135996],[-74.245102,41.135942],[-74.245326,41.13576],[-74.245438,41.135634],[-74.245473,41.135531],[-74.245607,41.13543],[-74.245771,41.13543],[-74.245952,41.135346],[-74.246122,41.135394],[-74.246212,41.135372],[-74.246336,41.135301],[-74.246602,41.135012],[-74.246819,41.134938],[-74.247109,41.134918]]}},{"type":"Feature","properties":{"name":"Mountain Bike Loop/Race Trail","blaze":"red"},"geometry":{"type":"LineString","coordinates":[[-74.225382,41.128085],[-74.225486,41.128096],[-74.225591,41.128132],[-74.225669,41.128172],[-74.225777,41.128184],[-74.225897,41.128152],[-74.225992,41.128139],[-74.226062,41.128164],[-74.226152,41.128198],[-74.226198,41.128247],[-74.226285,41.128256],[-74.226352,41.128288],[-74.226388,41.128362],[-74.226333,41.128436],[-74.22622,41.128572],[-74.226127,41.1287],[-74.226104,41.128826],[-74.226032,41.128968],[-74.225927,41.129153],[-74.225891,41.129239],[-74.225809,41.129329],[-74.225769,41.129398],[-74.225724,41.129447],[-74.225696,41.129455],[-74.225674,41.129433],[-74.22569,41.129372],[-74.225693,41.129298],[-74.22564,41.12927],[-74.225583,41.129329],[-74.22553,41.129395],[-74.225454,41.129474],[-74.225427,41.129538],[-74.225429,41.12963],[-74.225406,41.129713],[-74.225337,41.129798],[-74.225294,41.129838],[-74.225286,41.129904],[-74.225296,41.12998],[-74.225347,41.130052],[-74.225431,41.130093],[-74.225484,41.130178],[-74.225537,41.130285],[-74.225545,41.130374],[-74.225608,41.130505],[-74.225684,41.130641],[-74.225695,41.13072],[-74.225722,41.130774],[-74.225793,41.130768],[-74.225854,41.130726],[-74.225923,41.130598],[-74.225906,41.130459],[-74.225938,41.130396],[-74.226017,41.130397],[-74.226128,41.130467],[-74.226154,41.130542],[-74.226151,41.130636],[-74.226121,41.130718],[-74.226141,41.130749],[-74.226191,41.130753],[-74.226251,41.130708],[-74.226292,41.130639],[-74.226354,41.13054],[-74.226412,41.130492],[-74.22646,41.130522],[-74.226455,41.130604],[-74.226467,41.130655],[-74.226562,41.130658],[-74.226676,41.130639],[-74.226794,41.130577],[-74.226975,41.130436],[-74.227198,41.130308],[-74.227287,41.130273],[-74.227362,41.130271],[-74.227403,41.130225],[-74.227398,41.13017],[-74.227361,41.1301],[-74.227425,41.13007],[-74.227513,41.130086],[-74.227562,41.130189],[-74.22763,41.13029],[-74.227687,41.130405],[-74.227801,41.13049],[-74.228064,41.130531],[-74.228244,41.130511],[-74.228434,41.130532],[-74.228598,41.130483],[-74.228717,41.130484],[-74.228835,41.130518],[-74.22901,41.130557],[-74.229127,41.130599],[-74.229282,41.130612],[-74.229381,41.13061],[-74.229552,41.130611],[-74.229713,41.130519],[-74.2299,41.130452],[-74.229929,41.130213],[-74.229983,41.130187],[-74.230022,41.13021],[-74.230054,41.130317],[-74.230104,41.130771],[-74.230196,41.131204],[-74.23018,41.131254],[-74.230262,41.131392],[-74.230241,41.13172],[-74.230124,41.132016],[-74.23006,41.13215],[-74.229967,41.132269],[-74.230013,41.132455],[-74.230015,41.132668],[-74.229985,41.132931],[-74.230039,41.133122],[-74.229941,41.133349],[-74.22978,41.133529],[-74.229671,41.133624],[-74.229516,41.133712],[-74.229567,41.133994],[-74.229719,41.134254],[-74.229692,41.13439],[-74.229537,41.134444],[-74.229213,41.13428],[-74.229134,41.134018],[-74.229073,41.133987],[-74.228985,41.134002],[-74.228797,41.133932],[-74.228704,41.133969],[-74.22862,41.134262],[-74.228643,41.13455],[-74.22856,41.134862],[-74.228603,41.135161]]}},{"type":"Feature","properties":{"name":"Shepherd Lake Trail/Mountain Bike Loop/Race Trail","blaze":null},"geometry":{"type":"LineString","coordinates":[[-74.22594,41.134623],[-74.225539,41.134778],[-74.22526,41.134829],[-74.225003,41.134839],[-74.224615,41.13481],[-74.224279,41.134709],[-74.224012,41.134608],[-74.223693,41.134558],[-74.22347,41.134589],[-74.222901,41.134799],[-74.222481,41.135036],[-74.222061,41.135316],[-74.221767,41.135423],[-74.221341,41.135522],[-74.221184,41.135599],[-74.221027,41.135722],[-74.220639,41.136142]]}},{"type":"Feature","properties":{"name":"Ringwood-Ramapo Trail/Mountain Bike Loop/Race Trail","blaze":null},"geometry":{"type":"LineString","coordinates":[[-74.22594,41.134623],[-74.226363,41.134452],[-74.226497,41.134419],[-74.226631,41.134413],[-74.226765,41.134467],[-74.227026,41.13464],[-74.227371,41.134963],[-74.227713,41.13508],[-74.228394,41.135121],[-74.228603,41.135161]]}},{"type":"Feature","properties":{"name":"","blaze":null},"geometry":{"type":"LineString","coordinates":[[-74.220639,41.136142],[-74.219934,41.136829],[-74.219237,41.137171],[-74.218371,41.137456],[-74.217883,41.137637]]}},{"type":"Feature","properties":{"name":"Cape Road/Mountain Bike Loop/Race Trail","blaze":"red"},"geometry":{"type":"LineString","coordinates":[[-74.219348,41.129399],[-74.218106,41.129905],[-74.21783,41.129893],[-74.217546,41.129901],[-74.217193,41.129741],[-74.216353,41.129581],[-74.216235,41.129571]]}},{"type":"Feature","properties":{"name":"White's Road","blaze":null},"geometry":{"type":"LineString","coordinates":[[-74.220888,41.128443],[-74.221885,41.127533],[-74.222475,41.126935],[-74.222819,41.126517],[-74.222885,41.126357],[-74.222905,41.126236],[-74.222963,41.126172],[-74.223129,41.126111]]}},{"type":"Feature","properties":{"name":"White's Road/Mountain Bike Loop/Race Trail","blaze":null},"geometry":{"type":"LineString","coordinates":[[-74.218711,41.135914],[-74.218302,41.135598],[-74.217923,41.135283],[-74.217875,41.135047],[-74.217937,41.134604],[-74.218141,41.134374],[-74.218523,41.133967],[-74.21878,41.13362],[-74.219185,41.133405],[-74.219446,41.132745],[-74.219568,41.132267],[-74.219807,41.131833],[-74.22008,41.131377],[-74.220251,41.130886],[-74.220467,41.130528],[-74.22063,41.13],[-74.220721,41.129599],[-74.220722,41.129227],[-74.220888,41.128443]]}},{"type":"Feature","properties":{"name":"Old Morris Road/Shepherd Lake Trail","blaze":null},"geometry":{"type":"LineString","coordinates":[[-74.218711,41.135914],[-74.219614,41.135376],[-74.22085,41.134748],[-74.221965,41.134292],[-74.222675,41.133874],[-74.22347,41.133614],[-74.224121,41.133319],[-74.225048,41.132639],[-74.225246,41.132549]]}},{"type":"Feature","properties":{"name":"Ringwood-Ramapo/Shepherd Lake Trail","blaze":null},"geometry":{"type":"LineString","coordinates":[[-74.225246,41.132549],[-74.225428,41.1329],[-74.225363,41.133325],[-74.225272,41.133648],[-74.225316,41.133857],[-74.22594,41.134623]]}},{"type":"Feature","properties":{"name":"Weyble Pond Road/Five Ponds Loop Trail/Mountain Bike Loop/Race Trail","blaze":null},"geometry":{"type":"LineString","coordinates":[[-74.222001,41.119331],[-74.222226,41.1192],[-74.222535,41.119068],[-74.222828,41.118926],[-74.223387,41.118393],[-74.223845,41.117713],[-74.224923,41.116629],[-74.225024,41.116394],[-74.224975,41.115911],[-74.22505,41.11558],[-74.225136,41.115451],[-74.225094,41.115367]]}},{"type":"Feature","properties":{"name":"Crossover Trail","blaze":null},"geometry":{"type":"LineString","coordinates":[[-74.230204,41.109795],[-74.230347,41.109777],[-74.230527,41.109877],[-74.230707,41.109795],[-74.230934,41.109766],[-74.231053,41.109825],[-74.231146,41.109898],[-74.231308,41.109983],[-74.231445,41.11001],[-74.2316,41.110012],[-74.231859,41.110023],[-74.231999,41.110094],[-74.232006,41.11024],[-74.231981,41.110484],[-74.231948,41.110688],[-74.231992,41.11079],[-74.231971,41.11089],[-74.232003,41.110946],[-74.232054,41.110984],[-74.232114,41.110972],[-74.232179,41.110888],[-74.23224,41.110913],[-74.232258,41.110975],[-74.23224,41.11107],[-74.232173,41.111213],[-74.23221,41.111282],[-74.232283,41.111276],[-74.232444,41.111196],[-74.232619,41.111095],[-74.232748,41.111085],[-74.232817,41.111048],[-74.232842,41.110978],[-74.232917,41.110962],[-74.233013,41.111026],[-74.233086,41.110998],[-74.233129,41.110926],[-74.233151,41.110785],[-74.233255,41.110606],[-74.233378,41.110457],[-74.233428,41.11034],[-74.233358,41.110205],[-74.233194,41.110078],[-74.233063,41.110056],[-74.233001,41.110034],[-74.232899,41.109966],[-74.232816,41.109874],[-74.232723,41.109827],[-74.23272,41.109784],[-74.232805,41.109766],[-74.233025,41.109823],[-74.233058,41.109802],[-74.233054,41.109739],[-74.232801,41.109589],[-74.232821,41.10953],[-74.232932,41.109486]]}},{"type":"Feature","properties":{"name":"Mountain Bike Loop/Race Trail","blaze":"red"},"geometry":{"type":"LineString","coordinates":[[-74.224693,41.124005],[-74.224819,41.124024],[-74.224919,41.12413],[-74.225021,41.124407],[-74.225064,41.124452],[-74.225143,41.124322],[-74.225269,41.124167],[-74.225448,41.124049],[-74.225527,41.123981],[-74.225639,41.123978],[-74.225749,41.123934],[-74.225794,41.12397],[-74.225744,41.124099],[-74.225486,41.124502],[-74.225358,41.124613],[-74.225358,41.124676],[-74.225523,41.124654],[-74.22576,41.124703],[-74.22582,41.124794],[-74.225794,41.12542],[-74.22576,41.125635],[-74.225744,41.125694],[-74.2257,41.125769],[-74.22552,41.125956],[-74.225332,41.126097],[-74.225287,41.126199],[-74.225268,41.126266],[-74.225221,41.126459],[-74.225186,41.126748]]}},{"type":"Feature","properties":{"name":"Midwood Road/Five Ponds Loop Trail/Mountain Bike Loop/Race Trail","blaze":"red"},"geometry":{"type":"LineString","coordinates":[[-74.226749,41.119397],[-74.226755,41.119724],[-74.226799,41.119845],[-74.22686,41.11992],[-74.2271,41.120111],[-74.227187,41.120174]]}},{"type":"Feature","properties":{"name":"Halifax Trail","blaze":null},"geometry":{"type":"LineString","coordinates":[[-74.222001,41.119331],[-74.221931,41.119262],[-74.221921,41.119002],[-74.221915,41.118812],[-74.222013,41.11862],[-74.221955,41.118484],[-74.221682,41.118257],[-74.221491,41.118174],[-74.221228,41.117995],[-74.220835,41.117974],[-74.220537,41.117834],[-74.220337,41.11778],[-74.219901,41.11779],[-74.219651,41.117808],[-74.219295,41.117679],[-74.219154,41.117663],[-74.218919,41.11753],[-74.218622,41.117368],[-74.218563,41.117173],[-74.218468,41.11698],[-74.218467,41.116785],[-74.218607,41.116603],[-74.218542,41.116496],[-74.21849,41.116327],[-74.218435,41.116261],[-74.218091,41.115986],[-74.217952,41.11596],[-74.217751,41.11596],[-74.217488,41.116002],[-74.217067,41.116245],[-74.216798,41.116488],[-74.216393,41.116774],[-74.216185,41.116779],[-74.21596,41.11663],[-74.215694,41.116524],[-74.215315,41.116423],[-74.21523,41.116446],[-74.215164,41.116496],[-74.215022,41.116569],[-74.214838,41.116692],[-74.214646,41.116707],[-74.214376,41.116577],[-74.214259,41.116435],[-74.214276,41.116109],[-74.214161,41.115708],[-74.214321,41.115567],[-74.214324,41.115293],[-74.21414,41.115018],[-74.214028,41.1147],[-74.214028,41.114427],[-74.213712,41.113988],[-74.214062,41.113379],[-74.21452,41.113023],[-74.214699,41.11302],[-74.21481,41.112918],[-74.21502,41.112873],[-74.215134,41.112907]]}},{"type":"Feature","properties":{"name":"Crossover Trail","blaze":null},"geometry":{"type":"LineString","coordinates":[[-74.244745,41.133654],[-74.244703,41.133796],[-74.244609,41.13389],[-74.244476,41.134166],[-74.244332,41.134378],[-74.244207,41.134601],[-74.244034,41.134659],[-74.243871,41.134686],[-74.243676,41.134693],[-74.243509,41.134852],[-74.243441,41.13473],[-74.243345,41.13485],[-74.243174,41.134994],[-74.243019,41.135198],[-74.242945,41.135263],[-74.242885,41.135496],[-74.242915,41.135781],[-74.242733,41.135869],[-74.242558,41.135847],[-74.242401,41.135917],[-74.242356,41.136002],[-74.242281,41.136126],[-74.241985,41.136432],[-74.24197,41.13651]]}},{"type":"Feature","properties":{"name":"East Cottage Road","blaze":null},"geometry":{"type":"LineString","coordinates":[[-74.235683,41.125242],[-74.235743,41.125714],[-74.235797,41.126157]]}},{"type":"Feature","properties":{"name":"","blaze":null},"geometry":{"type":"LineString","coordinates":[[-74.234459,41.123795],[-74.234435,41.123963]]}},{"type":"Feature","properties":{"name":"Alligator","blaze":null},"geometry":{"type":"LineString","coordinates":[[-74.239127,41.135841],[-74.23904,41.135832],[-74.238823,41.135779],[-74.238763,41.135797],[-74.23841,41.135804],[-74.238117,41.135915],[-74.238076,41.13596],[-74.238126,41.136055],[-74.238093,41.136101],[-74.238024,41.136129],[-74.237886,41.136051],[-74.237694,41.135881],[-74.237464,41.135856],[-74.237281,41.135916],[-74.237194,41.135897],[-74.237086,41.135941],[-74.23704,41.136013],[-74.236957,41.136096],[-74.236765,41.136142],[-74.236518,41.136318],[-74.236254,41.136443],[-74.23611,41.136536],[-74.235874,41.136658],[-74.235755,41.136678],[-74.235424,41.136667],[-74.235254,41.136725],[-74.235166,41.136715],[-74.235135,41.136655],[-74.235092,41.136547]]}},{"type":"Feature","properties":{"name":"Gatun Pond Road","blaze":null},"geometry":{"type":"LineString","coordinates":[[-74.229045,41.10952],[-74.229459,41.109485],[-74.229585,41.109415],[-74.229801,41.109312],[-74.229943,41.109246],[-74.23032,41.109225],[-74.230737,41.10926],[-74.230832,41.109245],[-74.231043,41.109215],[-74.231328,41.109237],[-74.231436,41.109204],[-74.23154,41.109099]]}},{"type":"Feature","properties":{"name":"","blaze":null},"geometry":{"type":"LineString","coordinates":[[-74.241558,41.107873],[-74.241483,41.10801],[-74.241403,41.108095],[-74.241362,41.10823],[-74.241247,41.108491],[-74.241175,41.108579],[-74.241063,41.108926],[-74.241014,41.10897],[-74.240957,41.109102],[-74.240895,41.109147],[-74.24079,41.109198]]}},{"type":"Feature","properties":{"name":"Ringwood-Ramapo Trail","blaze":null},"geometry":{"type":"LineString","coordinates":[[-74.234,41.116994],[-74.233977,41.117021],[-74.233918,41.117027],[-74.233862,41.117007],[-74.233821,41.11702],[-74.233785,41.117088],[-74.233747,41.117122],[-74.233738,41.117158],[-74.233694,41.117175],[-74.233631,41.117185],[-74.233578,41.11722],[-74.2335,41.117224],[-74.233444,41.117253],[-74.2334,41.117294],[-74.233397,41.117354],[-74.233352,41.117456],[-74.233364,41.117496],[-74.2334,41.117534],[-74.233399,41.117568],[-74.233378,41.117575],[-74.233341,41.117575],[-74.233294,41.117577],[-74.233235,41.11757],[-74.233181,41.117575],[-74.233151,41.117556],[-74.23308,41.117557],[-74.233064,41.117531],[-74.23306,41.117498],[-74.233039,41.117414],[-74.233013,41.117398],[-74.23294,41.117403],[-74.232882,41.117393],[-74.232832,41.117425],[-74.232832,41.117456],[-74.23288,41.117547],[-74.232903,41.117595],[-74.232929,41.117666],[-74.232858,41.117713],[-74.232839,41.117746],[-74.232891,41.117839],[-74.232971,41.117898],[-74.232974,41.117954],[-74.233088,41.117998],[-74.233153,41.118018],[-74.2333,41.117995],[-74.233369,41.117996],[-74.233401,41.118002],[-74.233417,41.118017],[-74.233418,41.118046],[-74.23339,41.118064],[-74.233262,41.118092],[-74.233214,41.118144],[-74.233244,41.118178],[-74.233248,41.118235],[-74.233225,41.118263],[-74.23319,41.11827],[-74.233082,41.118315],[-74.233037,41.118357],[-74.233039,41.118489],[-74.232995,41.118545],[-74.232909,41.118647],[-74.232874,41.118734],[-74.232828,41.118794],[-74.232794,41.118813],[-74.232707,41.118823],[-74.232652,41.118811],[-74.232567,41.118776],[-74.232523,41.118775],[-74.232392,41.118814],[-74.232374,41.118836],[-74.232383,41.11887],[-74.23238,41.118913],[-74.232345,41.118976],[-74.232189,41.11902],[-74.232134,41.119049],[-74.232118,41.119085],[-74.23213,41.119134],[-74.232176,41.119153],[-74.232199,41.119216],[-74.23221,41.119282],[-74.23219,41.119294],[-74.232152,41.119283],[-74.232109,41.119246],[-74.232028,41.119224],[-74.232008,41.11921],[-74.231961,41.119202],[-74.231865,41.119156],[-74.23177,41.119083],[-74.23172,41.119096],[-74.231697,41.119143],[-74.231704,41.119173],[-74.231724,41.119187],[-74.231752,41.119223],[-74.231744,41.119246],[-74.231756,41.119331],[-74.231795,41.119438],[-74.231781,41.119504],[-74.231752,41.119524],[-74.231702,41.119529],[-74.231652,41.119511],[-74.231608,41.11951],[-74.231449,41.119623],[-74.231174,41.119886],[-74.230929,41.120087],[-74.230914,41.120135],[-74.230837,41.120246],[-74.23083,41.1203],[-74.230855,41.120329],[-74.230823,41.120399],[-74.230314,41.120888]]}},{"type":"Feature","properties":{"name":"Ringwood-Ramapo Trail","blaze":null},"geometry":{"type":"LineString","coordinates":[[-74.240645,41.109798],[-74.240583,41.109784],[-74.240488,41.109799]]}},{"type":"Feature","properties":{"name":"Crossover Trail","blaze":null},"geometry":{"type":"LineString","coordinates":[[-74.226745,41.104939],[-74.226748,41.104929]]}},{"type":"Feature","properties":{"name":"Duck Pond Trail","blaze":null},"geometry":{"type":"LineString","coordinates":[[-74.240167,41.117259],[-74.24024,41.117084],[-74.240401,41.11689],[-74.240538,41.116831],[-74.240525,41.116651],[-74.240691,41.116441],[-74.240739,41.116184],[-74.240691,41.116098],[-74.240751,41.115889],[-74.240809,41.115576],[-74.240787,41.115273],[-74.24083,41.115055],[-74.24086,41.114845],[-74.240867,41.114558],[-74.241023,41.114311],[-74.241185,41.114077],[-74.241388,41.113931],[-74.241447,41.113798],[-74.241439,41.113679],[-74.241276,41.113531],[-74.241179,41.113366],[-74.241303,41.11322],[-74.241367,41.113026],[-74.241431,41.1128],[-74.241496,41.112557],[-74.241518,41.112425],[-74.241545,41.112332],[-74.24161,41.112233]]}},{"type":"Feature","properties":{"name":"Crossover Trail","blaze":null},"geometry":{"type":"LineString","coordinates":[[-74.237511,41.127782],[-74.237693,41.128043],[-74.237717,41.128175],[-74.237861,41.12831],[-74.238004,41.128444],[-74.238109,41.128525],[-74.238461,41.128785],[-74.238548,41.128906],[-74.238548,41.129098],[-74.238569,41.129184],[-74.23856,41.129286],[-74.238601,41.129333],[-74.238701,41.129345],[-74.238746,41.129306],[-74.238792,41.129211],[-74.238869,41.129179],[-74.238946,41.1292],[-74.238973,41.129284],[-74.238771,41.129635],[-74.238588,41.12991],[-74.238352,41.130169],[-74.238077,41.130459],[-74.238084,41.130573],[-74.23814,41.1306],[-74.238197,41.130573],[-74.238251,41.130457],[-74.238353,41.130424],[-74.238406,41.130457],[-74.238377,41.130589],[-74.238298,41.130686],[-74.238249,41.130826],[-74.238287,41.130907],[-74.2384,41.130965]]}},{"type":"Feature","properties":{"name":"Crossover Trail","blaze":null},"geometry":{"type":"LineString","coordinates":[[-74.238537,41.134019],[-74.238505,41.134124],[-74.238434,41.134236],[-74.238335,41.134363],[-74.238313,41.134389],[-74.238352,41.134421],[-74.238536,41.134437],[-74.23856,41.134492],[-74.238479,41.134567],[-74.238376,41.134658],[-74.238402,41.134716],[-74.238505,41.13474],[-74.238596,41.134783],[-74.238744,41.134786],[-74.238818,41.13482],[-74.238843,41.134892],[-74.238764,41.135026],[-74.238777,41.135139],[-74.238872,41.13521],[-74.239034,41.135258],[-74.239255,41.135276],[-74.239278,41.135326],[-74.239272,41.135398],[-74.239277,41.135459],[-74.239234,41.135509],[-74.239165,41.135551],[-74.239029,41.135548],[-74.238954,41.135584],[-74.238964,41.135636],[-74.23913,41.135785],[-74.239127,41.135841]]}},{"type":"Feature","properties":{"name":"Crossover/Ringwood-Ramapo Trail","blaze":null},"geometry":{"type":"LineString","coordinates":[[-74.248829,41.138361],[-74.249066,41.138346],[-74.249307,41.138189],[-74.249414,41.138187],[-74.249535,41.138311],[-74.249522,41.138487],[-74.249662,41.138574],[-74.249666,41.138664],[-74.24972,41.138748],[-74.249814,41.138749],[-74.249906,41.138636],[-74.250024,41.13858],[-74.25026,41.13862],[-74.250471,41.138564],[-74.250627,41.138294],[-74.250906,41.138163],[-74.250991,41.138026],[-74.251076,41.137965],[-74.251248,41.137931],[-74.251645,41.137683],[-74.251956,41.137667],[-74.25217,41.13749],[-74.252347,41.137431],[-74.252445,41.137436],[-74.252508,41.137477],[-74.252506,41.137539],[-74.252165,41.13772],[-74.252188,41.137768],[-74.252314,41.137771],[-74.25263,41.137643],[-74.252735,41.137571],[-74.252912,41.137567],[-74.253041,41.137511],[-74.253169,41.137512]]}},{"type":"Feature","properties":{"name":"State Line Trail","blaze":null},"geometry":{"type":"LineString","coordinates":[[-74.247474,41.140579],[-74.247461,41.140811],[-74.247347,41.141097],[-74.24716,41.141413],[-74.24703,41.141843],[-74.246849,41.142199],[-74.246748,41.142328],[-74.24649,41.142596],[-74.246387,41.142815],[-74.24629,41.143014],[-74.246228,41.143145],[-74.246135,41.143408],[-74.24607,41.143479],[-74.245862,41.143563],[-74.245673,41.143735],[-74.245466,41.143796],[-74.245375,41.143848],[-74.245105,41.143841],[-74.244877,41.14388],[-74.244722,41.143975],[-74.244594,41.144184],[-74.244339,41.144307],[-74.244023,41.144478],[-74.2438,41.144704],[-74.243618,41.144852],[-74.243324,41.14489],[-74.243186,41.145058],[-74.243044,41.145132],[-74.242869,41.145152],[-74.242746,41.145185],[-74.242655,41.145287],[-74.242479,41.145387],[-74.242688,41.145395],[-74.242707,41.145459],[-74.242598,41.145505],[-74.242455,41.145499],[-74.242402,41.145544],[-74.242149,41.145723],[-74.241988,41.145952],[-74.242044,41.146026],[-74.242286,41.14613],[-74.242376,41.146147],[-74.242449,41.14623],[-74.242406,41.146319],[-74.242441,41.146372]]}},{"type":"Feature","properties":{"name":"Sterling Mine Rd Bypass Trail","blaze":null},"geometry":{"type":"LineString","coordinates":[[-74.241968,41.146716],[-74.2415,41.146883],[-74.241457,41.146938],[-74.241433,41.147045],[-74.241173,41.147132],[-74.241053,41.147216],[-74.24101,41.147373],[-74.240708,41.147556],[-74.24029,41.147774],[-74.23984,41.147963],[-74.239543,41.148192],[-74.239425,41.148208],[-74.239261,41.14826],[-74.238923,41.148575],[-74.238691,41.148638],[-74.238518,41.148816],[-74.238491,41.148884],[-74.23838,41.149163],[-74.238167,41.149472],[-74.238193,41.14958],[-74.238124,41.149692],[-74.238007,41.149778],[-74.237773,41.149928],[-74.237764,41.15002],[-74.237793,41.15016],[-74.23774,41.150293],[-74.237928,41.150365],[-74.237875,41.150458],[-74.237751,41.150488],[-74.23752,41.150493]]}},{"type":"Feature","properties":{"name":"Shepard Pond Trail","blaze":null},"geometry":{"type":"LineString","coordinates":[[-74.238537,41.134019],[-74.238079,41.134167],[-74.237683,41.134303],[-74.237212,41.13455],[-74.236878,41.134741],[-74.236567,41.135016],[-74.236245,41.135412],[-74.236018,41.135895],[-74.235889,41.136066],[-74.23553,41.136449],[-74.235352,41.136518],[-74.235092,41.136547]]}},{"type":"Feature","properties":{"name":"Ice Pond Road","blaze":null},"geometry":{"type":"LineString","coordinates":[[-74.241124,41.109841],[-74.241404,41.110354],[-74.241468,41.110499],[-74.241507,41.110637],[-74.24147,41.110765],[-74.241352,41.110868],[-74.241214,41.110973],[-74.240943,41.111183],[-74.240761,41.111362]]}},{"type":"Feature","properties":{"name":"Ringwood-Ramapo Trail","blaze":null},"geometry":{"type":"LineString","coordinates":[[-74.230314,41.120888],[-74.230903,41.121184],[-74.230929,41.121271],[-74.230758,41.121318],[-74.230607,41.121487],[-74.230423,41.121797],[-74.230276,41.121852],[-74.230269,41.122104],[-74.230143,41.122214],[-74.230029,41.12237],[-74.229905,41.12248],[-74.229733,41.12262],[-74.229554,41.122719],[-74.229385,41.122736],[-74.229231,41.122708],[-74.22911,41.122697],[-74.22897,41.122764],[-74.228829,41.12281],[-74.22876,41.122866],[-74.228737,41.122984],[-74.228627,41.123092],[-74.228477,41.123143],[-74.228319,41.123207],[-74.228174,41.123343],[-74.228128,41.123437],[-74.228152,41.123565],[-74.228253,41.123662],[-74.228306,41.123898],[-74.228433,41.12388],[-74.228647,41.123923],[-74.228768,41.124112],[-74.228797,41.124241],[-74.228943,41.124332],[-74.228989,41.124432],[-74.228994,41.124571],[-74.229118,41.124656],[-74.229137,41.124938],[-74.229037,41.125081],[-74.229033,41.125247],[-74.228863,41.125366],[-74.228866,41.125464],[-74.22876,41.125523],[-74.228742,41.125579],[-74.228447,41.125628],[-74.228329,41.125749],[-74.228087,41.12583],[-74.228026,41.126005],[-74.227857,41.126076],[-74.227749,41.126204],[-74.227752,41.126278],[-74.227484,41.126279],[-74.227262,41.126427],[-74.227034,41.126494],[-74.226847,41.126691],[-74.226808,41.126785],[-74.226568,41.126885],[-74.226044,41.127009],[-74.225651,41.127135],[-74.225336,41.127238],[-74.225231,41.12785],[-74.225382,41.128085]]}},{"type":"Feature","properties":{"name":"Skylands Trail","blaze":null},"geometry":{"type":"LineString","coordinates":[[-74.22656,41.125389],[-74.226566,41.125117],[-74.226483,41.125082],[-74.226432,41.12511],[-74.226455,41.125245],[-74.226397,41.125258],[-74.22632,41.125216],[-74.226251,41.125221],[-74.226219,41.125275],[-74.226331,41.125446],[-74.2264,41.125513],[-74.226341,41.1256],[-74.22627,41.125627],[-74.226185,41.125557],[-74.226134,41.125541],[-74.22608,41.125594],[-74.226146,41.125671],[-74.226127,41.125701],[-74.226064,41.125694],[-74.225911,41.125653],[-74.22582,41.125697],[-74.22579,41.125768],[-74.225882,41.125976],[-74.225878,41.125997],[-74.225649,41.126055],[-74.225588,41.126126],[-74.225598,41.126193],[-74.225566,41.126246],[-74.225483,41.126268],[-74.225465,41.126368],[-74.225221,41.126459]]}},{"type":"Feature","properties":{"name":"Ringwood-Ramapo Trail","blaze":null},"geometry":{"type":"LineString","coordinates":[[-74.2421,41.10638],[-74.24197,41.106437],[-74.241613,41.106542],[-74.240987,41.106597],[-74.240802,41.106731],[-74.240653,41.106818],[-74.240453,41.106972],[-74.240429,41.107048],[-74.240394,41.107131],[-74.240292,41.107498]]}},{"type":"Feature","properties":{"name":"Erskine Trail","blaze":null},"geometry":{"type":"LineString","coordinates":[[-74.24408,41.102],[-74.244119,41.102106],[-74.244028,41.102278],[-74.24396,41.102507],[-74.243724,41.102662],[-74.243616,41.102747],[-74.24338,41.102934],[-74.243101,41.103209],[-74.242861,41.103468],[-74.242646,41.103571],[-74.242428,41.103586],[-74.242363,41.103591],[-74.242127,41.103642],[-74.241918,41.103656],[-74.241716,41.103647]]}},{"type":"Feature","properties":{"name":"Erskine Trail","blaze":null},"geometry":{"type":"LineString","coordinates":[[-74.244467,41.105863],[-74.244479,41.105607],[-74.244526,41.105201],[-74.244452,41.105025],[-74.244294,41.10491],[-74.243941,41.104669],[-74.243739,41.104401],[-74.243658,41.104218],[-74.243748,41.10402],[-74.243724,41.103595],[-74.243835,41.103149],[-74.243772,41.102987],[-74.243616,41.102747]]}},{"type":"Feature","properties":{"name":"","blaze":null},"geometry":{"type":"LineString","coordinates":[[-74.243608,41.106025],[-74.243409,41.105859],[-74.243192,41.105826],[-74.242885,41.105696],[-74.242811,41.105538],[-74.24258,41.105416],[-74.242303,41.105393],[-74.24214,41.105339]]}},{"type":"Feature","properties":{"name":"","blaze":null},"geometry":{"type":"LineString","coordinates":[[-74.241716,41.103647],[-74.241686,41.103484],[-74.241579,41.10344],[-74.241553,41.103216],[-74.241556,41.103038],[-74.241479,41.102848],[-74.241366,41.102748],[-74.241313,41.102505],[-74.241175,41.102335],[-74.240948,41.102186]]}},{"type":"Feature","properties":{"name":"Pierson Ridge Road","blaze":null},"geometry":{"type":"LineString","coordinates":[[-74.22866,41.104049],[-74.228819,41.103895],[-74.228896,41.103755],[-74.22914,41.103458],[-74.229297,41.103317],[-74.229402,41.103311],[-74.229449,41.103355],[-74.229518,41.103534],[-74.229493,41.103821],[-74.229697,41.104076],[-74.22985,41.104262],[-74.229909,41.104495],[-74.229909,41.104763],[-74.229873,41.10546],[-74.229875,41.105851],[-74.229851,41.106336],[-74.229824,41.106723],[-74.229642,41.107126],[-74.229675,41.107181]]}},{"type":"Feature","properties":{"name":"Five Ponds Loop Trail","blaze":null},"geometry":{"type":"LineString","coordinates":[[-74.232564,41.107003],[-74.232764,41.10685],[-74.232969,41.106442],[-74.233161,41.106251],[-74.233333,41.105888],[-74.233622,41.105629],[-74.233814,41.105413],[-74.233817,41.10527],[-74.233813,41.105137],[-74.233919,41.105022],[-74.234112,41.104918],[-74.234223,41.104821]]}},{"type":"Feature","properties":{"name":"","blaze":null},"geometry":{"type":"LineString","coordinates":[[-74.239378,41.12692],[-74.239617,41.126833],[-74.23981,41.126798],[-74.239957,41.126718],[-74.240304,41.126641],[-74.240453,41.126584],[-74.240538,41.12658],[-74.240598,41.126613],[-74.240744,41.126622],[-74.240857,41.126671],[-74.24099,41.126663],[-74.241402,41.126551],[-74.241564,41.126482],[-74.241753,41.126473],[-74.241822,41.126501],[-74.242062,41.126467],[-74.242354,41.126474],[-74.242448,41.126392],[-74.242989,41.126391],[-74.243179,41.126493],[-74.24358,41.126925],[-74.243467,41.127593],[-74.24339,41.127656],[-74.243375,41.127888],[-74.243345,41.127936],[-74.243234,41.127979],[-74.243055,41.128234],[-74.243037,41.128469],[-74.242989,41.128546],[-74.242965,41.128686],[-74.242793,41.129086],[-74.242992,41.129211],[-74.243013,41.129342],[-74.242975,41.129458],[-74.243043,41.129615],[-74.243182,41.129734],[-74.243273,41.1299],[-74.243284,41.130042],[-74.243251,41.130069],[-74.243277,41.130173],[-74.243237,41.130269],[-74.243125,41.130328],[-74.243114,41.130445],[-74.242975,41.13053],[-74.242784,41.130583],[-74.242476,41.130609],[-74.242422,41.130631],[-74.242411,41.130695],[-74.242484,41.130741],[-74.242719,41.13097],[-74.242686,41.131031]]}},{"type":"Feature","properties":{"name":"Cabin Trail","blaze":null},"geometry":{"type":"LineString","coordinates":[[-74.237414,41.119576],[-74.23733,41.119539],[-74.237246,41.119599],[-74.237198,41.119642],[-74.237175,41.119688],[-74.237118,41.11975],[-74.237029,41.119788],[-74.236916,41.119775],[-74.236683,41.119769],[-74.236352,41.119817],[-74.236185,41.119896],[-74.236093,41.119937],[-74.235998,41.120009],[-74.235899,41.120033],[-74.235816,41.120109],[-74.23574,41.120106],[-74.23564,41.120144],[-74.235476,41.120137],[-74.235359,41.120176],[-74.23517,41.120177],[-74.235096,41.120237],[-74.235021,41.120316],[-74.234942,41.120351],[-74.23485,41.120437],[-74.234701,41.120564]]}},{"type":"Feature","properties":{"name":"","blaze":null},"geometry":{"type":"LineString","coordinates":[[-74.223524,41.15051],[-74.223469,41.15051],[-74.223402,41.150516],[-74.223331,41.150529],[-74.223249,41.150547],[-74.223171,41.150568],[-74.223102,41.150593],[-74.223039,41.150619],[-74.222967,41.150651],[-74.222917,41.150677],[-74.222861,41.150708],[-74.222808,41.150737],[-74.222747,41.150776],[-74.222566,41.150893],[-74.222357,41.151046],[-74.222116,41.151231],[-74.222028,41.151309],[-74.221969,41.151348],[-74.221909,41.151378],[-74.221849,41.1514],[-74.221768,41.151412],[-74.221696,41.151415],[-74.221633,41.151412],[-74.22156,41.151407],[-74.221483,41.151395],[-74.221411,41.151379],[-74.221344,41.151357],[-74.221219,41.151316],[-74.221141,41.151278],[-74.221051,41.151233],[-74.22096,41.151179],[-74.220855,41.151111],[-74.220767,41.151052],[-74.22069,41.15101],[-74.220635,41.150979],[-74.22058,41.150942],[-74.220501,41.150874],[-74.220446,41.150816],[-74.220422,41.150776],[-74.220406,41.150738],[-74.220393,41.150689],[-74.220393,41.150646],[-74.220399,41.150611],[-74.220418,41.150576],[-74.220458,41.150533],[-74.220517,41.150468],[-74.220558,41.150429],[-74.220641,41.150355],[-74.220666,41.150327],[-74.22069,41.150296],[-74.220706,41.150265],[-74.220709,41.150237],[-74.220705,41.150208],[-74.220689,41.150176],[-74.22066,41.150143],[-74.22062,41.150121],[-74.220577,41.150106],[-74.220542,41.150101],[-74.220496,41.150105],[-74.220446,41.150117],[-74.220394,41.150141],[-74.22035,41.150166],[-74.220316,41.150202],[-74.220279,41.150232],[-74.220201,41.150283],[-74.220009,41.150396],[-74.219854,41.150475],[-74.219815,41.150492],[-74.219761,41.150514],[-74.219708,41.150532],[-74.219647,41.150552],[-74.219563,41.150575],[-74.219437,41.15061],[-74.219253,41.150657],[-74.219105,41.150695],[-74.219013,41.150714],[-74.218941,41.15072],[-74.218894,41.15072],[-74.218853,41.150718],[-74.218806,41.150705],[-74.218764,41.150697],[-74.218716,41.150681],[-74.218661,41.150655],[-74.218368,41.150512],[-74.218291,41.15048],[-74.218214,41.150459],[-74.218139,41.15045],[-74.218072,41.150444],[-74.218004,41.150447],[-74.217942,41.150457],[-74.217882,41.150473],[-74.217818,41.150493],[-74.21773,41.150525],[-74.217622,41.150575],[-74.217339,41.150737],[-74.217275,41.150771],[-74.217213,41.150801],[-74.21715,41.15082],[-74.217106,41.150834],[-74.217057,41.150844],[-74.217001,41.150849],[-74.216951,41.150844],[-74.216905,41.150838],[-74.216857,41.150828],[-74.216773,41.150808],[-74.216708,41.150792],[-74.216621,41.150765],[-74.21657,41.150748],[-74.216506,41.150727],[-74.216448,41.150709],[-74.216367,41.150687],[-74.216306,41.150671],[-74.216246,41.150656],[-74.216198,41.150651],[-74.21614,41.150654],[-74.216091,41.15066],[-74.216046,41.150667],[-74.215948,41.150692],[-74.215868,41.150719],[-74.215806,41.15074],[-74.215593,41.150821],[-74.215537,41.150842],[-74.215463,41.150865],[-74.215383,41.15089],[-74.215307,41.150907],[-74.215232,41.150916],[-74.21516,41.150913],[-74.215096,41.150906],[-74.214937,41.150885],[-74.214756,41.150864],[-74.21465,41.150847],[-74.214596,41.150832],[-74.214544,41.150816],[-74.214446,41.150776],[-74.213746,41.150449],[-74.213684,41.15043],[-74.21361,41.150411],[-74.213552,41.150404],[-74.213477,41.150404],[-74.213417,41.15041],[-74.213352,41.150424],[-74.213288,41.150442],[-74.213187,41.15048],[-74.21313,41.15051],[-74.213064,41.150569],[-74.21301,41.150642],[-74.212969,41.150722],[-74.212939,41.150752],[-74.212902,41.150773],[-74.212861,41.15079],[-74.212807,41.150806],[-74.212764,41.15081],[-74.212707,41.150808],[-74.212659,41.150797],[-74.212622,41.150783],[-74.21257,41.150756],[-74.212537,41.150721],[-74.21252,41.15069],[-74.212508,41.15065],[-74.212505,41.150619],[-74.212507,41.150577],[-74.212522,41.150449],[-74.212546,41.150346],[-74.21255,41.150181],[-74.212546,41.150142],[-74.212569,41.14999],[-74.212631,41.149657],[-74.212658,41.149578],[-74.212734,41.149404],[-74.21281,41.149224],[-74.212921,41.148896],[-74.212971,41.1488],[-74.213027,41.148721],[-74.213118,41.148581],[-74.213163,41.148502],[-74.21321,41.148436],[-74.213274,41.148369],[-74.213332,41.148326],[-74.213384,41.148295],[-74.213433,41.148275],[-74.213485,41.148266],[-74.213543,41.148263],[-74.213599,41.148269],[-74.213656,41.14828],[-74.213727,41.148296],[-74.213786,41.148308],[-74.213855,41.148317],[-74.213928,41.14832],[-74.213984,41.148316],[-74.214044,41.148303],[-74.214118,41.148288],[-74.214177,41.148271],[-74.214246,41.14825],[-74.214323,41.14822],[-74.214386,41.148189],[-74.214423,41.148168],[-74.214483,41.148123],[-74.214531,41.148076],[-74.214584,41.148018],[-74.214624,41.147976],[-74.21466,41.147933],[-74.214923,41.147616],[-74.21498,41.147556],[-74.215019,41.147517],[-74.215088,41.147457],[-74.215197,41.147376],[-74.215329,41.14728],[-74.215509,41.147142],[-74.215944,41.146789],[-74.21598,41.146766],[-74.216019,41.146743],[-74.216067,41.146721],[-74.216138,41.146701],[-74.216206,41.146684],[-74.216277,41.14666],[-74.216415,41.146639],[-74.216487,41.146627],[-74.216551,41.146602],[-74.216604,41.146575],[-74.216642,41.146541],[-74.216677,41.146484],[-74.21671,41.146434],[-74.216736,41.146383],[-74.21676,41.146347],[-74.216795,41.146299],[-74.216828,41.14626],[-74.21686,41.146223],[-74.21689,41.146178],[-74.216926,41.146119],[-74.217012,41.146022],[-74.217055,41.145941],[-74.217125,41.145834],[-74.217346,41.145499],[-74.217402,41.145399],[-74.217445,41.145321],[-74.217484,41.145238],[-74.217524,41.145162],[-74.217552,41.145082],[-74.217573,41.14499],[-74.217594,41.144893],[-74.217607,41.144795],[-74.217611,41.14471],[-74.217611,41.144647],[-74.217607,41.1446],[-74.217588,41.144562],[-74.217567,41.144523],[-74.217551,41.144488],[-74.21753,41.144452],[-74.2175,41.144424],[-74.21747,41.144403],[-74.217437,41.144385],[-74.217393,41.144344],[-74.217357,41.144307],[-74.217304,41.14427],[-74.217231,41.144239],[-74.217173,41.144217],[-74.217113,41.144204],[-74.217064,41.144189],[-74.216999,41.144165],[-74.216933,41.144134],[-74.216847,41.144093],[-74.216376,41.143897],[-74.216324,41.143862],[-74.216283,41.143827],[-74.216222,41.143778],[-74.216157,41.14373],[-74.216078,41.143695],[-74.216025,41.143683],[-74.215972,41.143675],[-74.215915,41.143674],[-74.215863,41.143675],[-74.215813,41.143684],[-74.21572,41.143728],[-74.215638,41.143777],[-74.215536,41.143842],[-74.215415,41.143928],[-74.215299,41.143995],[-74.2152,41.144044],[-74.215016,41.144094],[-74.214925,41.144133],[-74.21446,41.14436],[-74.214333,41.14442],[-74.214255,41.144463],[-74.214173,41.144516],[-74.214081,41.144578],[-74.213988,41.144644],[-74.213906,41.144697],[-74.21384,41.144727],[-74.213771,41.144744],[-74.213711,41.144749],[-74.213646,41.144747],[-74.213584,41.144735],[-74.213533,41.144717],[-74.213466,41.144682],[-74.213191,41.144506],[-74.212891,41.144312],[-74.212599,41.144131],[-74.212514,41.144088],[-74.212395,41.144036],[-74.212309,41.144011],[-74.212222,41.143984],[-74.212013,41.143932],[-74.211916,41.143922],[-74.211777,41.143906],[-74.211685,41.143891],[-74.211596,41.143873],[-74.211522,41.143855],[-74.2114,41.143835],[-74.211251,41.143808],[-74.211142,41.143798],[-74.211037,41.143792],[-74.21094,41.143804],[-74.210859,41.143826],[-74.210774,41.143852],[-74.210695,41.143884],[-74.210619,41.143921],[-74.210548,41.143963],[-74.210435,41.144051],[-74.210172,41.144302],[-74.210101,41.144364],[-74.210048,41.1444],[-74.209997,41.144424],[-74.209945,41.14444],[-74.209892,41.144446],[-74.209843,41.144451],[-74.209796,41.144446]]}},{"type":"Feature","properties":{"name":"","blaze":null},"geometry":{"type":"LineString","coordinates":[[-74.226641,41.146088],[-74.226611,41.146172],[-74.226513,41.146301],[-74.226446,41.146408],[-74.226287,41.146673],[-74.226234,41.146871],[-74.226196,41.146987],[-74.226195,41.147022],[-74.22621,41.147079],[-74.226221,41.147133],[-74.226243,41.147267],[-74.22624,41.147307],[-74.226222,41.147342],[-74.226192,41.147388],[-74.226175,41.147445],[-74.226114,41.14776],[-74.226094,41.147788],[-74.226078,41.148072],[-74.226092,41.148157],[-74.226137,41.148316],[-74.226145,41.148388],[-74.226134,41.148466],[-74.226033,41.148907],[-74.226045,41.149057],[-74.225999,41.14933]]}},{"type":"Feature","properties":{"name":"Ice Pond Road","blaze":null},"geometry":{"type":"LineString","coordinates":[[-74.230341,41.106723],[-74.23082,41.106441],[-74.231036,41.106413],[-74.23161,41.106512],[-74.232257,41.106753]]}},{"type":"Feature","properties":{"name":"Shore Trail","blaze":null},"geometry":{"type":"LineString","coordinates":[[-74.216074,41.100459],[-74.216153,41.100372],[-74.216312,41.100237],[-74.216479,41.100107],[-74.216593,41.099959],[-74.216678,41.099937],[-74.216801,41.099918],[-74.216932,41.099823],[-74.217007,41.099782],[-74.217161,41.09977],[-74.217251,41.09973],[-74.21737,41.099683],[-74.217411,41.099625],[-74.217393,41.099577],[-74.217322,41.099535],[-74.217251,41.099509],[-74.217207,41.099462],[-74.217192,41.099412],[-74.217203,41.099347],[-74.217236,41.099272],[-74.217251,41.099168],[-74.217286,41.099103],[-74.217377,41.099025],[-74.217457,41.098965],[-74.217506,41.098883],[-74.217489,41.098774],[-74.217461,41.098657],[-74.217469,41.09849],[-74.217435,41.098337],[-74.217446,41.098176],[-74.217452,41.097991],[-74.217522,41.097837],[-74.217651,41.09766],[-74.217746,41.097521],[-74.217782,41.097371],[-74.217769,41.097231],[-74.217803,41.097147],[-74.217882,41.097066],[-74.217986,41.096966],[-74.218053,41.096849],[-74.218086,41.096734],[-74.218102,41.096614],[-74.218147,41.09657],[-74.218259,41.096488],[-74.218391,41.096412],[-74.218525,41.09629],[-74.218629,41.096196],[-74.218726,41.096085],[-74.218855,41.09601],[-74.219085,41.095794],[-74.219215,41.095656],[-74.219285,41.095601],[-74.219309,41.095531],[-74.219359,41.095487],[-74.2196,41.095267],[-74.219644,41.095166],[-74.219726,41.095103],[-74.219783,41.095051],[-74.219881,41.094949],[-74.219985,41.094893],[-74.2201,41.094823],[-74.220187,41.094762],[-74.220263,41.094736],[-74.220325,41.094724],[-74.220382,41.09469],[-74.220421,41.094639],[-74.220437,41.094538],[-74.220475,41.094424],[-74.220511,41.094332],[-74.220508,41.094245],[-74.220523,41.094192],[-74.220576,41.094142],[-74.220667,41.094073],[-74.220796,41.093963],[-74.220829,41.093896],[-74.220818,41.093727],[-74.220814,41.093608],[-74.220736,41.093508],[-74.220596,41.093392],[-74.220394,41.093212],[-74.220347,41.093163],[-74.220339,41.093067],[-74.220311,41.092901],[-74.220271,41.092791],[-74.220269,41.092652],[-74.220175,41.09253],[-74.220085,41.092373],[-74.220055,41.092244],[-74.220055,41.092086],[-74.220094,41.091994],[-74.220091,41.091895]]}},{"type":"Feature","properties":{"name":"","blaze":null},"geometry":{"type":"LineString","coordinates":[[-74.23464,41.126838],[-74.234788,41.126993]]}},{"type":"Feature","properties":{"name":"Crossover Trail","blaze":null},"geometry":{"type":"LineString","coordinates":[[-74.237064,41.127481],[-74.237149,41.127528],[-74.237213,41.127585],[-74.237222,41.127593],[-74.237296,41.127631],[-74.237344,41.127656],[-74.237414,41.127702],[-74.23746,41.127728],[-74.237511,41.127782]]}},{"type":"Feature","properties":{"name":"Old Morris Road","blaze":null},"geometry":{"type":"LineString","coordinates":[[-74.225246,41.132549],[-74.225671,41.132427],[-74.225784,41.132407],[-74.225902,41.132395],[-74.226036,41.132371],[-74.226181,41.132351],[-74.226299,41.132335],[-74.226433,41.132318],[-74.22654,41.132306],[-74.226658,41.132306],[-74.227006,41.132316],[-74.227261,41.132309],[-74.227465,41.132273],[-74.227599,41.132198],[-74.227723,41.132077],[-74.227812,41.131967],[-74.227844,41.131886],[-74.227876,41.131801],[-74.228198,41.131377],[-74.228257,41.1313],[-74.228311,41.131223],[-74.22837,41.131143],[-74.228423,41.131054],[-74.228455,41.130965],[-74.228482,41.130876],[-74.228509,41.130787],[-74.228541,41.130702],[-74.228835,41.130518],[-74.22897,41.13046],[-74.229083,41.130415],[-74.22919,41.130375],[-74.229287,41.130322],[-74.229357,41.130258],[-74.229405,41.130177],[-74.229437,41.1301],[-74.229491,41.130023],[-74.229577,41.129967],[-74.229679,41.129922],[-74.229786,41.129902],[-74.229909,41.129898],[-74.230022,41.129878],[-74.230129,41.129886],[-74.23044,41.130007],[-74.230566,41.13004],[-74.23062,41.130062],[-74.230676,41.130078],[-74.230802,41.130098],[-74.230872,41.1301],[-74.230936,41.130098],[-74.230996,41.130086],[-74.23106,41.130072],[-74.231127,41.130058],[-74.231183,41.130054],[-74.231242,41.13004],[-74.231307,41.130021],[-74.231374,41.130005],[-74.231449,41.129985],[-74.23151,41.129973],[-74.231572,41.129965],[-74.231631,41.129959],[-74.231693,41.129951],[-74.231752,41.129945],[-74.231803,41.129926],[-74.231846,41.129896],[-74.231929,41.129805],[-74.231956,41.129769],[-74.23198,41.129728],[-74.232001,41.12969],[-74.23334,41.128098],[-74.233396,41.128029],[-74.233436,41.127989],[-74.233487,41.127943],[-74.233527,41.127906],[-74.23357,41.127876],[-74.233619,41.127848],[-74.233844,41.127571],[-74.233879,41.127532],[-74.233919,41.1275],[-74.233959,41.12747],[-74.23452,41.127082],[-74.234573,41.127068],[-74.234627,41.127045],[-74.234678,41.127025],[-74.234729,41.127007],[-74.234788,41.126993],[-74.23485,41.126971],[-74.234911,41.126956],[-74.234968,41.126946],[-74.235024,41.126944],[-74.235089,41.126946],[-74.235147,41.126954],[-74.235209,41.126973],[-74.235263,41.126993],[-74.235309,41.127017],[-74.235357,41.127048],[-74.235408,41.127068],[-74.235456,41.127088],[-74.235507,41.127108],[-74.235569,41.127132],[-74.235614,41.127157],[-74.235665,41.127183],[-74.235716,41.127207],[-74.235764,41.127235],[-74.23581,41.12726],[-74.235856,41.127288],[-74.235899,41.127318],[-74.23595,41.12734],[-74.235998,41.127363],[-74.236054,41.127391],[-74.236105,41.127411],[-74.236159,41.127419],[-74.236228,41.127429],[-74.236285,41.127437],[-74.236344,41.127441],[-74.2364,41.127446],[-74.236462,41.127458],[-74.236521,41.127458],[-74.236853,41.127492],[-74.236886,41.127492],[-74.236922,41.127492],[-74.236963,41.127492],[-74.236994,41.127492],[-74.237032,41.127488],[-74.237064,41.127481]]}},{"type":"Feature","properties":{"name":"Ringwood-Ramapo/Shepherd Lake Trail/Mountain Bike Loop","blaze":null},"geometry":{"type":"LineString","coordinates":[[-74.228603,41.135161],[-74.228826,41.135219],[-74.228998,41.135321],[-74.229163,41.135476],[-74.229258,41.13557]]}},{"type":"Feature","properties":{"name":"Midwood Road/Mountain Bike Loop/Race Trail","blaze":null},"geometry":{"type":"LineString","coordinates":[[-74.226749,41.119397],[-74.226873,41.119137],[-74.226943,41.119008],[-74.22698,41.118931],[-74.22705,41.118806],[-74.2272,41.118458],[-74.227232,41.118373],[-74.227248,41.118329],[-74.227275,41.118196],[-74.227281,41.118147],[-74.227455,41.117627],[-74.227763,41.117129],[-74.227812,41.117056],[-74.22786,41.116975],[-74.227897,41.11689],[-74.227935,41.116797],[-74.227967,41.116712],[-74.227994,41.116624],[-74.228005,41.116543],[-74.228053,41.116268],[-74.228091,41.116191],[-74.228134,41.11611],[-74.228177,41.116033],[-74.228268,41.115544],[-74.228295,41.115443],[-74.228316,41.115322],[-74.228423,41.114853],[-74.228434,41.114773],[-74.228445,41.114688],[-74.228455,41.114607],[-74.228477,41.114526],[-74.228509,41.114445],[-74.228563,41.114344],[-74.2286,41.114267],[-74.228643,41.114187],[-74.228761,41.114069],[-74.229223,41.113605],[-74.229276,41.113536],[-74.229362,41.113459],[-74.229443,41.113386],[-74.229523,41.113326],[-74.229609,41.113261],[-74.229695,41.113192],[-74.23014,41.112869],[-74.23022,41.112808],[-74.230311,41.112748],[-74.230397,41.112683],[-74.230499,41.112622],[-74.230585,41.112562],[-74.230832,41.112311],[-74.230896,41.112234],[-74.230982,41.112162],[-74.231052,41.112085],[-74.231116,41.112008],[-74.23117,41.111919],[-74.231293,41.111765],[-74.2315,41.111414],[-74.231524,41.111373],[-74.231545,41.111335],[-74.231564,41.111293],[-74.23158,41.111252],[-74.231588,41.111208],[-74.231588,41.111165],[-74.23158,41.111093],[-74.231548,41.110876],[-74.231543,41.110836],[-74.231535,41.11079],[-74.231521,41.110747],[-74.231508,41.110701],[-74.231494,41.110658],[-74.231478,41.11062],[-74.231457,41.110597],[-74.231406,41.110577],[-74.231352,41.110561],[-74.231301,41.110545],[-74.231248,41.110535],[-74.231194,41.110529],[-74.231143,41.110525],[-74.231084,41.110537],[-74.23103,41.110549],[-74.230974,41.110561],[-74.230912,41.110565],[-74.230856,41.110573],[-74.230805,41.110589],[-74.230749,41.110602],[-74.23069,41.110612],[-74.230633,41.110622],[-74.23058,41.110624],[-74.230523,41.110624],[-74.23047,41.11062],[-74.230273,41.110611],[-74.230207,41.110602],[-74.230173,41.110596],[-74.230147,41.110589],[-74.230117,41.110581],[-74.230092,41.110573],[-74.230062,41.110565],[-74.230035,41.110555],[-74.229959,41.110514],[-74.229935,41.110497],[-74.229911,41.110487],[-74.229612,41.110381],[-74.229504,41.110353],[-74.229432,41.110337],[-74.22937,41.110325],[-74.229308,41.110319],[-74.229255,41.110312],[-74.229196,41.110304],[-74.228995,41.11026],[-74.228941,41.110244],[-74.228782,41.11021],[-74.228681,41.110226],[-74.22815,41.110602],[-74.227957,41.110747],[-74.227839,41.11082],[-74.227721,41.110892],[-74.227613,41.110949],[-74.22756,41.110981],[-74.227489,41.111023],[-74.227463,41.111038],[-74.226845,41.111515]]}},{"type":"Feature","properties":{"name":"Ice Pond Road","blaze":null},"geometry":{"type":"LineString","coordinates":[[-74.233938,41.104821],[-74.233779,41.104866],[-74.23368,41.10492],[-74.233564,41.105027],[-74.23342,41.105205],[-74.233372,41.105286],[-74.233321,41.105375],[-74.233224,41.105543],[-74.233066,41.105816],[-74.232913,41.106127],[-74.232774,41.106402],[-74.232736,41.106436],[-74.232699,41.106465],[-74.232661,41.106495],[-74.232613,41.106531],[-74.232573,41.106558],[-74.232527,41.106582],[-74.232484,41.10661],[-74.232447,41.106642],[-74.232409,41.106671],[-74.232257,41.106753]]}},{"type":"Feature","properties":{"name":"","blaze":null},"geometry":{"type":"LineString","coordinates":[[-74.235131,41.104031],[-74.234946,41.10405],[-74.234839,41.10407],[-74.234753,41.104126],[-74.234673,41.104191],[-74.234614,41.104264],[-74.234549,41.104332],[-74.23448,41.104401],[-74.234297,41.104664],[-74.234287,41.104696],[-74.234223,41.104821]]}},{"type":"Feature","properties":{"name":"Ice Pond Road","blaze":null},"geometry":{"type":"LineString","coordinates":[[-74.235131,41.104031],[-74.234989,41.104288],[-74.234946,41.104369],[-74.234898,41.10445],[-74.234834,41.104531],[-74.234769,41.104599],[-74.234705,41.104668],[-74.234619,41.104725],[-74.234474,41.104797],[-74.234415,41.104805],[-74.234223,41.104821]]}},{"type":"Feature","properties":{"name":"Ice Pond Road","blaze":null},"geometry":{"type":"LineString","coordinates":[[-74.240292,41.107498],[-74.240164,41.107373],[-74.240005,41.107322],[-74.239758,41.107265],[-74.238954,41.107097],[-74.238857,41.107065],[-74.23875,41.107028],[-74.238642,41.107004],[-74.238535,41.106988],[-74.238428,41.10698],[-74.238315,41.10698],[-74.237929,41.10696],[-74.237822,41.10696],[-74.237704,41.106972],[-74.237586,41.106976],[-74.237462,41.106976],[-74.237355,41.106972],[-74.237242,41.106968],[-74.23713,41.106968],[-74.237017,41.106952],[-74.23691,41.106932],[-74.236802,41.106911],[-74.2367,41.106899],[-74.236593,41.106895],[-74.236481,41.106911],[-74.236379,41.10694],[-74.236067,41.107059],[-74.235598,41.107323],[-74.235519,41.107403],[-74.235241,41.107736],[-74.235177,41.107809],[-74.235102,41.107877],[-74.235027,41.107938],[-74.234946,41.107994],[-74.234701,41.10831],[-74.234576,41.108605],[-74.234555,41.108653],[-74.234482,41.108757],[-74.234327,41.108809],[-74.233808,41.108888],[-74.233709,41.108882],[-74.233598,41.108826],[-74.233523,41.108684],[-74.233462,41.10858],[-74.233428,41.108477],[-74.233415,41.108338],[-74.233421,41.108142],[-74.233437,41.108103],[-74.233471,41.108049],[-74.233447,41.108036],[-74.233429,41.108019],[-74.233404,41.107931],[-74.233413,41.10784],[-74.233407,41.107703],[-74.233386,41.107597],[-74.233403,41.107363],[-74.233418,41.107265],[-74.233458,41.107207],[-74.233505,41.10714],[-74.23356,41.107016],[-74.23362,41.106944],[-74.233753,41.106718],[-74.233811,41.106619],[-74.23392,41.106483],[-74.233964,41.106407],[-74.234071,41.106259],[-74.234104,41.106187],[-74.234162,41.106053],[-74.234213,41.105997],[-74.234205,41.105976],[-74.234248,41.105872],[-74.234354,41.105696],[-74.234479,41.105621],[-74.234581,41.105503],[-74.234624,41.105396],[-74.234664,41.105267],[-74.234854,41.105096],[-74.234931,41.105043],[-74.23499,41.104946],[-74.23503,41.104834],[-74.235083,41.104721],[-74.235143,41.10459],[-74.235202,41.104499],[-74.23527,41.104423],[-74.235341,41.104349],[-74.235391,41.104258],[-74.235335,41.104165],[-74.235172,41.104056],[-74.235131,41.104031]]}},{"type":"Feature","properties":{"name":"Five Ponds Loop Trail","blaze":null},"geometry":{"type":"LineString","coordinates":[[-74.232932,41.109486],[-74.232688,41.109317]]}},{"type":"Feature","properties":{"name":"","blaze":null},"geometry":{"type":"LineString","coordinates":[[-74.234887,41.110739],[-74.235182,41.111033],[-74.235337,41.111199],[-74.235541,41.111364],[-74.235712,41.111556],[-74.235793,41.111647],[-74.235912,41.111794]]}},{"type":"Feature","properties":{"name":"Drop Off","blaze":null},"geometry":{"type":"LineString","coordinates":[[-74.235207,41.109216],[-74.235413,41.109324],[-74.235504,41.109389],[-74.235585,41.10947],[-74.235633,41.109559],[-74.235671,41.109644],[-74.235719,41.10972],[-74.235821,41.109765],[-74.235933,41.109777],[-74.236035,41.109732],[-74.236126,41.109668],[-74.236191,41.109587],[-74.236245,41.109498],[-74.236282,41.109421],[-74.236336,41.109341],[-74.236416,41.109276],[-74.236524,41.109235],[-74.236636,41.109231],[-74.236711,41.1093],[-74.236754,41.109385],[-74.236792,41.109474],[-74.236824,41.109559],[-74.236835,41.109656],[-74.236835,41.109741],[-74.236802,41.109817],[-74.236749,41.109906],[-74.2367,41.109987],[-74.236647,41.11006],[-74.236577,41.110141],[-74.236524,41.11021],[-74.236459,41.110286],[-74.236395,41.110351],[-74.23633,41.110436],[-74.236271,41.110509],[-74.23618,41.110545],[-74.236062,41.110577],[-74.23595,41.110606],[-74.235826,41.110622],[-74.235703,41.110622],[-74.235606,41.110585],[-74.235488,41.110597],[-74.235376,41.110602],[-74.235268,41.110602],[-74.234979,41.110593]]}},{"type":"Feature","properties":{"name":"Boulder Way South","blaze":null},"geometry":{"type":"LineString","coordinates":[[-74.233598,41.108826],[-74.233778,41.109096],[-74.233997,41.109372],[-74.234049,41.109475],[-74.234046,41.109587]]}},{"type":"Feature","properties":{"name":"","blaze":null},"geometry":{"type":"LineString","coordinates":[[-74.234482,41.108757],[-74.234341,41.109063],[-74.234302,41.109222],[-74.234249,41.109336],[-74.234164,41.109454],[-74.234046,41.109587]]}},{"type":"Feature","properties":{"name":"Defiance Road","blaze":null},"geometry":{"type":"LineString","coordinates":[[-74.234482,41.108757],[-74.234651,41.108755],[-74.234746,41.108777],[-74.23486,41.10884],[-74.235043,41.108969],[-74.235134,41.10908],[-74.235207,41.109216],[-74.235268,41.109631],[-74.235268,41.109729],[-74.235268,41.109822],[-74.235263,41.109906],[-74.235241,41.109991],[-74.235152,41.110296],[-74.235082,41.110447],[-74.234979,41.110593],[-74.23493,41.110666],[-74.234887,41.110739],[-74.234839,41.110816],[-74.234312,41.111674],[-74.234147,41.111987],[-74.234011,41.112208],[-74.233891,41.112385],[-74.233803,41.112464],[-74.233682,41.112527],[-74.233635,41.112591]]}},{"type":"Feature","properties":{"name":"Crossover Trail","blaze":null},"geometry":{"type":"LineString","coordinates":[[-74.236648,41.113805],[-74.236604,41.113732],[-74.236582,41.113695],[-74.236534,41.113645],[-74.236513,41.113629],[-74.236481,41.113613],[-74.236454,41.113608],[-74.236419,41.113605],[-74.2364,41.1136],[-74.236387,41.11359],[-74.236365,41.113558],[-74.236352,41.113512],[-74.236346,41.113459],[-74.236344,41.113425],[-74.236333,41.113398],[-74.236322,41.113372],[-74.23632,41.113346],[-74.236367,41.113201],[-74.236341,41.113112],[-74.23627,41.113098],[-74.236219,41.113154],[-74.23621,41.113275],[-74.23611,41.113414],[-74.23607,41.113463],[-74.236054,41.113503],[-74.236005,41.113681],[-74.235896,41.113706],[-74.235814,41.113728],[-74.235776,41.113628],[-74.23569,41.11357],[-74.235572,41.113622],[-74.235539,41.113647],[-74.235491,41.113665],[-74.235434,41.113679],[-74.235381,41.113685],[-74.2353,41.113695],[-74.235259,41.113669],[-74.235201,41.113523],[-74.235129,41.113451],[-74.235082,41.113434],[-74.235025,41.113479],[-74.234887,41.113639],[-74.234758,41.113777],[-74.234595,41.113866],[-74.234468,41.113905],[-74.234559,41.113692],[-74.234629,41.113571],[-74.234713,41.113466],[-74.234759,41.113389],[-74.234763,41.113326],[-74.234653,41.113317],[-74.234435,41.11342],[-74.234048,41.113526],[-74.233964,41.113433],[-74.233936,41.113406],[-74.233946,41.11329],[-74.233979,41.113207],[-74.233992,41.113118],[-74.234062,41.113055],[-74.234217,41.112963],[-74.234252,41.112899],[-74.234201,41.112862],[-74.234121,41.112864],[-74.23407,41.11293],[-74.234002,41.112964],[-74.233854,41.113021],[-74.233696,41.113047]]}},{"type":"Feature","properties":{"name":"","blaze":null},"geometry":{"type":"LineString","coordinates":[[-74.237713,41.112513],[-74.237744,41.112497],[-74.237764,41.112483],[-74.237784,41.112468],[-74.237803,41.112451],[-74.237818,41.112433],[-74.23783,41.112414],[-74.237838,41.112395],[-74.237834,41.112376],[-74.237826,41.112355],[-74.237818,41.112334],[-74.237807,41.112315],[-74.237807,41.112296],[-74.237818,41.112276],[-74.23782,41.112256],[-74.237822,41.112223],[-74.237826,41.112202],[-74.237828,41.112182],[-74.237828,41.11216],[-74.237822,41.112139],[-74.237806,41.112122],[-74.237793,41.112104],[-74.237783,41.112085],[-74.237757,41.112077],[-74.23773,41.112076],[-74.237673,41.112084]]}},{"type":"Feature","properties":{"name":"The Knob","blaze":null},"geometry":{"type":"LineString","coordinates":[[-74.232666,41.119131],[-74.232884,41.119046],[-74.232929,41.119016],[-74.232978,41.118982],[-74.233023,41.118951],[-74.233069,41.118915],[-74.233106,41.118881],[-74.233136,41.118846],[-74.233157,41.11881],[-74.233182,41.118767],[-74.233208,41.118725],[-74.23323,41.118681],[-74.233246,41.118636],[-74.233254,41.118592],[-74.233254,41.118553],[-74.233257,41.118513],[-74.233257,41.118466],[-74.233257,41.118424],[-74.233257,41.118403],[-74.233257,41.118375],[-74.233251,41.118333],[-74.233243,41.118295],[-74.233248,41.118235]]}},{"type":"Feature","properties":{"name":"The Knob","blaze":null},"geometry":{"type":"LineString","coordinates":[[-74.236462,41.117005],[-74.236264,41.117264],[-74.235989,41.11746],[-74.235853,41.117541],[-74.23573,41.117565],[-74.235622,41.117581],[-74.235504,41.117618],[-74.235402,41.117662],[-74.2353,41.117703],[-74.235204,41.117739],[-74.235102,41.117779],[-74.235,41.117832],[-74.234904,41.117876],[-74.234812,41.117929],[-74.234748,41.117993],[-74.234684,41.118066],[-74.234619,41.118135],[-74.234545,41.118167],[-74.234468,41.118198],[-74.234377,41.118261],[-74.234287,41.118325],[-74.234203,41.118404],[-74.23413,41.1185],[-74.23405,41.118568],[-74.233978,41.118606],[-74.233906,41.11866],[-74.233804,41.118701],[-74.233713,41.118745],[-74.233447,41.11898],[-74.233401,41.119008],[-74.233348,41.119042],[-74.2333,41.11907],[-74.233125,41.119178],[-74.233082,41.11921],[-74.233039,41.119244],[-74.233002,41.119275],[-74.232959,41.119305],[-74.232911,41.119331],[-74.232806,41.119374],[-74.23275,41.119386],[-74.232696,41.119378],[-74.23265,41.119313],[-74.232645,41.119258],[-74.232645,41.119218],[-74.232653,41.119176],[-74.232666,41.119131]]}},{"type":"Feature","properties":{"name":"The Knob","blaze":null},"geometry":{"type":"LineString","coordinates":[[-74.234,41.116994],[-74.233914,41.116773],[-74.233898,41.116729],[-74.233879,41.11669],[-74.23386,41.116652],[-74.233828,41.116615],[-74.233785,41.116589],[-74.233729,41.116581],[-74.233672,41.116575],[-74.233619,41.116577],[-74.233565,41.116589],[-74.233514,41.116597],[-74.233466,41.116613],[-74.233415,41.116632],[-74.233364,41.116652],[-74.233316,41.116672],[-74.233262,41.116696],[-74.233216,41.116714],[-74.233165,41.116739],[-74.233117,41.116761],[-74.233071,41.116783],[-74.233029,41.116805],[-74.232994,41.11684],[-74.232959,41.116874],[-74.232924,41.116908],[-74.232886,41.116941],[-74.232854,41.116977],[-74.232819,41.117016],[-74.23279,41.117056],[-74.232766,41.117092],[-74.232739,41.117133],[-74.232709,41.117175],[-74.232683,41.117213],[-74.232666,41.117258],[-74.232656,41.1173],[-74.232632,41.117341],[-74.232599,41.117389],[-74.232591,41.117519],[-74.232578,41.117559],[-74.232581,41.117604],[-74.232597,41.117646],[-74.232624,41.117688],[-74.23265,41.117727],[-74.232677,41.117765],[-74.232718,41.117812],[-74.232736,41.117856],[-74.232758,41.117905],[-74.232776,41.117947],[-74.232784,41.117987],[-74.232784,41.118028],[-74.232782,41.11807],[-74.232766,41.118108],[-74.232778,41.118154],[-74.232841,41.11819],[-74.232913,41.118197],[-74.232988,41.118206],[-74.233042,41.118216],[-74.233101,41.118216],[-74.233248,41.118235]]}},{"type":"Feature","properties":{"name":"The Knob","blaze":null},"geometry":{"type":"LineString","coordinates":[[-74.236648,41.113805],[-74.236668,41.113869],[-74.236679,41.113916],[-74.236687,41.113956],[-74.236706,41.113999],[-74.236735,41.114037],[-74.23676,41.114077],[-74.236781,41.114116],[-74.236794,41.114158],[-74.236797,41.114207],[-74.2368,41.114249],[-74.236805,41.114292],[-74.236811,41.114338],[-74.236816,41.114384],[-74.236816,41.114427],[-74.236816,41.114473],[-74.236813,41.114518],[-74.236808,41.114558],[-74.236792,41.114601],[-74.236776,41.114643],[-74.23676,41.114686],[-74.236738,41.114724],[-74.236714,41.11476],[-74.236684,41.114795],[-74.236652,41.114829],[-74.236515,41.115017],[-74.236478,41.115069],[-74.236263,41.115361],[-74.236234,41.115399],[-74.236212,41.115443],[-74.236194,41.115482],[-74.23617,41.115522],[-74.236086,41.115656],[-74.236065,41.115694],[-74.236038,41.11573],[-74.236006,41.115767],[-74.235976,41.115801],[-74.235835,41.116021],[-74.235801,41.116079],[-74.235744,41.116193],[-74.235684,41.116281],[-74.235672,41.116301],[-74.23566,41.11632],[-74.23548,41.116541],[-74.23544,41.116571],[-74.235397,41.116601],[-74.235349,41.11663],[-74.235306,41.11666],[-74.235105,41.11672],[-74.235054,41.116731],[-74.235003,41.116747],[-74.234949,41.116755],[-74.234898,41.116755],[-74.234844,41.116761],[-74.234715,41.116765],[-74.234424,41.11685],[-74.234265,41.116931],[-74.234145,41.116982],[-74.234059,41.116996],[-74.234,41.116994]]}},{"type":"Feature","properties":{"name":"","blaze":null},"geometry":{"type":"LineString","coordinates":[[-74.233821,41.11702],[-74.233729,41.117003],[-74.233621,41.116979],[-74.233552,41.116944],[-74.233498,41.11697],[-74.233494,41.117034],[-74.233476,41.117072],[-74.23346,41.117111],[-74.233434,41.117193],[-74.233391,41.117274],[-74.233353,41.117311],[-74.233351,41.117329],[-74.233352,41.117456]]}},{"type":"Feature","properties":{"name":"Ringwood-Ramapo Trail","blaze":null},"geometry":{"type":"LineString","coordinates":[[-74.24003,41.109863],[-74.239949,41.109927],[-74.239917,41.109961],[-74.239908,41.110001],[-74.239914,41.110044],[-74.239927,41.110086],[-74.239951,41.110125],[-74.239975,41.110161],[-74.239994,41.110201],[-74.240005,41.110244],[-74.240013,41.110286],[-74.240002,41.110329],[-74.239992,41.110369],[-74.239973,41.110412],[-74.239954,41.11045],[-74.23993,41.110488],[-74.239887,41.110523],[-74.239863,41.110529],[-74.239831,41.110529],[-74.23978,41.110525],[-74.239737,41.110498],[-74.23971,41.11046],[-74.239694,41.110422],[-74.239662,41.110375],[-74.239638,41.110349],[-74.239597,41.110323],[-74.239549,41.110294],[-74.239495,41.110278],[-74.239444,41.110268],[-74.239404,41.110268],[-74.239375,41.110274],[-74.239356,41.110282],[-74.239337,41.110294],[-74.239332,41.110304],[-74.239329,41.110319],[-74.239326,41.110339],[-74.239313,41.110393],[-74.239281,41.110448],[-74.23927,41.110462],[-74.239254,41.110474],[-74.23923,41.110496],[-74.239216,41.110515],[-74.239206,41.110543],[-74.239206,41.110563],[-74.239227,41.110587],[-74.239254,41.110614],[-74.239281,41.110648],[-74.239292,41.11068],[-74.239286,41.110711],[-74.239259,41.110733],[-74.239225,41.110755],[-74.239176,41.110767],[-74.239131,41.110779],[-74.239082,41.110797],[-74.239039,41.110804],[-74.239013,41.110797],[-74.238978,41.110793],[-74.238959,41.110787],[-74.238916,41.110783],[-74.238887,41.110783],[-74.23886,41.1108],[-74.238838,41.110826],[-74.23882,41.110862],[-74.238811,41.110892],[-74.238811,41.110929],[-74.238811,41.110955],[-74.238806,41.110984],[-74.238785,41.111026],[-74.238762,41.111098],[-74.238755,41.11112],[-74.238752,41.111141],[-74.238751,41.111161],[-74.238777,41.111217],[-74.238799,41.111241],[-74.238822,41.111254],[-74.238877,41.11128],[-74.238899,41.111293],[-74.238915,41.111312],[-74.238924,41.111332],[-74.238925,41.111353],[-74.238919,41.111373],[-74.238904,41.111395],[-74.238889,41.111413],[-74.238873,41.111429],[-74.23881,41.111459],[-74.238789,41.111474],[-74.238771,41.111491],[-74.23876,41.11151],[-74.238756,41.11153],[-74.238754,41.111551],[-74.238754,41.111574],[-74.238754,41.111597],[-74.238751,41.111617],[-74.238746,41.111638],[-74.238731,41.111655],[-74.238712,41.111669],[-74.238688,41.111683],[-74.238663,41.111693],[-74.238637,41.111702],[-74.238613,41.111713],[-74.238589,41.111723],[-74.238565,41.111731],[-74.238542,41.11175],[-74.238524,41.111768],[-74.23851,41.111788],[-74.2385,41.111807],[-74.23849,41.111827],[-74.23848,41.111858],[-74.238472,41.111881],[-74.238461,41.111901],[-74.238448,41.11192],[-74.238418,41.11195],[-74.238393,41.111963],[-74.23837,41.111975],[-74.238345,41.111987],[-74.238321,41.111995],[-74.238299,41.112001],[-74.238274,41.112006],[-74.238248,41.112015],[-74.238225,41.112024],[-74.238201,41.112035],[-74.238173,41.112042],[-74.238146,41.112043],[-74.238119,41.11204],[-74.23809,41.112035],[-74.238068,41.112024],[-74.238046,41.112012],[-74.238028,41.111996],[-74.238012,41.11198],[-74.237996,41.111962],[-74.237932,41.111892],[-74.237916,41.111874],[-74.237899,41.111855],[-74.237885,41.111836],[-74.237871,41.111818],[-74.237834,41.111745],[-74.237823,41.111724],[-74.237814,41.111705],[-74.237802,41.111687],[-74.237786,41.111673],[-74.237775,41.111667],[-74.237763,41.111663],[-74.237751,41.11166],[-74.237737,41.111658],[-74.237724,41.111658],[-74.237711,41.111659],[-74.237665,41.111671],[-74.237652,41.111676],[-74.237641,41.111681],[-74.237629,41.111688],[-74.237618,41.111694],[-74.237525,41.111776],[-74.237515,41.111785],[-74.237443,41.111871],[-74.237436,41.111881],[-74.237406,41.111922],[-74.237388,41.11196],[-74.237385,41.11197],[-74.237382,41.111982],[-74.237381,41.111993],[-74.237379,41.112004],[-74.237376,41.112035],[-74.237373,41.112047],[-74.237369,41.112057],[-74.237365,41.112068],[-74.237362,41.112078],[-74.237359,41.112089],[-74.237355,41.112099],[-74.237353,41.11211],[-74.237368,41.112113],[-74.237382,41.112111],[-74.237397,41.112108],[-74.237409,41.112102],[-74.237423,41.112099],[-74.237438,41.112093],[-74.237454,41.112088],[-74.237481,41.112076],[-74.237494,41.11207],[-74.237508,41.112066],[-74.237523,41.112061],[-74.237537,41.112059],[-74.23755,41.112055],[-74.237563,41.112051],[-74.237578,41.112049],[-74.237593,41.112051],[-74.237607,41.112054],[-74.237621,41.112058],[-74.237637,41.112062],[-74.237649,41.112068],[-74.23766,41.112075],[-74.237673,41.112084],[-74.237686,41.112093],[-74.237694,41.112101],[-74.237703,41.112115],[-74.23771,41.112125],[-74.237718,41.112135],[-74.237723,41.112146],[-74.237724,41.112157],[-74.237724,41.112167],[-74.237709,41.112304],[-74.23771,41.112376],[-74.23771,41.1124],[-74.23771,41.112425],[-74.237712,41.112448],[-74.237713,41.112471],[-74.237713,41.112492],[-74.237713,41.112513],[-74.23771,41.112533],[-74.237693,41.11255],[-74.237674,41.112566],[-74.237653,41.112581],[-74.237629,41.112596],[-74.237607,41.112611],[-74.237583,41.112626],[-74.237561,41.112643],[-74.23754,41.112657],[-74.237519,41.112672],[-74.237501,41.112688],[-74.237484,41.112706],[-74.237469,41.112725],[-74.237456,41.112744],[-74.237438,41.11276],[-74.237296,41.112894],[-74.237273,41.112912],[-74.237253,41.112929],[-74.237233,41.112949],[-74.237178,41.112997],[-74.237038,41.113137],[-74.23702,41.113154],[-74.237002,41.113173],[-74.236989,41.113191],[-74.236974,41.113214],[-74.236907,41.113308],[-74.236884,41.113358],[-74.236869,41.113386],[-74.236801,41.113507],[-74.236786,41.113527],[-74.236748,41.113579],[-74.236733,41.113605],[-74.236722,41.113626],[-74.236709,41.113677],[-74.236707,41.113737],[-74.236648,41.113805]]}},{"type":"Feature","properties":{"name":"Ice Pond Road/Ringwood-Ramapo Trail","blaze":null},"geometry":{"type":"LineString","coordinates":[[-74.240378,41.10772],[-74.240481,41.108095],[-74.240631,41.108572],[-74.240749,41.108944],[-74.24079,41.109198]]}},{"type":"Feature","properties":{"name":"","blaze":null},"geometry":{"type":"LineString","coordinates":[[-74.243771,41.111413],[-74.243776,41.111571],[-74.243707,41.111733],[-74.243664,41.111867],[-74.24361,41.112],[-74.243629,41.112152]]}},{"type":"Feature","properties":{"name":"Ice Pond Road/Ringwood-Ramapo Trail","blaze":null},"geometry":{"type":"LineString","coordinates":[[-74.24079,41.109198],[-74.241124,41.109841]]}},{"type":"Feature","properties":{"name":"Whaleback Access","blaze":null},"geometry":{"type":"LineString","coordinates":[[-74.2421,41.10638],[-74.242524,41.1062],[-74.242644,41.106069],[-74.242895,41.105977],[-74.243041,41.106012],[-74.243186,41.106105],[-74.243282,41.106101],[-74.243374,41.10606],[-74.243608,41.106025],[-74.24383,41.106041],[-74.244313,41.105986],[-74.244467,41.105863]]}},{"type":"Feature","properties":{"name":"Whaleback Access","blaze":null},"geometry":{"type":"LineString","coordinates":[[-74.245762,41.105791],[-74.245552,41.105792],[-74.245327,41.1058],[-74.245109,41.10586],[-74.244754,41.105803],[-74.244575,41.105822],[-74.244467,41.105863]]}},{"type":"Feature","properties":{"name":"","blaze":null},"geometry":{"type":"LineString","coordinates":[[-74.242805,41.112272],[-74.242784,41.112261],[-74.242749,41.112224],[-74.242709,41.112192],[-74.242666,41.112166],[-74.242617,41.112143],[-74.242052,41.111996],[-74.241998,41.111978],[-74.241944,41.111958],[-74.241893,41.111943],[-74.241837,41.111929],[-74.241641,41.111863],[-74.241472,41.11181]]}},{"type":"Feature","properties":{"name":"Black Bear Trail","blaze":null},"geometry":{"type":"LineString","coordinates":[[-74.243021,41.107494],[-74.242971,41.10758],[-74.242923,41.107613],[-74.242878,41.107637],[-74.242829,41.107661],[-74.242766,41.107671],[-74.242725,41.107687],[-74.242674,41.107703],[-74.242644,41.107724],[-74.24262,41.107756],[-74.242604,41.107801],[-74.242588,41.107843],[-74.242572,41.107871],[-74.242521,41.107914],[-74.242387,41.108017],[-74.242349,41.108047],[-74.242317,41.108083],[-74.242288,41.10812],[-74.242258,41.108156],[-74.242234,41.108197],[-74.242223,41.108241],[-74.24221,41.108283],[-74.242178,41.108374],[-74.242164,41.108415],[-74.242156,41.108461],[-74.242148,41.108504],[-74.242133,41.108527],[-74.242121,41.10857],[-74.242097,41.108607],[-74.242068,41.108643],[-74.241971,41.108738],[-74.24192,41.108805],[-74.241883,41.108872],[-74.241856,41.10891],[-74.241834,41.10895],[-74.241762,41.109064],[-74.24174,41.1091],[-74.241711,41.109138],[-74.241689,41.109179],[-74.241676,41.109221],[-74.241676,41.109264],[-74.241673,41.109304],[-74.241665,41.109344],[-74.241668,41.109389],[-74.241676,41.109429],[-74.241702,41.109513],[-74.241712,41.109533],[-74.241728,41.109551],[-74.241751,41.109566],[-74.241824,41.109618],[-74.241845,41.109634],[-74.241865,41.109651],[-74.241892,41.109675],[-74.241904,41.109695],[-74.241946,41.109794],[-74.241952,41.109816],[-74.241958,41.109837],[-74.24196,41.109857],[-74.241963,41.109877],[-74.24198,41.109941],[-74.241997,41.110008],[-74.24204,41.110099],[-74.242054,41.11012],[-74.242072,41.110141],[-74.242198,41.1103],[-74.242212,41.110321],[-74.242312,41.110457],[-74.242321,41.110478],[-74.242329,41.1105],[-74.242337,41.110521],[-74.242351,41.110564],[-74.242355,41.110584],[-74.242356,41.110673],[-74.242355,41.110695],[-74.242355,41.110717],[-74.242353,41.110742],[-74.242348,41.110763],[-74.242325,41.110774],[-74.242296,41.110771],[-74.242272,41.110758],[-74.242229,41.110715],[-74.242218,41.110695],[-74.242206,41.110675],[-74.242192,41.110653],[-74.24218,41.110632],[-74.24217,41.110614],[-74.242159,41.110593],[-74.242137,41.110524],[-74.242124,41.110503],[-74.242111,41.110485],[-74.242097,41.110468],[-74.242081,41.11045],[-74.242069,41.110432],[-74.242054,41.110414],[-74.242035,41.110398],[-74.242018,41.110383],[-74.241964,41.110331],[-74.241948,41.110315],[-74.241929,41.110299],[-74.241911,41.110285],[-74.241887,41.110274],[-74.241862,41.110263],[-74.241838,41.110255],[-74.24181,41.110251],[-74.241785,41.110257],[-74.241766,41.110271],[-74.241756,41.110294],[-74.241756,41.110318],[-74.241771,41.11034],[-74.241789,41.110359],[-74.241806,41.110377],[-74.241824,41.110393],[-74.241848,41.110408],[-74.241867,41.110424],[-74.241895,41.110435],[-74.241917,41.110446],[-74.241942,41.110459],[-74.241966,41.110471],[-74.241991,41.110482],[-74.242007,41.110501],[-74.242005,41.110524],[-74.241989,41.11054],[-74.241968,41.110557],[-74.241942,41.110571],[-74.241913,41.110581],[-74.241885,41.110589],[-74.241862,41.110604],[-74.241849,41.110624],[-74.241844,41.110645],[-74.241857,41.110665],[-74.24188,41.11068],[-74.241901,41.110695],[-74.241924,41.110712],[-74.24195,41.110725],[-74.241974,41.110739],[-74.241986,41.110758],[-74.241983,41.110779],[-74.241958,41.110791],[-74.241931,41.110797],[-74.241909,41.11081],[-74.241889,41.110825],[-74.241888,41.110846],[-74.241904,41.110866],[-74.241924,41.110881],[-74.241967,41.110947],[-74.241978,41.110968],[-74.241983,41.110993],[-74.241986,41.111015],[-74.241986,41.111036],[-74.241986,41.111056],[-74.241983,41.111092],[-74.241982,41.111115],[-74.241978,41.111136],[-74.24197,41.111158],[-74.241959,41.111179],[-74.241947,41.111198],[-74.241928,41.111217],[-74.241912,41.111234],[-74.241893,41.111249],[-74.241779,41.111326],[-74.241759,41.111341],[-74.24174,41.111358],[-74.241722,41.111373],[-74.241703,41.11139],[-74.241683,41.111405],[-74.241663,41.11142],[-74.241597,41.111487],[-74.241582,41.111507],[-74.241569,41.111527],[-74.241557,41.111546],[-74.241533,41.111616],[-74.241518,41.111693],[-74.241516,41.111715],[-74.241472,41.11181]]}},{"type":"Feature","properties":{"name":"Ryerson Access","blaze":null},"geometry":{"type":"LineString","coordinates":[[-74.241558,41.107873],[-74.241201,41.107835],[-74.241145,41.107831],[-74.241078,41.107829],[-74.241027,41.107823],[-74.240973,41.107817],[-74.240914,41.107807],[-74.240861,41.107796],[-74.240812,41.107776],[-74.240769,41.107754],[-74.240721,41.107736],[-74.240668,41.107726],[-74.240606,41.107722],[-74.240555,41.107687],[-74.240499,41.107693],[-74.240461,41.1077],[-74.240378,41.10772]]}},{"type":"Feature","properties":{"name":"Ryerson Access","blaze":null},"geometry":{"type":"LineString","coordinates":[[-74.242792,41.107465],[-74.242632,41.107553],[-74.242604,41.107559],[-74.242576,41.107566],[-74.242548,41.107573],[-74.242406,41.107608],[-74.242377,41.107615],[-74.242352,41.107624],[-74.242329,41.107633],[-74.242302,41.107643],[-74.242023,41.107755],[-74.241998,41.107764],[-74.241972,41.107774],[-74.241848,41.107821],[-74.241695,41.107861],[-74.241636,41.107863],[-74.241577,41.107865],[-74.241558,41.107873]]}},{"type":"Feature","properties":{"name":"Ryerson Access","blaze":null},"geometry":{"type":"LineString","coordinates":[[-74.244727,41.107865],[-74.244659,41.107849],[-74.244608,41.107833],[-74.244554,41.107817],[-74.2445,41.107801],[-74.243878,41.107605],[-74.24383,41.107582],[-74.243774,41.107566],[-74.243714,41.10755],[-74.2435,41.107503],[-74.243446,41.107497],[-74.243393,41.107497],[-74.243336,41.107503],[-74.243277,41.107518],[-74.243224,41.107528],[-74.243021,41.107494],[-74.242792,41.107465]]}},{"type":"Feature","properties":{"name":"Ringwood-Ramapo Trail","blaze":null},"geometry":{"type":"LineString","coordinates":[[-74.237644,41.101013],[-74.237688,41.101034],[-74.237792,41.101063],[-74.237823,41.101066],[-74.237945,41.101084],[-74.237973,41.101086],[-74.238003,41.10109],[-74.238038,41.101095],[-74.238074,41.101101],[-74.238105,41.101106],[-74.238133,41.101109],[-74.23816,41.101107],[-74.238181,41.101113],[-74.238207,41.101123],[-74.238229,41.101137],[-74.238255,41.101151],[-74.238278,41.101165],[-74.238303,41.10118],[-74.238326,41.101194],[-74.238433,41.101264],[-74.238597,41.101371],[-74.238651,41.10139],[-74.238693,41.10141],[-74.238726,41.101418],[-74.238763,41.101428],[-74.238817,41.10143],[-74.23887,41.101434],[-74.238954,41.101428],[-74.238996,41.101416],[-74.239047,41.101396],[-74.239077,41.101386],[-74.239107,41.101361],[-74.23916,41.101327],[-74.239182,41.101317],[-74.239216,41.101303],[-74.239273,41.101295],[-74.23934,41.101295],[-74.239396,41.101301],[-74.239503,41.101355],[-74.239552,41.101382],[-74.239603,41.101406],[-74.239643,41.101434],[-74.239742,41.101507],[-74.239772,41.101541],[-74.239809,41.101582],[-74.239833,41.101598],[-74.239863,41.10161],[-74.239898,41.101622],[-74.239997,41.101628],[-74.240179,41.10164],[-74.240276,41.10164],[-74.240378,41.101648],[-74.240405,41.101648],[-74.240466,41.101663],[-74.240509,41.101675],[-74.240571,41.101691],[-74.240622,41.101715],[-74.240673,41.101745],[-74.240713,41.101776],[-74.240802,41.101852],[-74.240839,41.101901],[-74.240877,41.101972],[-74.240893,41.102014],[-74.240909,41.102087],[-74.240948,41.102186],[-74.240906,41.102245]]}},{"type":"Feature","properties":{"name":"Catnest Trail-Renegade","blaze":null},"geometry":{"type":"LineString","coordinates":[[-74.238763,41.101428],[-74.238774,41.101483],[-74.238795,41.101523],[-74.238822,41.101562],[-74.238857,41.101598],[-74.238884,41.101634],[-74.238932,41.101735],[-74.238948,41.101776],[-74.238962,41.101816],[-74.23898,41.101859],[-74.23898,41.101931],[-74.23898,41.101964],[-74.23898,41.10199],[-74.238972,41.102014],[-74.238962,41.102043],[-74.238945,41.102065],[-74.238927,41.102093],[-74.238903,41.102133],[-74.238857,41.102186],[-74.238822,41.102249],[-74.238811,41.102269],[-74.23879,41.102301],[-74.238779,41.102319],[-74.238766,41.102346],[-74.23875,41.102372],[-74.238747,41.102386],[-74.238707,41.102484],[-74.238702,41.102505],[-74.238695,41.102532],[-74.238689,41.102554],[-74.238687,41.102574],[-74.238687,41.102612],[-74.238691,41.102641],[-74.238669,41.102716],[-74.238664,41.102738],[-74.238657,41.102758],[-74.238645,41.102776],[-74.238626,41.102818],[-74.238612,41.102838],[-74.23859,41.102854],[-74.238565,41.102867],[-74.238539,41.102877],[-74.238514,41.102885],[-74.23839,41.102919],[-74.238366,41.102931],[-74.238341,41.102943],[-74.238231,41.103012],[-74.238212,41.103027],[-74.238193,41.103044],[-74.238135,41.103088],[-74.237904,41.103254],[-74.237886,41.103269],[-74.237867,41.103287],[-74.237844,41.103302],[-74.237819,41.103313],[-74.237787,41.103323],[-74.237759,41.103328],[-74.23773,41.103334],[-74.237702,41.103339],[-74.237678,41.103346],[-74.237654,41.103355],[-74.237612,41.103383],[-74.237594,41.103397],[-74.237572,41.103413],[-74.237555,41.103428],[-74.237535,41.103445],[-74.237398,41.103534],[-74.237374,41.103544],[-74.237292,41.103572],[-74.237262,41.10358],[-74.237152,41.103618],[-74.23713,41.10363],[-74.237108,41.103642],[-74.237087,41.103655],[-74.237055,41.103683],[-74.237038,41.103701],[-74.237026,41.103721],[-74.237022,41.103741],[-74.23702,41.103763],[-74.23702,41.103784],[-74.237036,41.103805],[-74.237049,41.103823],[-74.237063,41.103843],[-74.237077,41.103864],[-74.237087,41.103884],[-74.237149,41.103971],[-74.237179,41.104006],[-74.237254,41.104125],[-74.237267,41.104146],[-74.237273,41.104169],[-74.237276,41.104191],[-74.23728,41.104217],[-74.237281,41.10425],[-74.237277,41.10427],[-74.237267,41.104289],[-74.237256,41.104308],[-74.23715,41.104415],[-74.23713,41.10443],[-74.237105,41.104446],[-74.237083,41.10446],[-74.237061,41.104474],[-74.236971,41.104517],[-74.236947,41.104526],[-74.236925,41.104541],[-74.236903,41.104555],[-74.236884,41.104571],[-74.236879,41.104594],[-74.236882,41.104615],[-74.23689,41.104636],[-74.236887,41.10465],[-74.23688,41.10466],[-74.236872,41.104668],[-74.236859,41.104674],[-74.236847,41.104678],[-74.236835,41.104683],[-74.236821,41.104686],[-74.236802,41.104691],[-74.236739,41.104713],[-74.236669,41.104743],[-74.236552,41.104814],[-74.236514,41.104844],[-74.236494,41.10486],[-74.236471,41.104877],[-74.236442,41.1049],[-74.236422,41.10492],[-74.236343,41.105043],[-74.236333,41.105063],[-74.23632,41.105082],[-74.236306,41.105103],[-74.2363,41.105124],[-74.236293,41.105146],[-74.236286,41.105168],[-74.236159,41.105476],[-74.236062,41.105666],[-74.236019,41.105751],[-74.235992,41.105816],[-74.235971,41.105889],[-74.235939,41.105941],[-74.23589,41.105998],[-74.235848,41.106046],[-74.235762,41.106127],[-74.235697,41.1062],[-74.235671,41.106216],[-74.235638,41.106244],[-74.235617,41.106277],[-74.235579,41.106325],[-74.235558,41.106362],[-74.235536,41.106402],[-74.23551,41.106434],[-74.235488,41.106454],[-74.23544,41.106487],[-74.235252,41.106552],[-74.235209,41.106572],[-74.235097,41.106612],[-74.234952,41.106715],[-74.234928,41.106729],[-74.234905,41.106746],[-74.234871,41.106767],[-74.234847,41.106777],[-74.234807,41.10679],[-74.234783,41.106798],[-74.234753,41.106805],[-74.234666,41.106844],[-74.234641,41.106856],[-74.234617,41.106871],[-74.234596,41.106885],[-74.234575,41.106903],[-74.234488,41.106988],[-74.234469,41.107003],[-74.234422,41.107062],[-74.234401,41.107098],[-74.23439,41.107119],[-74.234368,41.107163],[-74.234286,41.107277],[-74.234249,41.107315],[-74.234222,41.10735],[-74.234195,41.107386],[-74.234185,41.107431],[-74.234187,41.107473],[-74.234217,41.107509],[-74.234241,41.107546],[-74.234254,41.107596],[-74.234249,41.107633],[-74.234238,41.107659],[-74.234222,41.107677],[-74.234185,41.107707],[-74.234144,41.107728],[-74.234083,41.107744],[-74.234032,41.107754],[-74.233975,41.107766],[-74.233941,41.107776],[-74.233908,41.107792],[-74.233895,41.107799],[-74.233823,41.107843],[-74.233627,41.107993],[-74.233574,41.108015],[-74.233503,41.108044],[-74.233471,41.108049]]}},{"type":"Feature","properties":{"name":"Ringwood-Ramapo Trail","blaze":null},"geometry":{"type":"LineString","coordinates":[[-74.238094,41.097765],[-74.238048,41.097859],[-74.238012,41.09791],[-74.237984,41.098031],[-74.237933,41.098078],[-74.237877,41.09817],[-74.237965,41.098243],[-74.238081,41.098337],[-74.238042,41.098355],[-74.237991,41.098354],[-74.237865,41.098415],[-74.237865,41.098489],[-74.237768,41.098557],[-74.237724,41.098652],[-74.237628,41.098786],[-74.237514,41.098889],[-74.237453,41.098999],[-74.23746,41.099093],[-74.237391,41.09919],[-74.237262,41.099235],[-74.237191,41.099458],[-74.23719,41.099557],[-74.237238,41.099543],[-74.237273,41.099552],[-74.237265,41.099599],[-74.237257,41.099646],[-74.237241,41.099667],[-74.237144,41.099798],[-74.237093,41.099854],[-74.237009,41.1],[-74.237028,41.100118],[-74.237035,41.100198],[-74.236979,41.100274],[-74.237024,41.100414],[-74.237058,41.100534],[-74.237214,41.100631],[-74.237336,41.10066],[-74.237433,41.10083],[-74.237546,41.100888],[-74.237644,41.101013]]}},{"type":"Feature","properties":{"name":"Catnest Swamp Road","blaze":null},"geometry":{"type":"LineString","coordinates":[[-74.241142,41.094214],[-74.241121,41.094344],[-74.241089,41.09442],[-74.241051,41.094473],[-74.240987,41.094529],[-74.240874,41.09461],[-74.240799,41.094659],[-74.240606,41.094784],[-74.240466,41.09493],[-74.240413,41.094978],[-74.240364,41.095051],[-74.2403,41.095144],[-74.240048,41.095391],[-74.240021,41.095439],[-74.239968,41.0955],[-74.23985,41.095564],[-74.239839,41.095657],[-74.239801,41.095722],[-74.239785,41.095771],[-74.239785,41.095868],[-74.239764,41.095973],[-74.239747,41.096029],[-74.239737,41.096114],[-74.239721,41.096264],[-74.239731,41.096341],[-74.239688,41.096429],[-74.239646,41.09651],[-74.239603,41.096591],[-74.239549,41.096672],[-74.239479,41.096737],[-74.239415,41.09683],[-74.239356,41.096907],[-74.239302,41.096983],[-74.239249,41.09706],[-74.239179,41.097125],[-74.239088,41.097189],[-74.239013,41.097258],[-74.238932,41.097335],[-74.238862,41.097404],[-74.238798,41.097485],[-74.238734,41.097557],[-74.238476,41.098083],[-74.238428,41.098156],[-74.238364,41.098228],[-74.238294,41.098293],[-74.238235,41.098366],[-74.238203,41.098443],[-74.238117,41.098536],[-74.238068,41.098625],[-74.238052,41.098709],[-74.238042,41.098819],[-74.237977,41.099029],[-74.23794,41.09913],[-74.237918,41.099211],[-74.237886,41.0993],[-74.237848,41.099376],[-74.237744,41.09953],[-74.23773,41.099591],[-74.23772,41.099635],[-74.237712,41.099676],[-74.237693,41.099716],[-74.237679,41.099767],[-74.237679,41.099813],[-74.237679,41.099856],[-74.237685,41.099902],[-74.237696,41.099944],[-74.237749,41.10051],[-74.237747,41.100557],[-74.237744,41.100605],[-74.237744,41.100646],[-74.237744,41.100688],[-74.237741,41.100751],[-74.237736,41.100795],[-74.23773,41.100866],[-74.237644,41.101013]]}},{"type":"Feature","properties":{"name":"White's Road","blaze":null},"geometry":{"type":"LineString","coordinates":[[-74.224693,41.124005],[-74.224699,41.124288],[-74.22469,41.124398],[-74.224581,41.124559],[-74.224289,41.124872],[-74.223965,41.125233],[-74.223718,41.125487],[-74.223296,41.125953],[-74.223129,41.126111]]}},{"type":"Feature","properties":{"name":"Cupsaw Brook Trail","blaze":null},"geometry":{"type":"LineString","coordinates":[[-74.238406,41.137831],[-74.238299,41.137845],[-74.238219,41.137918],[-74.238133,41.137987],[-74.238052,41.138056],[-74.237972,41.138112],[-74.237902,41.138177],[-74.237822,41.138241],[-74.237773,41.138318],[-74.237741,41.138411],[-74.237688,41.138484],[-74.237629,41.138561],[-74.23758,41.138637],[-74.237511,41.138722],[-74.237462,41.138787],[-74.237409,41.138864],[-74.237355,41.13894],[-74.237312,41.139017],[-74.237274,41.139094],[-74.237226,41.139167],[-74.237167,41.139239],[-74.237103,41.139304],[-74.237022,41.139433],[-74.236996,41.139518],[-74.23698,41.139603],[-74.23698,41.139688],[-74.23699,41.139777],[-74.237022,41.139857],[-74.237044,41.139938],[-74.237049,41.140027],[-74.237033,41.140112],[-74.23699,41.140193],[-74.236953,41.14027],[-74.236832,41.140496],[-74.236599,41.140686],[-74.236529,41.140762],[-74.236336,41.140993],[-74.236271,41.141166],[-74.236271,41.141239],[-74.236282,41.141368],[-74.236336,41.141425],[-74.2364,41.141538],[-74.236464,41.141659],[-74.236497,41.141764],[-74.236529,41.14191],[-74.23655,41.142023],[-74.236593,41.142176],[-74.236636,41.142419],[-74.236711,41.142597],[-74.236755,41.142678],[-74.237016,41.142769],[-74.237156,41.142822],[-74.237303,41.142939],[-74.237467,41.143029],[-74.237673,41.143198],[-74.23786,41.143239],[-74.237988,41.143332],[-74.238074,41.143461],[-74.238074,41.143614],[-74.238052,41.143752],[-74.238008,41.14393],[-74.238134,41.143978],[-74.238229,41.14404],[-74.23845,41.144043],[-74.238601,41.144105],[-74.238815,41.144115],[-74.23905,41.14397],[-74.239243,41.143986],[-74.239297,41.144067],[-74.239383,41.144172],[-74.239461,41.144303],[-74.239477,41.144346],[-74.23949,41.14439],[-74.239512,41.144439],[-74.239536,41.144477],[-74.239563,41.144517],[-74.239595,41.144558],[-74.239632,41.144592],[-74.239683,41.144622],[-74.239737,41.144639],[-74.239788,41.144661],[-74.239975,41.144728],[-74.240032,41.144738],[-74.240094,41.14475],[-74.24015,41.144768],[-74.240209,41.144796],[-74.24026,41.144824],[-74.240305,41.144859],[-74.240338,41.144897],[-74.240356,41.144939],[-74.240407,41.145077],[-74.240525,41.145174],[-74.24076,41.145372],[-74.240907,41.145386],[-74.241051,41.145331],[-74.241184,41.145267],[-74.241352,41.145159]]}},{"type":"Feature","properties":{"name":"","blaze":null},"geometry":{"type":"LineString","coordinates":[[-74.249419,41.124945],[-74.249522,41.125021],[-74.249548,41.125061],[-74.249586,41.125118],[-74.249629,41.125166],[-74.249672,41.125247],[-74.249698,41.1253],[-74.249763,41.125373],[-74.249827,41.12547],[-74.249886,41.125538],[-74.24994,41.125603],[-74.250042,41.12574],[-74.250122,41.125853],[-74.250208,41.126088],[-74.25024,41.126169],[-74.250278,41.126253],[-74.250299,41.126334],[-74.250305,41.126443],[-74.250315,41.126512],[-74.250326,41.126666]]}},{"type":"Feature","properties":{"name":"","blaze":null},"geometry":{"type":"LineString","coordinates":[[-74.250543,41.127651],[-74.250514,41.127591],[-74.250498,41.127522],[-74.250492,41.127494],[-74.250487,41.127449],[-74.250471,41.127332],[-74.25045,41.127251],[-74.250433,41.127175],[-74.250423,41.12713],[-74.250385,41.126831],[-74.250369,41.126767],[-74.250326,41.126666],[-74.250283,41.126613],[-74.25024,41.126585],[-74.250181,41.126548],[-74.250096,41.126524],[-74.250004,41.126512],[-74.249774,41.126512],[-74.249656,41.1265],[-74.249484,41.12648],[-74.249345,41.126435],[-74.249264,41.126395],[-74.249221,41.126363],[-74.249162,41.126298],[-74.249135,41.12627],[-74.249087,41.126197],[-74.249023,41.126136],[-74.248953,41.126084],[-74.248883,41.126031],[-74.248808,41.125983],[-74.248738,41.125967],[-74.248685,41.125962],[-74.248642,41.125967],[-74.248599,41.125979],[-74.248572,41.126035],[-74.248561,41.126092],[-74.248561,41.126157],[-74.248572,41.126209],[-74.248572,41.126253],[-74.24855,41.126298],[-74.248524,41.126338],[-74.248492,41.126359],[-74.248459,41.126407],[-74.248433,41.126496],[-74.248427,41.12654],[-74.248416,41.126569],[-74.248373,41.126585],[-74.248304,41.126609],[-74.248276,41.126609],[-74.24825,41.126606],[-74.24821,41.126598],[-74.248188,41.126587],[-74.24816,41.12657],[-74.248139,41.126551],[-74.24812,41.126536],[-74.248097,41.126523],[-74.248069,41.126519],[-74.248045,41.126528],[-74.248021,41.126543],[-74.247998,41.126559],[-74.247979,41.126574],[-74.247922,41.126626],[-74.247904,41.126644],[-74.247856,41.12669],[-74.247778,41.126744],[-74.24766,41.126849],[-74.247606,41.126908],[-74.247566,41.126963],[-74.247529,41.126997],[-74.247483,41.127019],[-74.247451,41.127027],[-74.247405,41.127041],[-74.247387,41.127055],[-74.2474,41.127072],[-74.247424,41.127084],[-74.247464,41.127094],[-74.247523,41.127108],[-74.247617,41.127122],[-74.247711,41.127128],[-74.247775,41.127122],[-74.247826,41.127102],[-74.247883,41.127078],[-74.247928,41.127052],[-74.247976,41.127031],[-74.247985,41.127027],[-74.248046,41.127017],[-74.248103,41.127013],[-74.248159,41.127023],[-74.248213,41.127043],[-74.248266,41.127064],[-74.248323,41.127092],[-74.248548,41.127225],[-74.24861,41.127286],[-74.24865,41.12732],[-74.248771,41.127399],[-74.248875,41.127421],[-74.249023,41.127441],[-74.24909,41.12746],[-74.249178,41.12749],[-74.249232,41.12751],[-74.249334,41.127587],[-74.249361,41.127611],[-74.249382,41.12766],[-74.249382,41.127704],[-74.249377,41.127765],[-74.249377,41.127801],[-74.249377,41.127813],[-74.249393,41.127825],[-74.249446,41.127837],[-74.249538,41.127874],[-74.249661,41.127943],[-74.249747,41.128019],[-74.249843,41.12812],[-74.249876,41.128193],[-74.249919,41.128286],[-74.250012,41.12836]]}},{"type":"Feature","properties":{"name":"Cups Trail","blaze":null},"geometry":{"type":"LineString","coordinates":[[-74.246558,41.128842],[-74.246657,41.128698],[-74.246721,41.128629],[-74.24678,41.128561],[-74.246871,41.128508],[-74.246989,41.128476],[-74.247102,41.128456],[-74.247209,41.128436],[-74.247285,41.128367],[-74.247327,41.128286],[-74.24737,41.128197],[-74.247462,41.127975],[-74.247478,41.127906],[-74.247408,41.127833],[-74.247295,41.127753],[-74.247231,41.12766],[-74.247199,41.127599],[-74.247193,41.127534],[-74.247242,41.127506],[-74.247333,41.12755],[-74.247413,41.127619],[-74.247478,41.127696],[-74.247531,41.127777],[-74.24759,41.127854],[-74.247676,41.127922],[-74.247735,41.127995],[-74.247762,41.12808],[-74.247762,41.128165],[-74.247735,41.12825],[-74.247687,41.128326],[-74.247655,41.128359],[-74.247617,41.128439],[-74.247574,41.12854],[-74.24744,41.128621],[-74.247317,41.128638],[-74.24715,41.128654],[-74.247038,41.128658],[-74.246721,41.128629]]}},{"type":"Feature","properties":{"name":"Cups Trail","blaze":null},"geometry":{"type":"LineString","coordinates":[[-74.24736,41.129183],[-74.247309,41.129179],[-74.247263,41.129159],[-74.247228,41.129124],[-74.247207,41.129088],[-74.247183,41.129052],[-74.247156,41.129019],[-74.247116,41.128989],[-74.247078,41.128961],[-74.247024,41.128955],[-74.246968,41.128953],[-74.246912,41.128957],[-74.246861,41.128959],[-74.246796,41.128959],[-74.246745,41.128947],[-74.246702,41.128916],[-74.246657,41.128884],[-74.246609,41.12886],[-74.246558,41.128842],[-74.246499,41.128838],[-74.246448,41.128864],[-74.246426,41.128906],[-74.246415,41.128947],[-74.246399,41.128987],[-74.246373,41.129025],[-74.246354,41.129064],[-74.246343,41.129106],[-74.246319,41.129155],[-74.246265,41.129199],[-74.246212,41.129252],[-74.246163,41.129349],[-74.246121,41.129425],[-74.246019,41.129466],[-74.245901,41.129478],[-74.245783,41.129478],[-74.245675,41.12947],[-74.245568,41.129446],[-74.245466,41.129438],[-74.245364,41.129405],[-74.245273,41.129365],[-74.245187,41.129308],[-74.245128,41.129239],[-74.245015,41.129219],[-74.244908,41.129223],[-74.244817,41.129187],[-74.244731,41.129134],[-74.244645,41.129078],[-74.244543,41.129074],[-74.244484,41.129147],[-74.244447,41.129227],[-74.244425,41.129308],[-74.244431,41.129401],[-74.244468,41.129494],[-74.2445,41.129579],[-74.244538,41.12966],[-74.244586,41.129741],[-74.24464,41.129825],[-74.244699,41.129906],[-74.244747,41.129987],[-74.244785,41.130116],[-74.244801,41.130213],[-74.244806,41.130318],[-74.244811,41.130407],[-74.244828,41.130492],[-74.244849,41.130577],[-74.244865,41.13067],[-74.244855,41.130759],[-74.244838,41.130852],[-74.244833,41.130945],[-74.244838,41.131034],[-74.244956,41.131046],[-74.245042,41.130993],[-74.245117,41.13092],[-74.245182,41.130852],[-74.245289,41.130912],[-74.245327,41.130997],[-74.245337,41.131094],[-74.245332,41.131191],[-74.245305,41.13128],[-74.245278,41.131373],[-74.245278,41.131502],[-74.245305,41.131583],[-74.245348,41.131668],[-74.245396,41.131765],[-74.245455,41.131846],[-74.245547,41.131902],[-74.245632,41.131959],[-74.245723,41.132011],[-74.24582,41.132068],[-74.245906,41.13212],[-74.246002,41.132165],[-74.246104,41.132205],[-74.246217,41.13223],[-74.246324,41.132225],[-74.246437,41.132217],[-74.246544,41.132201],[-74.246662,41.132193],[-74.24678,41.132173],[-74.246888,41.132149],[-74.246984,41.132108],[-74.247086,41.13206],[-74.247172,41.132011],[-74.247247,41.131951],[-74.247352,41.131844]]}},{"type":"Feature","properties":{"name":"Serpentine Trail","blaze":null},"geometry":{"type":"LineString","coordinates":[[-74.249539,41.128805],[-74.249457,41.128799],[-74.24935,41.128783],[-74.249248,41.128743],[-74.249151,41.128702],[-74.249044,41.128698],[-74.248942,41.128726],[-74.248851,41.128763],[-74.248749,41.128803],[-74.248658,41.128848],[-74.248561,41.128884],[-74.248526,41.128892],[-74.248478,41.128898],[-74.248459,41.128898],[-74.248424,41.128876],[-74.248416,41.12886],[-74.248403,41.128821],[-74.248395,41.128781],[-74.24839,41.128738],[-74.248368,41.128678],[-74.248341,41.128609],[-74.24832,41.128561],[-74.24829,41.128528],[-74.24825,41.128502],[-74.248234,41.128494],[-74.248213,41.12848],[-74.248199,41.12846],[-74.248197,41.128431],[-74.248223,41.128403],[-74.248258,41.128371],[-74.248272,41.128347],[-74.248258,41.128306],[-74.248231,41.128266],[-74.248215,41.12826],[-74.248191,41.128258],[-74.248151,41.128264],[-74.248113,41.128274],[-74.248073,41.128298],[-74.24803,41.128324],[-74.248003,41.128353],[-74.247993,41.128403],[-74.247993,41.128446],[-74.248001,41.128486],[-74.248014,41.128508],[-74.248081,41.128601],[-74.248124,41.128631],[-74.248159,41.128666],[-74.248204,41.128716],[-74.248237,41.128757],[-74.248258,41.128787],[-74.24828,41.128833],[-74.248274,41.128896],[-74.248234,41.128957],[-74.248175,41.128997],[-74.248113,41.129054],[-74.248079,41.129082],[-74.248046,41.12911],[-74.248017,41.129134],[-74.247955,41.129185],[-74.247926,41.129211],[-74.247885,41.129256],[-74.247861,41.12928],[-74.247832,41.129292],[-74.247783,41.129298],[-74.247714,41.129302],[-74.247674,41.129302],[-74.247655,41.129288],[-74.247636,41.129236],[-74.247625,41.129193],[-74.247625,41.129143],[-74.24762,41.129116],[-74.247612,41.129072],[-74.247588,41.129029],[-74.247569,41.129029],[-74.247529,41.129042],[-74.247478,41.129066],[-74.247435,41.129098],[-74.247389,41.129143],[-74.24736,41.129183],[-74.247368,41.129211],[-74.247378,41.129233],[-74.247394,41.129252],[-74.247432,41.12929],[-74.247464,41.129324],[-74.247491,41.129363],[-74.247518,41.129401],[-74.247531,41.129442],[-74.247531,41.129472],[-74.247526,41.12949],[-74.247515,41.129516],[-74.247486,41.129543],[-74.247437,41.129561],[-74.247357,41.129575],[-74.247268,41.129597],[-74.247231,41.129607],[-74.247191,41.129633],[-74.247161,41.129674],[-74.247142,41.129724],[-74.247124,41.129763],[-74.247105,41.129854],[-74.247086,41.129896],[-74.247062,41.129963],[-74.247032,41.13005],[-74.246909,41.130428],[-74.246893,41.130474],[-74.246871,41.130537],[-74.246711,41.131062],[-74.246702,41.131106],[-74.246692,41.131151],[-74.246681,41.131193],[-74.246676,41.131278],[-74.246684,41.131318],[-74.246697,41.131361],[-74.246721,41.131401],[-74.246753,41.131438],[-74.246783,41.131474],[-74.246834,41.131492],[-74.246888,41.1315],[-74.246936,41.131478],[-74.246955,41.131482],[-74.24696,41.131502],[-74.24696,41.131533],[-74.246963,41.131557],[-74.246976,41.131571],[-74.247,41.131571],[-74.247049,41.131565],[-74.247121,41.131545],[-74.247188,41.131524],[-74.247225,41.13152],[-74.247266,41.131533],[-74.247295,41.131605],[-74.247309,41.13169],[-74.247306,41.131743],[-74.247309,41.131781],[-74.247352,41.131844],[-74.247421,41.131888],[-74.247529,41.131918],[-74.247577,41.131947],[-74.247736,41.131966]]}},{"type":"Feature","properties":{"name":"","blaze":null},"geometry":{"type":"LineString","coordinates":[[-74.250012,41.12836],[-74.250181,41.128375],[-74.250262,41.128427],[-74.250353,41.12848],[-74.250455,41.128528],[-74.250568,41.128557],[-74.250675,41.128561],[-74.250766,41.128537]]}},{"type":"Feature","properties":{"name":"Hickory Cups Trail","blaze":null},"geometry":{"type":"LineString","coordinates":[[-74.25314,41.128334],[-74.253303,41.128444],[-74.253362,41.128516],[-74.253416,41.128593],[-74.253454,41.128682],[-74.253427,41.128775],[-74.253384,41.128852],[-74.253336,41.128937],[-74.253303,41.128981],[-74.253228,41.12905],[-74.253167,41.129075],[-74.253057,41.129139],[-74.25296,41.129183],[-74.252901,41.129239],[-74.252842,41.12932],[-74.252772,41.129442],[-74.252756,41.129478],[-74.252713,41.129534],[-74.252617,41.129587],[-74.252461,41.129684],[-74.252365,41.12972],[-74.252263,41.129781],[-74.252182,41.129825],[-74.252102,41.129878],[-74.252005,41.129914],[-74.251946,41.129931],[-74.251839,41.129947],[-74.25178,41.129959],[-74.251758,41.129959],[-74.251683,41.129931],[-74.251598,41.129874],[-74.251538,41.129821],[-74.251447,41.129696],[-74.251249,41.12945],[-74.251179,41.129381],[-74.251115,41.129312],[-74.25104,41.129244],[-74.251007,41.129214]]}},{"type":"Feature","properties":{"name":"Judith Ann Trail","blaze":null},"geometry":{"type":"LineString","coordinates":[[-74.256581,41.125938],[-74.256656,41.126051],[-74.256683,41.126136],[-74.256688,41.126225],[-74.256688,41.12631],[-74.256683,41.126395],[-74.256667,41.126452],[-74.256651,41.126524],[-74.256586,41.126633],[-74.256527,41.126706],[-74.256468,41.126811],[-74.256383,41.126892],[-74.256318,41.126989],[-74.256297,41.127118],[-74.256281,41.127239],[-74.256238,41.127344],[-74.256195,41.127433],[-74.256136,41.127506],[-74.256072,41.127563],[-74.25598,41.127631],[-74.255889,41.127712],[-74.255776,41.127765],[-74.255632,41.127813],[-74.255358,41.127898],[-74.255245,41.127967],[-74.255143,41.128031],[-74.255058,41.128088],[-74.254988,41.128124],[-74.254891,41.128189],[-74.254806,41.128245],[-74.254752,41.128294],[-74.253876,41.129035],[-74.253167,41.129075],[-74.252637,41.129105],[-74.251007,41.129214]]}},{"type":"Feature","properties":{"name":"","blaze":null},"geometry":{"type":"LineString","coordinates":[[-74.245731,41.100093],[-74.245654,41.100258],[-74.245579,41.100327],[-74.245509,41.100395],[-74.245439,41.10046],[-74.245385,41.100533],[-74.245364,41.100622],[-74.245359,41.100715],[-74.245359,41.1008],[-74.245327,41.100884],[-74.245294,41.100965],[-74.245256,41.101109]]}},{"type":"Feature","properties":{"name":"Defiance Road/Five Ponds Loop Trail","blaze":null},"geometry":{"type":"LineString","coordinates":[[-74.233696,41.113047],[-74.233724,41.113095],[-74.233892,41.113435],[-74.23401,41.113627],[-74.234185,41.113948],[-74.234305,41.114017],[-74.234438,41.11405],[-74.234717,41.113988],[-74.234899,41.11395],[-74.235222,41.113914],[-74.235329,41.113905]]}},{"type":"Feature","properties":{"name":"Five Ponds Loop Trail","blaze":null},"geometry":{"type":"LineString","coordinates":[[-74.235551,41.118204],[-74.235887,41.118123],[-74.236111,41.118067],[-74.236353,41.117928],[-74.236454,41.117919],[-74.236585,41.117856],[-74.236667,41.117756],[-74.236726,41.117751],[-74.236768,41.117722],[-74.236832,41.11776],[-74.236864,41.117901],[-74.236988,41.118303],[-74.237009,41.118409],[-74.237072,41.118441],[-74.237157,41.118479],[-74.237192,41.118622],[-74.237247,41.118678],[-74.23734,41.118854],[-74.237406,41.118899],[-74.237472,41.118889],[-74.237559,41.118842],[-74.237676,41.118805],[-74.237803,41.118811],[-74.237927,41.11885],[-74.237977,41.118948],[-74.237996,41.119094],[-74.238105,41.119174],[-74.238304,41.11905]]}},{"type":"Feature","properties":{"name":"","blaze":null},"geometry":{"type":"LineString","coordinates":[[-74.2421,41.10638],[-74.242161,41.106638],[-74.242183,41.106683],[-74.242204,41.106735],[-74.242245,41.106796],[-74.24233,41.106905],[-74.242373,41.106946],[-74.242438,41.106998],[-74.24266,41.107214],[-74.242687,41.107259],[-74.242711,41.107303],[-74.242735,41.107344],[-74.242757,41.107386],[-74.24277,41.107429],[-74.242792,41.107465]]}},{"type":"Feature","properties":{"name":"Ringwood-Ramapo Trail","blaze":null},"geometry":{"type":"LineString","coordinates":[[-74.241716,41.103647],[-74.241677,41.103756],[-74.241689,41.103776],[-74.241724,41.10395],[-74.24173,41.103995],[-74.24173,41.104041],[-74.24173,41.104086],[-74.24173,41.104134],[-74.241714,41.104286],[-74.241714,41.104334],[-74.241716,41.104377],[-74.241727,41.104419],[-74.24174,41.104466],[-74.241756,41.104506],[-74.241762,41.104549],[-74.241807,41.104739],[-74.241821,41.104783],[-74.241837,41.104826],[-74.241853,41.104868],[-74.24192,41.105032],[-74.24195,41.105076],[-74.241976,41.105113],[-74.242009,41.105147],[-74.242036,41.105183],[-74.24214,41.105339],[-74.242148,41.105381],[-74.242148,41.105426],[-74.242151,41.105468],[-74.24214,41.105509],[-74.242124,41.105547],[-74.242105,41.105587],[-74.2421,41.105628],[-74.242086,41.10567],[-74.242073,41.105711],[-74.242073,41.105759],[-74.24207,41.1058],[-74.242062,41.105907],[-74.242068,41.106174],[-74.242073,41.106214],[-74.2421,41.10638]]}},{"type":"Feature","properties":{"name":"Ringwood-Ramapo Trail","blaze":null},"geometry":{"type":"LineString","coordinates":[[-74.240906,41.102245],[-74.240831,41.102356],[-74.240812,41.102372],[-74.240791,41.10239],[-74.240764,41.102418],[-74.24074,41.102447],[-74.240713,41.102467],[-74.240678,41.102499],[-74.240626,41.102566],[-74.240615,41.102585],[-74.240602,41.102606],[-74.24059,41.102625],[-74.24055,41.102697],[-74.24054,41.102718],[-74.240532,41.102737],[-74.240527,41.102758],[-74.240523,41.102778],[-74.240503,41.102811],[-74.240483,41.102828],[-74.240469,41.102852],[-74.240434,41.102888],[-74.240409,41.102915],[-74.24036,41.102967],[-74.240386,41.103004],[-74.240429,41.103007],[-74.240513,41.102968],[-74.240558,41.102928],[-74.240567,41.102914],[-74.240603,41.10288],[-74.240617,41.102871],[-74.240635,41.102848],[-74.240683,41.102818],[-74.240706,41.1028],[-74.240724,41.10279],[-74.240744,41.102782],[-74.2408,41.102756],[-74.240885,41.102717],[-74.241034,41.102612],[-74.241048,41.102628],[-74.241075,41.102676],[-74.241032,41.102823],[-74.241039,41.102863],[-74.241055,41.10288],[-74.241066,41.1029],[-74.241077,41.102924],[-74.241085,41.102947],[-74.241089,41.102968],[-74.241089,41.102989],[-74.241087,41.10301],[-74.241081,41.103031],[-74.241073,41.103053],[-74.241064,41.103073],[-74.241055,41.103093],[-74.241043,41.103111],[-74.241031,41.103129],[-74.241016,41.103147],[-74.240996,41.103163],[-74.240981,41.103181],[-74.24096,41.103197],[-74.240952,41.103251],[-74.240949,41.103272],[-74.240949,41.103294],[-74.240948,41.103315],[-74.240944,41.103375],[-74.24094,41.103398],[-74.240934,41.103418],[-74.240925,41.103437],[-74.240912,41.103456],[-74.240902,41.103476],[-74.240893,41.103495],[-74.24089,41.103516],[-74.24089,41.103538],[-74.240906,41.103556],[-74.240933,41.103568],[-74.24096,41.103577],[-74.240987,41.103581],[-74.241015,41.103582],[-74.241044,41.103585],[-74.241156,41.103596],[-74.241185,41.103595],[-74.241216,41.103595],[-74.24125,41.103597],[-74.241282,41.103598],[-74.241317,41.103601],[-74.241351,41.103603],[-74.241388,41.103607],[-74.24142,41.103614],[-74.241512,41.103661],[-74.241716,41.103647]]}},{"type":"Feature","properties":{"name":"Cats Bridge","blaze":null},"geometry":{"type":"LineString","coordinates":[[-74.238433,41.101264],[-74.238305,41.101105],[-74.238282,41.100985],[-74.238423,41.100821],[-74.238569,41.100731],[-74.238644,41.100709],[-74.238708,41.100732],[-74.238827,41.100739],[-74.238942,41.100729],[-74.239025,41.100669],[-74.239077,41.100623],[-74.239041,41.10057]]}},{"type":"Feature","properties":{"name":"","blaze":null},"geometry":{"type":"LineString","coordinates":[[-74.241214,41.110973],[-74.241383,41.111113],[-74.241469,41.11121],[-74.241565,41.111274],[-74.24174,41.111358]]}},{"type":"Feature","properties":{"name":"Ringwood-Ramapo Trail","blaze":null},"geometry":{"type":"LineString","coordinates":[[-74.234282,41.136215],[-74.234383,41.136418],[-74.234301,41.136604],[-74.234427,41.136668],[-74.23445,41.13681],[-74.234552,41.137082],[-74.234693,41.137236],[-74.235009,41.137432],[-74.235293,41.137679],[-74.235602,41.13769],[-74.235878,41.137711],[-74.236303,41.137731],[-74.236384,41.137812],[-74.236526,41.13783],[-74.236608,41.137783],[-74.236899,41.137724],[-74.237113,41.137722],[-74.237479,41.137555],[-74.238049,41.137515],[-74.238212,41.137659],[-74.238406,41.137831]]}},{"type":"Feature","properties":{"name":"","blaze":null},"geometry":{"type":"LineString","coordinates":[[-74.231731,41.135416],[-74.231833,41.135509]]}},{"type":"Feature","properties":{"name":"","blaze":null},"geometry":{"type":"LineString","coordinates":[[-74.231975,41.135866],[-74.232041,41.136053]]}},{"type":"Feature","properties":{"name":"","blaze":null},"geometry":{"type":"LineString","coordinates":[[-74.231325,41.135483],[-74.23142,41.135388],[-74.231493,41.135372],[-74.231621,41.135372],[-74.231731,41.135416]]}},{"type":"Feature","properties":{"name":"Ringwood-Ramapo Trail","blaze":null},"geometry":{"type":"LineString","coordinates":[[-74.231951,41.13551],[-74.231861,41.135534],[-74.231913,41.13557],[-74.231946,41.135647],[-74.231975,41.135866],[-74.232149,41.135909]]}},{"type":"Feature","properties":{"name":"Ringwood-Ramapo/Shepherd Lake Trail/Mountain Bike Loop","blaze":null},"geometry":{"type":"LineString","coordinates":[[-74.231798,41.135374],[-74.231922,41.135483]]}},{"type":"Feature","properties":{"name":"Cooper Union Trail","blaze":null},"geometry":{"type":"LineString","coordinates":[[-74.242664,41.142954],[-74.242755,41.143002],[-74.242975,41.142992],[-74.242981,41.143124],[-74.242955,41.14319],[-74.242868,41.143243],[-74.242918,41.143275],[-74.243025,41.14326],[-74.243107,41.143251],[-74.243233,41.143189],[-74.243328,41.143134],[-74.243448,41.143085],[-74.243517,41.143035],[-74.243581,41.142987],[-74.243678,41.142936],[-74.243826,41.142867],[-74.24388,41.142833],[-74.243952,41.142814],[-74.244015,41.142753],[-74.244059,41.142686],[-74.244166,41.142629],[-74.244244,41.14258],[-74.244353,41.142531],[-74.244394,41.142518],[-74.244455,41.142513],[-74.244584,41.142499],[-74.244543,41.142566],[-74.244434,41.142672],[-74.244356,41.142776],[-74.244286,41.142871],[-74.244253,41.142938],[-74.244269,41.142998],[-74.244293,41.143059],[-74.244266,41.14313],[-74.244218,41.143215],[-74.244134,41.143337],[-74.244044,41.143429],[-74.243973,41.143507],[-74.243934,41.143567],[-74.243867,41.143613],[-74.243831,41.143681],[-74.243776,41.143752],[-74.243718,41.143776],[-74.243648,41.14379],[-74.243646,41.143866],[-74.243586,41.143929],[-74.243535,41.143965],[-74.243468,41.144045],[-74.24338,41.144098],[-74.24329,41.144179],[-74.243256,41.144277],[-74.24317,41.144365],[-74.243055,41.144394],[-74.242942,41.144467],[-74.242852,41.144564],[-74.242797,41.14463],[-74.242749,41.144673],[-74.242749,41.14472],[-74.242662,41.1448],[-74.242559,41.14487],[-74.242469,41.144931],[-74.242391,41.144979],[-74.242304,41.145013],[-74.242192,41.145093],[-74.242088,41.145139],[-74.242011,41.145144],[-74.241953,41.145161],[-74.241866,41.145147],[-74.241757,41.145161],[-74.24165,41.145149],[-74.241586,41.145149],[-74.241482,41.145101],[-74.241377,41.145092],[-74.241352,41.145159],[-74.241425,41.145199],[-74.241524,41.145229],[-74.241544,41.145248],[-74.241631,41.145287],[-74.241699,41.145367],[-74.241744,41.145394],[-74.241818,41.145396],[-74.241889,41.145433],[-74.24194,41.145479],[-74.241982,41.145469],[-74.242034,41.145481],[-74.242117,41.145506],[-74.242182,41.145525],[-74.242246,41.145542],[-74.242288,41.145564],[-74.242402,41.145544]]}},{"type":"Feature","properties":{"name":"","blaze":null},"geometry":{"type":"LineString","coordinates":[[-74.24096,41.103197],[-74.240845,41.103253],[-74.240802,41.103356],[-74.24081,41.103445],[-74.240775,41.103534],[-74.240722,41.103645],[-74.240759,41.10375],[-74.240764,41.103856],[-74.2407,41.10394],[-74.240598,41.104005],[-74.240539,41.104143],[-74.240496,41.104304],[-74.2404,41.104397],[-74.240346,41.104579],[-74.240271,41.104672],[-74.240282,41.104822],[-74.24018,41.104987],[-74.239992,41.105117],[-74.240024,41.105311],[-74.240019,41.105501],[-74.239949,41.105679],[-74.239869,41.105735],[-74.239745,41.105897],[-74.23967,41.106006],[-74.239531,41.106075],[-74.239348,41.106119],[-74.239241,41.106164],[-74.238962,41.106301],[-74.238753,41.106337],[-74.23857,41.106337],[-74.238506,41.106224],[-74.238431,41.106111],[-74.238334,41.10603],[-74.238216,41.105982],[-74.238216,41.106071],[-74.238243,41.10618],[-74.23819,41.106305],[-74.238163,41.106463],[-74.23827,41.106584],[-74.238458,41.106653],[-74.238694,41.106725],[-74.238887,41.10677],[-74.239085,41.106758],[-74.239391,41.106863],[-74.239616,41.106932],[-74.239858,41.106988],[-74.240099,41.107016],[-74.240244,41.107093],[-74.240394,41.107131]]}},{"type":"Feature","properties":{"name":"","blaze":null},"geometry":{"type":"LineString","coordinates":[[-74.237688,41.101034],[-74.237774,41.100983],[-74.237825,41.100945],[-74.237878,41.100909],[-74.237932,41.100836],[-74.238007,41.100814],[-74.238066,41.100844],[-74.238085,41.100895],[-74.238096,41.100965],[-74.238133,41.10102],[-74.238305,41.101105]]}},{"type":"Feature","properties":{"name":"Pierson Ridge Trail","blaze":null},"geometry":{"type":"LineString","coordinates":[[-74.224325,41.109629],[-74.224499,41.109225],[-74.224586,41.108829],[-74.224606,41.108639],[-74.224683,41.10853],[-74.224904,41.108453],[-74.225055,41.108373],[-74.225369,41.108075],[-74.225529,41.107737],[-74.225581,41.107423],[-74.225773,41.106935],[-74.225782,41.106655],[-74.225727,41.106452],[-74.225756,41.106305],[-74.226017,41.105997],[-74.226002,41.105865],[-74.226093,41.105751],[-74.22634,41.105615],[-74.226327,41.105465],[-74.226347,41.105381],[-74.226597,41.105202],[-74.226709,41.104992],[-74.226745,41.104939]]}},{"type":"Feature","properties":{"name":"Ringwood-Ramapo Trail","blaze":null},"geometry":{"type":"LineString","coordinates":[[-74.248603,41.139243],[-74.248448,41.139437],[-74.248312,41.139611],[-74.247861,41.139996]]}},{"type":"Feature","properties":{"name":"Shore Trail","blaze":null},"geometry":{"type":"LineString","coordinates":[[-74.214321,41.102492],[-74.214363,41.10247],[-74.214476,41.102454],[-74.214582,41.102404],[-74.214655,41.102341],[-74.21468,41.102264],[-74.214723,41.102116],[-74.214776,41.102052],[-74.214891,41.101979],[-74.214952,41.101899],[-74.214989,41.101811],[-74.215031,41.10171],[-74.215116,41.101652]]}},{"type":"Feature","properties":{"name":"Shore Trail","blaze":null},"geometry":{"type":"LineString","coordinates":[[-74.214267,41.102524],[-74.214321,41.102492]]}},{"type":"Feature","properties":{"name":"","blaze":null},"geometry":{"type":"LineString","coordinates":[[-74.219425,41.104503],[-74.219462,41.103886],[-74.219426,41.103318],[-74.219301,41.10282]]}},{"type":"Feature","properties":{"name":"Five Ponds Loop Trail","blaze":null},"geometry":{"type":"LineString","coordinates":[[-74.231919,41.109457],[-74.23224,41.109512],[-74.23247,41.10949],[-74.232566,41.109443],[-74.232688,41.109317]]}},{"type":"Feature","properties":{"name":"Gatun Pond Road/Five Ponds Loop Trail","blaze":null},"geometry":{"type":"LineString","coordinates":[[-74.232564,41.107003],[-74.232584,41.107069],[-74.232509,41.107288],[-74.232463,41.107494],[-74.232363,41.107648],[-74.232109,41.107997],[-74.231959,41.108226],[-74.231679,41.108808],[-74.23154,41.109099]]}},{"type":"Feature","properties":{"name":"","blaze":null},"geometry":{"type":"LineString","coordinates":[[-74.229675,41.107181],[-74.230029,41.107289],[-74.230186,41.107275],[-74.23035,41.107205],[-74.230479,41.107154],[-74.230518,41.107149],[-74.230678,41.107189],[-74.230789,41.107231],[-74.230898,41.107231],[-74.230989,41.107179],[-74.231062,41.107105],[-74.231148,41.107078],[-74.231309,41.107075],[-74.231423,41.107066],[-74.23153,41.106999],[-74.231681,41.107029],[-74.231855,41.106981],[-74.232018,41.106985],[-74.232243,41.107024],[-74.232564,41.107003]]}},{"type":"Feature","properties":{"name":"Five Ponds Loop Trail","blaze":null},"geometry":{"type":"LineString","coordinates":[[-74.233938,41.104821],[-74.233749,41.104772],[-74.233561,41.104795],[-74.233328,41.104708],[-74.233228,41.104673],[-74.233159,41.104686],[-74.233163,41.104833],[-74.233014,41.104951],[-74.232852,41.105062],[-74.232709,41.105157],[-74.232605,41.105218],[-74.232295,41.105349],[-74.232144,41.105424],[-74.232059,41.105457],[-74.231963,41.105445],[-74.231899,41.105381],[-74.231679,41.105214],[-74.231542,41.10519],[-74.231366,41.10521],[-74.231138,41.105427],[-74.230981,41.105597],[-74.230888,41.105761],[-74.230774,41.105825],[-74.230671,41.105861],[-74.230615,41.105921],[-74.230601,41.106031],[-74.230636,41.106162],[-74.230595,41.106257],[-74.230483,41.106375],[-74.230364,41.106596],[-74.230341,41.106723]]}},{"type":"Feature","properties":{"name":"Ice Pond Road/Five Ponds Loop Trail","blaze":null},"geometry":{"type":"LineString","coordinates":[[-74.234223,41.104821],[-74.234131,41.104819],[-74.233938,41.104821]]}},{"type":"Feature","properties":{"name":"Five Ponds Loop Trail","blaze":null},"geometry":{"type":"LineString","coordinates":[[-74.229675,41.107181],[-74.230083,41.106935],[-74.230341,41.106723]]}},{"type":"Feature","properties":{"name":"Ice Pond Road/Ringwood-Ramapo Trail","blaze":null},"geometry":{"type":"LineString","coordinates":[[-74.240378,41.10772],[-74.240364,41.107679],[-74.240354,41.107639],[-74.24034,41.107598],[-74.240327,41.107558],[-74.240292,41.107498]]}},{"type":"Feature","properties":{"name":"","blaze":null},"geometry":{"type":"LineString","coordinates":[[-74.232688,41.109317],[-74.232746,41.109266],[-74.232779,41.109137],[-74.232989,41.108978],[-74.233306,41.108807],[-74.233431,41.108804],[-74.233598,41.108826]]}},{"type":"Feature","properties":{"name":"Crossover/Five Ponds Loop Trail","blaze":null},"geometry":{"type":"LineString","coordinates":[[-74.233696,41.113047],[-74.233746,41.112955],[-74.233761,41.112874],[-74.233744,41.112798],[-74.233755,41.112694],[-74.233719,41.112664],[-74.233635,41.112591],[-74.233569,41.112545],[-74.233544,41.112547],[-74.233519,41.112554],[-74.233494,41.112565],[-74.233469,41.112576],[-74.233443,41.112584],[-74.233416,41.112594],[-74.233389,41.112602],[-74.233364,41.112606],[-74.233351,41.112586],[-74.233352,41.112563],[-74.233365,41.112545],[-74.233331,41.112485],[-74.233475,41.112425],[-74.233642,41.112323],[-74.233743,41.11229],[-74.233799,41.11215],[-74.233815,41.111952],[-74.233893,41.111881],[-74.233945,41.111762],[-74.234064,41.111489],[-74.234049,41.111314],[-74.234125,41.111169],[-74.234119,41.111062],[-74.234146,41.110995],[-74.234263,41.110929],[-74.234402,41.110741],[-74.23441,41.110603],[-74.234437,41.110551],[-74.234516,41.110515],[-74.234549,41.110353],[-74.234516,41.110302],[-74.234414,41.110275],[-74.234389,41.110162],[-74.234317,41.110076],[-74.234228,41.110048],[-74.234204,41.10999],[-74.23421,41.109889],[-74.234262,41.1098],[-74.234249,41.109719],[-74.234166,41.109653],[-74.234046,41.109587]]}},{"type":"Feature","properties":{"name":"White's Road/Five Ponds Connector Trail","blaze":null},"geometry":{"type":"LineString","coordinates":[[-74.232442,41.114658],[-74.231927,41.11515],[-74.231341,41.115816],[-74.230893,41.116201],[-74.230383,41.116622],[-74.229852,41.117081],[-74.229485,41.117541],[-74.229293,41.117843],[-74.229081,41.118073],[-74.228642,41.118553],[-74.227998,41.11907],[-74.227486,41.119777],[-74.227327,41.120052],[-74.227187,41.120174]]}},{"type":"Feature","properties":{"name":"Pierson Ridge Road","blaze":null},"geometry":{"type":"LineString","coordinates":[[-74.224263,41.115308],[-74.223772,41.115816],[-74.223132,41.116614],[-74.222921,41.117002],[-74.222492,41.117831],[-74.222295,41.118019],[-74.22207,41.118168],[-74.221682,41.118257],[-74.22105,41.118357],[-74.220022,41.118429]]}},{"type":"Feature","properties":{"name":"Five Ponds Loop Trail","blaze":null},"geometry":{"type":"LineString","coordinates":[[-74.226749,41.119397],[-74.226602,41.119351],[-74.226519,41.119284],[-74.226464,41.119205],[-74.226365,41.119183],[-74.226221,41.119155],[-74.226167,41.119101],[-74.226149,41.119023],[-74.226112,41.118985],[-74.225987,41.118889],[-74.225884,41.118819],[-74.225745,41.118798],[-74.225517,41.118845],[-74.225297,41.118895],[-74.225154,41.118906],[-74.224934,41.119006],[-74.224696,41.119122],[-74.224538,41.119164],[-74.22424,41.11934],[-74.224179,41.119417],[-74.224088,41.119463],[-74.223891,41.11952],[-74.22369,41.119562],[-74.223557,41.119661],[-74.223424,41.119666],[-74.223256,41.119628],[-74.223048,41.119615],[-74.222871,41.119623],[-74.222735,41.119605],[-74.222649,41.119552],[-74.222522,41.119502],[-74.222346,41.119523],[-74.222196,41.119553],[-74.221964,41.119549],[-74.221884,41.119495]]}},{"type":"Feature","properties":{"name":"East Cottage Road/Crossover Trail","blaze":null},"geometry":{"type":"LineString","coordinates":[[-74.235797,41.126157],[-74.235836,41.126544],[-74.235845,41.126674],[-74.235892,41.126763],[-74.236011,41.126835],[-74.236326,41.126973],[-74.236464,41.127033],[-74.236671,41.127121],[-74.236791,41.127144],[-74.236943,41.127127],[-74.237171,41.127069]]}},{"type":"Feature","properties":{"name":"Swan Pond Road/Crossover/Five Ponds Loop Trail","blaze":null},"geometry":{"type":"LineString","coordinates":[[-74.234616,41.120706],[-74.234198,41.120787],[-74.234032,41.120851],[-74.233846,41.120936],[-74.233743,41.121018],[-74.233642,41.121121],[-74.233587,41.121252],[-74.233531,41.121478],[-74.233519,41.121652],[-74.233544,41.121833],[-74.233623,41.122108],[-74.23377,41.122546],[-74.233856,41.122695],[-74.233905,41.122972],[-74.233904,41.123043],[-74.233855,41.123209],[-74.233766,41.123484],[-74.233703,41.123674],[-74.233598,41.124061],[-74.233538,41.12439],[-74.233489,41.12458]]}},{"type":"Feature","properties":{"name":"Defiance Road/Crossover Trail","blaze":null},"geometry":{"type":"LineString","coordinates":[[-74.235551,41.118204],[-74.234979,41.118659],[-74.234854,41.118932],[-74.234763,41.119526],[-74.234828,41.119985],[-74.234818,41.120143],[-74.234701,41.120564],[-74.234616,41.120706]]}},{"type":"Feature","properties":{"name":"Swan Pond Road/Five Ponds Loop Trail","blaze":null},"geometry":{"type":"LineString","coordinates":[[-74.235458,41.120608],[-74.234616,41.120706]]}},{"type":"Feature","properties":{"name":"Swan Pond Road/Five Ponds Loop Trail","blaze":null},"geometry":{"type":"LineString","coordinates":[[-74.235585,41.120596],[-74.235458,41.120608]]}},{"type":"Feature","properties":{"name":"Five Ponds Loop Trail","blaze":null},"geometry":{"type":"LineString","coordinates":[[-74.237541,41.119741],[-74.237607,41.119843],[-74.23784,41.119993]]}},{"type":"Feature","properties":{"name":"Five Ponds Loop Trail","blaze":null},"geometry":{"type":"LineString","coordinates":[[-74.23784,41.119993],[-74.237881,41.120043]]}},{"type":"Feature","properties":{"name":"White's Road","blaze":null},"geometry":{"type":"LineString","coordinates":[[-74.240855,41.111581],[-74.240794,41.111482]]}},{"type":"Feature","properties":{"name":"","blaze":null},"geometry":{"type":"LineString","coordinates":[[-74.238332,41.12745],[-74.238358,41.127523],[-74.238317,41.127562],[-74.238094,41.127574],[-74.23793,41.127621],[-74.237809,41.127658],[-74.237511,41.127782]]}},{"type":"Feature","properties":{"name":"Ringwood-Ramapo Trail","blaze":null},"geometry":{"type":"LineString","coordinates":[[-74.231922,41.135483],[-74.231951,41.13551]]}},{"type":"Feature","properties":{"name":"Crossover Trail","blaze":null},"geometry":{"type":"LineString","coordinates":[[-74.241629,41.136593],[-74.241472,41.136622],[-74.241326,41.136602],[-74.241173,41.136607],[-74.241078,41.136606],[-74.240803,41.136557],[-74.240463,41.136454],[-74.240198,41.136442],[-74.240004,41.13648],[-74.239807,41.136477],[-74.239688,41.136432],[-74.239127,41.135841]]}},{"type":"Feature","properties":{"name":"Crossover Trail","blaze":null},"geometry":{"type":"LineString","coordinates":[[-74.244745,41.133654],[-74.244753,41.133577],[-74.244809,41.133546],[-74.244972,41.133577],[-74.24511,41.133685],[-74.245165,41.133774],[-74.245396,41.133888],[-74.245531,41.13389],[-74.245691,41.133983],[-74.245995,41.134021],[-74.246324,41.134187],[-74.246579,41.134321],[-74.246738,41.134338],[-74.246859,41.134374],[-74.247104,41.134366],[-74.247379,41.134398],[-74.247682,41.134469]]}},{"type":"Feature","properties":{"name":"Crossover Spur Trail","blaze":null},"geometry":{"type":"LineString","coordinates":[[-74.24343,41.13147],[-74.243532,41.131807],[-74.243601,41.132211],[-74.243756,41.132843],[-74.243789,41.1332],[-74.244152,41.133438],[-74.244745,41.133654]]}},{"type":"Feature","properties":{"name":"Crossover/Cupsaw Brook/Ringwood-Ramapo Trail","blaze":null},"geometry":{"type":"LineString","coordinates":[[-74.241629,41.136593],[-74.241683,41.136572],[-74.241811,41.13652],[-74.24197,41.13651]]}},{"type":"Feature","properties":{"name":"","blaze":null},"geometry":{"type":"LineString","coordinates":[[-74.247861,41.139996],[-74.248114,41.140105],[-74.24828,41.140196],[-74.248478,41.14041]]}},{"type":"Feature","properties":{"name":"","blaze":null},"geometry":{"type":"LineString","coordinates":[[-74.248603,41.139243],[-74.24875,41.139745],[-74.248746,41.139887],[-74.248579,41.14015],[-74.248478,41.14041]]}},{"type":"Feature","properties":{"name":"Halifax Trail","blaze":null},"geometry":{"type":"LineString","coordinates":[[-74.21409,41.103337],[-74.214058,41.103378],[-74.214046,41.103502],[-74.213981,41.103569],[-74.213891,41.103641],[-74.213843,41.103724],[-74.2138,41.103777],[-74.21369,41.103817],[-74.213575,41.103889],[-74.213472,41.104024],[-74.213404,41.104128],[-74.213363,41.104213],[-74.213317,41.104256],[-74.213198,41.104276],[-74.213127,41.104301],[-74.213074,41.10437],[-74.212986,41.104411],[-74.21288,41.104419],[-74.212773,41.104391],[-74.212644,41.104342],[-74.212516,41.104314],[-74.212388,41.104295],[-74.212233,41.104301],[-74.212096,41.104298],[-74.211957,41.104292],[-74.211848,41.104274],[-74.211762,41.104242],[-74.211709,41.104194],[-74.211626,41.104166],[-74.211518,41.104164],[-74.211441,41.104207],[-74.211338,41.104248],[-74.211218,41.104295],[-74.211114,41.104311],[-74.211024,41.104315],[-74.210908,41.104355],[-74.210795,41.104354],[-74.210689,41.104362],[-74.210592,41.104397],[-74.210523,41.104453],[-74.210437,41.104523],[-74.210359,41.10455],[-74.210258,41.104553],[-74.210166,41.104526],[-74.210116,41.104496],[-74.210042,41.104498],[-74.209945,41.104506],[-74.209867,41.104478],[-74.20977,41.104425],[-74.209699,41.10438],[-74.209675,41.104352],[-74.209646,41.104324]]}},{"type":"Feature","properties":{"name":"Halifax Trail","blaze":null},"geometry":{"type":"LineString","coordinates":[[-74.214176,41.103311],[-74.21409,41.103337]]}},{"type":"Feature","properties":{"name":"Shore Trail","blaze":null},"geometry":{"type":"LineString","coordinates":[[-74.214037,41.098854],[-74.2141,41.098963],[-74.214317,41.099156],[-74.214264,41.099476],[-74.214133,41.099647],[-74.214053,41.100139],[-74.214154,41.100664],[-74.214147,41.101471],[-74.21412,41.101534],[-74.214071,41.101613],[-74.214041,41.101685],[-74.214048,41.10179],[-74.214044,41.101927],[-74.21404,41.102012],[-74.214093,41.102075],[-74.214097,41.102159],[-74.214109,41.102216],[-74.214139,41.102302],[-74.214126,41.102399],[-74.214117,41.102461],[-74.214126,41.10251],[-74.214153,41.102544],[-74.214199,41.102555],[-74.214234,41.102543],[-74.214267,41.102524]]}},{"type":"Feature","properties":{"name":"Tennesee Gas Service Road","blaze":null},"geometry":{"type":"LineString","coordinates":[[-74.238383,41.131056],[-74.238171,41.131067],[-74.237959,41.131078],[-74.235135,41.131196],[-74.234604,41.131174],[-74.234393,41.131166],[-74.233824,41.131064],[-74.233002,41.130865],[-74.232043,41.130637],[-74.230784,41.130258],[-74.229679,41.129922],[-74.229099,41.129767],[-74.228413,41.129625],[-74.22739,41.129322],[-74.227213,41.129236],[-74.227049,41.129086],[-74.226949,41.128906],[-74.226963,41.12832],[-74.226942,41.128142],[-74.226828,41.128022],[-74.226591,41.127732],[-74.226242,41.127299],[-74.226044,41.127009],[-74.225796,41.126692],[-74.225615,41.126576],[-74.225494,41.126523],[-74.225221,41.126459],[-74.224835,41.126382],[-74.223605,41.126221],[-74.223499,41.126276],[-74.223403,41.126279],[-74.223129,41.126111],[-74.222988,41.125923],[-74.222862,41.125837],[-74.222705,41.125714],[-74.22252,41.125506],[-74.222503,41.125334],[-74.22236,41.124842],[-74.22225,41.124634],[-74.221823,41.123579],[-74.221412,41.122639],[-74.221093,41.121818],[-74.220693,41.120855],[-74.22057,41.12056],[-74.220425,41.120179],[-74.22036,41.119936],[-74.220343,41.119873],[-74.220124,41.118982],[-74.220022,41.118429],[-74.220004,41.118326],[-74.219901,41.11779],[-74.219869,41.117628],[-74.219788,41.117377],[-74.219604,41.116863],[-74.21927,41.116406],[-74.219117,41.116234],[-74.218609,41.115678],[-74.217948,41.115153],[-74.21752,41.114727],[-74.2173,41.114395],[-74.216695,41.11375],[-74.215971,41.113107],[-74.215575,41.112702]]}},{"type":"Feature","properties":{"name":"Crossover Trail","blaze":null},"geometry":{"type":"LineString","coordinates":[[-74.228663,41.109435],[-74.228731,41.109347],[-74.228761,41.109247],[-74.228775,41.109167],[-74.228827,41.109131],[-74.228905,41.109147],[-74.22896,41.109235],[-74.229039,41.1094],[-74.229045,41.10952]]}},{"type":"Feature","properties":{"name":"Crossover/Five Ponds Loop Trail","blaze":null},"geometry":{"type":"LineString","coordinates":[[-74.232932,41.109486],[-74.233029,41.109511],[-74.233234,41.109646],[-74.233302,41.109749],[-74.233399,41.109826],[-74.233518,41.109809],[-74.233599,41.109729],[-74.233636,41.109649],[-74.233617,41.109556],[-74.233633,41.109503],[-74.233792,41.109443],[-74.23394,41.10946],[-74.233988,41.109541],[-74.234046,41.109587]]}},{"type":"Feature","properties":{"name":"","blaze":null},"geometry":{"type":"LineString","coordinates":[[-74.231919,41.109457],[-74.231304,41.109323],[-74.230978,41.109308],[-74.230832,41.109245]]}},{"type":"Feature","properties":{"name":"Boulder Way South","blaze":null},"geometry":{"type":"LineString","coordinates":[[-74.229223,41.113605],[-74.229492,41.113619],[-74.229896,41.113561],[-74.231,41.113327],[-74.231198,41.113249],[-74.231418,41.113084],[-74.232422,41.11228],[-74.232854,41.111983],[-74.233029,41.111827],[-74.233703,41.111019],[-74.233987,41.110721],[-74.234028,41.110612],[-74.234017,41.109909],[-74.234016,41.109753],[-74.234046,41.109587]]}},{"type":"Feature","properties":{"name":"Boulder Way North","blaze":null},"geometry":{"type":"LineString","coordinates":[[-74.228455,41.114607],[-74.228348,41.114632],[-74.228268,41.114698],[-74.227939,41.115176],[-74.227481,41.115732],[-74.227144,41.116105],[-74.226843,41.116392],[-74.226146,41.116856],[-74.225137,41.117787],[-74.224245,41.118551],[-74.223574,41.119005],[-74.223168,41.119298],[-74.222948,41.119377],[-74.222693,41.11941],[-74.222445,41.119414],[-74.222196,41.119553],[-74.221989,41.119707],[-74.221864,41.119835],[-74.22175,41.119868]]}},{"type":"Feature","properties":{"name":"Ringwood-Ramapo Trail","blaze":null},"geometry":{"type":"LineString","coordinates":[[-74.241124,41.109841],[-74.240793,41.109825]]}},{"type":"Feature","properties":{"name":"Ringwood-Ramapo Trail","blaze":null},"geometry":{"type":"LineString","coordinates":[[-74.240793,41.109825],[-74.240645,41.109798]]}},{"type":"Feature","properties":{"name":"Ringwood-Ramapo Trail","blaze":null},"geometry":{"type":"LineString","coordinates":[[-74.240369,41.109824],[-74.240279,41.109851],[-74.240188,41.109867],[-74.24003,41.109863]]}},{"type":"Feature","properties":{"name":"Ringwood-Ramapo Trail","blaze":null},"geometry":{"type":"LineString","coordinates":[[-74.240488,41.109799],[-74.240369,41.109824]]}},{"type":"Feature","properties":{"name":"White's Road/Mountain Bike Loop/Race Trail","blaze":"red"},"geometry":{"type":"LineString","coordinates":[[-74.227187,41.120174],[-74.22533,41.121802]]}},{"type":"Feature","properties":{"name":"White's Road/Mountain Bike Loop/Race Trail","blaze":"red"},"geometry":{"type":"LineString","coordinates":[[-74.22533,41.121802],[-74.225248,41.122033],[-74.225053,41.122358],[-74.224749,41.122777],[-74.2247,41.122981],[-74.224693,41.124005]]}},{"type":"Feature","properties":{"name":"","blaze":null},"geometry":{"type":"LineString","coordinates":[[-74.223902,41.124349],[-74.223986,41.124335],[-74.224083,41.124282],[-74.22419,41.124145],[-74.224292,41.124064],[-74.224362,41.124032],[-74.224421,41.124101],[-74.224485,41.124145],[-74.224587,41.12408],[-74.224693,41.124005]]}},{"type":"Feature","properties":{"name":"Five Ponds Loop Trail","blaze":null},"geometry":{"type":"LineString","coordinates":[[-74.237881,41.120043],[-74.237943,41.120164]]}},{"type":"Feature","properties":{"name":"","blaze":null},"geometry":{"type":"LineString","coordinates":[[-74.234832,41.123528],[-74.23469,41.123571],[-74.234573,41.123667],[-74.234459,41.123795]]}},{"type":"Feature","properties":{"name":"","blaze":null},"geometry":{"type":"LineString","coordinates":[[-74.234854,41.123479],[-74.234672,41.123358]]}},{"type":"Feature","properties":{"name":"","blaze":null},"geometry":{"type":"LineString","coordinates":[[-74.235091,41.124266],[-74.235256,41.124268],[-74.235282,41.124268],[-74.235409,41.124236],[-74.235517,41.124189],[-74.235705,41.124164],[-74.235782,41.12416]]}},{"type":"Feature","properties":{"name":"","blaze":null},"geometry":{"type":"LineString","coordinates":[[-74.235294,41.12411],[-74.235255,41.124185],[-74.235256,41.124268]]}},{"type":"Feature","properties":{"name":"Swan Pond Road/Crossover Trail","blaze":null},"geometry":{"type":"LineString","coordinates":[[-74.23348,41.124756],[-74.233491,41.124902],[-74.233754,41.125405],[-74.233948,41.125628],[-74.234132,41.125813],[-74.234369,41.125941],[-74.234595,41.125953],[-74.23498,41.125879],[-74.235112,41.125885],[-74.235218,41.125906],[-74.235297,41.125946],[-74.235535,41.126044],[-74.235797,41.126157]]}},{"type":"Feature","properties":{"name":"Five Ponds Loop Trail","blaze":null},"geometry":{"type":"LineString","coordinates":[[-74.238304,41.11905],[-74.238299,41.119157],[-74.238114,41.119205],[-74.238012,41.119285],[-74.237871,41.119444],[-74.237742,41.119589],[-74.237698,41.119619]]}},{"type":"Feature","properties":{"name":"Five Ponds Loop Trail","blaze":null},"geometry":{"type":"LineString","coordinates":[[-74.237698,41.119619],[-74.237658,41.119649]]}},{"type":"Feature","properties":{"name":"Crossover Trail","blaze":null},"geometry":{"type":"LineString","coordinates":[[-74.237064,41.127481],[-74.237099,41.127363],[-74.237171,41.127069]]}},{"type":"Feature","properties":{"name":"East Cottage Road","blaze":null},"geometry":{"type":"LineString","coordinates":[[-74.237171,41.127069],[-74.237686,41.126897],[-74.237767,41.126864]]}},{"type":"Feature","properties":{"name":"Crossover Trail","blaze":null},"geometry":{"type":"LineString","coordinates":[[-74.238333,41.13132],[-74.238406,41.131363],[-74.238445,41.131555],[-74.23839,41.13163],[-74.238448,41.131673],[-74.238535,41.131646],[-74.238603,41.131606],[-74.23867,41.131408],[-74.23873,41.13139],[-74.238794,41.131436],[-74.238867,41.131573],[-74.238947,41.131727],[-74.239023,41.131721],[-74.239077,41.131654],[-74.239131,41.131664],[-74.239217,41.131751],[-74.239245,41.131851],[-74.23928,41.131991],[-74.239247,41.132079],[-74.239333,41.13219],[-74.239376,41.132295],[-74.23946,41.13232],[-74.239541,41.132278],[-74.239701,41.132055],[-74.239823,41.131999],[-74.239898,41.132028],[-74.239924,41.132237],[-74.239877,41.132333],[-74.239823,41.132451],[-74.239821,41.132533],[-74.239781,41.132673],[-74.239751,41.132762],[-74.239796,41.132762],[-74.23985,41.132684],[-74.239884,41.132698],[-74.239895,41.132785]]}},{"type":"Feature","properties":{"name":"Ringwood-Ramapo Trail","blaze":null},"geometry":{"type":"LineString","coordinates":[[-74.233104,41.136219],[-74.233438,41.136146],[-74.233659,41.136063],[-74.233849,41.136057],[-74.234038,41.136082],[-74.234282,41.136215]]}},{"type":"Feature","properties":{"name":"Shepard Pond Trail","blaze":null},"geometry":{"type":"LineString","coordinates":[[-74.235092,41.136547],[-74.234796,41.136496],[-74.234613,41.13639],[-74.234282,41.136215]]}},{"type":"Feature","properties":{"name":"Crossover Trail","blaze":null},"geometry":{"type":"LineString","coordinates":[[-74.239895,41.132785],[-74.239823,41.132908],[-74.239704,41.133079],[-74.239133,41.133777],[-74.238882,41.133918],[-74.2387,41.133969],[-74.238537,41.134019]]}},{"type":"Feature","properties":{"name":"","blaze":null},"geometry":{"type":"LineString","coordinates":[[-74.239895,41.132785],[-74.240027,41.132601],[-74.240107,41.132428],[-74.2402,41.132108],[-74.240393,41.131785],[-74.240662,41.131194],[-74.240895,41.13071],[-74.241291,41.13021],[-74.241392,41.130134],[-74.241679,41.130052]]}},{"type":"Feature","properties":{"name":"Cape Road/Mountain Bike Loop/Race Trail","blaze":"red"},"geometry":{"type":"LineString","coordinates":[[-74.220888,41.128443],[-74.220402,41.128831],[-74.220193,41.12922],[-74.220076,41.129154],[-74.219947,41.129129],[-74.219726,41.129228],[-74.219449,41.129368]]}},{"type":"Feature","properties":{"name":"Cape Road/Mountain Bike Loop","blaze":"red"},"geometry":{"type":"LineString","coordinates":[[-74.219449,41.129368],[-74.219348,41.129399]]}},{"type":"Feature","properties":{"name":"Swan Pond Road/Crossover Trail","blaze":null},"geometry":{"type":"LineString","coordinates":[[-74.233473,41.124662],[-74.23348,41.124756]]}},{"type":"Feature","properties":{"name":"Swan Pond Road/Crossover Trail","blaze":null},"geometry":{"type":"LineString","coordinates":[[-74.233489,41.12458],[-74.233473,41.124662]]}},{"type":"Feature","properties":{"name":"","blaze":null},"geometry":{"type":"LineString","coordinates":[[-74.233617,41.124378],[-74.233538,41.12439]]}},{"type":"Feature","properties":{"name":"","blaze":null},"geometry":{"type":"LineString","coordinates":[[-74.233724,41.124363],[-74.233617,41.124378]]}},{"type":"Feature","properties":{"name":"","blaze":null},"geometry":{"type":"LineString","coordinates":[[-74.234153,41.122618],[-74.234115,41.12263],[-74.233856,41.122695]]}},{"type":"Feature","properties":{"name":"","blaze":null},"geometry":{"type":"LineString","coordinates":[[-74.234261,41.122585],[-74.234153,41.122618]]}},{"type":"Feature","properties":{"name":"","blaze":null},"geometry":{"type":"LineString","coordinates":[[-74.234616,41.120706],[-74.234301,41.121419],[-74.234194,41.122348],[-74.234205,41.122359]]}},{"type":"Feature","properties":{"name":"","blaze":null},"geometry":{"type":"LineString","coordinates":[[-74.234205,41.122359],[-74.234286,41.122436]]}},{"type":"Feature","properties":{"name":"","blaze":null},"geometry":{"type":"LineString","coordinates":[[-74.234619,41.122671],[-74.234682,41.122708],[-74.234703,41.122922],[-74.234658,41.123028],[-74.234542,41.123047],[-74.234287,41.123312],[-74.234305,41.123704],[-74.234218,41.123778]]}},{"type":"Feature","properties":{"name":"","blaze":null},"geometry":{"type":"LineString","coordinates":[[-74.234218,41.123778],[-74.234146,41.12384]]}},{"type":"Feature","properties":{"name":"","blaze":null},"geometry":{"type":"LineString","coordinates":[[-74.234286,41.122436],[-74.234398,41.122542],[-74.234532,41.122621]]}},{"type":"Feature","properties":{"name":"","blaze":null},"geometry":{"type":"LineString","coordinates":[[-74.234532,41.122621],[-74.234619,41.122671]]}},{"type":"Feature","properties":{"name":"","blaze":null},"geometry":{"type":"LineString","coordinates":[[-74.234146,41.12384],[-74.233985,41.124025],[-74.233969,41.124328],[-74.234156,41.124446],[-74.234542,41.124429]]}},{"type":"Feature","properties":{"name":"","blaze":null},"geometry":{"type":"LineString","coordinates":[[-74.234542,41.124429],[-74.23465,41.124424]]}},{"type":"Feature","properties":{"name":"","blaze":null},"geometry":{"type":"LineString","coordinates":[[-74.234624,41.122452],[-74.234398,41.122542],[-74.234261,41.122585]]}},{"type":"Feature","properties":{"name":"","blaze":null},"geometry":{"type":"LineString","coordinates":[[-74.234724,41.122413],[-74.234624,41.122452]]}},{"type":"Feature","properties":{"name":"Five Ponds Loop Trail","blaze":null},"geometry":{"type":"LineString","coordinates":[[-74.237658,41.119649],[-74.237541,41.119741]]}},{"type":"Feature","properties":{"name":"Defiance Road","blaze":null},"geometry":{"type":"LineString","coordinates":[[-74.233635,41.112591],[-74.2336,41.112713],[-74.233625,41.112871],[-74.233642,41.112912]]}},{"type":"Feature","properties":{"name":"Defiance Road","blaze":null},"geometry":{"type":"LineString","coordinates":[[-74.233642,41.112912],[-74.233675,41.112996]]}},{"type":"Feature","properties":{"name":"Defiance Road","blaze":null},"geometry":{"type":"LineString","coordinates":[[-74.233675,41.112996],[-74.233696,41.113047]]}},{"type":"Feature","properties":{"name":"","blaze":null},"geometry":{"type":"LineString","coordinates":[[-74.232666,41.119131],[-74.232683,41.119085],[-74.23264,41.119056],[-74.232589,41.11905],[-74.232535,41.119048],[-74.232481,41.119056],[-74.232404,41.11907],[-74.23235,41.119091],[-74.232302,41.119111],[-74.232253,41.119127],[-74.232176,41.119153]]}},{"type":"Feature","properties":{"name":"Ringwood-Ramapo Trail","blaze":null},"geometry":{"type":"LineString","coordinates":[[-74.236648,41.113805],[-74.236586,41.113861],[-74.236533,41.113921],[-74.236492,41.113979],[-74.236446,41.114043],[-74.236344,41.114089],[-74.236231,41.114098],[-74.236104,41.114177],[-74.236074,41.114249],[-74.236001,41.114308],[-74.235891,41.114316],[-74.235847,41.114339],[-74.235823,41.114374],[-74.235834,41.114405],[-74.2359,41.114433],[-74.235973,41.114428],[-74.235976,41.11449],[-74.235948,41.114552],[-74.235907,41.114613],[-74.235897,41.114708],[-74.235844,41.114801],[-74.235737,41.114964],[-74.235628,41.11511],[-74.235606,41.115259],[-74.235674,41.115365],[-74.235685,41.115438],[-74.235678,41.115476],[-74.23564,41.115506],[-74.235598,41.115515],[-74.235555,41.115508],[-74.235521,41.115514],[-74.235476,41.115525],[-74.235453,41.11556],[-74.235456,41.115595],[-74.235508,41.115637],[-74.235533,41.115733],[-74.235528,41.115786],[-74.235538,41.115868],[-74.235504,41.115908],[-74.235457,41.115912],[-74.235397,41.11591],[-74.235354,41.115918],[-74.235312,41.11594],[-74.235319,41.116009],[-74.235303,41.116056],[-74.235271,41.116079],[-74.235273,41.116116],[-74.235332,41.116199],[-74.235345,41.116269],[-74.235348,41.11632],[-74.235323,41.11637],[-74.23521,41.116409],[-74.235102,41.116412],[-74.235001,41.116394],[-74.234947,41.116446],[-74.234953,41.116488],[-74.234854,41.116574],[-74.234779,41.116619],[-74.234724,41.116619],[-74.234665,41.116685],[-74.234425,41.116753],[-74.234356,41.116768],[-74.234266,41.116847],[-74.234107,41.11689]]}},{"type":"Feature","properties":{"name":"Ringwood-Ramapo Trail","blaze":null},"geometry":{"type":"LineString","coordinates":[[-74.234107,41.11689],[-74.234,41.116994]]}},{"type":"Feature","properties":{"name":"Defiance Road/Five Ponds Loop Trail","blaze":null},"geometry":{"type":"LineString","coordinates":[[-74.235329,41.113905],[-74.23565,41.113869],[-74.236129,41.113826],[-74.236648,41.113805]]}},{"type":"Feature","properties":{"name":"Five Ponds Loop Trail","blaze":null},"geometry":{"type":"LineString","coordinates":[[-74.23154,41.109099],[-74.231724,41.109312],[-74.231919,41.109457]]}},{"type":"Feature","properties":{"name":"Old Road Access","blaze":null},"geometry":{"type":"LineString","coordinates":[[-74.244115,41.116948],[-74.243522,41.117011],[-74.242338,41.117294]]}},{"type":"Feature","properties":{"name":"Walker Drive Connector","blaze":null},"geometry":{"type":"LineString","coordinates":[[-74.244112,41.121883],[-74.243613,41.12186],[-74.242964,41.121856],[-74.242717,41.121731],[-74.242583,41.121383],[-74.24261,41.120797],[-74.242927,41.120203],[-74.243323,41.11972],[-74.243404,41.119621],[-74.243404,41.119484],[-74.243077,41.119217],[-74.24194,41.118991],[-74.241545,41.118921]]}},{"type":"Feature","properties":{"name":"","blaze":null},"geometry":{"type":"LineString","coordinates":[[-74.242191,41.117984],[-74.242819,41.118142],[-74.243045,41.118344],[-74.243115,41.118643],[-74.243077,41.119217]]}},{"type":"Feature","properties":{"name":"Cooper Union Trail","blaze":null},"geometry":{"type":"LineString","coordinates":[[-74.247682,41.134469],[-74.247799,41.134343],[-74.248147,41.134223],[-74.248452,41.134143],[-74.248505,41.134008],[-74.248493,41.133644],[-74.248435,41.133558],[-74.248229,41.133548],[-74.248181,41.133524],[-74.248123,41.133343],[-74.248068,41.133188],[-74.248009,41.132823],[-74.247973,41.132723],[-74.247986,41.132489],[-74.247925,41.132397],[-74.247794,41.132266],[-74.247743,41.132124],[-74.247736,41.131966],[-74.247743,41.131887],[-74.247831,41.13174],[-74.247827,41.131662],[-74.247779,41.13155],[-74.247762,41.131396],[-74.247527,41.131297],[-74.247173,41.131007],[-74.247108,41.130858],[-74.247419,41.130253],[-74.24756,41.130241],[-74.24786,41.1304],[-74.248042,41.13036],[-74.248549,41.130195],[-74.248766,41.13009],[-74.248916,41.129641],[-74.249462,41.12909],[-74.249539,41.128805]]}},{"type":"Feature","properties":{"name":"Hickory Cups Trail","blaze":null},"geometry":{"type":"LineString","coordinates":[[-74.250771,41.128799],[-74.250637,41.128856],[-74.25053,41.128872],[-74.250423,41.128876],[-74.250315,41.128872],[-74.250208,41.128848],[-74.250106,41.128831],[-74.250004,41.128819],[-74.249902,41.128815],[-74.24979,41.128811],[-74.249682,41.128815],[-74.249539,41.128805]]}},{"type":"Feature","properties":{"name":"Judith Ann Trail","blaze":null},"geometry":{"type":"LineString","coordinates":[[-74.250771,41.128799],[-74.250771,41.12871],[-74.250766,41.128537],[-74.250771,41.128403],[-74.250771,41.128314],[-74.250771,41.128266],[-74.250728,41.12812],[-74.250675,41.127975],[-74.25061,41.127817],[-74.250594,41.127765],[-74.250543,41.127651]]}},{"type":"Feature","properties":{"name":"Judith Ann/Hickory Cups Trail","blaze":null},"geometry":{"type":"LineString","coordinates":[[-74.251007,41.129214],[-74.25097,41.129179],[-74.250868,41.129094]]}},{"type":"Feature","properties":{"name":"Judith Ann/Hickory Cups Trail","blaze":null},"geometry":{"type":"LineString","coordinates":[[-74.250868,41.129094],[-74.250804,41.129017],[-74.250771,41.128945],[-74.250771,41.128912],[-74.250771,41.128799]]}},{"type":"Feature","properties":{"name":"Ringwood-Ramapo Trail","blaze":null},"geometry":{"type":"LineString","coordinates":[[-74.248829,41.138361],[-74.248951,41.138444],[-74.248778,41.138844],[-74.248603,41.139243]]}},{"type":"Feature","properties":{"name":"Bear Swamp Road","blaze":null},"geometry":{"type":"LineString","coordinates":[[-74.216316,41.117108],[-74.215885,41.116782],[-74.215164,41.116496],[-74.214647,41.116179],[-74.214563,41.116086],[-74.214521,41.115864],[-74.21468,41.115431],[-74.214628,41.115174],[-74.21432,41.114903],[-74.214315,41.114728],[-74.214194,41.114397],[-74.214577,41.113637],[-74.214913,41.113046],[-74.215134,41.112907]]}},{"type":"Feature","properties":{"name":"","blaze":null},"geometry":{"type":"LineString","coordinates":[[-74.252296,41.146569],[-74.252247,41.146768],[-74.252139,41.146935],[-74.252021,41.147089],[-74.251914,41.147234],[-74.251785,41.147388],[-74.251635,41.147541],[-74.251496,41.147711],[-74.251399,41.147913],[-74.251356,41.148056],[-74.251384,41.148281],[-74.251362,41.148494],[-74.251352,41.148677],[-74.251367,41.148777],[-74.251453,41.148947],[-74.251563,41.1491],[-74.251627,41.149275],[-74.251635,41.149448],[-74.251635,41.149625],[-74.251624,41.149811],[-74.251567,41.15005]]}},{"type":"Feature","properties":{"name":"","blaze":null},"geometry":{"type":"LineString","coordinates":[[-74.25143,41.140798],[-74.251248,41.141168]]}},{"type":"Feature","properties":{"name":"","blaze":null},"geometry":{"type":"LineString","coordinates":[[-74.24943,41.141057],[-74.249335,41.141013]]}},{"type":"Feature","properties":{"name":"","blaze":null},"geometry":{"type":"LineString","coordinates":[[-74.249586,41.141134],[-74.24943,41.141057]]}},{"type":"Feature","properties":{"name":"","blaze":null},"geometry":{"type":"LineString","coordinates":[[-74.217071,41.117406],[-74.216543,41.117417],[-74.21637,41.11731]]}},{"type":"Feature","properties":{"name":"","blaze":null},"geometry":{"type":"LineString","coordinates":[[-74.216543,41.117417],[-74.216422,41.11761]]}},{"type":"Feature","properties":{"name":"Halifax Trail","blaze":null},"geometry":{"type":"LineString","coordinates":[[-74.215575,41.112702],[-74.215633,41.112526],[-74.215642,41.112396],[-74.215554,41.112313],[-74.215501,41.112195],[-74.215577,41.111938],[-74.215851,41.111677],[-74.215846,41.111536],[-74.215582,41.111362],[-74.215388,41.111042],[-74.215382,41.110635],[-74.215323,41.110557],[-74.215326,41.110265],[-74.215665,41.109989],[-74.215847,41.109299],[-74.215786,41.109157],[-74.215533,41.109005],[-74.215496,41.108918],[-74.215616,41.108709],[-74.215564,41.108301],[-74.215367,41.108184],[-74.215292,41.108104],[-74.215236,41.107666],[-74.215226,41.106923],[-74.215368,41.10654],[-74.215306,41.106398],[-74.215376,41.106073],[-74.215064,41.105423],[-74.215092,41.10495],[-74.214988,41.104746],[-74.214983,41.104542],[-74.215127,41.104319],[-74.215013,41.103723],[-74.21486,41.103426],[-74.214723,41.103269],[-74.21457,41.103217],[-74.214393,41.1032]]}},{"type":"Feature","properties":{"name":"Bear Swamp Road/Halifax Trail","blaze":null},"geometry":{"type":"LineString","coordinates":[[-74.215134,41.112907],[-74.215521,41.112771],[-74.215575,41.112702]]}},{"type":"Feature","properties":{"name":"Tennesee Gas Service Road","blaze":null},"geometry":{"type":"LineString","coordinates":[[-74.215575,41.112702],[-74.215288,41.112417],[-74.214811,41.112074],[-74.214226,41.11167],[-74.213142,41.111085],[-74.212667,41.110788],[-74.21234,41.110435],[-74.212254,41.110231],[-74.21219,41.109881],[-74.212115,41.109823],[-74.211967,41.10982],[-74.21144,41.109921],[-74.211125,41.10994],[-74.210852,41.109895],[-74.210718,41.109892],[-74.210328,41.110113],[-74.210218,41.110087]]}},{"type":"Feature","properties":{"name":"","blaze":null},"geometry":{"type":"LineString","coordinates":[[-74.211273,41.133056],[-74.211521,41.132864],[-74.211782,41.132712],[-74.212016,41.132443],[-74.212119,41.132306],[-74.212228,41.132227],[-74.212338,41.1322],[-74.212628,41.132197],[-74.212777,41.132187],[-74.213173,41.132323],[-74.2134,41.132362],[-74.213747,41.132306],[-74.214147,41.132248],[-74.214497,41.132091],[-74.21461,41.131997],[-74.214695,41.131811],[-74.214985,41.131155],[-74.215226,41.130542],[-74.215354,41.130369],[-74.215683,41.130019],[-74.215799,41.129897]]}},{"type":"Feature","properties":{"name":"Mountain Bike Loop/Race Trail","blaze":null},"geometry":{"type":"LineString","coordinates":[[-74.221148,41.121685],[-74.221185,41.12147],[-74.22125,41.120817]]}},{"type":"Feature","properties":{"name":"","blaze":null},"geometry":{"type":"LineString","coordinates":[[-74.22125,41.120817],[-74.221193,41.120843],[-74.220693,41.120855]]}},{"type":"Feature","properties":{"name":"Five Ponds Loop Trail","blaze":null},"geometry":{"type":"LineString","coordinates":[[-74.228782,41.11021],[-74.228611,41.110032],[-74.228681,41.109591],[-74.228663,41.109435]]}},{"type":"Feature","properties":{"name":"Gatun Pond Road","blaze":null},"geometry":{"type":"LineString","coordinates":[[-74.232257,41.106753],[-74.23229,41.106765],[-74.232438,41.106902],[-74.232564,41.107003]]}},{"type":"Feature","properties":{"name":"Weyble Pond Road/Mountain Bike Loop/Race Trail","blaze":null},"geometry":{"type":"LineString","coordinates":[[-74.22175,41.119868],[-74.221716,41.119818],[-74.221724,41.11972],[-74.221884,41.119495]]}},{"type":"Feature","properties":{"name":"","blaze":null},"geometry":{"type":"LineString","coordinates":[[-74.220193,41.12922],[-74.220024,41.129629],[-74.219817,41.130003],[-74.219756,41.130256],[-74.219589,41.130476],[-74.219408,41.130574],[-74.219186,41.130646],[-74.219019,41.130727],[-74.218887,41.130892],[-74.218582,41.131414],[-74.218289,41.132082],[-74.217975,41.132618],[-74.21767,41.1333],[-74.217473,41.133549],[-74.217245,41.13373],[-74.217011,41.134015],[-74.216749,41.134284],[-74.215884,41.135111]]}},{"type":"Feature","properties":{"name":"","blaze":null},"geometry":{"type":"LineString","coordinates":[[-74.234511,41.13203],[-74.234548,41.13185],[-74.234598,41.131395],[-74.234604,41.131174],[-74.234668,41.13085],[-74.234628,41.130713],[-74.234481,41.130481],[-74.23437,41.130251],[-74.234286,41.13017],[-74.233886,41.130042],[-74.233618,41.129993],[-74.232946,41.130116],[-74.23282,41.130107],[-74.232459,41.129956],[-74.232281,41.129889],[-74.232139,41.129875],[-74.231803,41.129926]]}},{"type":"Feature","properties":{"name":"","blaze":null},"geometry":{"type":"LineString","coordinates":[[-74.237253,41.119233],[-74.237103,41.118885],[-74.237016,41.118681],[-74.237072,41.118441]]}},{"type":"Feature","properties":{"name":"","blaze":null},"geometry":{"type":"LineString","coordinates":[[-74.237541,41.119741],[-74.237414,41.119576],[-74.237287,41.119299]]}},{"type":"Feature","properties":{"name":"","blaze":null},"geometry":{"type":"LineString","coordinates":[[-74.237287,41.119299],[-74.237253,41.119233]]}},{"type":"Feature","properties":{"name":"","blaze":null},"geometry":{"type":"LineString","coordinates":[[-74.23684,41.144054],[-74.238627,41.144863],[-74.239333,41.145126],[-74.241077,41.145896],[-74.241259,41.145931],[-74.241511,41.145863],[-74.241715,41.145826]]}},{"type":"Feature","properties":{"name":"","blaze":null},"geometry":{"type":"LineString","coordinates":[[-74.241988,41.145952],[-74.242336,41.145898],[-74.24277,41.145635],[-74.242882,41.145615],[-74.243117,41.145639],[-74.243247,41.145671],[-74.243434,41.145749]]}},{"type":"Feature","properties":{"name":"","blaze":null},"geometry":{"type":"LineString","coordinates":[[-74.241715,41.145826],[-74.241759,41.145846],[-74.241875,41.145915],[-74.241988,41.145952]]}},{"type":"Feature","properties":{"name":"Cooper Union Trail","blaze":null},"geometry":{"type":"LineString","coordinates":[[-74.244411,41.140924],[-74.244358,41.140969],[-74.244198,41.14108],[-74.244119,41.141317],[-74.244069,41.14147],[-74.243789,41.141464],[-74.243751,41.141678],[-74.243647,41.141812],[-74.243525,41.141939],[-74.243331,41.14206],[-74.243291,41.142303],[-74.243162,41.142567],[-74.242873,41.142839],[-74.242635,41.142798],[-74.242372,41.14277],[-74.24241,41.142869],[-74.242664,41.142954]]}},{"type":"Feature","properties":{"name":"","blaze":null},"geometry":{"type":"LineString","coordinates":[[-74.240859,41.145071],[-74.241184,41.145267],[-74.2413,41.145356],[-74.241347,41.145487],[-74.241422,41.145609],[-74.241578,41.145743],[-74.241648,41.145795],[-74.241715,41.145826]]}},{"type":"Feature","properties":{"name":"","blaze":null},"geometry":{"type":"LineString","coordinates":[[-74.248815,41.135129],[-74.248715,41.134923],[-74.248659,41.134858],[-74.248508,41.13457],[-74.248453,41.134389],[-74.248452,41.134143]]}},{"type":"Feature","properties":{"name":"Weyble Pond Road/Mountain Bike Loop/Race Trail","blaze":null},"geometry":{"type":"LineString","coordinates":[[-74.221884,41.119495],[-74.222001,41.119331]]}},{"type":"Feature","properties":{"name":"Five Ponds Loop Trail/Mountain Bike Loop/Race Trail","blaze":null},"geometry":{"type":"LineString","coordinates":[[-74.226748,41.11142],[-74.226845,41.111515]]}},{"type":"Feature","properties":{"name":"Five Ponds Loop Trail","blaze":null},"geometry":{"type":"LineString","coordinates":[[-74.228594,41.108926],[-74.228576,41.108874]]}},{"type":"Feature","properties":{"name":"Five Ponds Loop Trail","blaze":null},"geometry":{"type":"LineString","coordinates":[[-74.228663,41.109435],[-74.228644,41.10932],[-74.228649,41.109122],[-74.228594,41.108926]]}},{"type":"Feature","properties":{"name":"Ringwood-Ramapo Trail","blaze":null},"geometry":{"type":"LineString","coordinates":[[-74.225382,41.128085],[-74.22555,41.128253],[-74.225722,41.128317],[-74.225908,41.128511],[-74.225868,41.128717],[-74.225339,41.128935],[-74.225071,41.129147],[-74.224538,41.129852],[-74.224568,41.130099],[-74.224869,41.130742],[-74.224996,41.130805],[-74.224979,41.131035],[-74.225238,41.131705],[-74.225309,41.132111],[-74.225246,41.132549]]}},{"type":"Feature","properties":{"name":"Mountain Bike Loop/Race Trail","blaze":"red"},"geometry":{"type":"LineString","coordinates":[[-74.225186,41.126748],[-74.224968,41.126842],[-74.224854,41.126964],[-74.224819,41.12715],[-74.224777,41.127238],[-74.224761,41.127337],[-74.224719,41.127435],[-74.224748,41.127532],[-74.224741,41.127599],[-74.224703,41.127756],[-74.224802,41.127872],[-74.224885,41.128056],[-74.225079,41.128203],[-74.225235,41.128205],[-74.22525,41.128116],[-74.225382,41.128085]]}},{"type":"Feature","properties":{"name":"Halifax Trail","blaze":null},"geometry":{"type":"LineString","coordinates":[[-74.214393,41.1032],[-74.214287,41.103273],[-74.214176,41.103311]]}}]}