<?xml version="1.0" encoding="UTF-8"?>
<gpx version="1.1" creator="false-summit-studio" xmlns="http://www.topografix.com/GPX/1/1" xmlns:xsi="http://www.w3.org/2001/XMLSchema-instance" xsi:schemaLocation="http://www.topografix.com/GPX/1/1 http://www.topografix.com/GPX/1/1/gpx.xsd">
  <metadata>
    <name>Pocantico Hills Marathon</name>
  </metadata>
  <trk>
    <name>Pocantico Hills Marathon</name>
    <trkseg>
      <trkpt lat="41.1125011224651" lon="-73.8656759262085"></trkpt>
      <trkpt lat="41.11247000000001" lon="-73.86567000000002"></trkpt>
      <trkpt lat="41.11223" lon="-73.86554999999998"></trkpt>
      <trkpt lat="41.11209" lon="-73.86553000000004"></trkpt>
      <trkpt lat="41.11209" lon="-73.86553000000004"></trkpt>
      <trkpt lat="41.11209" lon="-73.86553000000004"></trkpt>
      <trkpt lat="41.11209000000001" lon="-73.86553000000004"></trkpt>
      <trkpt lat="41.11209" lon="-73.86553000000004"></trkpt>
      <trkpt lat="41.11209" lon="-73.86553000000004"></trkpt>
      <trkpt lat="41.11208" lon="-73.86547999999999"></trkpt>
      <trkpt lat="41.11216" lon="-73.86529000000002"></trkpt>
      <trkpt lat="41.11231" lon="-73.86505"></trkpt>
      <trkpt lat="41.11236" lon="-73.86493999999999"></trkpt>
      <trkpt lat="41.11242" lon="-73.86451"></trkpt>
      <trkpt lat="41.11242" lon="-73.86451"></trkpt>
      <trkpt lat="41.11247" lon="-73.86433999999997"></trkpt>
      <trkpt lat="41.11247" lon="-73.86433999999997"></trkpt>
      <trkpt lat="41.11274" lon="-73.86394999999999"></trkpt>
      <trkpt lat="41.11283" lon="-73.86376000000001"></trkpt>
      <trkpt lat="41.11283" lon="-73.86376000000001"></trkpt>
      <trkpt lat="41.11283343381079" lon="-73.86375038532981"></trkpt>
      <trkpt lat="41.11283343381201" lon="-73.86375038532981"></trkpt>
      <trkpt lat="41.11283" lon="-73.86376000000001"></trkpt>
      <trkpt lat="41.11283000000001" lon="-73.86376000000001"></trkpt>
      <trkpt lat="41.11283" lon="-73.86376000000001"></trkpt>
      <trkpt lat="41.11283" lon="-73.86376000000001"></trkpt>
      <trkpt lat="41.11296" lon="-73.86385000000001"></trkpt>
      <trkpt lat="41.11322" lon="-73.86394000000001"></trkpt>
      <trkpt lat="41.11322" lon="-73.86394000000001"></trkpt>
      <trkpt lat="41.11343" lon="-73.86399"></trkpt>
      <trkpt lat="41.11352" lon="-73.86408"></trkpt>
      <trkpt lat="41.11375" lon="-73.86446000000001"></trkpt>
      <trkpt lat="41.1138" lon="-73.8646"></trkpt>
      <trkpt lat="41.11383" lon="-73.86484000000002"></trkpt>
      <trkpt lat="41.11383" lon="-73.86484000000002"></trkpt>
      <trkpt lat="41.113830000000014" lon="-73.86484000000002"></trkpt>
      <trkpt lat="41.113811620834156" lon="-73.86548939256204"></trkpt>
      <trkpt lat="41.11381" lon="-73.86549000000002"></trkpt>
      <trkpt lat="41.11389" lon="-73.86545999999998"></trkpt>
      <trkpt lat="41.11411" lon="-73.86527999999998"></trkpt>
      <trkpt lat="41.11428" lon="-73.86518999999998"></trkpt>
      <trkpt lat="41.11464" lon="-73.86508000000003"></trkpt>
      <trkpt lat="41.11567" lon="-73.86496999999997"></trkpt>
      <trkpt lat="41.11602" lon="-73.86495000000002"></trkpt>
      <trkpt lat="41.11602" lon="-73.86495000000002"></trkpt>
      <trkpt lat="41.11642" lon="-73.86500999999998"></trkpt>
      <trkpt lat="41.11642" lon="-73.86500999999998"></trkpt>
      <trkpt lat="41.11668" lon="-73.86498"></trkpt>
      <trkpt lat="41.11702" lon="-73.86511000000002"></trkpt>
      <trkpt lat="41.1172" lon="-73.86523999999997"></trkpt>
      <trkpt lat="41.11735" lon="-73.86543"></trkpt>
      <trkpt lat="41.11756" lon="-73.86574999999999"></trkpt>
      <trkpt lat="41.11758" lon="-73.86581999999999"></trkpt>
      <trkpt lat="41.11758" lon="-73.86581999999999"></trkpt>
      <trkpt lat="41.11803" lon="-73.86579999999998"></trkpt>
      <trkpt lat="41.11803" lon="-73.86579999999998"></trkpt>
      <trkpt lat="41.11803176233444" lon="-73.8658123363411"></trkpt>
      <trkpt lat="41.11803176233457" lon="-73.8658123363411"></trkpt>
      <trkpt lat="41.11804" lon="-73.86586999999997"></trkpt>
      <trkpt lat="41.11821" lon="-73.86592000000002"></trkpt>
      <trkpt lat="41.11865" lon="-73.86588"></trkpt>
      <trkpt lat="41.11881" lon="-73.86592999999999"></trkpt>
      <trkpt lat="41.11909" lon="-73.86608999999999"></trkpt>
      <trkpt lat="41.11928" lon="-73.86613999999997"></trkpt>
      <trkpt lat="41.11928" lon="-73.86613999999997"></trkpt>
      <trkpt lat="41.11929" lon="-73.86592000000002"></trkpt>
      <trkpt lat="41.11932" lon="-73.86581999999999"></trkpt>
      <trkpt lat="41.11931" lon="-73.86576000000002"></trkpt>
      <trkpt lat="41.11933" lon="-73.86554000000001"></trkpt>
      <trkpt lat="41.11931" lon="-73.86538000000002"></trkpt>
      <trkpt lat="41.11915" lon="-73.86505"></trkpt>
      <trkpt lat="41.11915" lon="-73.86505"></trkpt>
      <trkpt lat="41.11915" lon="-73.86505"></trkpt>
      <trkpt lat="41.11931" lon="-73.86538000000002"></trkpt>
      <trkpt lat="41.11915" lon="-73.86505"></trkpt>
      <trkpt lat="41.11915" lon="-73.86505"></trkpt>
      <trkpt lat="41.11901" lon="-73.86500999999998"></trkpt>
      <trkpt lat="41.11892" lon="-73.86490000000003"></trkpt>
      <trkpt lat="41.11892" lon="-73.86490000000003"></trkpt>
      <trkpt lat="41.11889" lon="-73.86478"></trkpt>
      <trkpt lat="41.11889" lon="-73.86478"></trkpt>
      <trkpt lat="41.11881" lon="-73.86471"></trkpt>
      <trkpt lat="41.11881" lon="-73.86471"></trkpt>
      <trkpt lat="41.11874" lon="-73.86469"></trkpt>
      <trkpt lat="41.11874" lon="-73.86469"></trkpt>
      <trkpt lat="41.11863" lon="-73.86459000000002"></trkpt>
      <trkpt lat="41.11861" lon="-73.86453"></trkpt>
      <trkpt lat="41.11861" lon="-73.86453"></trkpt>
      <trkpt lat="41.11859" lon="-73.86445000000003"></trkpt>
      <trkpt lat="41.11859" lon="-73.86445000000003"></trkpt>
      <trkpt lat="41.11855" lon="-73.86430000000001"></trkpt>
      <trkpt lat="41.1185" lon="-73.86421999999999"></trkpt>
      <trkpt lat="41.1185" lon="-73.86421999999999"></trkpt>
      <trkpt lat="41.11845" lon="-73.86418000000003"></trkpt>
      <trkpt lat="41.11845" lon="-73.86418000000003"></trkpt>
      <trkpt lat="41.11829" lon="-73.86403000000001"></trkpt>
      <trkpt lat="41.11822" lon="-73.86392999999998"></trkpt>
      <trkpt lat="41.11822" lon="-73.86392999999998"></trkpt>
      <trkpt lat="41.11818" lon="-73.86383000000001"></trkpt>
      <trkpt lat="41.11818" lon="-73.86383000000001"></trkpt>
      <trkpt lat="41.11815" lon="-73.86347"></trkpt>
      <trkpt lat="41.11815" lon="-73.86347"></trkpt>
      <trkpt lat="41.11814088324372" lon="-73.86332869027763"></trkpt>
      <trkpt lat="41.11814088324447" lon="-73.86332869027763"></trkpt>
      <trkpt lat="41.11815" lon="-73.86347"></trkpt>
      <trkpt lat="41.11815" lon="-73.86347"></trkpt>
      <trkpt lat="41.11842" lon="-73.86352999999997"></trkpt>
      <trkpt lat="41.11861" lon="-73.86367000000001"></trkpt>
      <trkpt lat="41.11867" lon="-73.86367999999999"></trkpt>
      <trkpt lat="41.11871" lon="-73.86365"></trkpt>
      <trkpt lat="41.11873" lon="-73.86354"></trkpt>
      <trkpt lat="41.1187" lon="-73.86322000000001"></trkpt>
      <trkpt lat="41.1187" lon="-73.86310000000003"></trkpt>
      <trkpt lat="41.11876" lon="-73.86295000000001"></trkpt>
      <trkpt lat="41.11881" lon="-73.86289999999997"></trkpt>
      <trkpt lat="41.11886" lon="-73.86291"></trkpt>
      <trkpt lat="41.11907" lon="-73.86316"></trkpt>
      <trkpt lat="41.11913" lon="-73.86319000000003"></trkpt>
      <trkpt lat="41.11922" lon="-73.86320999999998"></trkpt>
      <trkpt lat="41.11928" lon="-73.86316"></trkpt>
      <trkpt lat="41.11928" lon="-73.86316"></trkpt>
      <trkpt lat="41.119215044665594" lon="-73.86307256012674"></trkpt>
      <trkpt lat="41.11921504476209" lon="-73.86307256012674"></trkpt>
      <trkpt lat="41.11902" lon="-73.86280999999997"></trkpt>
      <trkpt lat="41.11889" lon="-73.86248"></trkpt>
      <trkpt lat="41.1188" lon="-73.86198000000002"></trkpt>
      <trkpt lat="41.11895" lon="-73.86091999999996"></trkpt>
      <trkpt lat="41.11895" lon="-73.86091999999996"></trkpt>
      <trkpt lat="41.11903" lon="-73.86031000000003"></trkpt>
      <trkpt lat="41.11903" lon="-73.86031000000003"></trkpt>
      <trkpt lat="41.11902" lon="-73.86003"></trkpt>
      <trkpt lat="41.11898921711625" lon="-73.85988634654245"></trkpt>
      <trkpt lat="41.11898921713014" lon="-73.85988634654245"></trkpt>
      <trkpt lat="41.11893" lon="-73.85960999999998"></trkpt>
      <trkpt lat="41.11886" lon="-73.8594"></trkpt>
      <trkpt lat="41.11876" lon="-73.85921000000002"></trkpt>
      <trkpt lat="41.11874100589503" lon="-73.8591891067274"></trkpt>
      <trkpt lat="41.11856" lon="-73.85899"></trkpt>
      <trkpt lat="41.11826" lon="-73.85872"></trkpt>
      <trkpt lat="41.11804" lon="-73.85858000000002"></trkpt>
      <trkpt lat="41.11772" lon="-73.85852"></trkpt>
      <trkpt lat="41.11751" lon="-73.85852"></trkpt>
      <trkpt lat="41.11613" lon="-73.85867000000002"></trkpt>
      <trkpt lat="41.11586" lon="-73.85876000000002"></trkpt>
      <trkpt lat="41.11546" lon="-73.85876000000002"></trkpt>
      <trkpt lat="41.11523" lon="-73.85870999999997"></trkpt>
      <trkpt lat="41.11463" lon="-73.85838999999999"></trkpt>
      <trkpt lat="41.11405102884901" lon="-73.85817556624039"></trkpt>
      <trkpt lat="41.11405103582083" lon="-73.85817556624039"></trkpt>
      <trkpt lat="41.11247" lon="-73.85759000000002"></trkpt>
      <trkpt lat="41.11247" lon="-73.85759000000002"></trkpt>
      <trkpt lat="41.11233" lon="-73.85753999999997"></trkpt>
      <trkpt lat="41.11233" lon="-73.85753999999997"></trkpt>
      <trkpt lat="41.11188" lon="-73.85738000000003"></trkpt>
      <trkpt lat="41.11169" lon="-73.85723000000002"></trkpt>
      <trkpt lat="41.11144" lon="-73.85680000000002"></trkpt>
      <trkpt lat="41.11101" lon="-73.85591999999997"></trkpt>
      <trkpt lat="41.11088" lon="-73.85572000000002"></trkpt>
      <trkpt lat="41.11034" lon="-73.85521"></trkpt>
      <trkpt lat="41.10978" lon="-73.85473000000002"></trkpt>
      <trkpt lat="41.1097" lon="-73.85458"></trkpt>
      <trkpt lat="41.10959" lon="-73.85424999999998"></trkpt>
      <trkpt lat="41.10959" lon="-73.85424999999998"></trkpt>
      <trkpt lat="41.10959" lon="-73.85424999999998"></trkpt>
      <trkpt lat="41.10946" lon="-73.85435000000001"></trkpt>
      <trkpt lat="41.10946" lon="-73.85435000000001"></trkpt>
      <trkpt lat="41.10936482006224" lon="-73.85441040150005"></trkpt>
      <trkpt lat="41.10936482006224" lon="-73.85441040150005"></trkpt>
      <trkpt lat="41.1091308704231" lon="-73.85455887077683"></trkpt>
      <trkpt lat="41.1091308704231" lon="-73.85455887077683"></trkpt>
      <trkpt lat="41.10905615567824" lon="-73.85460628551772"></trkpt>
      <trkpt lat="41.10905615567824" lon="-73.85460628551772"></trkpt>
      <trkpt lat="41.10894" lon="-73.85468000000003"></trkpt>
      <trkpt lat="41.10894" lon="-73.85468000000003"></trkpt>
      <trkpt lat="41.10891920887675" lon="-73.85469247467393"></trkpt>
      <trkpt lat="41.10891920889719" lon="-73.85469247467393"></trkpt>
      <trkpt lat="41.10879" lon="-73.85477000000003"></trkpt>
      <trkpt lat="41.10879" lon="-73.85477000000003"></trkpt>
      <trkpt lat="41.10844" lon="-73.85498000000001"></trkpt>
      <trkpt lat="41.10844" lon="-73.85498000000001"></trkpt>
      <trkpt lat="41.10844" lon="-73.85498000000001"></trkpt>
      <trkpt lat="41.10847" lon="-73.85528999999997"></trkpt>
      <trkpt lat="41.10848" lon="-73.85555999999997"></trkpt>
      <trkpt lat="41.10841" lon="-73.85579999999999"></trkpt>
      <trkpt lat="41.10834" lon="-73.85595999999998"></trkpt>
      <trkpt lat="41.10815" lon="-73.85618"></trkpt>
      <trkpt lat="41.10799" lon="-73.85631000000001"></trkpt>
      <trkpt lat="41.10788" lon="-73.85636"></trkpt>
      <trkpt lat="41.10788" lon="-73.85636"></trkpt>
      <trkpt lat="41.10788" lon="-73.85636"></trkpt>
      <trkpt lat="41.1077" lon="-73.85675000000003"></trkpt>
      <trkpt lat="41.10755" lon="-73.85685000000001"></trkpt>
      <trkpt lat="41.10737" lon="-73.85675000000003"></trkpt>
      <trkpt lat="41.10726" lon="-73.85675000000003"></trkpt>
      <trkpt lat="41.10719" lon="-73.85662000000002"></trkpt>
      <trkpt lat="41.10715" lon="-73.85647"></trkpt>
      <trkpt lat="41.10704" lon="-73.85633000000001"></trkpt>
      <trkpt lat="41.10691" lon="-73.85622999999998"></trkpt>
      <trkpt lat="41.10674" lon="-73.85629"></trkpt>
      <trkpt lat="41.10605" lon="-73.85627999999997"></trkpt>
      <trkpt lat="41.10582" lon="-73.85635000000002"></trkpt>
      <trkpt lat="41.10561" lon="-73.85651000000001"></trkpt>
      <trkpt lat="41.10545" lon="-73.85660000000001"></trkpt>
      <trkpt lat="41.10468" lon="-73.85687000000001"></trkpt>
      <trkpt lat="41.10448" lon="-73.8569"></trkpt>
      <trkpt lat="41.10434" lon="-73.85699"></trkpt>
      <trkpt lat="41.10415" lon="-73.85705000000002"></trkpt>
      <trkpt lat="41.10373" lon="-73.85721999999998"></trkpt>
      <trkpt lat="41.10359" lon="-73.85726999999997"></trkpt>
      <trkpt lat="41.10347576189149" lon="-73.85728087981988"></trkpt>
      <trkpt lat="41.103475761974785" lon="-73.85728087981988"></trkpt>
      <trkpt lat="41.10338" lon="-73.85729000000003"></trkpt>
      <trkpt lat="41.10316" lon="-73.85726"></trkpt>
      <trkpt lat="41.10276" lon="-73.85739000000001"></trkpt>
      <trkpt lat="41.10254" lon="-73.85750999999999"></trkpt>
      <trkpt lat="41.10228" lon="-73.85791"></trkpt>
      <trkpt lat="41.1022" lon="-73.85795999999999"></trkpt>
      <trkpt lat="41.10165" lon="-73.85784000000001"></trkpt>
      <trkpt lat="41.10156" lon="-73.85773"></trkpt>
      <trkpt lat="41.10127" lon="-73.85753999999997"></trkpt>
      <trkpt lat="41.10118" lon="-73.85755"></trkpt>
      <trkpt lat="41.10108" lon="-73.85762"></trkpt>
      <trkpt lat="41.10108" lon="-73.85762"></trkpt>
      <trkpt lat="41.10108" lon="-73.85762"></trkpt>
      <trkpt lat="41.10083" lon="-73.85759000000002"></trkpt>
      <trkpt lat="41.10055" lon="-73.85750999999999"></trkpt>
      <trkpt lat="41.10055" lon="-73.85750999999999"></trkpt>
      <trkpt lat="41.100548125910784" lon="-73.8575065641698"></trkpt>
      <trkpt lat="41.100548125911615" lon="-73.8575065641698"></trkpt>
      <trkpt lat="41.10049" lon="-73.85739999999998"></trkpt>
      <trkpt lat="41.10049" lon="-73.85730999999998"></trkpt>
      <trkpt lat="41.10053" lon="-73.85720000000003"></trkpt>
      <trkpt lat="41.10087" lon="-73.85678999999999"></trkpt>
      <trkpt lat="41.10133" lon="-73.85640999999998"></trkpt>
      <trkpt lat="41.10141" lon="-73.85638"></trkpt>
      <trkpt lat="41.1017" lon="-73.85638"></trkpt>
      <trkpt lat="41.10189" lon="-73.85631000000001"></trkpt>
      <trkpt lat="41.10189" lon="-73.85631000000001"></trkpt>
      <trkpt lat="41.10215" lon="-73.85622999999998"></trkpt>
      <trkpt lat="41.10219" lon="-73.85617000000002"></trkpt>
      <trkpt lat="41.10219" lon="-73.85617000000002"></trkpt>
      <trkpt lat="41.10219" lon="-73.85617000000002"></trkpt>
      <trkpt lat="41.10243" lon="-73.85624999999999"></trkpt>
      <trkpt lat="41.1026" lon="-73.85633999999999"></trkpt>
      <trkpt lat="41.10269" lon="-73.85635000000002"></trkpt>
      <trkpt lat="41.10281" lon="-73.85631000000001"></trkpt>
      <trkpt lat="41.10299" lon="-73.85615999999999"></trkpt>
      <trkpt lat="41.10306" lon="-73.85595999999998"></trkpt>
      <trkpt lat="41.10308" lon="-73.85579999999999"></trkpt>
      <trkpt lat="41.10316" lon="-73.85557"></trkpt>
      <trkpt lat="41.10335" lon="-73.85545000000002"></trkpt>
      <trkpt lat="41.10387" lon="-73.85525000000001"></trkpt>
      <trkpt lat="41.10476" lon="-73.85501"></trkpt>
      <trkpt lat="41.10569" lon="-73.85512"></trkpt>
      <trkpt lat="41.10615" lon="-73.8551"></trkpt>
      <trkpt lat="41.10652" lon="-73.85498000000001"></trkpt>
      <trkpt lat="41.10652" lon="-73.85498000000001"></trkpt>
      <trkpt lat="41.10667" lon="-73.85487"></trkpt>
      <trkpt lat="41.10687" lon="-73.85467"></trkpt>
      <trkpt lat="41.10704" lon="-73.85413"></trkpt>
      <trkpt lat="41.10726" lon="-73.85375999999997"></trkpt>
      <trkpt lat="41.10726" lon="-73.85375999999997"></trkpt>
      <trkpt lat="41.10748" lon="-73.85345999999998"></trkpt>
      <trkpt lat="41.10761" lon="-73.85333000000003"></trkpt>
      <trkpt lat="41.10779" lon="-73.85320999999999"></trkpt>
      <trkpt lat="41.10795" lon="-73.85318999999998"></trkpt>
      <trkpt lat="41.10795" lon="-73.85318756103516"></trkpt>
      <trkpt lat="41.107950000000024" lon="-73.85318756103516"></trkpt>
      <trkpt lat="41.10795" lon="-73.85312999999996"></trkpt>
      <trkpt lat="41.10782" lon="-73.85302999999999"></trkpt>
      <trkpt lat="41.10752" lon="-73.85293999999999"></trkpt>
      <trkpt lat="41.10707033577745" lon="-73.85284713456275"></trkpt>
      <trkpt lat="41.10707033577745" lon="-73.85284713456275"></trkpt>
      <trkpt lat="41.1066" lon="-73.85275000000001"></trkpt>
      <trkpt lat="41.10646" lon="-73.85273000000001"></trkpt>
      <trkpt lat="41.10612" lon="-73.85278"></trkpt>
      <trkpt lat="41.10588" lon="-73.85273999999998"></trkpt>
      <trkpt lat="41.10588449419339" lon="-73.85274074995203"></trkpt>
      <trkpt lat="41.10525" lon="-73.85338999999999"></trkpt>
      <trkpt lat="41.10485" lon="-73.85365000000002"></trkpt>
      <trkpt lat="41.10459" lon="-73.85390000000001"></trkpt>
      <trkpt lat="41.10355" lon="-73.8546"></trkpt>
      <trkpt lat="41.10311" lon="-73.85482999999999"></trkpt>
      <trkpt lat="41.10286931530426" lon="-73.85492332671879"></trkpt>
      <trkpt lat="41.102869315761126" lon="-73.85492332671879"></trkpt>
      <trkpt lat="41.10262" lon="-73.85501999999997"></trkpt>
      <trkpt lat="41.10262" lon="-73.85501999999997"></trkpt>
      <trkpt lat="41.10272" lon="-73.85532"></trkpt>
      <trkpt lat="41.10268" lon="-73.8555"></trkpt>
      <trkpt lat="41.10244" lon="-73.85595"></trkpt>
      <trkpt lat="41.10219" lon="-73.85617000000002"></trkpt>
      <trkpt lat="41.10219" lon="-73.85617000000002"></trkpt>
      <trkpt lat="41.10206" lon="-73.85611"></trkpt>
      <trkpt lat="41.10175" lon="-73.85613000000001"></trkpt>
      <trkpt lat="41.10148" lon="-73.85608000000002"></trkpt>
      <trkpt lat="41.10137" lon="-73.85609999999997"></trkpt>
      <trkpt lat="41.10114" lon="-73.85618999999997"></trkpt>
      <trkpt lat="41.10083" lon="-73.85636999999997"></trkpt>
      <trkpt lat="41.10048" lon="-73.85649000000001"></trkpt>
      <trkpt lat="41.10048" lon="-73.85649000000001"></trkpt>
      <trkpt lat="41.10001" lon="-73.85624999999999"></trkpt>
      <trkpt lat="41.10001" lon="-73.85624999999999"></trkpt>
      <trkpt lat="41.10001" lon="-73.85624999999999"></trkpt>
      <trkpt lat="41.100010000000005" lon="-73.85624999999999"></trkpt>
      <trkpt lat="41.09984" lon="-73.85615000000001"></trkpt>
      <trkpt lat="41.09984" lon="-73.85615000000001"></trkpt>
      <trkpt lat="41.0999" lon="-73.85612000000003"></trkpt>
      <trkpt lat="41.09995" lon="-73.85604000000001"></trkpt>
      <trkpt lat="41.10001" lon="-73.85586"></trkpt>
      <trkpt lat="41.10023" lon="-73.85564999999997"></trkpt>
      <trkpt lat="41.10037" lon="-73.85555999999997"></trkpt>
      <trkpt lat="41.10057" lon="-73.8555"></trkpt>
      <trkpt lat="41.10079" lon="-73.85537"></trkpt>
      <trkpt lat="41.10097" lon="-73.85523999999998"></trkpt>
      <trkpt lat="41.10112" lon="-73.85507000000001"></trkpt>
      <trkpt lat="41.1014" lon="-73.85482999999999"></trkpt>
      <trkpt lat="41.10186" lon="-73.85451"></trkpt>
      <trkpt lat="41.10248" lon="-73.85424"></trkpt>
      <trkpt lat="41.10248" lon="-73.85424"></trkpt>
      <trkpt lat="41.10261" lon="-73.85360000000003"></trkpt>
      <trkpt lat="41.10260390004828" lon="-73.8535542503621"></trkpt>
      <trkpt lat="41.10260390004893" lon="-73.8535542503621"></trkpt>
      <trkpt lat="41.10259" lon="-73.85345000000001"></trkpt>
      <trkpt lat="41.10231" lon="-73.85309999999998"></trkpt>
      <trkpt lat="41.10193" lon="-73.85250000000002"></trkpt>
      <trkpt lat="41.10193" lon="-73.85250000000002"></trkpt>
      <trkpt lat="41.10212" lon="-73.85223000000002"></trkpt>
      <trkpt lat="41.10212" lon="-73.85223000000002"></trkpt>
      <trkpt lat="41.10217" lon="-73.85212999999999"></trkpt>
      <trkpt lat="41.10217" lon="-73.85212999999999"></trkpt>
      <trkpt lat="41.10223" lon="-73.85194000000001"></trkpt>
      <trkpt lat="41.10223" lon="-73.85194000000001"></trkpt>
      <trkpt lat="41.10217451791358" lon="-73.85175274795836"></trkpt>
      <trkpt lat="41.10217451791358" lon="-73.85175274795836"></trkpt>
      <trkpt lat="41.10199" lon="-73.85113000000001"></trkpt>
      <trkpt lat="41.10178" lon="-73.85072000000002"></trkpt>
      <trkpt lat="41.10151" lon="-73.85046"></trkpt>
      <trkpt lat="41.10097" lon="-73.8501"></trkpt>
      <trkpt lat="41.10097" lon="-73.8501"></trkpt>
      <trkpt lat="41.1008" lon="-73.84996999999998"></trkpt>
      <trkpt lat="41.1007" lon="-73.84982000000002"></trkpt>
      <trkpt lat="41.10045" lon="-73.84908000000001"></trkpt>
      <trkpt lat="41.10045" lon="-73.84908000000001"></trkpt>
      <trkpt lat="41.10048811729577" lon="-73.84897367280655"></trkpt>
      <trkpt lat="41.10048811733983" lon="-73.84897367280655"></trkpt>
      <trkpt lat="41.10045" lon="-73.84908000000001"></trkpt>
      <trkpt lat="41.10045" lon="-73.84908000000001"></trkpt>
      <trkpt lat="41.10039" lon="-73.84929"></trkpt>
      <trkpt lat="41.10034" lon="-73.8494"></trkpt>
      <trkpt lat="41.10028" lon="-73.84944000000002"></trkpt>
      <trkpt lat="41.10021" lon="-73.84944000000002"></trkpt>
      <trkpt lat="41.10021" lon="-73.84944000000002"></trkpt>
      <trkpt lat="41.09994" lon="-73.84941000000003"></trkpt>
      <trkpt lat="41.09994" lon="-73.84941000000003"></trkpt>
      <trkpt lat="41.09987" lon="-73.84941000000003"></trkpt>
      <trkpt lat="41.099864659428306" lon="-73.84941013826608"></trkpt>
      <trkpt lat="41.09987" lon="-73.84980000000002"></trkpt>
      <trkpt lat="41.09989" lon="-73.8501"></trkpt>
      <trkpt lat="41.09989" lon="-73.8501"></trkpt>
      <trkpt lat="41.09992" lon="-73.85028999999997"></trkpt>
      <trkpt lat="41.10005" lon="-73.85054000000002"></trkpt>
      <trkpt lat="41.10005" lon="-73.85054000000002"></trkpt>
      <trkpt lat="41.10005" lon="-73.85054000000002"></trkpt>
      <trkpt lat="41.10003" lon="-73.85075999999998"></trkpt>
      <trkpt lat="41.10003" lon="-73.85075999999998"></trkpt>
      <trkpt lat="41.10003" lon="-73.85075999999998"></trkpt>
      <trkpt lat="41.09999" lon="-73.85079999999999"></trkpt>
      <trkpt lat="41.09905" lon="-73.85149999999999"></trkpt>
      <trkpt lat="41.09898" lon="-73.85154"></trkpt>
      <trkpt lat="41.09886" lon="-73.85154999999997"></trkpt>
      <trkpt lat="41.09842" lon="-73.85151000000002"></trkpt>
      <trkpt lat="41.0979" lon="-73.85154"></trkpt>
      <trkpt lat="41.09769" lon="-73.85167000000001"></trkpt>
      <trkpt lat="41.09716" lon="-73.85216000000003"></trkpt>
      <trkpt lat="41.09708852437795" lon="-73.85220594861414"></trkpt>
      <trkpt lat="41.09709" lon="-73.85221000000001"></trkpt>
      <trkpt lat="41.09707" lon="-73.85237999999998"></trkpt>
      <trkpt lat="41.09707" lon="-73.85237999999998"></trkpt>
      <trkpt lat="41.09707" lon="-73.85237999999998"></trkpt>
      <trkpt lat="41.09717" lon="-73.85275999999999"></trkpt>
      <trkpt lat="41.09726993602251" lon="-73.85336870122802"></trkpt>
      <trkpt lat="41.09670441702246" lon="-73.85309100151063"></trkpt>
      <trkpt lat="41.097264319151265" lon="-73.85336726903917"></trkpt>
      <trkpt lat="41.09717" lon="-73.85275999999999"></trkpt>
      <trkpt lat="41.09707" lon="-73.85237999999998"></trkpt>
      <trkpt lat="41.09707" lon="-73.85237999999998"></trkpt>
      <trkpt lat="41.09707" lon="-73.85237999999998"></trkpt>
      <trkpt lat="41.09709" lon="-73.85221000000001"></trkpt>
      <trkpt lat="41.09708852437795" lon="-73.85220594861414"></trkpt>
      <trkpt lat="41.09716" lon="-73.85216000000003"></trkpt>
      <trkpt lat="41.09769" lon="-73.85167000000001"></trkpt>
      <trkpt lat="41.09775347477583" lon="-73.85163070609116"></trkpt>
      <trkpt lat="41.0976944" lon="-73.8516708"></trkpt>
      <trkpt lat="41.0975863" lon="-73.8517607"></trkpt>
      <trkpt lat="41.0973253" lon="-73.852018"></trkpt>
      <trkpt lat="41.097157" lon="-73.852159"></trkpt>
      <trkpt lat="41.0970876" lon="-73.8522076"></trkpt>
      <trkpt lat="41.0970214" lon="-73.852254"></trkpt>
      <trkpt lat="41.0969107" lon="-73.8522812"></trkpt>
      <trkpt lat="41.096655905422004" lon="-73.85305881500246"></trkpt>
      <trkpt lat="41.093195318827405" lon="-73.85095596313478"></trkpt>
      <trkpt lat="41.09315999824257" lon="-73.85098888555783"></trkpt>
      <trkpt lat="41.09315" lon="-73.85097"></trkpt>
      <trkpt lat="41.09315" lon="-73.85097"></trkpt>
      <trkpt lat="41.09315" lon="-73.85097"></trkpt>
      <trkpt lat="41.09315" lon="-73.85085"></trkpt>
      <trkpt lat="41.09331" lon="-73.85037"></trkpt>
      <trkpt lat="41.09345" lon="-73.8501"></trkpt>
      <trkpt lat="41.09345" lon="-73.8501"></trkpt>
      <trkpt lat="41.09368" lon="-73.84978"></trkpt>
      <trkpt lat="41.09368" lon="-73.84978"></trkpt>
      <trkpt lat="41.09368" lon="-73.84978"></trkpt>
      <trkpt lat="41.09374" lon="-73.84964"></trkpt>
      <trkpt lat="41.09374" lon="-73.84953"></trkpt>
      <trkpt lat="41.0937" lon="-73.84937"></trkpt>
      <trkpt lat="41.0937" lon="-73.84937"></trkpt>
      <trkpt lat="41.09332" lon="-73.84892"></trkpt>
      <trkpt lat="41.09332" lon="-73.84892"></trkpt>
      <trkpt lat="41.09314" lon="-73.8491"></trkpt>
      <trkpt lat="41.09308" lon="-73.84921"></trkpt>
      <trkpt lat="41.0929" lon="-73.84957"></trkpt>
      <trkpt lat="41.09268" lon="-73.8501"></trkpt>
      <trkpt lat="41.09268" lon="-73.8501"></trkpt>
      <trkpt lat="41.09257" lon="-73.85035"></trkpt>
      <trkpt lat="41.09249" lon="-73.85042"></trkpt>
      <trkpt lat="41.09239" lon="-73.85044"></trkpt>
      <trkpt lat="41.09224" lon="-73.85034"></trkpt>
      <trkpt lat="41.09224" lon="-73.85034"></trkpt>
      <trkpt lat="41.09232" lon="-73.8501"></trkpt>
      <trkpt lat="41.09232" lon="-73.8501"></trkpt>
      <trkpt lat="41.09253" lon="-73.84933"></trkpt>
      <trkpt lat="41.09268" lon="-73.84828"></trkpt>
      <trkpt lat="41.092748409833725" lon="-73.84814318033254"></trkpt>
      <trkpt lat="41.09274840983975" lon="-73.84814318033254"></trkpt>
      <trkpt lat="41.09276" lon="-73.84812"></trkpt>
      <trkpt lat="41.09288" lon="-73.848"></trkpt>
      <trkpt lat="41.09305" lon="-73.84792"></trkpt>
      <trkpt lat="41.09379" lon="-73.84785"></trkpt>
      <trkpt lat="41.09465" lon="-73.84765"></trkpt>
      <trkpt lat="41.09525" lon="-73.84761"></trkpt>
      <trkpt lat="41.09591" lon="-73.84726"></trkpt>
      <trkpt lat="41.09591" lon="-73.84726"></trkpt>
      <trkpt lat="41.09606" lon="-73.84723"></trkpt>
      <trkpt lat="41.0963" lon="-73.84712"></trkpt>
      <trkpt lat="41.09659" lon="-73.84688"></trkpt>
      <trkpt lat="41.09674" lon="-73.84671"></trkpt>
      <trkpt lat="41.09689" lon="-73.84647"></trkpt>
      <trkpt lat="41.09741" lon="-73.84539"></trkpt>
      <trkpt lat="41.09747" lon="-73.8453"></trkpt>
      <trkpt lat="41.09754" lon="-73.84523"></trkpt>
      <trkpt lat="41.09754" lon="-73.84523"></trkpt>
      <trkpt lat="41.09731" lon="-73.84422"></trkpt>
      <trkpt lat="41.09731" lon="-73.84422"></trkpt>
      <trkpt lat="41.09731" lon="-73.84383"></trkpt>
      <trkpt lat="41.09731" lon="-73.84383"></trkpt>
      <trkpt lat="41.097305052131986" lon="-73.84376897629441"></trkpt>
      <trkpt lat="41.097305052131986" lon="-73.84376897629441"></trkpt>
      <trkpt lat="41.09728" lon="-73.84346"></trkpt>
      <trkpt lat="41.09721" lon="-73.84303"></trkpt>
      <trkpt lat="41.09706343215399" lon="-73.84271650766269"></trkpt>
      <trkpt lat="41.09706343231011" lon="-73.8427165076627"></trkpt>
      <trkpt lat="41.096923493272406" lon="-73.84241719394376"></trkpt>
      <trkpt lat="41.096923493272406" lon="-73.84241719394376"></trkpt>
      <trkpt lat="41.09685" lon="-73.84226"></trkpt>
      <trkpt lat="41.09675" lon="-73.84198"></trkpt>
      <trkpt lat="41.09665" lon="-73.84157"></trkpt>
      <trkpt lat="41.09665" lon="-73.84157"></trkpt>
      <trkpt lat="41.09665" lon="-73.84157"></trkpt>
      <trkpt lat="41.09662" lon="-73.84125"></trkpt>
      <trkpt lat="41.09672" lon="-73.8409"></trkpt>
      <trkpt lat="41.096835412341136" lon="-73.84059704260451"></trkpt>
      <trkpt lat="41.096835412341136" lon="-73.84059704260451"></trkpt>
      <trkpt lat="41.09688" lon="-73.84048"></trkpt>
      <trkpt lat="41.09702" lon="-73.83997"></trkpt>
      <trkpt lat="41.097021446214185" lon="-73.83992370050802"></trkpt>
      <trkpt lat="41.09702144621418" lon="-73.83992370050801"></trkpt>
      <trkpt lat="41.0970228771312" lon="-73.83987789074398"></trkpt>
      <trkpt lat="41.0970228771312" lon="-73.83987789074398"></trkpt>
      <trkpt lat="41.09703" lon="-73.83965"></trkpt>
      <trkpt lat="41.09699" lon="-73.83944"></trkpt>
      <trkpt lat="41.09696" lon="-73.83888"></trkpt>
      <trkpt lat="41.09696" lon="-73.83888"></trkpt>
      <trkpt lat="41.09689" lon="-73.83844"></trkpt>
      <trkpt lat="41.09671" lon="-73.83809"></trkpt>
      <trkpt lat="41.09659" lon="-73.83792"></trkpt>
      <trkpt lat="41.09649" lon="-73.83781"></trkpt>
      <trkpt lat="41.09626" lon="-73.83769"></trkpt>
      <trkpt lat="41.09617" lon="-73.83767"></trkpt>
      <trkpt lat="41.09591" lon="-73.83768"></trkpt>
      <trkpt lat="41.09591" lon="-73.83768"></trkpt>
      <trkpt lat="41.09567" lon="-73.8377"></trkpt>
      <trkpt lat="41.09553946175838" lon="-73.83766373937732"></trkpt>
      <trkpt lat="41.09553946175838" lon="-73.83766373937732"></trkpt>
      <trkpt lat="41.09549" lon="-73.83765"></trkpt>
      <trkpt lat="41.09535698357902" lon="-73.83763935868632"></trkpt>
      <trkpt lat="41.095356983684134" lon="-73.83763935868632"></trkpt>
      <trkpt lat="41.09549" lon="-73.83765"></trkpt>
      <trkpt lat="41.09553946175838" lon="-73.83766373937732"></trkpt>
      <trkpt lat="41.09554" lon="-73.83766"></trkpt>
      <trkpt lat="41.09561" lon="-73.83739"></trkpt>
      <trkpt lat="41.09561" lon="-73.83723"></trkpt>
      <trkpt lat="41.09561" lon="-73.83723"></trkpt>
      <trkpt lat="41.09561" lon="-73.83723"></trkpt>
      <trkpt lat="41.09591" lon="-73.83707"></trkpt>
      <trkpt lat="41.09591" lon="-73.83707"></trkpt>
      <trkpt lat="41.09662" lon="-73.83655"></trkpt>
      <trkpt lat="41.09671" lon="-73.83652"></trkpt>
      <trkpt lat="41.09685" lon="-73.83652"></trkpt>
      <trkpt lat="41.09685" lon="-73.83652"></trkpt>
      <trkpt lat="41.09691" lon="-73.83652"></trkpt>
      <trkpt lat="41.09691" lon="-73.83652"></trkpt>
      <trkpt lat="41.09695" lon="-73.83652"></trkpt>
      <trkpt lat="41.09695" lon="-73.83652"></trkpt>
      <trkpt lat="41.097" lon="-73.83632"></trkpt>
      <trkpt lat="41.096997835572196" lon="-73.83632750115802"></trkpt>
      <trkpt lat="41.09737" lon="-73.83652"></trkpt>
      <trkpt lat="41.09796" lon="-73.8367"></trkpt>
      <trkpt lat="41.09855" lon="-73.83673"></trkpt>
      <trkpt lat="41.09894" lon="-73.83666"></trkpt>
      <trkpt lat="41.09949" lon="-73.83646"></trkpt>
      <trkpt lat="41.10001" lon="-73.83607"></trkpt>
      <trkpt lat="41.10125" lon="-73.83544"></trkpt>
      <trkpt lat="41.10174054916004" lon="-73.83531736271"></trkpt>
      <trkpt lat="41.10174054916004" lon="-73.83531736271"></trkpt>
      <trkpt lat="41.101769999808084" lon="-73.83531000110025"></trkpt>
      <trkpt lat="41.101769999808084" lon="-73.83531000110025"></trkpt>
      <trkpt lat="41.10177" lon="-73.83531"></trkpt>
      <trkpt lat="41.10192" lon="-73.83529"></trkpt>
      <trkpt lat="41.10271" lon="-73.83541"></trkpt>
      <trkpt lat="41.10375" lon="-73.83546"></trkpt>
      <trkpt lat="41.1043" lon="-73.83538"></trkpt>
      <trkpt lat="41.10480012165248" lon="-73.83514044593117"></trkpt>
      <trkpt lat="41.10480012165248" lon="-73.83514044593117"></trkpt>
      <trkpt lat="41.10549" lon="-73.83481"></trkpt>
      <trkpt lat="41.10563026874766" lon="-73.83468309018069"></trkpt>
      <trkpt lat="41.105630268822175" lon="-73.83468309018068"></trkpt>
      <trkpt lat="41.1057" lon="-73.83462"></trkpt>
      <trkpt lat="41.1057" lon="-73.83462"></trkpt>
      <trkpt lat="41.10571" lon="-73.83447"></trkpt>
      <trkpt lat="41.10567" lon="-73.83429"></trkpt>
      <trkpt lat="41.1056" lon="-73.83418"></trkpt>
      <trkpt lat="41.10551" lon="-73.83412"></trkpt>
      <trkpt lat="41.10489" lon="-73.8339"></trkpt>
      <trkpt lat="41.10489" lon="-73.8339"></trkpt>
      <trkpt lat="41.10481" lon="-73.83383"></trkpt>
      <trkpt lat="41.10481" lon="-73.83383"></trkpt>
      <trkpt lat="41.10467" lon="-73.83362"></trkpt>
      <trkpt lat="41.10465" lon="-73.83349"></trkpt>
      <trkpt lat="41.1047" lon="-73.83329"></trkpt>
      <trkpt lat="41.10503" lon="-73.83272"></trkpt>
      <trkpt lat="41.10528" lon="-73.83244"></trkpt>
      <trkpt lat="41.10591" lon="-73.83212"></trkpt>
      <trkpt lat="41.1063" lon="-73.83184"></trkpt>
      <trkpt lat="41.10674" lon="-73.8314"></trkpt>
      <trkpt lat="41.10702" lon="-73.83103"></trkpt>
      <trkpt lat="41.10724" lon="-73.83079"></trkpt>
      <trkpt lat="41.10737" lon="-73.83077"></trkpt>
      <trkpt lat="41.10742" lon="-73.83081"></trkpt>
      <trkpt lat="41.10754" lon="-73.83106"></trkpt>
      <trkpt lat="41.1077" lon="-73.83117"></trkpt>
      <trkpt lat="41.10785" lon="-73.83117"></trkpt>
      <trkpt lat="41.10799" lon="-73.83111"></trkpt>
      <trkpt lat="41.1085" lon="-73.83068"></trkpt>
      <trkpt lat="41.10861" lon="-73.83037"></trkpt>
      <trkpt lat="41.10878" lon="-73.82968"></trkpt>
      <trkpt lat="41.10883" lon="-73.82932"></trkpt>
      <trkpt lat="41.1088" lon="-73.82916"></trkpt>
      <trkpt lat="41.10874" lon="-73.82902"></trkpt>
      <trkpt lat="41.10866" lon="-73.82893"></trkpt>
      <trkpt lat="41.10842" lon="-73.82882"></trkpt>
      <trkpt lat="41.10842" lon="-73.82882"></trkpt>
      <trkpt lat="41.10845230695725" lon="-73.82868269543168"></trkpt>
      <trkpt lat="41.108452306959144" lon="-73.82868269543168"></trkpt>
      <trkpt lat="41.10846" lon="-73.82865"></trkpt>
      <trkpt lat="41.10852" lon="-73.82852"></trkpt>
      <trkpt lat="41.1086" lon="-73.82844"></trkpt>
      <trkpt lat="41.10873" lon="-73.82837"></trkpt>
      <trkpt lat="41.10895" lon="-73.82838"></trkpt>
      <trkpt lat="41.10905" lon="-73.82833"></trkpt>
      <trkpt lat="41.10905" lon="-73.82833"></trkpt>
      <trkpt lat="41.10905" lon="-73.82833"></trkpt>
      <trkpt lat="41.1091" lon="-73.82836"></trkpt>
      <trkpt lat="41.1092" lon="-73.82847"></trkpt>
      <trkpt lat="41.10968" lon="-73.82916"></trkpt>
      <trkpt lat="41.10982" lon="-73.82929"></trkpt>
      <trkpt lat="41.10992" lon="-73.82932"></trkpt>
      <trkpt lat="41.10992" lon="-73.82932"></trkpt>
      <trkpt lat="41.10992" lon="-73.82919788360597"></trkpt>
      <trkpt lat="41.109919999999974" lon="-73.82919788360597"></trkpt>
      <trkpt lat="41.10992" lon="-73.82916"></trkpt>
      <trkpt lat="41.10995" lon="-73.82901"></trkpt>
      <trkpt lat="41.11001" lon="-73.82889"></trkpt>
      <trkpt lat="41.11035" lon="-73.8284"></trkpt>
      <trkpt lat="41.11052" lon="-73.82812"></trkpt>
      <trkpt lat="41.11052" lon="-73.82812"></trkpt>
      <trkpt lat="41.11057" lon="-73.82788"></trkpt>
      <trkpt lat="41.11057" lon="-73.82729"></trkpt>
      <trkpt lat="41.110603307667425" lon="-73.82674042348744"></trkpt>
      <trkpt lat="41.110603307667425" lon="-73.82674042348744"></trkpt>
      <trkpt lat="41.11061" lon="-73.82663"></trkpt>
      <trkpt lat="41.11071" lon="-73.82626"></trkpt>
      <trkpt lat="41.110902372999405" lon="-73.82584902131947"></trkpt>
      <trkpt lat="41.11090237303987" lon="-73.82584902131946"></trkpt>
      <trkpt lat="41.11093" lon="-73.82579"></trkpt>
      <trkpt lat="41.11091" lon="-73.82563"></trkpt>
      <trkpt lat="41.11049" lon="-73.82499"></trkpt>
      <trkpt lat="41.11006" lon="-73.82449"></trkpt>
      <trkpt lat="41.10997" lon="-73.82433"></trkpt>
      <trkpt lat="41.10993" lon="-73.82423"></trkpt>
      <trkpt lat="41.10984" lon="-73.82372"></trkpt>
      <trkpt lat="41.10974" lon="-73.82353"></trkpt>
      <trkpt lat="41.10957" lon="-73.82338"></trkpt>
      <trkpt lat="41.10929047534766" lon="-73.82329717788079"></trkpt>
      <trkpt lat="41.10929047534766" lon="-73.82329717788079"></trkpt>
      <trkpt lat="41.10929047534766" lon="-73.82329717788079"></trkpt>
      <trkpt lat="41.10929047534769" lon="-73.82329717788079"></trkpt>
      <trkpt lat="41.10929047534766" lon="-73.82329717788079"></trkpt>
      <trkpt lat="41.10929" lon="-73.8233"></trkpt>
      <trkpt lat="41.10924" lon="-73.82332"></trkpt>
      <trkpt lat="41.10915" lon="-73.82343"></trkpt>
      <trkpt lat="41.10915" lon="-73.82343"></trkpt>
      <trkpt lat="41.10919" lon="-73.82357"></trkpt>
      <trkpt lat="41.1092" lon="-73.82377"></trkpt>
      <trkpt lat="41.10916" lon="-73.82398"></trkpt>
      <trkpt lat="41.10907" lon="-73.82415"></trkpt>
      <trkpt lat="41.10892" lon="-73.82429"></trkpt>
      <trkpt lat="41.10868" lon="-73.82445"></trkpt>
      <trkpt lat="41.10868" lon="-73.82445"></trkpt>
      <trkpt lat="41.10868" lon="-73.82445"></trkpt>
      <trkpt lat="41.10846" lon="-73.82458"></trkpt>
      <trkpt lat="41.10835" lon="-73.82471"></trkpt>
      <trkpt lat="41.10826" lon="-73.82492"></trkpt>
      <trkpt lat="41.10824" lon="-73.8251"></trkpt>
      <trkpt lat="41.10825" lon="-73.82561"></trkpt>
      <trkpt lat="41.10826" lon="-73.82588"></trkpt>
      <trkpt lat="41.10832" lon="-73.82619"></trkpt>
      <trkpt lat="41.10834" lon="-73.82645"></trkpt>
      <trkpt lat="41.10832" lon="-73.82662"></trkpt>
      <trkpt lat="41.10829616975286" lon="-73.82667163220214"></trkpt>
      <trkpt lat="41.10829616975943" lon="-73.82667163220214"></trkpt>
      <trkpt lat="41.10826" lon="-73.82675"></trkpt>
      <trkpt lat="41.10817" lon="-73.82687"></trkpt>
      <trkpt lat="41.1081" lon="-73.82689"></trkpt>
      <trkpt lat="41.10784" lon="-73.82688"></trkpt>
      <trkpt lat="41.1077" lon="-73.82693"></trkpt>
      <trkpt lat="41.10757" lon="-73.82708"></trkpt>
      <trkpt lat="41.10732" lon="-73.82756"></trkpt>
      <trkpt lat="41.10721" lon="-73.82762"></trkpt>
      <trkpt lat="41.10689" lon="-73.82767"></trkpt>
      <trkpt lat="41.10674" lon="-73.82774"></trkpt>
      <trkpt lat="41.10644" lon="-73.82812"></trkpt>
      <trkpt lat="41.10645" lon="-73.82812"></trkpt>
      <trkpt lat="41.10624" lon="-73.82778"></trkpt>
      <trkpt lat="41.10606" lon="-73.82736"></trkpt>
      <trkpt lat="41.10583" lon="-73.8269"></trkpt>
      <trkpt lat="41.10544" lon="-73.82644"></trkpt>
      <trkpt lat="41.10518" lon="-73.82608"></trkpt>
      <trkpt lat="41.10503" lon="-73.82595"></trkpt>
      <trkpt lat="41.104764485925" lon="-73.82607643527382"></trkpt>
      <trkpt lat="41.104764486237315" lon="-73.8260764352738"></trkpt>
      <trkpt lat="41.10461" lon="-73.82615"></trkpt>
      <trkpt lat="41.10461" lon="-73.82615"></trkpt>
      <trkpt lat="41.10474" lon="-73.82562"></trkpt>
      <trkpt lat="41.10474" lon="-73.82562"></trkpt>
      <trkpt lat="41.10502" lon="-73.82456"></trkpt>
      <trkpt lat="41.10515" lon="-73.82393"></trkpt>
      <trkpt lat="41.10526" lon="-73.8236"></trkpt>
      <trkpt lat="41.10531" lon="-73.82355"></trkpt>
      <trkpt lat="41.1054" lon="-73.82353"></trkpt>
      <trkpt lat="41.10564" lon="-73.82376"></trkpt>
      <trkpt lat="41.10575" lon="-73.82379"></trkpt>
      <trkpt lat="41.10726" lon="-73.82381"></trkpt>
      <trkpt lat="41.10726" lon="-73.82381"></trkpt>
      <trkpt lat="41.107322373568934" lon="-73.82363601057085"></trkpt>
      <trkpt lat="41.10900903575741" lon="-73.81761074066164"></trkpt>
      <trkpt lat="41.108135985058745" lon="-73.8164520263672"></trkpt>
      <trkpt lat="41.10812118406164" lon="-73.81647472617772"></trkpt>
      <trkpt lat="41.108242093610734" lon="-73.81661359272029"></trkpt>
      <trkpt lat="41.10825" lon="-73.81661"></trkpt>
      <trkpt lat="41.10814" lon="-73.81666"></trkpt>
      <trkpt lat="41.1081" lon="-73.8167"></trkpt>
      <trkpt lat="41.10803" lon="-73.81699"></trkpt>
      <trkpt lat="41.10799" lon="-73.81707"></trkpt>
      <trkpt lat="41.10788" lon="-73.81715"></trkpt>
      <trkpt lat="41.10775" lon="-73.81717"></trkpt>
      <trkpt lat="41.10753" lon="-73.8171"></trkpt>
      <trkpt lat="41.10738" lon="-73.81718"></trkpt>
      <trkpt lat="41.1072" lon="-73.81721"></trkpt>
      <trkpt lat="41.10702431184189" lon="-73.81717339832144"></trkpt>
      <trkpt lat="41.10702431184189" lon="-73.81717339832144"></trkpt>
      <trkpt lat="41.10696" lon="-73.81716"></trkpt>
      <trkpt lat="41.10637" lon="-73.81747"></trkpt>
      <trkpt lat="41.10605" lon="-73.81754"></trkpt>
      <trkpt lat="41.10557" lon="-73.81775"></trkpt>
      <trkpt lat="41.1054" lon="-73.81772"></trkpt>
      <trkpt lat="41.10524" lon="-73.81779"></trkpt>
      <trkpt lat="41.10497" lon="-73.81773"></trkpt>
      <trkpt lat="41.10451" lon="-73.81776"></trkpt>
      <trkpt lat="41.10451" lon="-73.81776"></trkpt>
      <trkpt lat="41.10451" lon="-73.81776"></trkpt>
      <trkpt lat="41.10451000000001" lon="-73.81776"></trkpt>
      <trkpt lat="41.10451" lon="-73.81776"></trkpt>
      <trkpt lat="41.10451" lon="-73.81776"></trkpt>
      <trkpt lat="41.1045" lon="-73.81793"></trkpt>
      <trkpt lat="41.1043" lon="-73.81844"></trkpt>
      <trkpt lat="41.10364" lon="-73.81972"></trkpt>
      <trkpt lat="41.10336" lon="-73.82004"></trkpt>
      <trkpt lat="41.10311" lon="-73.82052"></trkpt>
      <trkpt lat="41.10306" lon="-73.82073"></trkpt>
      <trkpt lat="41.10306" lon="-73.82073"></trkpt>
      <trkpt lat="41.10292" lon="-73.82069"></trkpt>
      <trkpt lat="41.10279" lon="-73.8207"></trkpt>
      <trkpt lat="41.10267" lon="-73.82081"></trkpt>
      <trkpt lat="41.10233" lon="-73.82096"></trkpt>
      <trkpt lat="41.10199" lon="-73.82104"></trkpt>
      <trkpt lat="41.10177" lon="-73.82124"></trkpt>
      <trkpt lat="41.10153" lon="-73.82163"></trkpt>
      <trkpt lat="41.1015" lon="-73.8218"></trkpt>
      <trkpt lat="41.1017" lon="-73.8224"></trkpt>
      <trkpt lat="41.10196" lon="-73.82269"></trkpt>
      <trkpt lat="41.10197" lon="-73.82281"></trkpt>
      <trkpt lat="41.10193" lon="-73.82295"></trkpt>
      <trkpt lat="41.10195" lon="-73.82306"></trkpt>
      <trkpt lat="41.10204" lon="-73.82313"></trkpt>
      <trkpt lat="41.10224" lon="-73.82307"></trkpt>
      <trkpt lat="41.1023" lon="-73.82311"></trkpt>
      <trkpt lat="41.10235" lon="-73.82322"></trkpt>
      <trkpt lat="41.10236" lon="-73.82341"></trkpt>
      <trkpt lat="41.1023" lon="-73.82371"></trkpt>
      <trkpt lat="41.10208" lon="-73.82401"></trkpt>
      <trkpt lat="41.10163" lon="-73.82431"></trkpt>
      <trkpt lat="41.10154" lon="-73.82451"></trkpt>
      <trkpt lat="41.1008" lon="-73.82541"></trkpt>
      <trkpt lat="41.10062" lon="-73.82569"></trkpt>
      <trkpt lat="41.10033" lon="-73.82601"></trkpt>
      <trkpt lat="41.10024" lon="-73.82622"></trkpt>
      <trkpt lat="41.1002" lon="-73.82637"></trkpt>
      <trkpt lat="41.09997" lon="-73.82677"></trkpt>
      <trkpt lat="41.09993" lon="-73.82691"></trkpt>
      <trkpt lat="41.09986" lon="-73.82705"></trkpt>
      <trkpt lat="41.09986" lon="-73.82705"></trkpt>
      <trkpt lat="41.09981" lon="-73.82713"></trkpt>
      <trkpt lat="41.09981" lon="-73.82713"></trkpt>
      <trkpt lat="41.09979" lon="-73.82717"></trkpt>
      <trkpt lat="41.09968887613673" lon="-73.82715821857903"></trkpt>
      <trkpt lat="41.09968887685175" lon="-73.82715821857903"></trkpt>
      <trkpt lat="41.09876" lon="-73.82705"></trkpt>
      <trkpt lat="41.09876" lon="-73.82705"></trkpt>
      <trkpt lat="41.09876" lon="-73.82705"></trkpt>
      <trkpt lat="41.09862" lon="-73.82696"></trkpt>
      <trkpt lat="41.09855" lon="-73.82685"></trkpt>
      <trkpt lat="41.09854202080281" lon="-73.82680921743656"></trkpt>
      <trkpt lat="41.09854202080281" lon="-73.82680921743656"></trkpt>
      <trkpt lat="41.09846" lon="-73.82639"></trkpt>
      <trkpt lat="41.09834" lon="-73.82607"></trkpt>
      <trkpt lat="41.09816" lon="-73.8259"></trkpt>
      <trkpt lat="41.09805" lon="-73.82575"></trkpt>
      <trkpt lat="41.09799" lon="-73.82556"></trkpt>
      <trkpt lat="41.09797" lon="-73.82533"></trkpt>
      <trkpt lat="41.09801" lon="-73.82499"></trkpt>
      <trkpt lat="41.09811" lon="-73.82465"></trkpt>
      <trkpt lat="41.09825" lon="-73.82441"></trkpt>
      <trkpt lat="41.09846444983802" lon="-73.82430674637429"></trkpt>
      <trkpt lat="41.09846444992871" lon="-73.82430674637428"></trkpt>
      <trkpt lat="41.09852" lon="-73.82428"></trkpt>
      <trkpt lat="41.09873" lon="-73.8243"></trkpt>
      <trkpt lat="41.09905" lon="-73.82448"></trkpt>
      <trkpt lat="41.09939" lon="-73.82456"></trkpt>
      <trkpt lat="41.10001" lon="-73.82418"></trkpt>
      <trkpt lat="41.10026" lon="-73.82365"></trkpt>
      <trkpt lat="41.10046" lon="-73.82299"></trkpt>
      <trkpt lat="41.10057" lon="-73.82218"></trkpt>
      <trkpt lat="41.10129" lon="-73.82114"></trkpt>
      <trkpt lat="41.10135" lon="-73.821"></trkpt>
      <trkpt lat="41.10132" lon="-73.82089"></trkpt>
      <trkpt lat="41.10132" lon="-73.82089"></trkpt>
      <trkpt lat="41.10044" lon="-73.82169"></trkpt>
      <trkpt lat="41.10019" lon="-73.82203"></trkpt>
      <trkpt lat="41.10005" lon="-73.82239"></trkpt>
      <trkpt lat="41.09994604975879" lon="-73.82253850034458"></trkpt>
      <trkpt lat="41.09994604984273" lon="-73.82253850034459"></trkpt>
      <trkpt lat="41.09984" lon="-73.82269"></trkpt>
      <trkpt lat="41.09966" lon="-73.82283"></trkpt>
      <trkpt lat="41.09948000215919" lon="-73.82286999891201"></trkpt>
      <trkpt lat="41.09948000215919" lon="-73.82286999891201"></trkpt>
      <trkpt lat="41.09948" lon="-73.82287"></trkpt>
      <trkpt lat="41.09931" lon="-73.82283"></trkpt>
      <trkpt lat="41.09889" lon="-73.8228"></trkpt>
      <trkpt lat="41.09878" lon="-73.82272"></trkpt>
      <trkpt lat="41.09873" lon="-73.82262"></trkpt>
      <trkpt lat="41.09871" lon="-73.82239"></trkpt>
      <trkpt lat="41.0988" lon="-73.82206"></trkpt>
      <trkpt lat="41.09904" lon="-73.82159"></trkpt>
      <trkpt lat="41.09976" lon="-73.81985"></trkpt>
      <trkpt lat="41.09979" lon="-73.81961"></trkpt>
      <trkpt lat="41.09981" lon="-73.81899"></trkpt>
      <trkpt lat="41.09983" lon="-73.8187"></trkpt>
      <trkpt lat="41.09989" lon="-73.81829"></trkpt>
      <trkpt lat="41.09991337232026" lon="-73.8182071345009"></trkpt>
      <trkpt lat="41.099913372335706" lon="-73.8182071345009"></trkpt>
      <trkpt lat="41.1" lon="-73.8179"></trkpt>
      <trkpt lat="41.1" lon="-73.81775"></trkpt>
      <trkpt lat="41.099999754332345" lon="-73.81774669396307"></trkpt>
      <trkpt lat="41.09979" lon="-73.81777"></trkpt>
      <trkpt lat="41.09932" lon="-73.81774"></trkpt>
      <trkpt lat="41.09899" lon="-73.81784"></trkpt>
      <trkpt lat="41.09886" lon="-73.81793"></trkpt>
      <trkpt lat="41.09877" lon="-73.81805"></trkpt>
      <trkpt lat="41.09877" lon="-73.81805"></trkpt>
      <trkpt lat="41.09877" lon="-73.81805"></trkpt>
      <trkpt lat="41.09849" lon="-73.81852"></trkpt>
      <trkpt lat="41.09834" lon="-73.81886"></trkpt>
      <trkpt lat="41.09773" lon="-73.81976"></trkpt>
      <trkpt lat="41.09745" lon="-73.82004"></trkpt>
      <trkpt lat="41.097" lon="-73.82039"></trkpt>
      <trkpt lat="41.09685" lon="-73.82047"></trkpt>
      <trkpt lat="41.09656" lon="-73.82054"></trkpt>
      <trkpt lat="41.09618" lon="-73.82068"></trkpt>
      <trkpt lat="41.0961" lon="-73.82074"></trkpt>
      <trkpt lat="41.0961" lon="-73.82074"></trkpt>
      <trkpt lat="41.09591" lon="-73.82062"></trkpt>
      <trkpt lat="41.09591" lon="-73.82062"></trkpt>
      <trkpt lat="41.09562" lon="-73.82042"></trkpt>
      <trkpt lat="41.09518" lon="-73.82062"></trkpt>
      <trkpt lat="41.09456" lon="-73.82073"></trkpt>
      <trkpt lat="41.09401" lon="-73.82106"></trkpt>
      <trkpt lat="41.09393" lon="-73.82124"></trkpt>
      <trkpt lat="41.09385" lon="-73.82133"></trkpt>
      <trkpt lat="41.09369" lon="-73.82141"></trkpt>
      <trkpt lat="41.09344" lon="-73.82172"></trkpt>
      <trkpt lat="41.09322" lon="-73.82185"></trkpt>
      <trkpt lat="41.09293" lon="-73.82192"></trkpt>
      <trkpt lat="41.09293" lon="-73.82192"></trkpt>
      <trkpt lat="41.09287" lon="-73.82182"></trkpt>
      <trkpt lat="41.09275028886417" lon="-73.82183459891901"></trkpt>
      <trkpt lat="41.09275028886417" lon="-73.82183459891901"></trkpt>
      <trkpt lat="41.09265350927994" lon="-73.82184640130733"></trkpt>
      <trkpt lat="41.09265350942249" lon="-73.82184640130734"></trkpt>
      <trkpt lat="41.09275028886417" lon="-73.82183459891901"></trkpt>
      <trkpt lat="41.09275" lon="-73.82183"></trkpt>
      <trkpt lat="41.09267" lon="-73.82171"></trkpt>
      <trkpt lat="41.09268" lon="-73.82154"></trkpt>
      <trkpt lat="41.09317" lon="-73.82107"></trkpt>
      <trkpt lat="41.09358" lon="-73.82076"></trkpt>
      <trkpt lat="41.09404" lon="-73.82014"></trkpt>
      <trkpt lat="41.0942" lon="-73.82001"></trkpt>
      <trkpt lat="41.09443" lon="-73.81991"></trkpt>
      <trkpt lat="41.09472" lon="-73.81954"></trkpt>
      <trkpt lat="41.09502" lon="-73.81937"></trkpt>
      <trkpt lat="41.09539" lon="-73.8188"></trkpt>
      <trkpt lat="41.09565" lon="-73.81856"></trkpt>
      <trkpt lat="41.09591" lon="-73.81841"></trkpt>
      <trkpt lat="41.09591" lon="-73.81841"></trkpt>
      <trkpt lat="41.09614" lon="-73.81827"></trkpt>
      <trkpt lat="41.09648" lon="-73.81783"></trkpt>
      <trkpt lat="41.09674" lon="-73.81733"></trkpt>
      <trkpt lat="41.09706" lon="-73.81702"></trkpt>
      <trkpt lat="41.09739" lon="-73.81682"></trkpt>
      <trkpt lat="41.09781" lon="-73.81643"></trkpt>
      <trkpt lat="41.09804" lon="-73.81626"></trkpt>
      <trkpt lat="41.09851" lon="-73.81609"></trkpt>
      <trkpt lat="41.09921" lon="-73.81559"></trkpt>
      <trkpt lat="41.09945" lon="-73.81546"></trkpt>
      <trkpt lat="41.0997" lon="-73.81548"></trkpt>
      <trkpt lat="41.09970453422841" lon="-73.81548816161113"></trkpt>
      <trkpt lat="41.099704534231705" lon="-73.81548816161113"></trkpt>
      <trkpt lat="41.0998" lon="-73.81566"></trkpt>
      <trkpt lat="41.09996" lon="-73.81621"></trkpt>
      <trkpt lat="41.09996" lon="-73.81621"></trkpt>
      <trkpt lat="41.09996" lon="-73.81621"></trkpt>
      <trkpt lat="41.1" lon="-73.81634"></trkpt>
      <trkpt lat="41.10008" lon="-73.81647"></trkpt>
      <trkpt lat="41.10021" lon="-73.81644"></trkpt>
      <trkpt lat="41.10045" lon="-73.81625"></trkpt>
      <trkpt lat="41.10057" lon="-73.81627"></trkpt>
      <trkpt lat="41.10072" lon="-73.81645"></trkpt>
      <trkpt lat="41.10086" lon="-73.81651"></trkpt>
      <trkpt lat="41.10118" lon="-73.81649"></trkpt>
      <trkpt lat="41.10164" lon="-73.81667"></trkpt>
      <trkpt lat="41.10181" lon="-73.81679"></trkpt>
      <trkpt lat="41.102" lon="-73.81681"></trkpt>
      <trkpt lat="41.10215" lon="-73.81691"></trkpt>
      <trkpt lat="41.1022" lon="-73.81703"></trkpt>
      <trkpt lat="41.10223" lon="-73.81728"></trkpt>
      <trkpt lat="41.10219" lon="-73.81745"></trkpt>
      <trkpt lat="41.10203" lon="-73.8177"></trkpt>
      <trkpt lat="41.10195" lon="-73.81777"></trkpt>
      <trkpt lat="41.10181" lon="-73.81784"></trkpt>
      <trkpt lat="41.10181" lon="-73.81784"></trkpt>
      <trkpt lat="41.10179877718965" lon="-73.81777266313792"></trkpt>
      <trkpt lat="41.101798777191235" lon="-73.81777266313792"></trkpt>
      <trkpt lat="41.10181" lon="-73.81784"></trkpt>
      <trkpt lat="41.10181" lon="-73.81784"></trkpt>
      <trkpt lat="41.1018" lon="-73.81807"></trkpt>
      <trkpt lat="41.10159" lon="-73.81913"></trkpt>
      <trkpt lat="41.10125" lon="-73.81989"></trkpt>
      <trkpt lat="41.10092" lon="-73.82049"></trkpt>
      <trkpt lat="41.10075" lon="-73.82073"></trkpt>
      <trkpt lat="41.10046" lon="-73.82106"></trkpt>
      <trkpt lat="41.10011" lon="-73.82164"></trkpt>
      <trkpt lat="41.09965839492123" lon="-73.8225692642967"></trkpt>
      <trkpt lat="41.099658395156375" lon="-73.8225692642967"></trkpt>
      <trkpt lat="41.09959" lon="-73.82271"></trkpt>
      <trkpt lat="41.09948000215919" lon="-73.82286999891201"></trkpt>
      <trkpt lat="41.09948000215919" lon="-73.82286999891201"></trkpt>
      <trkpt lat="41.09966" lon="-73.82283"></trkpt>
      <trkpt lat="41.09984" lon="-73.82269"></trkpt>
      <trkpt lat="41.10005" lon="-73.82239"></trkpt>
      <trkpt lat="41.10019" lon="-73.82203"></trkpt>
      <trkpt lat="41.10044" lon="-73.82169"></trkpt>
      <trkpt lat="41.10132" lon="-73.82089"></trkpt>
      <trkpt lat="41.10132" lon="-73.82089"></trkpt>
      <trkpt lat="41.10132" lon="-73.82089"></trkpt>
      <trkpt lat="41.10176" lon="-73.82"></trkpt>
      <trkpt lat="41.10198" lon="-73.81962"></trkpt>
      <trkpt lat="41.10245" lon="-73.81908"></trkpt>
      <trkpt lat="41.10337" lon="-73.81819"></trkpt>
      <trkpt lat="41.10337" lon="-73.81819"></trkpt>
      <trkpt lat="41.10335" lon="-73.81766"></trkpt>
      <trkpt lat="41.10335" lon="-73.8173"></trkpt>
      <trkpt lat="41.10339" lon="-73.81711"></trkpt>
      <trkpt lat="41.10365716019717" lon="-73.81678031294817"></trkpt>
      <trkpt lat="41.10365716019717" lon="-73.81678031294817"></trkpt>
      <trkpt lat="41.10386" lon="-73.81653"></trkpt>
      <trkpt lat="41.10396" lon="-73.81629"></trkpt>
      <trkpt lat="41.10412" lon="-73.81576"></trkpt>
      <trkpt lat="41.10429" lon="-73.81544"></trkpt>
      <trkpt lat="41.10501" lon="-73.81453"></trkpt>
      <trkpt lat="41.10543808172325" lon="-73.81426180422157"></trkpt>
      <trkpt lat="41.105438083033306" lon="-73.81426180422157"></trkpt>
      <trkpt lat="41.10584" lon="-73.81401"></trkpt>
      <trkpt lat="41.10604" lon="-73.81391"></trkpt>
      <trkpt lat="41.10624" lon="-73.81371"></trkpt>
      <trkpt lat="41.10634" lon="-73.81346"></trkpt>
      <trkpt lat="41.10664" lon="-73.81317"></trkpt>
      <trkpt lat="41.10676" lon="-73.81301"></trkpt>
      <trkpt lat="41.10692" lon="-73.81288"></trkpt>
      <trkpt lat="41.10731" lon="-73.81287"></trkpt>
      <trkpt lat="41.10746" lon="-73.81268"></trkpt>
      <trkpt lat="41.10757017276795" lon="-73.81242030846006"></trkpt>
      <trkpt lat="41.10757017276795" lon="-73.81242030846006"></trkpt>
      <trkpt lat="41.1076" lon="-73.81235"></trkpt>
      <trkpt lat="41.10799" lon="-73.81173"></trkpt>
      <trkpt lat="41.10825" lon="-73.81146"></trkpt>
      <trkpt lat="41.1088" lon="-73.8111"></trkpt>
      <trkpt lat="41.10899" lon="-73.81094"></trkpt>
      <trkpt lat="41.10976" lon="-73.80989"></trkpt>
      <trkpt lat="41.10989" lon="-73.80977"></trkpt>
      <trkpt lat="41.11001" lon="-73.80968"></trkpt>
      <trkpt lat="41.11013" lon="-73.80966"></trkpt>
      <trkpt lat="41.11051" lon="-73.80971"></trkpt>
      <trkpt lat="41.11051" lon="-73.80971"></trkpt>
      <trkpt lat="41.11067" lon="-73.80975"></trkpt>
      <trkpt lat="41.11081" lon="-73.80983"></trkpt>
      <trkpt lat="41.11104" lon="-73.81003"></trkpt>
      <trkpt lat="41.11104" lon="-73.81003"></trkpt>
      <trkpt lat="41.11104" lon="-73.81003"></trkpt>
      <trkpt lat="41.11108389736941" lon="-73.81018364079296"></trkpt>
      <trkpt lat="41.1110838973748" lon="-73.81018364079294"></trkpt>
      <trkpt lat="41.1111" lon="-73.81024"></trkpt>
      <trkpt lat="41.11107" lon="-73.81057"></trkpt>
      <trkpt lat="41.11108" lon="-73.81074"></trkpt>
      <trkpt lat="41.11112143321409" lon="-73.8108591204905"></trkpt>
      <trkpt lat="41.11112" lon="-73.81086"></trkpt>
      <trkpt lat="41.11105" lon="-73.81098"></trkpt>
      <trkpt lat="41.11093" lon="-73.81138"></trkpt>
      <trkpt lat="41.11086" lon="-73.81152"></trkpt>
      <trkpt lat="41.11082" lon="-73.81169"></trkpt>
      <trkpt lat="41.11084" lon="-73.81199"></trkpt>
      <trkpt lat="41.1108" lon="-73.81206"></trkpt>
      <trkpt lat="41.11074" lon="-73.81207"></trkpt>
      <trkpt lat="41.11039" lon="-73.81203"></trkpt>
      <trkpt lat="41.11039" lon="-73.81203"></trkpt>
      <trkpt lat="41.11039" lon="-73.81203"></trkpt>
      <trkpt lat="41.10998" lon="-73.812"></trkpt>
      <trkpt lat="41.10955" lon="-73.81206"></trkpt>
      <trkpt lat="41.1093" lon="-73.81221"></trkpt>
      <trkpt lat="41.10914" lon="-73.81235"></trkpt>
      <trkpt lat="41.1089" lon="-73.81248"></trkpt>
      <trkpt lat="41.108820000003604" lon="-73.81250999999864"></trkpt>
      <trkpt lat="41.10882" lon="-73.81251"></trkpt>
      <trkpt lat="41.10875" lon="-73.8128"></trkpt>
      <trkpt lat="41.1086" lon="-73.81297"></trkpt>
      <trkpt lat="41.10841" lon="-73.81326"></trkpt>
      <trkpt lat="41.10833" lon="-73.81341"></trkpt>
      <trkpt lat="41.10828" lon="-73.8136"></trkpt>
      <trkpt lat="41.10828" lon="-73.81374"></trkpt>
      <trkpt lat="41.10831" lon="-73.81384"></trkpt>
      <trkpt lat="41.10837" lon="-73.81392"></trkpt>
      <trkpt lat="41.10853" lon="-73.81399"></trkpt>
      <trkpt lat="41.10853428046562" lon="-73.813991456026"></trkpt>
      <trkpt lat="41.10846" lon="-73.81438"></trkpt>
      <trkpt lat="41.10836" lon="-73.81469"></trkpt>
      <trkpt lat="41.10824" lon="-73.81489"></trkpt>
      <trkpt lat="41.10797" lon="-73.81517"></trkpt>
      <trkpt lat="41.10778" lon="-73.81542"></trkpt>
      <trkpt lat="41.10775032917154" lon="-73.8154830505105"></trkpt>
      <trkpt lat="41.1077503291829" lon="-73.81548305051048"></trkpt>
      <trkpt lat="41.1077" lon="-73.81559"></trkpt>
      <trkpt lat="41.10769" lon="-73.8157"></trkpt>
      <trkpt lat="41.10772" lon="-73.81585"></trkpt>
      <trkpt lat="41.10803" lon="-73.81637"></trkpt>
      <trkpt lat="41.108242093610734" lon="-73.81661359272029"></trkpt>
      <trkpt lat="41.108242093610734" lon="-73.81661359272029"></trkpt>
      <trkpt lat="41.10904" lon="-73.81753"></trkpt>
      <trkpt lat="41.10904" lon="-73.81753"></trkpt>
      <trkpt lat="41.10921" lon="-73.81742"></trkpt>
      <trkpt lat="41.1101" lon="-73.81731"></trkpt>
      <trkpt lat="41.11024" lon="-73.81735"></trkpt>
      <trkpt lat="41.11036" lon="-73.81729"></trkpt>
      <trkpt lat="41.11044" lon="-73.81708"></trkpt>
      <trkpt lat="41.11041" lon="-73.81678"></trkpt>
      <trkpt lat="41.11049" lon="-73.81622"></trkpt>
      <trkpt lat="41.11057" lon="-73.81597"></trkpt>
      <trkpt lat="41.11073" lon="-73.8157"></trkpt>
      <trkpt lat="41.11101047731" lon="-73.81544581743782"></trkpt>
      <trkpt lat="41.11101047731" lon="-73.81544581743782"></trkpt>
      <trkpt lat="41.11105" lon="-73.81541"></trkpt>
      <trkpt lat="41.11121" lon="-73.81488"></trkpt>
      <trkpt lat="41.11134" lon="-73.81473"></trkpt>
      <trkpt lat="41.11143" lon="-73.81469"></trkpt>
      <trkpt lat="41.11165" lon="-73.81442"></trkpt>
      <trkpt lat="41.11177" lon="-73.81436"></trkpt>
      <trkpt lat="41.11216" lon="-73.81431"></trkpt>
      <trkpt lat="41.11247" lon="-73.81416"></trkpt>
      <trkpt lat="41.11247" lon="-73.81416"></trkpt>
      <trkpt lat="41.11289" lon="-73.81393"></trkpt>
      <trkpt lat="41.11321" lon="-73.81383"></trkpt>
      <trkpt lat="41.11334" lon="-73.81379"></trkpt>
      <trkpt lat="41.11367" lon="-73.81377"></trkpt>
      <trkpt lat="41.11372" lon="-73.81373"></trkpt>
      <trkpt lat="41.11386" lon="-73.81358"></trkpt>
      <trkpt lat="41.11399" lon="-73.81351"></trkpt>
      <trkpt lat="41.11498" lon="-73.81327"></trkpt>
      <trkpt lat="41.11514" lon="-73.81315"></trkpt>
      <trkpt lat="41.1152" lon="-73.81308"></trkpt>
      <trkpt lat="41.1152" lon="-73.81308"></trkpt>
      <trkpt lat="41.11534" lon="-73.81309"></trkpt>
      <trkpt lat="41.11543204093291" lon="-73.8131777095949"></trkpt>
      <trkpt lat="41.115432041464295" lon="-73.8131777095949"></trkpt>
      <trkpt lat="41.11619" lon="-73.8139"></trkpt>
      <trkpt lat="41.11637" lon="-73.8141"></trkpt>
      <trkpt lat="41.11651" lon="-73.81443"></trkpt>
      <trkpt lat="41.11657" lon="-73.81472"></trkpt>
      <trkpt lat="41.11663" lon="-73.81556"></trkpt>
      <trkpt lat="41.1166" lon="-73.81599"></trkpt>
      <trkpt lat="41.11652219311449" lon="-73.81620220059682"></trkpt>
      <trkpt lat="41.11652219313356" lon="-73.81620220059682"></trkpt>
      <trkpt lat="41.11649" lon="-73.81629"></trkpt>
      <trkpt lat="41.11612" lon="-73.81677"></trkpt>
      <trkpt lat="41.11592" lon="-73.81691"></trkpt>
      <trkpt lat="41.11576" lon="-73.81695"></trkpt>
      <trkpt lat="41.11558" lon="-73.8169"></trkpt>
      <trkpt lat="41.11547" lon="-73.8168"></trkpt>
      <trkpt lat="41.11535" lon="-73.81637"></trkpt>
      <trkpt lat="41.1153" lon="-73.8163"></trkpt>
      <trkpt lat="41.11522" lon="-73.81625"></trkpt>
      <trkpt lat="41.11455" lon="-73.81629"></trkpt>
      <trkpt lat="41.11445" lon="-73.81622"></trkpt>
      <trkpt lat="41.11402" lon="-73.81577"></trkpt>
      <trkpt lat="41.11389" lon="-73.81566"></trkpt>
      <trkpt lat="41.11375" lon="-73.8156"></trkpt>
      <trkpt lat="41.11298" lon="-73.81567"></trkpt>
      <trkpt lat="41.11282" lon="-73.8156"></trkpt>
      <trkpt lat="41.11263" lon="-73.81542"></trkpt>
      <trkpt lat="41.11247" lon="-73.81518"></trkpt>
      <trkpt lat="41.11247" lon="-73.81518"></trkpt>
      <trkpt lat="41.11241" lon="-73.81512"></trkpt>
      <trkpt lat="41.11218" lon="-73.81499"></trkpt>
      <trkpt lat="41.11199" lon="-73.81496"></trkpt>
      <trkpt lat="41.11183" lon="-73.81499"></trkpt>
      <trkpt lat="41.11164" lon="-73.81505"></trkpt>
      <trkpt lat="41.11145" lon="-73.81521"></trkpt>
      <trkpt lat="41.111335508446295" lon="-73.81526921976915"></trkpt>
      <trkpt lat="41.11133550859932" lon="-73.81526921976915"></trkpt>
      <trkpt lat="41.11116" lon="-73.81536"></trkpt>
      <trkpt lat="41.11102" lon="-73.81546"></trkpt>
      <trkpt lat="41.11101047731" lon="-73.81544581743782"></trkpt>
      <trkpt lat="41.11073" lon="-73.8157"></trkpt>
      <trkpt lat="41.11057" lon="-73.81597"></trkpt>
      <trkpt lat="41.11049" lon="-73.81622"></trkpt>
      <trkpt lat="41.11041" lon="-73.81678"></trkpt>
      <trkpt lat="41.11044" lon="-73.81708"></trkpt>
      <trkpt lat="41.11036" lon="-73.81729"></trkpt>
      <trkpt lat="41.11024" lon="-73.81735"></trkpt>
      <trkpt lat="41.1101" lon="-73.81731"></trkpt>
      <trkpt lat="41.10921" lon="-73.81742"></trkpt>
      <trkpt lat="41.10904" lon="-73.81753"></trkpt>
      <trkpt lat="41.10904" lon="-73.81753"></trkpt>
      <trkpt lat="41.10909" lon="-73.81764"></trkpt>
      <trkpt lat="41.10913" lon="-73.81786"></trkpt>
      <trkpt lat="41.10911" lon="-73.81812"></trkpt>
      <trkpt lat="41.10904" lon="-73.81827"></trkpt>
      <trkpt lat="41.10879" lon="-73.81854"></trkpt>
      <trkpt lat="41.10861" lon="-73.8188"></trkpt>
      <trkpt lat="41.10856" lon="-73.81901"></trkpt>
      <trkpt lat="41.10856" lon="-73.81926"></trkpt>
      <trkpt lat="41.10864" lon="-73.8195"></trkpt>
      <trkpt lat="41.10873" lon="-73.8196"></trkpt>
      <trkpt lat="41.10887" lon="-73.81968"></trkpt>
      <trkpt lat="41.10908454858716" lon="-73.81971300817233"></trkpt>
      <trkpt lat="41.10908454858716" lon="-73.81971300817233"></trkpt>
      <trkpt lat="41.10926" lon="-73.81974"></trkpt>
      <trkpt lat="41.10933" lon="-73.81979"></trkpt>
      <trkpt lat="41.10938" lon="-73.81987"></trkpt>
      <trkpt lat="41.1094" lon="-73.82002"></trkpt>
      <trkpt lat="41.10939239731082" lon="-73.82018915751618"></trkpt>
      <trkpt lat="41.10939239731082" lon="-73.82018915751618"></trkpt>
      <trkpt lat="41.10936" lon="-73.82091"></trkpt>
      <trkpt lat="41.10936" lon="-73.82091"></trkpt>
      <trkpt lat="41.11031" lon="-73.82102"></trkpt>
      <trkpt lat="41.11042" lon="-73.82116"></trkpt>
      <trkpt lat="41.11051" lon="-73.82132"></trkpt>
      <trkpt lat="41.11057" lon="-73.82163"></trkpt>
      <trkpt lat="41.11049" lon="-73.82178"></trkpt>
      <trkpt lat="41.11049" lon="-73.82178"></trkpt>
      <trkpt lat="41.11058" lon="-73.82218"></trkpt>
      <trkpt lat="41.11062" lon="-73.82227"></trkpt>
      <trkpt lat="41.11089" lon="-73.82262"></trkpt>
      <trkpt lat="41.11099" lon="-73.82283"></trkpt>
      <trkpt lat="41.11117" lon="-73.8231"></trkpt>
      <trkpt lat="41.11128" lon="-73.8232"></trkpt>
      <trkpt lat="41.11142" lon="-73.82328"></trkpt>
      <trkpt lat="41.11157" lon="-73.82329"></trkpt>
      <trkpt lat="41.11163491227116" lon="-73.82325459330664"></trkpt>
      <trkpt lat="41.11163491229345" lon="-73.82325459330664"></trkpt>
      <trkpt lat="41.11168" lon="-73.82323"></trkpt>
      <trkpt lat="41.11178" lon="-73.82302"></trkpt>
      <trkpt lat="41.11192" lon="-73.82299"></trkpt>
      <trkpt lat="41.11203" lon="-73.82301"></trkpt>
      <trkpt lat="41.1122" lon="-73.82318"></trkpt>
      <trkpt lat="41.11247" lon="-73.82324"></trkpt>
      <trkpt lat="41.11247" lon="-73.82324"></trkpt>
      <trkpt lat="41.11284" lon="-73.82306"></trkpt>
      <trkpt lat="41.11311" lon="-73.82323"></trkpt>
      <trkpt lat="41.11323" lon="-73.82327"></trkpt>
      <trkpt lat="41.11336" lon="-73.82338"></trkpt>
      <trkpt lat="41.11344" lon="-73.8234"></trkpt>
      <trkpt lat="41.11362" lon="-73.82339"></trkpt>
      <trkpt lat="41.11396" lon="-73.82327"></trkpt>
      <trkpt lat="41.11442" lon="-73.82332"></trkpt>
      <trkpt lat="41.11458" lon="-73.82344"></trkpt>
      <trkpt lat="41.11475" lon="-73.82362"></trkpt>
      <trkpt lat="41.11504" lon="-73.82429"></trkpt>
      <trkpt lat="41.11514" lon="-73.8244"></trkpt>
      <trkpt lat="41.11526" lon="-73.82449"></trkpt>
      <trkpt lat="41.11565" lon="-73.8246"></trkpt>
      <trkpt lat="41.11575" lon="-73.82459"></trkpt>
      <trkpt lat="41.11588" lon="-73.82452"></trkpt>
      <trkpt lat="41.11605" lon="-73.82434"></trkpt>
      <trkpt lat="41.11615" lon="-73.82431"></trkpt>
      <trkpt lat="41.1163" lon="-73.82431"></trkpt>
      <trkpt lat="41.11677" lon="-73.82449"></trkpt>
      <trkpt lat="41.11681" lon="-73.8246"></trkpt>
      <trkpt lat="41.11687" lon="-73.82499"></trkpt>
      <trkpt lat="41.11687" lon="-73.82499"></trkpt>
      <trkpt lat="41.11686" lon="-73.82526"></trkpt>
      <trkpt lat="41.11678" lon="-73.82533"></trkpt>
      <trkpt lat="41.11664" lon="-73.82532"></trkpt>
      <trkpt lat="41.11624" lon="-73.8254"></trkpt>
      <trkpt lat="41.11587" lon="-73.82569"></trkpt>
      <trkpt lat="41.11566" lon="-73.82577"></trkpt>
      <trkpt lat="41.1151" lon="-73.8261"></trkpt>
      <trkpt lat="41.11496" lon="-73.82622"></trkpt>
      <trkpt lat="41.11467" lon="-73.8266"></trkpt>
      <trkpt lat="41.11460319615327" lon="-73.82662505144253"></trkpt>
      <trkpt lat="41.11460319632281" lon="-73.82662505144252"></trkpt>
      <trkpt lat="41.11427" lon="-73.82675"></trkpt>
      <trkpt lat="41.11418" lon="-73.82672"></trkpt>
      <trkpt lat="41.11409" lon="-73.82659"></trkpt>
      <trkpt lat="41.11379" lon="-73.82641"></trkpt>
      <trkpt lat="41.11354" lon="-73.8263"></trkpt>
      <trkpt lat="41.11331" lon="-73.82622"></trkpt>
      <trkpt lat="41.11305" lon="-73.82623"></trkpt>
      <trkpt lat="41.11297" lon="-73.82627"></trkpt>
      <trkpt lat="41.1129" lon="-73.82635"></trkpt>
      <trkpt lat="41.11247" lon="-73.82718"></trkpt>
      <trkpt lat="41.11247" lon="-73.82718"></trkpt>
      <trkpt lat="41.11242" lon="-73.82725"></trkpt>
      <trkpt lat="41.11242" lon="-73.82725"></trkpt>
      <trkpt lat="41.11238" lon="-73.82739"></trkpt>
      <trkpt lat="41.11238" lon="-73.82777"></trkpt>
      <trkpt lat="41.11235" lon="-73.82794"></trkpt>
      <trkpt lat="41.11227" lon="-73.82798"></trkpt>
      <trkpt lat="41.11227" lon="-73.82798"></trkpt>
      <trkpt lat="41.11219" lon="-73.82804"></trkpt>
      <trkpt lat="41.11219" lon="-73.82804"></trkpt>
      <trkpt lat="41.11209" lon="-73.82812"></trkpt>
      <trkpt lat="41.11209" lon="-73.82812"></trkpt>
      <trkpt lat="41.11175" lon="-73.82876"></trkpt>
      <trkpt lat="41.11162" lon="-73.82915"></trkpt>
      <trkpt lat="41.1116" lon="-73.82934"></trkpt>
      <trkpt lat="41.11163" lon="-73.8295"></trkpt>
      <trkpt lat="41.11166" lon="-73.82953"></trkpt>
      <trkpt lat="41.11166000035649" lon="-73.82952999936623"></trkpt>
      <trkpt lat="41.11139" lon="-73.83001"></trkpt>
      <trkpt lat="41.111120646909356" lon="-73.83057054562107"></trkpt>
      <trkpt lat="41.111120646909356" lon="-73.83057054562107"></trkpt>
      <trkpt lat="41.11102" lon="-73.83078"></trkpt>
      <trkpt lat="41.11082" lon="-73.83106"></trkpt>
      <trkpt lat="41.11082" lon="-73.83106"></trkpt>
      <trkpt lat="41.110760000062015" lon="-73.83110999994832"></trkpt>
      <trkpt lat="41.110760000062015" lon="-73.83110999994832"></trkpt>
      <trkpt lat="41.11028" lon="-73.83151"></trkpt>
      <trkpt lat="41.10966" lon="-73.8319"></trkpt>
      <trkpt lat="41.10936" lon="-73.83214"></trkpt>
      <trkpt lat="41.10907" lon="-73.83244"></trkpt>
      <trkpt lat="41.10858" lon="-73.83302"></trkpt>
      <trkpt lat="41.10829" lon="-73.83328"></trkpt>
      <trkpt lat="41.10808197088052" lon="-73.833405844776"></trkpt>
      <trkpt lat="41.10808197088052" lon="-73.833405844776"></trkpt>
      <trkpt lat="41.10748" lon="-73.83377"></trkpt>
      <trkpt lat="41.10594" lon="-73.83456"></trkpt>
      <trkpt lat="41.10586858231181" lon="-73.83457785442205"></trkpt>
      <trkpt lat="41.10586858240349" lon="-73.83457785442204"></trkpt>
      <trkpt lat="41.1057" lon="-73.83462"></trkpt>
      <trkpt lat="41.1057" lon="-73.83462"></trkpt>
      <trkpt lat="41.10566" lon="-73.83494"></trkpt>
      <trkpt lat="41.10542" lon="-73.8357"></trkpt>
      <trkpt lat="41.10536" lon="-73.83584"></trkpt>
      <trkpt lat="41.10522" lon="-73.83602"></trkpt>
      <trkpt lat="41.10522" lon="-73.83602"></trkpt>
      <trkpt lat="41.10522" lon="-73.83602"></trkpt>
      <trkpt lat="41.10466" lon="-73.83638"></trkpt>
      <trkpt lat="41.10466" lon="-73.83638"></trkpt>
      <trkpt lat="41.10462" lon="-73.8364"></trkpt>
      <trkpt lat="41.10462" lon="-73.8364"></trkpt>
      <trkpt lat="41.10402" lon="-73.83691"></trkpt>
      <trkpt lat="41.10318" lon="-73.83753"></trkpt>
      <trkpt lat="41.1031" lon="-73.83761"></trkpt>
      <trkpt lat="41.10309403014428" lon="-73.83761668056827"></trkpt>
      <trkpt lat="41.10318030349602" lon="-73.83771826049934"></trkpt>
      <trkpt lat="41.103180303725715" lon="-73.83771826049934"></trkpt>
      <trkpt lat="41.10353" lon="-73.83813"></trkpt>
      <trkpt lat="41.10386" lon="-73.83838"></trkpt>
      <trkpt lat="41.10406066265277" lon="-73.83847121029672"></trkpt>
      <trkpt lat="41.10406066268232" lon="-73.83847121029672"></trkpt>
      <trkpt lat="41.10408" lon="-73.83848"></trkpt>
      <trkpt lat="41.10421" lon="-73.83862"></trkpt>
      <trkpt lat="41.10421" lon="-73.83862"></trkpt>
      <trkpt lat="41.10386" lon="-73.8389"></trkpt>
      <trkpt lat="41.10362" lon="-73.83915"></trkpt>
      <trkpt lat="41.10312" lon="-73.8398"></trkpt>
      <trkpt lat="41.10291" lon="-73.83998"></trkpt>
      <trkpt lat="41.10268" lon="-73.84013"></trkpt>
      <trkpt lat="41.10245" lon="-73.84022"></trkpt>
      <trkpt lat="41.10245" lon="-73.84022"></trkpt>
      <trkpt lat="41.10229" lon="-73.84029"></trkpt>
      <trkpt lat="41.10188" lon="-73.84036"></trkpt>
      <trkpt lat="41.10176" lon="-73.8404"></trkpt>
      <trkpt lat="41.10163" lon="-73.8405"></trkpt>
      <trkpt lat="41.10136" lon="-73.84087"></trkpt>
      <trkpt lat="41.10136" lon="-73.84087"></trkpt>
      <trkpt lat="41.10153" lon="-73.84089"></trkpt>
      <trkpt lat="41.101573192445635" lon="-73.84090607160769"></trkpt>
      <trkpt lat="41.101573192572815" lon="-73.84090607160768"></trkpt>
      <trkpt lat="41.10153" lon="-73.84089"></trkpt>
      <trkpt lat="41.10136" lon="-73.84087"></trkpt>
      <trkpt lat="41.10136" lon="-73.84087"></trkpt>
      <trkpt lat="41.10129" lon="-73.84096"></trkpt>
      <trkpt lat="41.10111" lon="-73.84142"></trkpt>
      <trkpt lat="41.10103" lon="-73.84157"></trkpt>
      <trkpt lat="41.09969" lon="-73.84287"></trkpt>
      <trkpt lat="41.09969" lon="-73.84287"></trkpt>
      <trkpt lat="41.09896" lon="-73.84356"></trkpt>
      <trkpt lat="41.09884" lon="-73.84363"></trkpt>
      <trkpt lat="41.09864" lon="-73.84368"></trkpt>
      <trkpt lat="41.0977" lon="-73.84378"></trkpt>
      <trkpt lat="41.0977" lon="-73.84378"></trkpt>
      <trkpt lat="41.09759456569812" lon="-73.84377736414245"></trkpt>
      <trkpt lat="41.097594565934536" lon="-73.84377736414244"></trkpt>
      <trkpt lat="41.0973" lon="-73.84377"></trkpt>
      <trkpt lat="41.097305052131986" lon="-73.84376897629441"></trkpt>
      <trkpt lat="41.09731" lon="-73.84383"></trkpt>
      <trkpt lat="41.09731" lon="-73.84383"></trkpt>
      <trkpt lat="41.09731" lon="-73.84422"></trkpt>
      <trkpt lat="41.09731" lon="-73.84422"></trkpt>
      <trkpt lat="41.09754" lon="-73.84523"></trkpt>
      <trkpt lat="41.09754" lon="-73.84523"></trkpt>
      <trkpt lat="41.0975546569167" lon="-73.84529380181243"></trkpt>
      <trkpt lat="41.0975546569167" lon="-73.84529380181243"></trkpt>
      <trkpt lat="41.09771" lon="-73.84597"></trkpt>
      <trkpt lat="41.09775" lon="-73.84625"></trkpt>
      <trkpt lat="41.09773" lon="-73.84662"></trkpt>
      <trkpt lat="41.09763" lon="-73.84691"></trkpt>
      <trkpt lat="41.09746" lon="-73.84715"></trkpt>
      <trkpt lat="41.09667" lon="-73.84774"></trkpt>
      <trkpt lat="41.09641" lon="-73.84786"></trkpt>
      <trkpt lat="41.09591" lon="-73.84799"></trkpt>
      <trkpt lat="41.09591" lon="-73.84799"></trkpt>
      <trkpt lat="41.09502" lon="-73.84822"></trkpt>
      <trkpt lat="41.09416" lon="-73.84856"></trkpt>
      <trkpt lat="41.09368" lon="-73.84869"></trkpt>
      <trkpt lat="41.093546166205336" lon="-73.8487502252076"></trkpt>
      <trkpt lat="41.093546166272745" lon="-73.84875022520761"></trkpt>
      <trkpt lat="41.09348" lon="-73.84878"></trkpt>
      <trkpt lat="41.09332" lon="-73.84892"></trkpt>
      <trkpt lat="41.09332" lon="-73.84892"></trkpt>
      <trkpt lat="41.0937" lon="-73.84937"></trkpt>
      <trkpt lat="41.0937" lon="-73.84937"></trkpt>
      <trkpt lat="41.0937" lon="-73.84937"></trkpt>
      <trkpt lat="41.09383" lon="-73.84946"></trkpt>
      <trkpt lat="41.09402" lon="-73.84952"></trkpt>
      <trkpt lat="41.09402" lon="-73.84952"></trkpt>
      <trkpt lat="41.0941" lon="-73.84951"></trkpt>
      <trkpt lat="41.09435" lon="-73.84964"></trkpt>
      <trkpt lat="41.09473463605833" lon="-73.84998025497467"></trkpt>
      <trkpt lat="41.09474" lon="-73.84997"></trkpt>
      <trkpt lat="41.09504" lon="-73.84998"></trkpt>
      <trkpt lat="41.09571" lon="-73.85005"></trkpt>
      <trkpt lat="41.09591" lon="-73.84999"></trkpt>
      <trkpt lat="41.09591" lon="-73.84999"></trkpt>
      <trkpt lat="41.0965" lon="-73.84975"></trkpt>
      <trkpt lat="41.09775" lon="-73.84915"></trkpt>
      <trkpt lat="41.09775" lon="-73.84915"></trkpt>
      <trkpt lat="41.09831" lon="-73.8488"></trkpt>
      <trkpt lat="41.09872" lon="-73.8486"></trkpt>
      <trkpt lat="41.09872" lon="-73.8486"></trkpt>
      <trkpt lat="41.09878" lon="-73.84857"></trkpt>
      <trkpt lat="41.09878" lon="-73.84857"></trkpt>
      <trkpt lat="41.09891" lon="-73.84853"></trkpt>
      <trkpt lat="41.09891" lon="-73.84853"></trkpt>
      <trkpt lat="41.09897" lon="-73.84852"></trkpt>
      <trkpt lat="41.09897" lon="-73.84852"></trkpt>
      <trkpt lat="41.09928" lon="-73.84848"></trkpt>
      <trkpt lat="41.09937" lon="-73.84844"></trkpt>
      <trkpt lat="41.09941" lon="-73.84836"></trkpt>
      <trkpt lat="41.09940403617925" lon="-73.84836645788681"></trkpt>
      <trkpt lat="41.09945" lon="-73.84844"></trkpt>
      <trkpt lat="41.09968" lon="-73.8486"></trkpt>
      <trkpt lat="41.09982" lon="-73.84883"></trkpt>
      <trkpt lat="41.09986" lon="-73.84907"></trkpt>
      <trkpt lat="41.09986228624352" lon="-73.8492368957769"></trkpt>
      <trkpt lat="41.099862286243564" lon="-73.8492368957769"></trkpt>
      <trkpt lat="41.099864659428306" lon="-73.84941013826607"></trkpt>
      <trkpt lat="41.09987" lon="-73.84941"></trkpt>
      <trkpt lat="41.09994" lon="-73.84941"></trkpt>
      <trkpt lat="41.09994" lon="-73.84941"></trkpt>
      <trkpt lat="41.10021" lon="-73.84944"></trkpt>
      <trkpt lat="41.10021" lon="-73.84944"></trkpt>
      <trkpt lat="41.10028" lon="-73.84944"></trkpt>
      <trkpt lat="41.10034" lon="-73.8494"></trkpt>
      <trkpt lat="41.10039" lon="-73.84929"></trkpt>
      <trkpt lat="41.10045" lon="-73.84908"></trkpt>
      <trkpt lat="41.10045" lon="-73.84908"></trkpt>
      <trkpt lat="41.10064" lon="-73.84855"></trkpt>
      <trkpt lat="41.10112" lon="-73.8478"></trkpt>
      <trkpt lat="41.10162" lon="-73.84737"></trkpt>
      <trkpt lat="41.10187" lon="-73.84701"></trkpt>
      <trkpt lat="41.10202" lon="-73.84686"></trkpt>
      <trkpt lat="41.10218" lon="-73.84673"></trkpt>
      <trkpt lat="41.10244" lon="-73.84662"></trkpt>
      <trkpt lat="41.10262" lon="-73.84617"></trkpt>
      <trkpt lat="41.10266" lon="-73.8461"></trkpt>
      <trkpt lat="41.10279" lon="-73.846"></trkpt>
      <trkpt lat="41.10303" lon="-73.84591"></trkpt>
      <trkpt lat="41.10344" lon="-73.84587"></trkpt>
      <trkpt lat="41.10377" lon="-73.84599"></trkpt>
      <trkpt lat="41.10424" lon="-73.84637"></trkpt>
      <trkpt lat="41.10445" lon="-73.84647"></trkpt>
      <trkpt lat="41.10468" lon="-73.8467"></trkpt>
      <trkpt lat="41.10488" lon="-73.84675"></trkpt>
      <trkpt lat="41.10548" lon="-73.84669"></trkpt>
      <trkpt lat="41.1056" lon="-73.84666"></trkpt>
      <trkpt lat="41.1056" lon="-73.84666"></trkpt>
      <trkpt lat="41.1056" lon="-73.84666"></trkpt>
      <trkpt lat="41.10563156806597" lon="-73.84663369327836"></trkpt>
      <trkpt lat="41.10563156808723" lon="-73.84663369327836"></trkpt>
      <trkpt lat="41.1056" lon="-73.84666"></trkpt>
      <trkpt lat="41.1056" lon="-73.84666"></trkpt>
      <trkpt lat="41.10554" lon="-73.84684"></trkpt>
      <trkpt lat="41.10555" lon="-73.84693"></trkpt>
      <trkpt lat="41.1056" lon="-73.847"></trkpt>
      <trkpt lat="41.10576" lon="-73.84716"></trkpt>
      <trkpt lat="41.10598" lon="-73.8475"></trkpt>
      <trkpt lat="41.10618" lon="-73.84774"></trkpt>
      <trkpt lat="41.10661" lon="-73.8481"></trkpt>
      <trkpt lat="41.10666" lon="-73.84819"></trkpt>
      <trkpt lat="41.10667" lon="-73.84826"></trkpt>
      <trkpt lat="41.10665" lon="-73.84832"></trkpt>
      <trkpt lat="41.10647" lon="-73.84853"></trkpt>
      <trkpt lat="41.10643" lon="-73.84867"></trkpt>
      <trkpt lat="41.10669" lon="-73.84941"></trkpt>
      <trkpt lat="41.10698" lon="-73.84988"></trkpt>
      <trkpt lat="41.10698" lon="-73.84988"></trkpt>
      <trkpt lat="41.10691" lon="-73.85001"></trkpt>
      <trkpt lat="41.10691" lon="-73.85001"></trkpt>
      <trkpt lat="41.10675" lon="-73.85005"></trkpt>
      <trkpt lat="41.10663" lon="-73.85002"></trkpt>
      <trkpt lat="41.10637" lon="-73.84978"></trkpt>
      <trkpt lat="41.10627" lon="-73.84957"></trkpt>
      <trkpt lat="41.10611" lon="-73.84884"></trkpt>
      <trkpt lat="41.10602" lon="-73.84871"></trkpt>
      <trkpt lat="41.10593" lon="-73.84865"></trkpt>
      <trkpt lat="41.10548" lon="-73.84849"></trkpt>
      <trkpt lat="41.1052" lon="-73.84831"></trkpt>
      <trkpt lat="41.10505" lon="-73.84829"></trkpt>
      <trkpt lat="41.10492" lon="-73.84834"></trkpt>
      <trkpt lat="41.10439" lon="-73.84894"></trkpt>
      <trkpt lat="41.10439" lon="-73.84894"></trkpt>
      <trkpt lat="41.10439" lon="-73.84894"></trkpt>
      <trkpt lat="41.10435" lon="-73.84896"></trkpt>
      <trkpt lat="41.10425" lon="-73.84902"></trkpt>
      <trkpt lat="41.10409" lon="-73.8492"></trkpt>
      <trkpt lat="41.10374" lon="-73.84941"></trkpt>
      <trkpt lat="41.10369" lon="-73.84947"></trkpt>
      <trkpt lat="41.10359" lon="-73.8497"></trkpt>
      <trkpt lat="41.10351" lon="-73.84983"></trkpt>
      <trkpt lat="41.10343" lon="-73.84986"></trkpt>
      <trkpt lat="41.10331" lon="-73.84983"></trkpt>
      <trkpt lat="41.10326" lon="-73.84986"></trkpt>
      <trkpt lat="41.10325736981818" lon="-73.849888932"></trkpt>
      <trkpt lat="41.10325736981835" lon="-73.849888932"></trkpt>
      <trkpt lat="41.10325" lon="-73.84997"></trkpt>
      <trkpt lat="41.10331" lon="-73.8501"></trkpt>
      <trkpt lat="41.10331" lon="-73.8501"></trkpt>
      <trkpt lat="41.10338" lon="-73.85022"></trkpt>
      <trkpt lat="41.10338" lon="-73.85022"></trkpt>
      <trkpt lat="41.10363" lon="-73.85043"></trkpt>
      <trkpt lat="41.10384" lon="-73.85054"></trkpt>
      <trkpt lat="41.10401" lon="-73.85059"></trkpt>
      <trkpt lat="41.10426" lon="-73.85051"></trkpt>
      <trkpt lat="41.10477" lon="-73.85012"></trkpt>
      <trkpt lat="41.10488" lon="-73.8501"></trkpt>
      <trkpt lat="41.10488" lon="-73.8501"></trkpt>
      <trkpt lat="41.10522" lon="-73.85004"></trkpt>
      <trkpt lat="41.1054" lon="-73.84992"></trkpt>
      <trkpt lat="41.10552" lon="-73.84981"></trkpt>
      <trkpt lat="41.105520000000006" lon="-73.84981"></trkpt>
      <trkpt lat="41.10552" lon="-73.84981"></trkpt>
      <trkpt lat="41.10564" lon="-73.84961"></trkpt>
      <trkpt lat="41.1057" lon="-73.84948"></trkpt>
      <trkpt lat="41.10569" lon="-73.84934"></trkpt>
      <trkpt lat="41.10563" lon="-73.84919"></trkpt>
      <trkpt lat="41.10551" lon="-73.84912"></trkpt>
      <trkpt lat="41.10529" lon="-73.84906"></trkpt>
      <trkpt lat="41.10482" lon="-73.8491"></trkpt>
      <trkpt lat="41.10459" lon="-73.84908"></trkpt>
      <trkpt lat="41.10446" lon="-73.84904"></trkpt>
      <trkpt lat="41.10439" lon="-73.84894"></trkpt>
      <trkpt lat="41.10439" lon="-73.84894"></trkpt>
      <trkpt lat="41.10439" lon="-73.84894"></trkpt>
      <trkpt lat="41.10439" lon="-73.84894"></trkpt>
      <trkpt lat="41.10439" lon="-73.84894"></trkpt>
      <trkpt lat="41.10439" lon="-73.84894"></trkpt>
      <trkpt lat="41.10492" lon="-73.84834"></trkpt>
      <trkpt lat="41.10505" lon="-73.84829"></trkpt>
      <trkpt lat="41.1052" lon="-73.84831"></trkpt>
      <trkpt lat="41.10548" lon="-73.84849"></trkpt>
      <trkpt lat="41.10593" lon="-73.84865"></trkpt>
      <trkpt lat="41.10602" lon="-73.84871"></trkpt>
      <trkpt lat="41.10611" lon="-73.84884"></trkpt>
      <trkpt lat="41.10627" lon="-73.84957"></trkpt>
      <trkpt lat="41.10637" lon="-73.84978"></trkpt>
      <trkpt lat="41.10663" lon="-73.85002"></trkpt>
      <trkpt lat="41.10675" lon="-73.85005"></trkpt>
      <trkpt lat="41.10691" lon="-73.85001"></trkpt>
      <trkpt lat="41.10691" lon="-73.85001"></trkpt>
      <trkpt lat="41.10698" lon="-73.84988"></trkpt>
      <trkpt lat="41.10698" lon="-73.84988"></trkpt>
      <trkpt lat="41.107" lon="-73.8498"></trkpt>
      <trkpt lat="41.10736" lon="-73.84952"></trkpt>
      <trkpt lat="41.10761" lon="-73.84948"></trkpt>
      <trkpt lat="41.10761" lon="-73.84948"></trkpt>
      <trkpt lat="41.10796879587415" lon="-73.84944013360942"></trkpt>
      <trkpt lat="41.10796879587415" lon="-73.84944013360942"></trkpt>
      <trkpt lat="41.10815" lon="-73.84942"></trkpt>
      <trkpt lat="41.10815" lon="-73.84942"></trkpt>
      <trkpt lat="41.10839" lon="-73.84936"></trkpt>
      <trkpt lat="41.10869" lon="-73.84903"></trkpt>
      <trkpt lat="41.10886" lon="-73.8489"></trkpt>
      <trkpt lat="41.10903" lon="-73.849"></trkpt>
      <trkpt lat="41.10922" lon="-73.84906"></trkpt>
      <trkpt lat="41.10951" lon="-73.84896"></trkpt>
      <trkpt lat="41.10984" lon="-73.84888"></trkpt>
      <trkpt lat="41.11014" lon="-73.84876"></trkpt>
      <trkpt lat="41.11082" lon="-73.84825"></trkpt>
      <trkpt lat="41.11106" lon="-73.84814"></trkpt>
      <trkpt lat="41.1113" lon="-73.84797"></trkpt>
      <trkpt lat="41.11142" lon="-73.84776"></trkpt>
      <trkpt lat="41.11155" lon="-73.84763"></trkpt>
      <trkpt lat="41.11167" lon="-73.8476"></trkpt>
      <trkpt lat="41.11195" lon="-73.84759"></trkpt>
      <trkpt lat="41.11219" lon="-73.8475"></trkpt>
      <trkpt lat="41.11228448034127" lon="-73.84736772752223"></trkpt>
      <trkpt lat="41.11228448038122" lon="-73.84736772752221"></trkpt>
      <trkpt lat="41.11234" lon="-73.84729"></trkpt>
      <trkpt lat="41.11247" lon="-73.84702"></trkpt>
      <trkpt lat="41.11247" lon="-73.84702"></trkpt>
      <trkpt lat="41.11257" lon="-73.84679"></trkpt>
      <trkpt lat="41.11261" lon="-73.84645"></trkpt>
      <trkpt lat="41.113" lon="-73.84604"></trkpt>
      <trkpt lat="41.11309" lon="-73.84591"></trkpt>
      <trkpt lat="41.11319" lon="-73.84566"></trkpt>
      <trkpt lat="41.11326" lon="-73.84544"></trkpt>
      <trkpt lat="41.11338" lon="-73.84538"></trkpt>
      <trkpt lat="41.1135" lon="-73.84544"></trkpt>
      <trkpt lat="41.11394" lon="-73.8458"></trkpt>
      <trkpt lat="41.11409" lon="-73.84596"></trkpt>
      <trkpt lat="41.11409" lon="-73.84596"></trkpt>
      <trkpt lat="41.11409" lon="-73.84596"></trkpt>
      <trkpt lat="41.11429" lon="-73.84611"></trkpt>
      <trkpt lat="41.1145" lon="-73.84613"></trkpt>
      <trkpt lat="41.1146" lon="-73.84605"></trkpt>
      <trkpt lat="41.11488" lon="-73.84569"></trkpt>
      <trkpt lat="41.11495" lon="-73.84537"></trkpt>
      <trkpt lat="41.11499" lon="-73.84528"></trkpt>
      <trkpt lat="41.11511" lon="-73.84511"></trkpt>
      <trkpt lat="41.11553" lon="-73.84471"></trkpt>
      <trkpt lat="41.1157" lon="-73.84422"></trkpt>
      <trkpt lat="41.11581" lon="-73.84406"></trkpt>
      <trkpt lat="41.11599" lon="-73.84393"></trkpt>
      <trkpt lat="41.11653" lon="-73.84375"></trkpt>
      <trkpt lat="41.11673" lon="-73.84377"></trkpt>
      <trkpt lat="41.11722" lon="-73.84399"></trkpt>
      <trkpt lat="41.11733" lon="-73.84407"></trkpt>
      <trkpt lat="41.11737" lon="-73.84413"></trkpt>
      <trkpt lat="41.11736" lon="-73.84425"></trkpt>
      <trkpt lat="41.11708" lon="-73.84472"></trkpt>
      <trkpt lat="41.11704" lon="-73.84484"></trkpt>
      <trkpt lat="41.117" lon="-73.84516"></trkpt>
      <trkpt lat="41.11701" lon="-73.8453"></trkpt>
      <trkpt lat="41.11707" lon="-73.84541"></trkpt>
      <trkpt lat="41.11715" lon="-73.84544"></trkpt>
      <trkpt lat="41.11725" lon="-73.84544"></trkpt>
      <trkpt lat="41.11754" lon="-73.84538"></trkpt>
      <trkpt lat="41.11765" lon="-73.84544"></trkpt>
      <trkpt lat="41.11772" lon="-73.84559"></trkpt>
      <trkpt lat="41.11779" lon="-73.84593"></trkpt>
      <trkpt lat="41.11789" lon="-73.84599"></trkpt>
      <trkpt lat="41.1183" lon="-73.84608"></trkpt>
      <trkpt lat="41.11844" lon="-73.84621"></trkpt>
      <trkpt lat="41.118242130327104" lon="-73.84630343845664"></trkpt>
      <trkpt lat="41.1182421311141" lon="-73.84630343845664"></trkpt>
      <trkpt lat="41.11772" lon="-73.84655"></trkpt>
      <trkpt lat="41.11708" lon="-73.84708"></trkpt>
      <trkpt lat="41.11644" lon="-73.84733"></trkpt>
      <trkpt lat="41.11644" lon="-73.84733"></trkpt>
      <trkpt lat="41.11644" lon="-73.84733"></trkpt>
      <trkpt lat="41.1162" lon="-73.8475"></trkpt>
      <trkpt lat="41.11592" lon="-73.84765"></trkpt>
      <trkpt lat="41.11579" lon="-73.84769"></trkpt>
      <trkpt lat="41.11544" lon="-73.84772"></trkpt>
      <trkpt lat="41.11515" lon="-73.84784"></trkpt>
      <trkpt lat="41.11504" lon="-73.84793"></trkpt>
      <trkpt lat="41.11504" lon="-73.84793"></trkpt>
      <trkpt lat="41.11495" lon="-73.84803"></trkpt>
      <trkpt lat="41.11495" lon="-73.84803"></trkpt>
      <trkpt lat="41.11472" lon="-73.84826"></trkpt>
      <trkpt lat="41.11439" lon="-73.84825"></trkpt>
      <trkpt lat="41.11439" lon="-73.84825"></trkpt>
      <trkpt lat="41.11431" lon="-73.84823"></trkpt>
      <trkpt lat="41.11431" lon="-73.84823"></trkpt>
      <trkpt lat="41.1142" lon="-73.84822"></trkpt>
      <trkpt lat="41.11399" lon="-73.84829"></trkpt>
      <trkpt lat="41.11392" lon="-73.84835"></trkpt>
      <trkpt lat="41.11392" lon="-73.84835"></trkpt>
      <trkpt lat="41.11384" lon="-73.84842"></trkpt>
      <trkpt lat="41.11384" lon="-73.84842"></trkpt>
      <trkpt lat="41.11375" lon="-73.8485"></trkpt>
      <trkpt lat="41.11364" lon="-73.84851"></trkpt>
      <trkpt lat="41.11364" lon="-73.84851"></trkpt>
      <trkpt lat="41.11357" lon="-73.84848"></trkpt>
      <trkpt lat="41.11357" lon="-73.84848"></trkpt>
      <trkpt lat="41.11338" lon="-73.84848"></trkpt>
      <trkpt lat="41.11309" lon="-73.84861"></trkpt>
      <trkpt lat="41.11278" lon="-73.84871"></trkpt>
      <trkpt lat="41.11271" lon="-73.84877"></trkpt>
      <trkpt lat="41.11271" lon="-73.84877"></trkpt>
      <trkpt lat="41.11266" lon="-73.84881"></trkpt>
      <trkpt lat="41.11266" lon="-73.84881"></trkpt>
      <trkpt lat="41.11247" lon="-73.84896"></trkpt>
      <trkpt lat="41.11247" lon="-73.84896"></trkpt>
      <trkpt lat="41.11232" lon="-73.84906"></trkpt>
      <trkpt lat="41.11205" lon="-73.84913"></trkpt>
      <trkpt lat="41.11205" lon="-73.84913"></trkpt>
      <trkpt lat="41.11198" lon="-73.84913"></trkpt>
      <trkpt lat="41.11198" lon="-73.84913"></trkpt>
      <trkpt lat="41.11157" lon="-73.84921"></trkpt>
      <trkpt lat="41.11157" lon="-73.84921"></trkpt>
      <trkpt lat="41.1115" lon="-73.84926"></trkpt>
      <trkpt lat="41.1115" lon="-73.84926"></trkpt>
      <trkpt lat="41.11119" lon="-73.84947"></trkpt>
      <trkpt lat="41.11119" lon="-73.84947"></trkpt>
      <trkpt lat="41.11113" lon="-73.8495"></trkpt>
      <trkpt lat="41.11113" lon="-73.8495"></trkpt>
      <trkpt lat="41.11107" lon="-73.84952"></trkpt>
      <trkpt lat="41.11107" lon="-73.84952"></trkpt>
      <trkpt lat="41.11103" lon="-73.84954"></trkpt>
      <trkpt lat="41.11103" lon="-73.84954"></trkpt>
      <trkpt lat="41.11098" lon="-73.84956"></trkpt>
      <trkpt lat="41.11098" lon="-73.84956"></trkpt>
      <trkpt lat="41.11094" lon="-73.84958"></trkpt>
      <trkpt lat="41.11094" lon="-73.84958"></trkpt>
      <trkpt lat="41.11066" lon="-73.8497"></trkpt>
      <trkpt lat="41.11021" lon="-73.85"></trkpt>
      <trkpt lat="41.10995" lon="-73.85006"></trkpt>
      <trkpt lat="41.10973" lon="-73.85007"></trkpt>
      <trkpt lat="41.10973" lon="-73.85007"></trkpt>
      <trkpt lat="41.10966" lon="-73.85008"></trkpt>
      <trkpt lat="41.10964" lon="-73.8501"></trkpt>
      <trkpt lat="41.10958" lon="-73.85013"></trkpt>
      <trkpt lat="41.10958" lon="-73.85013"></trkpt>
      <trkpt lat="41.10958" lon="-73.85013"></trkpt>
      <trkpt lat="41.10958" lon="-73.85013"></trkpt>
      <trkpt lat="41.10958000000001" lon="-73.85013"></trkpt>
      <trkpt lat="41.10958" lon="-73.85013"></trkpt>
      <trkpt lat="41.10958" lon="-73.85013"></trkpt>
      <trkpt lat="41.10958" lon="-73.85013"></trkpt>
      <trkpt lat="41.10962" lon="-73.85056"></trkpt>
      <trkpt lat="41.1096" lon="-73.85097"></trkpt>
      <trkpt lat="41.1095" lon="-73.85181"></trkpt>
      <trkpt lat="41.10956" lon="-73.85266"></trkpt>
      <trkpt lat="41.10968" lon="-73.85315"></trkpt>
      <trkpt lat="41.10969" lon="-73.85324"></trkpt>
      <trkpt lat="41.10959" lon="-73.85365"></trkpt>
      <trkpt lat="41.10963" lon="-73.85417"></trkpt>
      <trkpt lat="41.10962136854944" lon="-73.85418726290112"></trkpt>
      <trkpt lat="41.10962136855152" lon="-73.85418726290112"></trkpt>
      <trkpt lat="41.10959" lon="-73.85425"></trkpt>
      <trkpt lat="41.10959" lon="-73.85425"></trkpt>
      <trkpt lat="41.10959" lon="-73.85425"></trkpt>
      <trkpt lat="41.1097" lon="-73.85458"></trkpt>
      <trkpt lat="41.10978" lon="-73.85473"></trkpt>
      <trkpt lat="41.11034" lon="-73.85521"></trkpt>
      <trkpt lat="41.11088" lon="-73.85572"></trkpt>
      <trkpt lat="41.11101" lon="-73.85592"></trkpt>
      <trkpt lat="41.11144" lon="-73.8568"></trkpt>
      <trkpt lat="41.11169" lon="-73.85723"></trkpt>
      <trkpt lat="41.11188" lon="-73.85738"></trkpt>
      <trkpt lat="41.11233" lon="-73.85754"></trkpt>
      <trkpt lat="41.11233" lon="-73.85754"></trkpt>
      <trkpt lat="41.11247" lon="-73.85759"></trkpt>
      <trkpt lat="41.11247" lon="-73.85759"></trkpt>
      <trkpt lat="41.11463" lon="-73.85839"></trkpt>
      <trkpt lat="41.11523" lon="-73.85871"></trkpt>
      <trkpt lat="41.11546" lon="-73.85876"></trkpt>
      <trkpt lat="41.11586" lon="-73.85876"></trkpt>
      <trkpt lat="41.11613" lon="-73.85867"></trkpt>
      <trkpt lat="41.11751" lon="-73.85852"></trkpt>
      <trkpt lat="41.11772" lon="-73.85852"></trkpt>
      <trkpt lat="41.11804" lon="-73.85858"></trkpt>
      <trkpt lat="41.11826" lon="-73.85872"></trkpt>
      <trkpt lat="41.11856" lon="-73.85899"></trkpt>
      <trkpt lat="41.11874100589503" lon="-73.85918910672743"></trkpt>
      <trkpt lat="41.11876" lon="-73.85921"></trkpt>
      <trkpt lat="41.11886" lon="-73.8594"></trkpt>
      <trkpt lat="41.11893" lon="-73.85961"></trkpt>
      <trkpt lat="41.11896853375724" lon="-73.85978982420046"></trkpt>
      <trkpt lat="41.118968533772346" lon="-73.85978982420046"></trkpt>
      <trkpt lat="41.11902" lon="-73.86003"></trkpt>
      <trkpt lat="41.11903" lon="-73.86031"></trkpt>
      <trkpt lat="41.11903" lon="-73.86031"></trkpt>
      <trkpt lat="41.11895" lon="-73.86092"></trkpt>
      <trkpt lat="41.11895" lon="-73.86092"></trkpt>
      <trkpt lat="41.1188" lon="-73.86198"></trkpt>
      <trkpt lat="41.11889" lon="-73.86248"></trkpt>
      <trkpt lat="41.11902" lon="-73.86281"></trkpt>
      <trkpt lat="41.11928" lon="-73.86316"></trkpt>
      <trkpt lat="41.11928" lon="-73.86316"></trkpt>
      <trkpt lat="41.11922" lon="-73.86321"></trkpt>
      <trkpt lat="41.11913" lon="-73.86319"></trkpt>
      <trkpt lat="41.11907" lon="-73.86316"></trkpt>
      <trkpt lat="41.11886" lon="-73.86291"></trkpt>
      <trkpt lat="41.11881" lon="-73.8629"></trkpt>
      <trkpt lat="41.11876" lon="-73.86295"></trkpt>
      <trkpt lat="41.1187" lon="-73.8631"></trkpt>
      <trkpt lat="41.1187" lon="-73.86322"></trkpt>
      <trkpt lat="41.11873" lon="-73.86354"></trkpt>
      <trkpt lat="41.11871" lon="-73.86365"></trkpt>
      <trkpt lat="41.11867" lon="-73.86368"></trkpt>
      <trkpt lat="41.11861" lon="-73.86367"></trkpt>
      <trkpt lat="41.11842" lon="-73.86353"></trkpt>
      <trkpt lat="41.11815" lon="-73.86347"></trkpt>
      <trkpt lat="41.11815" lon="-73.86347"></trkpt>
      <trkpt lat="41.11818" lon="-73.86383"></trkpt>
      <trkpt lat="41.11818" lon="-73.86383"></trkpt>
      <trkpt lat="41.11822" lon="-73.86393"></trkpt>
      <trkpt lat="41.11822" lon="-73.86393"></trkpt>
      <trkpt lat="41.11829" lon="-73.86403"></trkpt>
      <trkpt lat="41.11845" lon="-73.86418"></trkpt>
      <trkpt lat="41.11845" lon="-73.86418"></trkpt>
      <trkpt lat="41.1185" lon="-73.86422"></trkpt>
      <trkpt lat="41.1185" lon="-73.86422"></trkpt>
      <trkpt lat="41.11855" lon="-73.8643"></trkpt>
      <trkpt lat="41.11859" lon="-73.86445"></trkpt>
      <trkpt lat="41.11859" lon="-73.86445"></trkpt>
      <trkpt lat="41.11861" lon="-73.86453"></trkpt>
      <trkpt lat="41.11861" lon="-73.86453"></trkpt>
      <trkpt lat="41.11863" lon="-73.86459"></trkpt>
      <trkpt lat="41.11874" lon="-73.86469"></trkpt>
      <trkpt lat="41.11874" lon="-73.86469"></trkpt>
      <trkpt lat="41.11881" lon="-73.86471"></trkpt>
      <trkpt lat="41.11881" lon="-73.86471"></trkpt>
      <trkpt lat="41.11889" lon="-73.86478"></trkpt>
      <trkpt lat="41.11889" lon="-73.86478"></trkpt>
      <trkpt lat="41.11892" lon="-73.8649"></trkpt>
      <trkpt lat="41.11892" lon="-73.8649"></trkpt>
      <trkpt lat="41.11901" lon="-73.86501"></trkpt>
      <trkpt lat="41.11915" lon="-73.86505"></trkpt>
      <trkpt lat="41.11915" lon="-73.86505"></trkpt>
      <trkpt lat="41.11935" lon="-73.86501"></trkpt>
      <trkpt lat="41.11955" lon="-73.865"></trkpt>
      <trkpt lat="41.1197" lon="-73.86508"></trkpt>
      <trkpt lat="41.11989" lon="-73.86527"></trkpt>
      <trkpt lat="41.12015" lon="-73.86535"></trkpt>
      <trkpt lat="41.12028" lon="-73.86543"></trkpt>
      <trkpt lat="41.12042" lon="-73.86565"></trkpt>
      <trkpt lat="41.12056" lon="-73.86605"></trkpt>
      <trkpt lat="41.12086" lon="-73.86675"></trkpt>
      <trkpt lat="41.12086" lon="-73.86675"></trkpt>
      <trkpt lat="41.12096" lon="-73.86709"></trkpt>
      <trkpt lat="41.12096" lon="-73.86726"></trkpt>
      <trkpt lat="41.120939565173714" lon="-73.86739253997804"></trkpt>
      <trkpt lat="41.12091840931319" lon="-73.86737957325953"></trkpt>
      <trkpt lat="41.12088" lon="-73.86749"></trkpt>
      <trkpt lat="41.12079" lon="-73.86756"></trkpt>
      <trkpt lat="41.12069" lon="-73.86759"></trkpt>
      <trkpt lat="41.12032" lon="-73.8676"></trkpt>
      <trkpt lat="41.11945" lon="-73.86774"></trkpt>
      <trkpt lat="41.11905" lon="-73.86777"></trkpt>
      <trkpt lat="41.11869" lon="-73.8677"></trkpt>
      <trkpt lat="41.11819" lon="-73.86782"></trkpt>
      <trkpt lat="41.11776" lon="-73.86787"></trkpt>
      <trkpt lat="41.11737" lon="-73.86804"></trkpt>
      <trkpt lat="41.11675" lon="-73.86804"></trkpt>
      <trkpt lat="41.116626644690434" lon="-73.86805897773993"></trkpt>
      <trkpt lat="41.11662664494097" lon="-73.86805897773993"></trkpt>
      <trkpt lat="41.11636" lon="-73.8681"></trkpt>
      <trkpt lat="41.11636" lon="-73.8681"></trkpt>
      <trkpt lat="41.11615" lon="-73.86818"></trkpt>
      <trkpt lat="41.11615" lon="-73.86818"></trkpt>
      <trkpt lat="41.11587" lon="-73.86835"></trkpt>
      <trkpt lat="41.11574" lon="-73.86836"></trkpt>
      <trkpt lat="41.11561" lon="-73.86835"></trkpt>
      <trkpt lat="41.11522" lon="-73.86815"></trkpt>
      <trkpt lat="41.11501" lon="-73.86808"></trkpt>
      <trkpt lat="41.1146" lon="-73.8681"></trkpt>
      <trkpt lat="41.11427" lon="-73.86815"></trkpt>
      <trkpt lat="41.11405" lon="-73.8681"></trkpt>
      <trkpt lat="41.11381" lon="-73.86795"></trkpt>
      <trkpt lat="41.11345" lon="-73.868"></trkpt>
      <trkpt lat="41.11316" lon="-73.86791"></trkpt>
      <trkpt lat="41.11247" lon="-73.86796"></trkpt>
      <trkpt lat="41.11247" lon="-73.86796"></trkpt>
      <trkpt lat="41.1121" lon="-73.86799"></trkpt>
      <trkpt lat="41.11168" lon="-73.86795"></trkpt>
      <trkpt lat="41.11146" lon="-73.86788"></trkpt>
      <trkpt lat="41.11114" lon="-73.86789"></trkpt>
      <trkpt lat="41.111" lon="-73.86778"></trkpt>
      <trkpt lat="41.1109331183529" lon="-73.86765138144787"></trkpt>
      <trkpt lat="41.11093311838504" lon="-73.86765138144787"></trkpt>
      <trkpt lat="41.11087" lon="-73.86753"></trkpt>
      <trkpt lat="41.11085" lon="-73.86728"></trkpt>
      <trkpt lat="41.11085" lon="-73.86728"></trkpt>
      <trkpt lat="41.11085" lon="-73.86728"></trkpt>
      <trkpt lat="41.11075" lon="-73.86718"></trkpt>
      <trkpt lat="41.1106" lon="-73.8671"></trkpt>
      <trkpt lat="41.1106" lon="-73.8671"></trkpt>
      <trkpt lat="41.11064" lon="-73.86691"></trkpt>
      <trkpt lat="41.11062" lon="-73.86662"></trkpt>
      <trkpt lat="41.11057" lon="-73.86632"></trkpt>
      <trkpt lat="41.11058" lon="-73.86565"></trkpt>
      <trkpt lat="41.11058" lon="-73.86565"></trkpt>
      <trkpt lat="41.11058" lon="-73.86565"></trkpt>
      <trkpt lat="41.11076" lon="-73.86558"></trkpt>
      <trkpt lat="41.11076" lon="-73.86558"></trkpt>
      <trkpt lat="41.11083" lon="-73.86532"></trkpt>
      <trkpt lat="41.11082" lon="-73.86526"></trkpt>
      <trkpt lat="41.1108" lon="-73.86521"></trkpt>
      <trkpt lat="41.11061" lon="-73.86507"></trkpt>
      <trkpt lat="41.11055" lon="-73.86488"></trkpt>
      <trkpt lat="41.1106" lon="-73.86464"></trkpt>
      <trkpt lat="41.11071" lon="-73.86446"></trkpt>
      <trkpt lat="41.11071" lon="-73.86446"></trkpt>
      <trkpt lat="41.11107" lon="-73.86428"></trkpt>
      <trkpt lat="41.11107" lon="-73.86428"></trkpt>
      <trkpt lat="41.11107" lon="-73.86428"></trkpt>
      <trkpt lat="41.11118" lon="-73.86441"></trkpt>
      <trkpt lat="41.11121" lon="-73.86451"></trkpt>
      <trkpt lat="41.11120046352985" lon="-73.86469119293301"></trkpt>
      <trkpt lat="41.11120046353063" lon="-73.864691192933"></trkpt>
      <trkpt lat="41.11119" lon="-73.86489"></trkpt>
      <trkpt lat="41.11123" lon="-73.86511"></trkpt>
      <trkpt lat="41.11137" lon="-73.86532"></trkpt>
      <trkpt lat="41.11158" lon="-73.86546"></trkpt>
      <trkpt lat="41.11183" lon="-73.86552"></trkpt>
      <trkpt lat="41.11209" lon="-73.86553"></trkpt>
      <trkpt lat="41.11209" lon="-73.86553"></trkpt>
      <trkpt lat="41.11223" lon="-73.86555"></trkpt>
      <trkpt lat="41.11247" lon="-73.86567"></trkpt>
      <trkpt lat="41.11247" lon="-73.86567"></trkpt>
      <trkpt lat="41.11268568191488" lon="-73.86579132107713"></trkpt>
    </trkseg>
  </trk>
</gpx>
