<?xml version="1.0" encoding="UTF-8"?>
<gpx xmlns:xsi="http://www.w3.org/2001/XMLSchema-instance" xsi:schemaLocation="http://www.topografix.com/GPX/1/1 http://www.topografix.com/GPX/1/1/gpx.xsd" creator="StravaGPX" version="1.1" xmlns="http://www.topografix.com/GPX/1/1">
 <metadata>
  <time>2024-07-09T20:05:28Z</time>
 </metadata>
 <trk>
  <name>Gran Fondo Badlands 50km</name>
  <type>cycling</type>
  <trkseg>
   <trkpt lat="51.4671520" lon="-112.7058480">
    <ele>680.2</ele>
    <time>2024-07-09T20:05:28Z</time>
   </trkpt>
   <trkpt lat="51.4671780" lon="-112.7059320">
    <ele>680.2</ele>
    <time>2024-07-09T20:05:29Z</time>
   </trkpt>
   <trkpt lat="51.4671680" lon="-112.7059970">
    <ele>680.2</ele>
    <time>2024-07-09T20:05:30Z</time>
   </trkpt>
   <trkpt lat="51.4670840" lon="-112.7059940">
    <ele>680.2</ele>
    <time>2024-07-09T20:05:31Z</time>
   </trkpt>
   <trkpt lat="51.4670780" lon="-112.7060380">
    <ele>680.1</ele>
    <time>2024-07-09T20:05:32Z</time>
   </trkpt>
   <trkpt lat="51.4670660" lon="-112.7060320">
    <ele>680.1</ele>
    <time>2024-07-09T20:05:33Z</time>
   </trkpt>
   <trkpt lat="51.4670620" lon="-112.7060350">
    <ele>680.1</ele>
    <time>2024-07-09T20:05:34Z</time>
   </trkpt>
   <trkpt lat="51.4670600" lon="-112.7060370">
    <ele>680.1</ele>
    <time>2024-07-09T20:05:35Z</time>
   </trkpt>
   <trkpt lat="51.4670520" lon="-112.7060390">
    <ele>680.1</ele>
    <time>2024-07-09T20:05:36Z</time>
   </trkpt>
   <trkpt lat="51.4670540" lon="-112.7060440">
    <ele>680.1</ele>
    <time>2024-07-09T20:05:37Z</time>
   </trkpt>
   <trkpt lat="51.4670490" lon="-112.7060080">
    <ele>680.1</ele>
    <time>2024-07-09T20:05:38Z</time>
   </trkpt>
   <trkpt lat="51.4670490" lon="-112.7059820">
    <ele>680.1</ele>
    <time>2024-07-09T20:05:39Z</time>
   </trkpt>
   <trkpt lat="51.4670490" lon="-112.7059560">
    <ele>680.1</ele>
    <time>2024-07-09T20:05:40Z</time>
   </trkpt>
   <trkpt lat="51.4670490" lon="-112.7059300">
    <ele>680.1</ele>
    <time>2024-07-09T20:05:41Z</time>
   </trkpt>
   <trkpt lat="51.4670490" lon="-112.7059040">
    <ele>680.1</ele>
    <time>2024-07-09T20:05:42Z</time>
   </trkpt>
   <trkpt lat="51.4670490" lon="-112.7058780">
    <ele>680.1</ele>
    <time>2024-07-09T20:06:12Z</time>
   </trkpt>
   <trkpt lat="51.4670490" lon="-112.7058520">
    <ele>680.1</ele>
    <time>2024-07-09T20:06:13Z</time>
   </trkpt>
   <trkpt lat="51.4670310" lon="-112.7058100">
    <ele>680.1</ele>
    <time>2024-07-09T20:06:14Z</time>
   </trkpt>
   <trkpt lat="51.4670090" lon="-112.7057540">
    <ele>680.1</ele>
    <time>2024-07-09T20:06:15Z</time>
   </trkpt>
   <trkpt lat="51.4669950" lon="-112.7057110">
    <ele>680.1</ele>
    <time>2024-07-09T20:06:16Z</time>
   </trkpt>
   <trkpt lat="51.4669870" lon="-112.7056590">
    <ele>680.2</ele>
    <time>2024-07-09T20:06:17Z</time>
   </trkpt>
   <trkpt lat="51.4669780" lon="-112.7055930">
    <ele>680.2</ele>
    <time>2024-07-09T20:06:18Z</time>
   </trkpt>
   <trkpt lat="51.4669650" lon="-112.7055250">
    <ele>680.2</ele>
    <time>2024-07-09T20:06:19Z</time>
   </trkpt>
   <trkpt lat="51.4669550" lon="-112.7054540">
    <ele>680.4</ele>
    <time>2024-07-09T20:06:20Z</time>
   </trkpt>
   <trkpt lat="51.4669470" lon="-112.7053820">
    <ele>681.1</ele>
    <time>2024-07-09T20:06:21Z</time>
   </trkpt>
   <trkpt lat="51.4669360" lon="-112.7053090">
    <ele>681.7</ele>
    <time>2024-07-09T20:06:22Z</time>
   </trkpt>
   <trkpt lat="51.4669300" lon="-112.7052350">
    <ele>682.4</ele>
    <time>2024-07-09T20:06:23Z</time>
   </trkpt>
   <trkpt lat="51.4669110" lon="-112.7051600">
    <ele>682.7</ele>
    <time>2024-07-09T20:06:24Z</time>
   </trkpt>
   <trkpt lat="51.4668970" lon="-112.7050890">
    <ele>682.8</ele>
    <time>2024-07-09T20:06:25Z</time>
   </trkpt>
   <trkpt lat="51.4668690" lon="-112.7050100">
    <ele>682.9</ele>
    <time>2024-07-09T20:06:26Z</time>
   </trkpt>
   <trkpt lat="51.4668160" lon="-112.7049610">
    <ele>682.8</ele>
    <time>2024-07-09T20:06:27Z</time>
   </trkpt>
   <trkpt lat="51.4667510" lon="-112.7049560">
    <ele>682.8</ele>
    <time>2024-07-09T20:06:28Z</time>
   </trkpt>
   <trkpt lat="51.4666940" lon="-112.7049670">
    <ele>682.8</ele>
    <time>2024-07-09T20:06:29Z</time>
   </trkpt>
   <trkpt lat="51.4666400" lon="-112.7049830">
    <ele>682.8</ele>
    <time>2024-07-09T20:06:30Z</time>
   </trkpt>
   <trkpt lat="51.4665790" lon="-112.7049990">
    <ele>682.7</ele>
    <time>2024-07-09T20:06:31Z</time>
   </trkpt>
   <trkpt lat="51.4665240" lon="-112.7050000">
    <ele>682.7</ele>
    <time>2024-07-09T20:06:32Z</time>
   </trkpt>
   <trkpt lat="51.4664690" lon="-112.7049870">
    <ele>682.7</ele>
    <time>2024-07-09T20:06:33Z</time>
   </trkpt>
   <trkpt lat="51.4664130" lon="-112.7049650">
    <ele>682.6</ele>
    <time>2024-07-09T20:06:34Z</time>
   </trkpt>
   <trkpt lat="51.4663590" lon="-112.7049360">
    <ele>682.6</ele>
    <time>2024-07-09T20:06:35Z</time>
   </trkpt>
   <trkpt lat="51.4663060" lon="-112.7049100">
    <ele>682.5</ele>
    <time>2024-07-09T20:06:36Z</time>
   </trkpt>
   <trkpt lat="51.4662530" lon="-112.7048930">
    <ele>682.3</ele>
    <time>2024-07-09T20:06:37Z</time>
   </trkpt>
   <trkpt lat="51.4661940" lon="-112.7048990">
    <ele>682.2</ele>
    <time>2024-07-09T20:06:38Z</time>
   </trkpt>
   <trkpt lat="51.4661300" lon="-112.7049010">
    <ele>682.0</ele>
    <time>2024-07-09T20:06:39Z</time>
   </trkpt>
   <trkpt lat="51.4660690" lon="-112.7049040">
    <ele>681.9</ele>
    <time>2024-07-09T20:06:40Z</time>
   </trkpt>
   <trkpt lat="51.4660100" lon="-112.7049070">
    <ele>681.8</ele>
    <time>2024-07-09T20:06:41Z</time>
   </trkpt>
   <trkpt lat="51.4659470" lon="-112.7049100">
    <ele>681.8</ele>
    <time>2024-07-09T20:06:42Z</time>
   </trkpt>
   <trkpt lat="51.4658880" lon="-112.7049070">
    <ele>681.8</ele>
    <time>2024-07-09T20:06:43Z</time>
   </trkpt>
   <trkpt lat="51.4658240" lon="-112.7049130">
    <ele>681.8</ele>
    <time>2024-07-09T20:06:44Z</time>
   </trkpt>
   <trkpt lat="51.4657660" lon="-112.7049050">
    <ele>681.8</ele>
    <time>2024-07-09T20:06:45Z</time>
   </trkpt>
   <trkpt lat="51.4657040" lon="-112.7049180">
    <ele>681.8</ele>
    <time>2024-07-09T20:06:46Z</time>
   </trkpt>
   <trkpt lat="51.4656450" lon="-112.7049270">
    <ele>681.9</ele>
    <time>2024-07-09T20:06:47Z</time>
   </trkpt>
   <trkpt lat="51.4655910" lon="-112.7049450">
    <ele>681.9</ele>
    <time>2024-07-09T20:06:48Z</time>
   </trkpt>
   <trkpt lat="51.4655450" lon="-112.7049700">
    <ele>682.0</ele>
    <time>2024-07-09T20:06:49Z</time>
   </trkpt>
   <trkpt lat="51.4655220" lon="-112.7050360">
    <ele>682.0</ele>
    <time>2024-07-09T20:06:50Z</time>
   </trkpt>
   <trkpt lat="51.4655120" lon="-112.7051360">
    <ele>681.9</ele>
    <time>2024-07-09T20:06:51Z</time>
   </trkpt>
   <trkpt lat="51.4655190" lon="-112.7052260">
    <ele>681.9</ele>
    <time>2024-07-09T20:06:52Z</time>
   </trkpt>
   <trkpt lat="51.4655470" lon="-112.7053110">
    <ele>681.9</ele>
    <time>2024-07-09T20:06:53Z</time>
   </trkpt>
   <trkpt lat="51.4655730" lon="-112.7053970">
    <ele>681.9</ele>
    <time>2024-07-09T20:06:54Z</time>
   </trkpt>
   <trkpt lat="51.4655950" lon="-112.7054810">
    <ele>681.9</ele>
    <time>2024-07-09T20:06:55Z</time>
   </trkpt>
   <trkpt lat="51.4656220" lon="-112.7055610">
    <ele>681.9</ele>
    <time>2024-07-09T20:06:56Z</time>
   </trkpt>
   <trkpt lat="51.4656500" lon="-112.7056410">
    <ele>681.9</ele>
    <time>2024-07-09T20:06:57Z</time>
   </trkpt>
   <trkpt lat="51.4656770" lon="-112.7057250">
    <ele>681.9</ele>
    <time>2024-07-09T20:06:58Z</time>
   </trkpt>
   <trkpt lat="51.4657140" lon="-112.7058020">
    <ele>681.9</ele>
    <time>2024-07-09T20:06:59Z</time>
   </trkpt>
   <trkpt lat="51.4657420" lon="-112.7058790">
    <ele>681.9</ele>
    <time>2024-07-09T20:07:00Z</time>
   </trkpt>
   <trkpt lat="51.4657770" lon="-112.7059600">
    <ele>681.9</ele>
    <time>2024-07-09T20:07:01Z</time>
   </trkpt>
   <trkpt lat="51.4658090" lon="-112.7060390">
    <ele>681.9</ele>
    <time>2024-07-09T20:07:02Z</time>
   </trkpt>
   <trkpt lat="51.4658560" lon="-112.7061120">
    <ele>681.9</ele>
    <time>2024-07-09T20:07:03Z</time>
   </trkpt>
   <trkpt lat="51.4658810" lon="-112.7061910">
    <ele>681.9</ele>
    <time>2024-07-09T20:07:04Z</time>
   </trkpt>
   <trkpt lat="51.4659220" lon="-112.7062700">
    <ele>681.8</ele>
    <time>2024-07-09T20:07:05Z</time>
   </trkpt>
   <trkpt lat="51.4659520" lon="-112.7063410">
    <ele>681.8</ele>
    <time>2024-07-09T20:07:06Z</time>
   </trkpt>
   <trkpt lat="51.4660020" lon="-112.7064070">
    <ele>681.8</ele>
    <time>2024-07-09T20:07:07Z</time>
   </trkpt>
   <trkpt lat="51.4660460" lon="-112.7064730">
    <ele>681.8</ele>
    <time>2024-07-09T20:07:08Z</time>
   </trkpt>
   <trkpt lat="51.4660800" lon="-112.7065220">
    <ele>681.8</ele>
    <time>2024-07-09T20:07:09Z</time>
   </trkpt>
   <trkpt lat="51.4661290" lon="-112.7065730">
    <ele>681.8</ele>
    <time>2024-07-09T20:07:10Z</time>
   </trkpt>
   <trkpt lat="51.4661720" lon="-112.7066650">
    <ele>681.8</ele>
    <time>2024-07-09T20:07:11Z</time>
   </trkpt>
   <trkpt lat="51.4662120" lon="-112.7067380">
    <ele>681.8</ele>
    <time>2024-07-09T20:07:12Z</time>
   </trkpt>
   <trkpt lat="51.4662520" lon="-112.7068130">
    <ele>681.9</ele>
    <time>2024-07-09T20:07:13Z</time>
   </trkpt>
   <trkpt lat="51.4662940" lon="-112.7068700">
    <ele>681.9</ele>
    <time>2024-07-09T20:07:14Z</time>
   </trkpt>
   <trkpt lat="51.4663410" lon="-112.7069360">
    <ele>681.9</ele>
    <time>2024-07-09T20:07:15Z</time>
   </trkpt>
   <trkpt lat="51.4663830" lon="-112.7069940">
    <ele>681.9</ele>
    <time>2024-07-09T20:07:16Z</time>
   </trkpt>
   <trkpt lat="51.4664270" lon="-112.7070620">
    <ele>681.9</ele>
    <time>2024-07-09T20:07:17Z</time>
   </trkpt>
   <trkpt lat="51.4664730" lon="-112.7071300">
    <ele>681.9</ele>
    <time>2024-07-09T20:07:18Z</time>
   </trkpt>
   <trkpt lat="51.4665140" lon="-112.7072030">
    <ele>681.9</ele>
    <time>2024-07-09T20:07:19Z</time>
   </trkpt>
   <trkpt lat="51.4665610" lon="-112.7072680">
    <ele>681.9</ele>
    <time>2024-07-09T20:07:20Z</time>
   </trkpt>
   <trkpt lat="51.4666110" lon="-112.7073210">
    <ele>681.9</ele>
    <time>2024-07-09T20:07:21Z</time>
   </trkpt>
   <trkpt lat="51.4666540" lon="-112.7073930">
    <ele>681.9</ele>
    <time>2024-07-09T20:07:22Z</time>
   </trkpt>
   <trkpt lat="51.4667000" lon="-112.7074520">
    <ele>681.9</ele>
    <time>2024-07-09T20:07:23Z</time>
   </trkpt>
   <trkpt lat="51.4667320" lon="-112.7075480">
    <ele>681.9</ele>
    <time>2024-07-09T20:07:24Z</time>
   </trkpt>
   <trkpt lat="51.4667700" lon="-112.7076460">
    <ele>681.9</ele>
    <time>2024-07-09T20:07:25Z</time>
   </trkpt>
   <trkpt lat="51.4668050" lon="-112.7077310">
    <ele>682.0</ele>
    <time>2024-07-09T20:07:26Z</time>
   </trkpt>
   <trkpt lat="51.4668330" lon="-112.7078250">
    <ele>682.0</ele>
    <time>2024-07-09T20:07:27Z</time>
   </trkpt>
   <trkpt lat="51.4668430" lon="-112.7079260">
    <ele>681.9</ele>
    <time>2024-07-09T20:07:28Z</time>
   </trkpt>
   <trkpt lat="51.4668510" lon="-112.7080010">
    <ele>681.9</ele>
    <time>2024-07-09T20:07:29Z</time>
   </trkpt>
   <trkpt lat="51.4668680" lon="-112.7081100">
    <ele>681.9</ele>
    <time>2024-07-09T20:07:30Z</time>
   </trkpt>
   <trkpt lat="51.4668890" lon="-112.7082130">
    <ele>682.0</ele>
    <time>2024-07-09T20:07:31Z</time>
   </trkpt>
   <trkpt lat="51.4668990" lon="-112.7083160">
    <ele>682.0</ele>
    <time>2024-07-09T20:07:32Z</time>
   </trkpt>
   <trkpt lat="51.4669020" lon="-112.7084110">
    <ele>682.0</ele>
    <time>2024-07-09T20:07:33Z</time>
   </trkpt>
   <trkpt lat="51.4669030" lon="-112.7085150">
    <ele>682.0</ele>
    <time>2024-07-09T20:07:34Z</time>
   </trkpt>
   <trkpt lat="51.4669070" lon="-112.7085990">
    <ele>682.1</ele>
    <time>2024-07-09T20:07:35Z</time>
   </trkpt>
   <trkpt lat="51.4669120" lon="-112.7087050">
    <ele>682.1</ele>
    <time>2024-07-09T20:07:36Z</time>
   </trkpt>
   <trkpt lat="51.4669170" lon="-112.7088030">
    <ele>682.1</ele>
    <time>2024-07-09T20:07:37Z</time>
   </trkpt>
   <trkpt lat="51.4669190" lon="-112.7089040">
    <ele>682.2</ele>
    <time>2024-07-09T20:07:38Z</time>
   </trkpt>
   <trkpt lat="51.4669170" lon="-112.7089930">
    <ele>682.2</ele>
    <time>2024-07-09T20:07:39Z</time>
   </trkpt>
   <trkpt lat="51.4669070" lon="-112.7090840">
    <ele>682.2</ele>
    <time>2024-07-09T20:07:40Z</time>
   </trkpt>
   <trkpt lat="51.4668800" lon="-112.7091900">
    <ele>682.2</ele>
    <time>2024-07-09T20:07:41Z</time>
   </trkpt>
   <trkpt lat="51.4668220" lon="-112.7092310">
    <ele>682.2</ele>
    <time>2024-07-09T20:07:42Z</time>
   </trkpt>
   <trkpt lat="51.4667510" lon="-112.7092130">
    <ele>682.1</ele>
    <time>2024-07-09T20:07:43Z</time>
   </trkpt>
   <trkpt lat="51.4666860" lon="-112.7092370">
    <ele>682.0</ele>
    <time>2024-07-09T20:07:44Z</time>
   </trkpt>
   <trkpt lat="51.4666220" lon="-112.7092600">
    <ele>682.0</ele>
    <time>2024-07-09T20:07:45Z</time>
   </trkpt>
   <trkpt lat="51.4665570" lon="-112.7092500">
    <ele>682.0</ele>
    <time>2024-07-09T20:07:46Z</time>
   </trkpt>
   <trkpt lat="51.4664890" lon="-112.7092400">
    <ele>682.0</ele>
    <time>2024-07-09T20:07:47Z</time>
   </trkpt>
   <trkpt lat="51.4664390" lon="-112.7092570">
    <ele>682.1</ele>
    <time>2024-07-09T20:07:48Z</time>
   </trkpt>
   <trkpt lat="51.4663760" lon="-112.7092360">
    <ele>682.2</ele>
    <time>2024-07-09T20:07:49Z</time>
   </trkpt>
   <trkpt lat="51.4663160" lon="-112.7092800">
    <ele>682.3</ele>
    <time>2024-07-09T20:07:50Z</time>
   </trkpt>
   <trkpt lat="51.4662610" lon="-112.7092750">
    <ele>682.5</ele>
    <time>2024-07-09T20:07:51Z</time>
   </trkpt>
   <trkpt lat="51.4661950" lon="-112.7092700">
    <ele>682.7</ele>
    <time>2024-07-09T20:07:52Z</time>
   </trkpt>
   <trkpt lat="51.4661390" lon="-112.7092590">
    <ele>682.9</ele>
    <time>2024-07-09T20:07:53Z</time>
   </trkpt>
   <trkpt lat="51.4660830" lon="-112.7092620">
    <ele>683.1</ele>
    <time>2024-07-09T20:07:54Z</time>
   </trkpt>
   <trkpt lat="51.4660300" lon="-112.7092700">
    <ele>683.4</ele>
    <time>2024-07-09T20:07:55Z</time>
   </trkpt>
   <trkpt lat="51.4659700" lon="-112.7092760">
    <ele>683.6</ele>
    <time>2024-07-09T20:07:56Z</time>
   </trkpt>
   <trkpt lat="51.4659240" lon="-112.7092910">
    <ele>683.8</ele>
    <time>2024-07-09T20:07:57Z</time>
   </trkpt>
   <trkpt lat="51.4658750" lon="-112.7092880">
    <ele>683.9</ele>
    <time>2024-07-09T20:07:58Z</time>
   </trkpt>
   <trkpt lat="51.4658270" lon="-112.7093240">
    <ele>684.1</ele>
    <time>2024-07-09T20:07:59Z</time>
   </trkpt>
   <trkpt lat="51.4657720" lon="-112.7093180">
    <ele>684.3</ele>
    <time>2024-07-09T20:08:00Z</time>
   </trkpt>
   <trkpt lat="51.4657180" lon="-112.7093190">
    <ele>684.4</ele>
    <time>2024-07-09T20:08:01Z</time>
   </trkpt>
   <trkpt lat="51.4656640" lon="-112.7093060">
    <ele>684.5</ele>
    <time>2024-07-09T20:08:02Z</time>
   </trkpt>
   <trkpt lat="51.4656150" lon="-112.7092980">
    <ele>684.6</ele>
    <time>2024-07-09T20:08:03Z</time>
   </trkpt>
   <trkpt lat="51.4655650" lon="-112.7093020">
    <ele>684.7</ele>
    <time>2024-07-09T20:08:04Z</time>
   </trkpt>
   <trkpt lat="51.4655150" lon="-112.7092990">
    <ele>684.8</ele>
    <time>2024-07-09T20:08:05Z</time>
   </trkpt>
   <trkpt lat="51.4654640" lon="-112.7093080">
    <ele>684.8</ele>
    <time>2024-07-09T20:08:06Z</time>
   </trkpt>
   <trkpt lat="51.4654290" lon="-112.7093620">
    <ele>684.8</ele>
    <time>2024-07-09T20:08:07Z</time>
   </trkpt>
   <trkpt lat="51.4654040" lon="-112.7094390">
    <ele>684.7</ele>
    <time>2024-07-09T20:08:08Z</time>
   </trkpt>
   <trkpt lat="51.4653960" lon="-112.7095250">
    <ele>684.7</ele>
    <time>2024-07-09T20:08:09Z</time>
   </trkpt>
   <trkpt lat="51.4653980" lon="-112.7096120">
    <ele>684.6</ele>
    <time>2024-07-09T20:08:10Z</time>
   </trkpt>
   <trkpt lat="51.4653940" lon="-112.7096890">
    <ele>684.5</ele>
    <time>2024-07-09T20:08:11Z</time>
   </trkpt>
   <trkpt lat="51.4653930" lon="-112.7097680">
    <ele>684.4</ele>
    <time>2024-07-09T20:08:12Z</time>
   </trkpt>
   <trkpt lat="51.4653990" lon="-112.7098550">
    <ele>684.3</ele>
    <time>2024-07-09T20:08:13Z</time>
   </trkpt>
   <trkpt lat="51.4653990" lon="-112.7099410">
    <ele>684.2</ele>
    <time>2024-07-09T20:08:14Z</time>
   </trkpt>
   <trkpt lat="51.4654030" lon="-112.7100270">
    <ele>684.2</ele>
    <time>2024-07-09T20:08:15Z</time>
   </trkpt>
   <trkpt lat="51.4654050" lon="-112.7101150">
    <ele>684.3</ele>
    <time>2024-07-09T20:08:16Z</time>
   </trkpt>
   <trkpt lat="51.4654040" lon="-112.7102000">
    <ele>684.5</ele>
    <time>2024-07-09T20:08:17Z</time>
   </trkpt>
   <trkpt lat="51.4654040" lon="-112.7102840">
    <ele>684.6</ele>
    <time>2024-07-09T20:08:18Z</time>
   </trkpt>
   <trkpt lat="51.4654060" lon="-112.7103710">
    <ele>684.8</ele>
    <time>2024-07-09T20:08:19Z</time>
   </trkpt>
   <trkpt lat="51.4654180" lon="-112.7104600">
    <ele>685.0</ele>
    <time>2024-07-09T20:08:20Z</time>
   </trkpt>
   <trkpt lat="51.4654420" lon="-112.7105330">
    <ele>685.1</ele>
    <time>2024-07-09T20:08:21Z</time>
   </trkpt>
   <trkpt lat="51.4654910" lon="-112.7105840">
    <ele>685.2</ele>
    <time>2024-07-09T20:08:22Z</time>
   </trkpt>
   <trkpt lat="51.4655470" lon="-112.7106100">
    <ele>685.2</ele>
    <time>2024-07-09T20:08:23Z</time>
   </trkpt>
   <trkpt lat="51.4656090" lon="-112.7105800">
    <ele>685.2</ele>
    <time>2024-07-09T20:08:24Z</time>
   </trkpt>
   <trkpt lat="51.4656800" lon="-112.7105820">
    <ele>685.2</ele>
    <time>2024-07-09T20:08:25Z</time>
   </trkpt>
   <trkpt lat="51.4657400" lon="-112.7105860">
    <ele>685.1</ele>
    <time>2024-07-09T20:08:26Z</time>
   </trkpt>
   <trkpt lat="51.4658000" lon="-112.7105930">
    <ele>685.1</ele>
    <time>2024-07-09T20:08:27Z</time>
   </trkpt>
   <trkpt lat="51.4658630" lon="-112.7105950">
    <ele>685.1</ele>
    <time>2024-07-09T20:08:28Z</time>
   </trkpt>
   <trkpt lat="51.4659320" lon="-112.7105990">
    <ele>685.1</ele>
    <time>2024-07-09T20:08:29Z</time>
   </trkpt>
   <trkpt lat="51.4659960" lon="-112.7106060">
    <ele>685.1</ele>
    <time>2024-07-09T20:08:30Z</time>
   </trkpt>
   <trkpt lat="51.4660680" lon="-112.7106380">
    <ele>685.1</ele>
    <time>2024-07-09T20:08:31Z</time>
   </trkpt>
   <trkpt lat="51.4661320" lon="-112.7106190">
    <ele>685.0</ele>
    <time>2024-07-09T20:08:32Z</time>
   </trkpt>
   <trkpt lat="51.4661970" lon="-112.7106050">
    <ele>684.9</ele>
    <time>2024-07-09T20:08:33Z</time>
   </trkpt>
   <trkpt lat="51.4662640" lon="-112.7106050">
    <ele>684.8</ele>
    <time>2024-07-09T20:08:34Z</time>
   </trkpt>
   <trkpt lat="51.4663330" lon="-112.7106040">
    <ele>684.7</ele>
    <time>2024-07-09T20:08:35Z</time>
   </trkpt>
   <trkpt lat="51.4664030" lon="-112.7106150">
    <ele>684.6</ele>
    <time>2024-07-09T20:08:36Z</time>
   </trkpt>
   <trkpt lat="51.4664720" lon="-112.7105960">
    <ele>684.4</ele>
    <time>2024-07-09T20:08:37Z</time>
   </trkpt>
   <trkpt lat="51.4665450" lon="-112.7106150">
    <ele>684.2</ele>
    <time>2024-07-09T20:08:38Z</time>
   </trkpt>
   <trkpt lat="51.4666110" lon="-112.7106250">
    <ele>684.1</ele>
    <time>2024-07-09T20:08:39Z</time>
   </trkpt>
   <trkpt lat="51.4666740" lon="-112.7106420">
    <ele>683.9</ele>
    <time>2024-07-09T20:08:40Z</time>
   </trkpt>
   <trkpt lat="51.4667390" lon="-112.7106600">
    <ele>683.8</ele>
    <time>2024-07-09T20:08:41Z</time>
   </trkpt>
   <trkpt lat="51.4668000" lon="-112.7106900">
    <ele>683.8</ele>
    <time>2024-07-09T20:08:42Z</time>
   </trkpt>
   <trkpt lat="51.4668590" lon="-112.7107250">
    <ele>683.8</ele>
    <time>2024-07-09T20:08:43Z</time>
   </trkpt>
   <trkpt lat="51.4669160" lon="-112.7107760">
    <ele>683.8</ele>
    <time>2024-07-09T20:08:44Z</time>
   </trkpt>
   <trkpt lat="51.4669670" lon="-112.7108250">
    <ele>683.8</ele>
    <time>2024-07-09T20:08:45Z</time>
   </trkpt>
   <trkpt lat="51.4670150" lon="-112.7108730">
    <ele>683.9</ele>
    <time>2024-07-09T20:08:46Z</time>
   </trkpt>
   <trkpt lat="51.4670550" lon="-112.7109300">
    <ele>683.9</ele>
    <time>2024-07-09T20:08:47Z</time>
   </trkpt>
   <trkpt lat="51.4671030" lon="-112.7109960">
    <ele>684.0</ele>
    <time>2024-07-09T20:08:48Z</time>
   </trkpt>
   <trkpt lat="51.4671500" lon="-112.7110650">
    <ele>684.2</ele>
    <time>2024-07-09T20:08:49Z</time>
   </trkpt>
   <trkpt lat="51.4672010" lon="-112.7111400">
    <ele>684.3</ele>
    <time>2024-07-09T20:08:50Z</time>
   </trkpt>
   <trkpt lat="51.4672520" lon="-112.7112230">
    <ele>684.4</ele>
    <time>2024-07-09T20:08:51Z</time>
   </trkpt>
   <trkpt lat="51.4673050" lon="-112.7113120">
    <ele>684.5</ele>
    <time>2024-07-09T20:08:52Z</time>
   </trkpt>
   <trkpt lat="51.4673660" lon="-112.7114000">
    <ele>684.7</ele>
    <time>2024-07-09T20:08:53Z</time>
   </trkpt>
   <trkpt lat="51.4674260" lon="-112.7114920">
    <ele>684.9</ele>
    <time>2024-07-09T20:08:54Z</time>
   </trkpt>
   <trkpt lat="51.4674860" lon="-112.7115920">
    <ele>685.0</ele>
    <time>2024-07-09T20:08:55Z</time>
   </trkpt>
   <trkpt lat="51.4675510" lon="-112.7116840">
    <ele>685.1</ele>
    <time>2024-07-09T20:08:56Z</time>
   </trkpt>
   <trkpt lat="51.4676170" lon="-112.7117820">
    <ele>685.3</ele>
    <time>2024-07-09T20:08:57Z</time>
   </trkpt>
   <trkpt lat="51.4676840" lon="-112.7118840">
    <ele>685.4</ele>
    <time>2024-07-09T20:08:58Z</time>
   </trkpt>
   <trkpt lat="51.4677580" lon="-112.7119890">
    <ele>685.5</ele>
    <time>2024-07-09T20:08:59Z</time>
   </trkpt>
   <trkpt lat="51.4678260" lon="-112.7120920">
    <ele>685.6</ele>
    <time>2024-07-09T20:09:00Z</time>
   </trkpt>
   <trkpt lat="51.4678920" lon="-112.7122040">
    <ele>685.6</ele>
    <time>2024-07-09T20:09:01Z</time>
   </trkpt>
   <trkpt lat="51.4679640" lon="-112.7123090">
    <ele>685.7</ele>
    <time>2024-07-09T20:09:02Z</time>
   </trkpt>
   <trkpt lat="51.4680370" lon="-112.7124140">
    <ele>685.7</ele>
    <time>2024-07-09T20:09:03Z</time>
   </trkpt>
   <trkpt lat="51.4681050" lon="-112.7125230">
    <ele>685.7</ele>
    <time>2024-07-09T20:09:04Z</time>
   </trkpt>
   <trkpt lat="51.4681730" lon="-112.7126390">
    <ele>685.7</ele>
    <time>2024-07-09T20:09:05Z</time>
   </trkpt>
   <trkpt lat="51.4682430" lon="-112.7127430">
    <ele>685.6</ele>
    <time>2024-07-09T20:09:06Z</time>
   </trkpt>
   <trkpt lat="51.4683110" lon="-112.7128430">
    <ele>685.5</ele>
    <time>2024-07-09T20:09:07Z</time>
   </trkpt>
   <trkpt lat="51.4683730" lon="-112.7129460">
    <ele>685.3</ele>
    <time>2024-07-09T20:09:08Z</time>
   </trkpt>
   <trkpt lat="51.4684460" lon="-112.7130250">
    <ele>685.1</ele>
    <time>2024-07-09T20:09:09Z</time>
   </trkpt>
   <trkpt lat="51.4685150" lon="-112.7130800">
    <ele>684.9</ele>
    <time>2024-07-09T20:09:10Z</time>
   </trkpt>
   <trkpt lat="51.4685880" lon="-112.7131110">
    <ele>684.7</ele>
    <time>2024-07-09T20:09:11Z</time>
   </trkpt>
   <trkpt lat="51.4686710" lon="-112.7131010">
    <ele>684.5</ele>
    <time>2024-07-09T20:09:12Z</time>
   </trkpt>
   <trkpt lat="51.4687480" lon="-112.7131070">
    <ele>684.2</ele>
    <time>2024-07-09T20:09:13Z</time>
   </trkpt>
   <trkpt lat="51.4688330" lon="-112.7130870">
    <ele>683.9</ele>
    <time>2024-07-09T20:09:14Z</time>
   </trkpt>
   <trkpt lat="51.4689160" lon="-112.7130660">
    <ele>683.7</ele>
    <time>2024-07-09T20:09:15Z</time>
   </trkpt>
   <trkpt lat="51.4689960" lon="-112.7130370">
    <ele>683.4</ele>
    <time>2024-07-09T20:09:16Z</time>
   </trkpt>
   <trkpt lat="51.4690790" lon="-112.7130060">
    <ele>683.2</ele>
    <time>2024-07-09T20:09:17Z</time>
   </trkpt>
   <trkpt lat="51.4691690" lon="-112.7129690">
    <ele>682.9</ele>
    <time>2024-07-09T20:09:18Z</time>
   </trkpt>
   <trkpt lat="51.4692590" lon="-112.7129420">
    <ele>682.8</ele>
    <time>2024-07-09T20:09:19Z</time>
   </trkpt>
   <trkpt lat="51.4693480" lon="-112.7129070">
    <ele>682.7</ele>
    <time>2024-07-09T20:09:20Z</time>
   </trkpt>
   <trkpt lat="51.4694380" lon="-112.7128870">
    <ele>682.6</ele>
    <time>2024-07-09T20:09:21Z</time>
   </trkpt>
   <trkpt lat="51.4695320" lon="-112.7128520">
    <ele>682.5</ele>
    <time>2024-07-09T20:09:22Z</time>
   </trkpt>
   <trkpt lat="51.4696220" lon="-112.7128110">
    <ele>682.5</ele>
    <time>2024-07-09T20:09:23Z</time>
   </trkpt>
   <trkpt lat="51.4697110" lon="-112.7127930">
    <ele>682.5</ele>
    <time>2024-07-09T20:09:24Z</time>
   </trkpt>
   <trkpt lat="51.4698010" lon="-112.7127550">
    <ele>682.5</ele>
    <time>2024-07-09T20:09:25Z</time>
   </trkpt>
   <trkpt lat="51.4698870" lon="-112.7127270">
    <ele>682.4</ele>
    <time>2024-07-09T20:09:26Z</time>
   </trkpt>
   <trkpt lat="51.4699780" lon="-112.7127020">
    <ele>682.4</ele>
    <time>2024-07-09T20:09:27Z</time>
   </trkpt>
   <trkpt lat="51.4700750" lon="-112.7126650">
    <ele>682.4</ele>
    <time>2024-07-09T20:09:28Z</time>
   </trkpt>
   <trkpt lat="51.4701640" lon="-112.7126590">
    <ele>682.4</ele>
    <time>2024-07-09T20:09:29Z</time>
   </trkpt>
   <trkpt lat="51.4702520" lon="-112.7126510">
    <ele>682.4</ele>
    <time>2024-07-09T20:09:30Z</time>
   </trkpt>
   <trkpt lat="51.4703460" lon="-112.7126260">
    <ele>682.5</ele>
    <time>2024-07-09T20:09:31Z</time>
   </trkpt>
   <trkpt lat="51.4704340" lon="-112.7126000">
    <ele>682.6</ele>
    <time>2024-07-09T20:09:32Z</time>
   </trkpt>
   <trkpt lat="51.4705200" lon="-112.7125780">
    <ele>682.6</ele>
    <time>2024-07-09T20:09:33Z</time>
   </trkpt>
   <trkpt lat="51.4706060" lon="-112.7125640">
    <ele>682.7</ele>
    <time>2024-07-09T20:09:34Z</time>
   </trkpt>
   <trkpt lat="51.4706940" lon="-112.7125460">
    <ele>682.7</ele>
    <time>2024-07-09T20:09:35Z</time>
   </trkpt>
   <trkpt lat="51.4707770" lon="-112.7125320">
    <ele>682.7</ele>
    <time>2024-07-09T20:09:36Z</time>
   </trkpt>
   <trkpt lat="51.4708600" lon="-112.7124970">
    <ele>682.7</ele>
    <time>2024-07-09T20:09:37Z</time>
   </trkpt>
   <trkpt lat="51.4709480" lon="-112.7124740">
    <ele>682.8</ele>
    <time>2024-07-09T20:09:38Z</time>
   </trkpt>
   <trkpt lat="51.4710300" lon="-112.7124520">
    <ele>682.9</ele>
    <time>2024-07-09T20:09:39Z</time>
   </trkpt>
   <trkpt lat="51.4711120" lon="-112.7124210">
    <ele>683.1</ele>
    <time>2024-07-09T20:09:40Z</time>
   </trkpt>
   <trkpt lat="51.4711880" lon="-112.7123950">
    <ele>683.2</ele>
    <time>2024-07-09T20:09:41Z</time>
   </trkpt>
   <trkpt lat="51.4712650" lon="-112.7123710">
    <ele>683.4</ele>
    <time>2024-07-09T20:09:42Z</time>
   </trkpt>
   <trkpt lat="51.4713380" lon="-112.7123820">
    <ele>683.6</ele>
    <time>2024-07-09T20:09:43Z</time>
   </trkpt>
   <trkpt lat="51.4714040" lon="-112.7124330">
    <ele>683.8</ele>
    <time>2024-07-09T20:09:44Z</time>
   </trkpt>
   <trkpt lat="51.4714510" lon="-112.7125320">
    <ele>683.9</ele>
    <time>2024-07-09T20:09:45Z</time>
   </trkpt>
   <trkpt lat="51.4714770" lon="-112.7126490">
    <ele>683.9</ele>
    <time>2024-07-09T20:09:46Z</time>
   </trkpt>
   <trkpt lat="51.4714880" lon="-112.7127700">
    <ele>683.9</ele>
    <time>2024-07-09T20:09:47Z</time>
   </trkpt>
   <trkpt lat="51.4714930" lon="-112.7128960">
    <ele>683.9</ele>
    <time>2024-07-09T20:09:48Z</time>
   </trkpt>
   <trkpt lat="51.4714950" lon="-112.7130210">
    <ele>683.9</ele>
    <time>2024-07-09T20:09:49Z</time>
   </trkpt>
   <trkpt lat="51.4714980" lon="-112.7131490">
    <ele>683.9</ele>
    <time>2024-07-09T20:09:50Z</time>
   </trkpt>
   <trkpt lat="51.4714970" lon="-112.7132750">
    <ele>683.9</ele>
    <time>2024-07-09T20:09:51Z</time>
   </trkpt>
   <trkpt lat="51.4714910" lon="-112.7134010">
    <ele>683.9</ele>
    <time>2024-07-09T20:09:52Z</time>
   </trkpt>
   <trkpt lat="51.4714890" lon="-112.7135240">
    <ele>683.8</ele>
    <time>2024-07-09T20:09:53Z</time>
   </trkpt>
   <trkpt lat="51.4714870" lon="-112.7136470">
    <ele>683.8</ele>
    <time>2024-07-09T20:09:54Z</time>
   </trkpt>
   <trkpt lat="51.4714860" lon="-112.7137750">
    <ele>683.7</ele>
    <time>2024-07-09T20:09:55Z</time>
   </trkpt>
   <trkpt lat="51.4714880" lon="-112.7139010">
    <ele>683.7</ele>
    <time>2024-07-09T20:09:56Z</time>
   </trkpt>
   <trkpt lat="51.4714830" lon="-112.7140270">
    <ele>683.7</ele>
    <time>2024-07-09T20:09:57Z</time>
   </trkpt>
   <trkpt lat="51.4714860" lon="-112.7141540">
    <ele>683.7</ele>
    <time>2024-07-09T20:09:58Z</time>
   </trkpt>
   <trkpt lat="51.4714870" lon="-112.7142820">
    <ele>683.6</ele>
    <time>2024-07-09T20:09:59Z</time>
   </trkpt>
   <trkpt lat="51.4714840" lon="-112.7144100">
    <ele>683.6</ele>
    <time>2024-07-09T20:10:00Z</time>
   </trkpt>
   <trkpt lat="51.4714850" lon="-112.7145360">
    <ele>683.6</ele>
    <time>2024-07-09T20:10:01Z</time>
   </trkpt>
   <trkpt lat="51.4714860" lon="-112.7146670">
    <ele>683.6</ele>
    <time>2024-07-09T20:10:02Z</time>
   </trkpt>
   <trkpt lat="51.4714870" lon="-112.7148000">
    <ele>683.6</ele>
    <time>2024-07-09T20:10:03Z</time>
   </trkpt>
   <trkpt lat="51.4714900" lon="-112.7149290">
    <ele>683.6</ele>
    <time>2024-07-09T20:10:04Z</time>
   </trkpt>
   <trkpt lat="51.4714860" lon="-112.7150600">
    <ele>683.6</ele>
    <time>2024-07-09T20:10:05Z</time>
   </trkpt>
   <trkpt lat="51.4714890" lon="-112.7151880">
    <ele>683.6</ele>
    <time>2024-07-09T20:10:06Z</time>
   </trkpt>
   <trkpt lat="51.4714850" lon="-112.7153200">
    <ele>683.7</ele>
    <time>2024-07-09T20:10:07Z</time>
   </trkpt>
   <trkpt lat="51.4714860" lon="-112.7154460">
    <ele>683.7</ele>
    <time>2024-07-09T20:10:08Z</time>
   </trkpt>
   <trkpt lat="51.4714850" lon="-112.7155720">
    <ele>683.7</ele>
    <time>2024-07-09T20:10:09Z</time>
   </trkpt>
   <trkpt lat="51.4714910" lon="-112.7156970">
    <ele>683.8</ele>
    <time>2024-07-09T20:10:10Z</time>
   </trkpt>
   <trkpt lat="51.4714890" lon="-112.7158220">
    <ele>683.9</ele>
    <time>2024-07-09T20:10:11Z</time>
   </trkpt>
   <trkpt lat="51.4714900" lon="-112.7159460">
    <ele>683.9</ele>
    <time>2024-07-09T20:10:12Z</time>
   </trkpt>
   <trkpt lat="51.4714860" lon="-112.7160700">
    <ele>684.0</ele>
    <time>2024-07-09T20:10:13Z</time>
   </trkpt>
   <trkpt lat="51.4714890" lon="-112.7161910">
    <ele>684.1</ele>
    <time>2024-07-09T20:10:14Z</time>
   </trkpt>
   <trkpt lat="51.4714870" lon="-112.7163160">
    <ele>684.1</ele>
    <time>2024-07-09T20:10:15Z</time>
   </trkpt>
   <trkpt lat="51.4714830" lon="-112.7164490">
    <ele>684.2</ele>
    <time>2024-07-09T20:10:16Z</time>
   </trkpt>
   <trkpt lat="51.4714850" lon="-112.7165690">
    <ele>684.2</ele>
    <time>2024-07-09T20:10:17Z</time>
   </trkpt>
   <trkpt lat="51.4714840" lon="-112.7166910">
    <ele>684.2</ele>
    <time>2024-07-09T20:10:18Z</time>
   </trkpt>
   <trkpt lat="51.4714860" lon="-112.7168220">
    <ele>684.3</ele>
    <time>2024-07-09T20:10:19Z</time>
   </trkpt>
   <trkpt lat="51.4714860" lon="-112.7169450">
    <ele>684.3</ele>
    <time>2024-07-09T20:10:20Z</time>
   </trkpt>
   <trkpt lat="51.4714850" lon="-112.7170730">
    <ele>684.4</ele>
    <time>2024-07-09T20:10:21Z</time>
   </trkpt>
   <trkpt lat="51.4714820" lon="-112.7172010">
    <ele>684.4</ele>
    <time>2024-07-09T20:10:22Z</time>
   </trkpt>
   <trkpt lat="51.4714800" lon="-112.7173230">
    <ele>684.4</ele>
    <time>2024-07-09T20:10:23Z</time>
   </trkpt>
   <trkpt lat="51.4714760" lon="-112.7174480">
    <ele>684.4</ele>
    <time>2024-07-09T20:10:24Z</time>
   </trkpt>
   <trkpt lat="51.4714810" lon="-112.7175810">
    <ele>684.5</ele>
    <time>2024-07-09T20:10:25Z</time>
   </trkpt>
   <trkpt lat="51.4714790" lon="-112.7177030">
    <ele>684.5</ele>
    <time>2024-07-09T20:10:26Z</time>
   </trkpt>
   <trkpt lat="51.4714790" lon="-112.7178300">
    <ele>684.5</ele>
    <time>2024-07-09T20:10:27Z</time>
   </trkpt>
   <trkpt lat="51.4714780" lon="-112.7179630">
    <ele>684.5</ele>
    <time>2024-07-09T20:10:28Z</time>
   </trkpt>
   <trkpt lat="51.4714780" lon="-112.7180810">
    <ele>684.5</ele>
    <time>2024-07-09T20:10:29Z</time>
   </trkpt>
   <trkpt lat="51.4714780" lon="-112.7182080">
    <ele>684.5</ele>
    <time>2024-07-09T20:10:30Z</time>
   </trkpt>
   <trkpt lat="51.4714810" lon="-112.7183290">
    <ele>684.5</ele>
    <time>2024-07-09T20:10:31Z</time>
   </trkpt>
   <trkpt lat="51.4714770" lon="-112.7184550">
    <ele>684.6</ele>
    <time>2024-07-09T20:10:32Z</time>
   </trkpt>
   <trkpt lat="51.4714860" lon="-112.7185770">
    <ele>684.6</ele>
    <time>2024-07-09T20:10:33Z</time>
   </trkpt>
   <trkpt lat="51.4714910" lon="-112.7187040">
    <ele>684.6</ele>
    <time>2024-07-09T20:10:34Z</time>
   </trkpt>
   <trkpt lat="51.4714960" lon="-112.7188270">
    <ele>684.7</ele>
    <time>2024-07-09T20:10:35Z</time>
   </trkpt>
   <trkpt lat="51.4715050" lon="-112.7189520">
    <ele>684.7</ele>
    <time>2024-07-09T20:10:36Z</time>
   </trkpt>
   <trkpt lat="51.4715170" lon="-112.7190780">
    <ele>684.8</ele>
    <time>2024-07-09T20:10:37Z</time>
   </trkpt>
   <trkpt lat="51.4715240" lon="-112.7191950">
    <ele>684.8</ele>
    <time>2024-07-09T20:10:38Z</time>
   </trkpt>
   <trkpt lat="51.4715310" lon="-112.7193190">
    <ele>684.9</ele>
    <time>2024-07-09T20:10:39Z</time>
   </trkpt>
   <trkpt lat="51.4715410" lon="-112.7194410">
    <ele>684.9</ele>
    <time>2024-07-09T20:10:40Z</time>
   </trkpt>
   <trkpt lat="51.4715490" lon="-112.7195640">
    <ele>685.0</ele>
    <time>2024-07-09T20:10:41Z</time>
   </trkpt>
   <trkpt lat="51.4715580" lon="-112.7196870">
    <ele>685.0</ele>
    <time>2024-07-09T20:10:42Z</time>
   </trkpt>
   <trkpt lat="51.4715620" lon="-112.7198120">
    <ele>685.1</ele>
    <time>2024-07-09T20:10:43Z</time>
   </trkpt>
   <trkpt lat="51.4715680" lon="-112.7199320">
    <ele>685.2</ele>
    <time>2024-07-09T20:10:44Z</time>
   </trkpt>
   <trkpt lat="51.4715740" lon="-112.7200530">
    <ele>685.2</ele>
    <time>2024-07-09T20:10:45Z</time>
   </trkpt>
   <trkpt lat="51.4715790" lon="-112.7201780">
    <ele>685.3</ele>
    <time>2024-07-09T20:10:46Z</time>
   </trkpt>
   <trkpt lat="51.4715810" lon="-112.7203000">
    <ele>685.3</ele>
    <time>2024-07-09T20:10:47Z</time>
   </trkpt>
   <trkpt lat="51.4715840" lon="-112.7204190">
    <ele>685.4</ele>
    <time>2024-07-09T20:10:48Z</time>
   </trkpt>
   <trkpt lat="51.4715840" lon="-112.7205380">
    <ele>685.4</ele>
    <time>2024-07-09T20:10:49Z</time>
   </trkpt>
   <trkpt lat="51.4715910" lon="-112.7206550">
    <ele>685.5</ele>
    <time>2024-07-09T20:10:50Z</time>
   </trkpt>
   <trkpt lat="51.4715920" lon="-112.7207700">
    <ele>685.5</ele>
    <time>2024-07-09T20:10:51Z</time>
   </trkpt>
   <trkpt lat="51.4716010" lon="-112.7208900">
    <ele>685.6</ele>
    <time>2024-07-09T20:10:52Z</time>
   </trkpt>
   <trkpt lat="51.4715970" lon="-112.7210020">
    <ele>685.6</ele>
    <time>2024-07-09T20:10:53Z</time>
   </trkpt>
   <trkpt lat="51.4716050" lon="-112.7211230">
    <ele>685.7</ele>
    <time>2024-07-09T20:10:54Z</time>
   </trkpt>
   <trkpt lat="51.4716110" lon="-112.7212420">
    <ele>685.8</ele>
    <time>2024-07-09T20:10:55Z</time>
   </trkpt>
   <trkpt lat="51.4716140" lon="-112.7213610">
    <ele>685.8</ele>
    <time>2024-07-09T20:10:56Z</time>
   </trkpt>
   <trkpt lat="51.4716150" lon="-112.7214810">
    <ele>685.9</ele>
    <time>2024-07-09T20:10:57Z</time>
   </trkpt>
   <trkpt lat="51.4716120" lon="-112.7216030">
    <ele>686.0</ele>
    <time>2024-07-09T20:10:58Z</time>
   </trkpt>
   <trkpt lat="51.4716120" lon="-112.7217190">
    <ele>686.0</ele>
    <time>2024-07-09T20:10:59Z</time>
   </trkpt>
   <trkpt lat="51.4716140" lon="-112.7218400">
    <ele>686.1</ele>
    <time>2024-07-09T20:11:00Z</time>
   </trkpt>
   <trkpt lat="51.4716100" lon="-112.7219610">
    <ele>686.2</ele>
    <time>2024-07-09T20:11:01Z</time>
   </trkpt>
   <trkpt lat="51.4716110" lon="-112.7220770">
    <ele>686.2</ele>
    <time>2024-07-09T20:11:02Z</time>
   </trkpt>
   <trkpt lat="51.4716090" lon="-112.7221990">
    <ele>686.3</ele>
    <time>2024-07-09T20:11:03Z</time>
   </trkpt>
   <trkpt lat="51.4715970" lon="-112.7222970">
    <ele>686.3</ele>
    <time>2024-07-09T20:11:04Z</time>
   </trkpt>
   <trkpt lat="51.4715980" lon="-112.7224340">
    <ele>686.4</ele>
    <time>2024-07-09T20:11:05Z</time>
   </trkpt>
   <trkpt lat="51.4715990" lon="-112.7225580">
    <ele>686.4</ele>
    <time>2024-07-09T20:11:06Z</time>
   </trkpt>
   <trkpt lat="51.4715940" lon="-112.7226800">
    <ele>686.5</ele>
    <time>2024-07-09T20:11:07Z</time>
   </trkpt>
   <trkpt lat="51.4715870" lon="-112.7227910">
    <ele>686.5</ele>
    <time>2024-07-09T20:11:08Z</time>
   </trkpt>
   <trkpt lat="51.4715910" lon="-112.7229250">
    <ele>686.6</ele>
    <time>2024-07-09T20:11:09Z</time>
   </trkpt>
   <trkpt lat="51.4715790" lon="-112.7230330">
    <ele>686.6</ele>
    <time>2024-07-09T20:11:10Z</time>
   </trkpt>
   <trkpt lat="51.4715760" lon="-112.7231630">
    <ele>686.6</ele>
    <time>2024-07-09T20:11:11Z</time>
   </trkpt>
   <trkpt lat="51.4715720" lon="-112.7232840">
    <ele>686.7</ele>
    <time>2024-07-09T20:11:12Z</time>
   </trkpt>
   <trkpt lat="51.4715590" lon="-112.7233970">
    <ele>686.7</ele>
    <time>2024-07-09T20:11:13Z</time>
   </trkpt>
   <trkpt lat="51.4715600" lon="-112.7235350">
    <ele>686.7</ele>
    <time>2024-07-09T20:11:14Z</time>
   </trkpt>
   <trkpt lat="51.4715480" lon="-112.7236490">
    <ele>686.7</ele>
    <time>2024-07-09T20:11:15Z</time>
   </trkpt>
   <trkpt lat="51.4715400" lon="-112.7237710">
    <ele>686.8</ele>
    <time>2024-07-09T20:11:16Z</time>
   </trkpt>
   <trkpt lat="51.4715230" lon="-112.7238890">
    <ele>686.8</ele>
    <time>2024-07-09T20:11:17Z</time>
   </trkpt>
   <trkpt lat="51.4715190" lon="-112.7240100">
    <ele>686.8</ele>
    <time>2024-07-09T20:11:18Z</time>
   </trkpt>
   <trkpt lat="51.4715080" lon="-112.7241290">
    <ele>686.8</ele>
    <time>2024-07-09T20:11:19Z</time>
   </trkpt>
   <trkpt lat="51.4715000" lon="-112.7242480">
    <ele>686.8</ele>
    <time>2024-07-09T20:11:20Z</time>
   </trkpt>
   <trkpt lat="51.4714860" lon="-112.7243660">
    <ele>686.8</ele>
    <time>2024-07-09T20:11:21Z</time>
   </trkpt>
   <trkpt lat="51.4714800" lon="-112.7244850">
    <ele>686.8</ele>
    <time>2024-07-09T20:11:22Z</time>
   </trkpt>
   <trkpt lat="51.4714700" lon="-112.7246050">
    <ele>686.8</ele>
    <time>2024-07-09T20:11:23Z</time>
   </trkpt>
   <trkpt lat="51.4714560" lon="-112.7247270">
    <ele>686.8</ele>
    <time>2024-07-09T20:11:24Z</time>
   </trkpt>
   <trkpt lat="51.4714430" lon="-112.7248450">
    <ele>686.8</ele>
    <time>2024-07-09T20:11:25Z</time>
   </trkpt>
   <trkpt lat="51.4714320" lon="-112.7249650">
    <ele>686.7</ele>
    <time>2024-07-09T20:11:26Z</time>
   </trkpt>
   <trkpt lat="51.4714140" lon="-112.7250840">
    <ele>686.7</ele>
    <time>2024-07-09T20:11:27Z</time>
   </trkpt>
   <trkpt lat="51.4713960" lon="-112.7252050">
    <ele>686.7</ele>
    <time>2024-07-09T20:11:28Z</time>
   </trkpt>
   <trkpt lat="51.4713790" lon="-112.7253280">
    <ele>686.6</ele>
    <time>2024-07-09T20:11:29Z</time>
   </trkpt>
   <trkpt lat="51.4713650" lon="-112.7254520">
    <ele>686.6</ele>
    <time>2024-07-09T20:11:30Z</time>
   </trkpt>
   <trkpt lat="51.4713490" lon="-112.7255740">
    <ele>686.6</ele>
    <time>2024-07-09T20:11:31Z</time>
   </trkpt>
   <trkpt lat="51.4713290" lon="-112.7257000">
    <ele>686.6</ele>
    <time>2024-07-09T20:11:32Z</time>
   </trkpt>
   <trkpt lat="51.4713110" lon="-112.7258250">
    <ele>686.6</ele>
    <time>2024-07-09T20:11:33Z</time>
   </trkpt>
   <trkpt lat="51.4712960" lon="-112.7259480">
    <ele>686.6</ele>
    <time>2024-07-09T20:11:34Z</time>
   </trkpt>
   <trkpt lat="51.4712810" lon="-112.7260730">
    <ele>686.6</ele>
    <time>2024-07-09T20:11:35Z</time>
   </trkpt>
   <trkpt lat="51.4712610" lon="-112.7261940">
    <ele>686.6</ele>
    <time>2024-07-09T20:11:36Z</time>
   </trkpt>
   <trkpt lat="51.4712440" lon="-112.7263160">
    <ele>686.6</ele>
    <time>2024-07-09T20:11:37Z</time>
   </trkpt>
   <trkpt lat="51.4712260" lon="-112.7264380">
    <ele>686.6</ele>
    <time>2024-07-09T20:11:38Z</time>
   </trkpt>
   <trkpt lat="51.4712090" lon="-112.7265580">
    <ele>686.7</ele>
    <time>2024-07-09T20:11:39Z</time>
   </trkpt>
   <trkpt lat="51.4711980" lon="-112.7266820">
    <ele>686.7</ele>
    <time>2024-07-09T20:11:40Z</time>
   </trkpt>
   <trkpt lat="51.4711820" lon="-112.7268020">
    <ele>686.7</ele>
    <time>2024-07-09T20:11:41Z</time>
   </trkpt>
   <trkpt lat="51.4711620" lon="-112.7269140">
    <ele>686.8</ele>
    <time>2024-07-09T20:11:42Z</time>
   </trkpt>
   <trkpt lat="51.4711440" lon="-112.7270250">
    <ele>686.8</ele>
    <time>2024-07-09T20:11:43Z</time>
   </trkpt>
   <trkpt lat="51.4711310" lon="-112.7271530">
    <ele>686.9</ele>
    <time>2024-07-09T20:11:44Z</time>
   </trkpt>
   <trkpt lat="51.4711150" lon="-112.7272710">
    <ele>686.9</ele>
    <time>2024-07-09T20:11:45Z</time>
   </trkpt>
   <trkpt lat="51.4711010" lon="-112.7273860">
    <ele>686.9</ele>
    <time>2024-07-09T20:11:46Z</time>
   </trkpt>
   <trkpt lat="51.4710850" lon="-112.7274990">
    <ele>687.0</ele>
    <time>2024-07-09T20:11:47Z</time>
   </trkpt>
   <trkpt lat="51.4710630" lon="-112.7276130">
    <ele>687.0</ele>
    <time>2024-07-09T20:11:48Z</time>
   </trkpt>
   <trkpt lat="51.4710450" lon="-112.7277260">
    <ele>687.0</ele>
    <time>2024-07-09T20:11:49Z</time>
   </trkpt>
   <trkpt lat="51.4710300" lon="-112.7278430">
    <ele>687.1</ele>
    <time>2024-07-09T20:11:50Z</time>
   </trkpt>
   <trkpt lat="51.4710190" lon="-112.7279620">
    <ele>687.1</ele>
    <time>2024-07-09T20:11:51Z</time>
   </trkpt>
   <trkpt lat="51.4709980" lon="-112.7280790">
    <ele>687.1</ele>
    <time>2024-07-09T20:11:52Z</time>
   </trkpt>
   <trkpt lat="51.4709830" lon="-112.7281970">
    <ele>687.2</ele>
    <time>2024-07-09T20:11:53Z</time>
   </trkpt>
   <trkpt lat="51.4709690" lon="-112.7283150">
    <ele>687.2</ele>
    <time>2024-07-09T20:11:54Z</time>
   </trkpt>
   <trkpt lat="51.4709540" lon="-112.7284310">
    <ele>687.2</ele>
    <time>2024-07-09T20:11:55Z</time>
   </trkpt>
   <trkpt lat="51.4709440" lon="-112.7285510">
    <ele>687.3</ele>
    <time>2024-07-09T20:11:56Z</time>
   </trkpt>
   <trkpt lat="51.4709280" lon="-112.7286650">
    <ele>687.3</ele>
    <time>2024-07-09T20:11:57Z</time>
   </trkpt>
   <trkpt lat="51.4709130" lon="-112.7287800">
    <ele>687.3</ele>
    <time>2024-07-09T20:11:58Z</time>
   </trkpt>
   <trkpt lat="51.4708940" lon="-112.7288930">
    <ele>687.3</ele>
    <time>2024-07-09T20:11:59Z</time>
   </trkpt>
   <trkpt lat="51.4708800" lon="-112.7290020">
    <ele>687.3</ele>
    <time>2024-07-09T20:12:00Z</time>
   </trkpt>
   <trkpt lat="51.4708710" lon="-112.7291130">
    <ele>687.4</ele>
    <time>2024-07-09T20:12:01Z</time>
   </trkpt>
   <trkpt lat="51.4708570" lon="-112.7292280">
    <ele>687.4</ele>
    <time>2024-07-09T20:12:02Z</time>
   </trkpt>
   <trkpt lat="51.4708420" lon="-112.7293430">
    <ele>687.4</ele>
    <time>2024-07-09T20:12:03Z</time>
   </trkpt>
   <trkpt lat="51.4708260" lon="-112.7294590">
    <ele>687.4</ele>
    <time>2024-07-09T20:12:04Z</time>
   </trkpt>
   <trkpt lat="51.4708110" lon="-112.7295860">
    <ele>687.5</ele>
    <time>2024-07-09T20:12:05Z</time>
   </trkpt>
   <trkpt lat="51.4707970" lon="-112.7296990">
    <ele>687.5</ele>
    <time>2024-07-09T20:12:06Z</time>
   </trkpt>
   <trkpt lat="51.4707860" lon="-112.7298200">
    <ele>687.6</ele>
    <time>2024-07-09T20:12:07Z</time>
   </trkpt>
   <trkpt lat="51.4707870" lon="-112.7299440">
    <ele>687.6</ele>
    <time>2024-07-09T20:12:08Z</time>
   </trkpt>
   <trkpt lat="51.4707600" lon="-112.7300610">
    <ele>687.7</ele>
    <time>2024-07-09T20:12:09Z</time>
   </trkpt>
   <trkpt lat="51.4707500" lon="-112.7301820">
    <ele>687.7</ele>
    <time>2024-07-09T20:12:10Z</time>
   </trkpt>
   <trkpt lat="51.4707350" lon="-112.7303030">
    <ele>687.7</ele>
    <time>2024-07-09T20:12:11Z</time>
   </trkpt>
   <trkpt lat="51.4707180" lon="-112.7304250">
    <ele>687.7</ele>
    <time>2024-07-09T20:12:12Z</time>
   </trkpt>
   <trkpt lat="51.4707050" lon="-112.7305500">
    <ele>687.7</ele>
    <time>2024-07-09T20:12:13Z</time>
   </trkpt>
   <trkpt lat="51.4706830" lon="-112.7306690">
    <ele>687.7</ele>
    <time>2024-07-09T20:12:14Z</time>
   </trkpt>
   <trkpt lat="51.4706740" lon="-112.7307940">
    <ele>687.8</ele>
    <time>2024-07-09T20:12:15Z</time>
   </trkpt>
   <trkpt lat="51.4706600" lon="-112.7309170">
    <ele>687.8</ele>
    <time>2024-07-09T20:12:16Z</time>
   </trkpt>
   <trkpt lat="51.4706460" lon="-112.7310420">
    <ele>687.8</ele>
    <time>2024-07-09T20:12:17Z</time>
   </trkpt>
   <trkpt lat="51.4706290" lon="-112.7311680">
    <ele>687.8</ele>
    <time>2024-07-09T20:12:18Z</time>
   </trkpt>
   <trkpt lat="51.4706190" lon="-112.7312860">
    <ele>687.8</ele>
    <time>2024-07-09T20:12:19Z</time>
   </trkpt>
   <trkpt lat="51.4706090" lon="-112.7314170">
    <ele>687.9</ele>
    <time>2024-07-09T20:12:20Z</time>
   </trkpt>
   <trkpt lat="51.4706030" lon="-112.7315430">
    <ele>687.9</ele>
    <time>2024-07-09T20:12:21Z</time>
   </trkpt>
   <trkpt lat="51.4705970" lon="-112.7316670">
    <ele>687.9</ele>
    <time>2024-07-09T20:12:22Z</time>
   </trkpt>
   <trkpt lat="51.4705970" lon="-112.7317900">
    <ele>687.9</ele>
    <time>2024-07-09T20:12:23Z</time>
   </trkpt>
   <trkpt lat="51.4705940" lon="-112.7319140">
    <ele>687.9</ele>
    <time>2024-07-09T20:12:24Z</time>
   </trkpt>
   <trkpt lat="51.4705920" lon="-112.7320350">
    <ele>687.9</ele>
    <time>2024-07-09T20:12:25Z</time>
   </trkpt>
   <trkpt lat="51.4705870" lon="-112.7321630">
    <ele>688.0</ele>
    <time>2024-07-09T20:12:26Z</time>
   </trkpt>
   <trkpt lat="51.4705830" lon="-112.7322890">
    <ele>688.0</ele>
    <time>2024-07-09T20:12:27Z</time>
   </trkpt>
   <trkpt lat="51.4705890" lon="-112.7324120">
    <ele>688.1</ele>
    <time>2024-07-09T20:12:28Z</time>
   </trkpt>
   <trkpt lat="51.4705850" lon="-112.7325360">
    <ele>688.2</ele>
    <time>2024-07-09T20:12:29Z</time>
   </trkpt>
   <trkpt lat="51.4705800" lon="-112.7326620">
    <ele>688.3</ele>
    <time>2024-07-09T20:12:30Z</time>
   </trkpt>
   <trkpt lat="51.4705790" lon="-112.7327850">
    <ele>688.4</ele>
    <time>2024-07-09T20:12:31Z</time>
   </trkpt>
   <trkpt lat="51.4705720" lon="-112.7329070">
    <ele>688.4</ele>
    <time>2024-07-09T20:12:32Z</time>
   </trkpt>
   <trkpt lat="51.4705780" lon="-112.7330330">
    <ele>688.5</ele>
    <time>2024-07-09T20:12:33Z</time>
   </trkpt>
   <trkpt lat="51.4705790" lon="-112.7331560">
    <ele>688.6</ele>
    <time>2024-07-09T20:12:34Z</time>
   </trkpt>
   <trkpt lat="51.4705750" lon="-112.7332800">
    <ele>688.8</ele>
    <time>2024-07-09T20:12:35Z</time>
   </trkpt>
   <trkpt lat="51.4705720" lon="-112.7334040">
    <ele>688.9</ele>
    <time>2024-07-09T20:12:36Z</time>
   </trkpt>
   <trkpt lat="51.4705680" lon="-112.7335240">
    <ele>689.0</ele>
    <time>2024-07-09T20:12:37Z</time>
   </trkpt>
   <trkpt lat="51.4705670" lon="-112.7336460">
    <ele>689.1</ele>
    <time>2024-07-09T20:12:38Z</time>
   </trkpt>
   <trkpt lat="51.4705650" lon="-112.7337700">
    <ele>689.2</ele>
    <time>2024-07-09T20:12:39Z</time>
   </trkpt>
   <trkpt lat="51.4705520" lon="-112.7338910">
    <ele>689.3</ele>
    <time>2024-07-09T20:12:40Z</time>
   </trkpt>
   <trkpt lat="51.4705590" lon="-112.7340130">
    <ele>689.4</ele>
    <time>2024-07-09T20:12:41Z</time>
   </trkpt>
   <trkpt lat="51.4705550" lon="-112.7341300">
    <ele>689.4</ele>
    <time>2024-07-09T20:12:42Z</time>
   </trkpt>
   <trkpt lat="51.4705480" lon="-112.7342480">
    <ele>689.5</ele>
    <time>2024-07-09T20:12:43Z</time>
   </trkpt>
   <trkpt lat="51.4705530" lon="-112.7343640">
    <ele>689.5</ele>
    <time>2024-07-09T20:12:44Z</time>
   </trkpt>
   <trkpt lat="51.4705560" lon="-112.7344830">
    <ele>689.6</ele>
    <time>2024-07-09T20:12:45Z</time>
   </trkpt>
   <trkpt lat="51.4705520" lon="-112.7345930">
    <ele>689.6</ele>
    <time>2024-07-09T20:12:46Z</time>
   </trkpt>
   <trkpt lat="51.4705400" lon="-112.7347060">
    <ele>689.6</ele>
    <time>2024-07-09T20:12:47Z</time>
   </trkpt>
   <trkpt lat="51.4705490" lon="-112.7348260">
    <ele>689.6</ele>
    <time>2024-07-09T20:12:48Z</time>
   </trkpt>
   <trkpt lat="51.4705490" lon="-112.7349390">
    <ele>689.6</ele>
    <time>2024-07-09T20:12:49Z</time>
   </trkpt>
   <trkpt lat="51.4705470" lon="-112.7350540">
    <ele>689.6</ele>
    <time>2024-07-09T20:12:50Z</time>
   </trkpt>
   <trkpt lat="51.4705460" lon="-112.7351680">
    <ele>689.5</ele>
    <time>2024-07-09T20:12:51Z</time>
   </trkpt>
   <trkpt lat="51.4705420" lon="-112.7352850">
    <ele>689.5</ele>
    <time>2024-07-09T20:12:52Z</time>
   </trkpt>
   <trkpt lat="51.4705340" lon="-112.7354010">
    <ele>689.4</ele>
    <time>2024-07-09T20:12:53Z</time>
   </trkpt>
   <trkpt lat="51.4705250" lon="-112.7355160">
    <ele>689.3</ele>
    <time>2024-07-09T20:12:54Z</time>
   </trkpt>
   <trkpt lat="51.4705240" lon="-112.7356310">
    <ele>689.3</ele>
    <time>2024-07-09T20:12:55Z</time>
   </trkpt>
   <trkpt lat="51.4705220" lon="-112.7357500">
    <ele>689.2</ele>
    <time>2024-07-09T20:12:56Z</time>
   </trkpt>
   <trkpt lat="51.4705170" lon="-112.7358660">
    <ele>689.2</ele>
    <time>2024-07-09T20:12:57Z</time>
   </trkpt>
   <trkpt lat="51.4705130" lon="-112.7359880">
    <ele>689.1</ele>
    <time>2024-07-09T20:12:58Z</time>
   </trkpt>
   <trkpt lat="51.4705080" lon="-112.7361000">
    <ele>689.0</ele>
    <time>2024-07-09T20:12:59Z</time>
   </trkpt>
   <trkpt lat="51.4705060" lon="-112.7362150">
    <ele>689.0</ele>
    <time>2024-07-09T20:13:00Z</time>
   </trkpt>
   <trkpt lat="51.4704990" lon="-112.7363320">
    <ele>688.9</ele>
    <time>2024-07-09T20:13:01Z</time>
   </trkpt>
   <trkpt lat="51.4704900" lon="-112.7364430">
    <ele>688.8</ele>
    <time>2024-07-09T20:13:02Z</time>
   </trkpt>
   <trkpt lat="51.4704800" lon="-112.7365570">
    <ele>688.7</ele>
    <time>2024-07-09T20:13:03Z</time>
   </trkpt>
   <trkpt lat="51.4704740" lon="-112.7366700">
    <ele>688.6</ele>
    <time>2024-07-09T20:13:04Z</time>
   </trkpt>
   <trkpt lat="51.4704700" lon="-112.7367870">
    <ele>688.6</ele>
    <time>2024-07-09T20:13:05Z</time>
   </trkpt>
   <trkpt lat="51.4704610" lon="-112.7369020">
    <ele>688.5</ele>
    <time>2024-07-09T20:13:06Z</time>
   </trkpt>
   <trkpt lat="51.4704500" lon="-112.7370190">
    <ele>688.4</ele>
    <time>2024-07-09T20:13:07Z</time>
   </trkpt>
   <trkpt lat="51.4704360" lon="-112.7371360">
    <ele>688.3</ele>
    <time>2024-07-09T20:13:08Z</time>
   </trkpt>
   <trkpt lat="51.4704250" lon="-112.7372480">
    <ele>688.2</ele>
    <time>2024-07-09T20:13:09Z</time>
   </trkpt>
   <trkpt lat="51.4704080" lon="-112.7373650">
    <ele>688.2</ele>
    <time>2024-07-09T20:13:10Z</time>
   </trkpt>
   <trkpt lat="51.4703930" lon="-112.7374780">
    <ele>688.1</ele>
    <time>2024-07-09T20:13:11Z</time>
   </trkpt>
   <trkpt lat="51.4703840" lon="-112.7375920">
    <ele>688.1</ele>
    <time>2024-07-09T20:13:12Z</time>
   </trkpt>
   <trkpt lat="51.4703730" lon="-112.7377070">
    <ele>688.1</ele>
    <time>2024-07-09T20:13:13Z</time>
   </trkpt>
   <trkpt lat="51.4703570" lon="-112.7378250">
    <ele>688.0</ele>
    <time>2024-07-09T20:13:14Z</time>
   </trkpt>
   <trkpt lat="51.4703410" lon="-112.7379390">
    <ele>688.0</ele>
    <time>2024-07-09T20:13:15Z</time>
   </trkpt>
   <trkpt lat="51.4703220" lon="-112.7380450">
    <ele>688.0</ele>
    <time>2024-07-09T20:13:16Z</time>
   </trkpt>
   <trkpt lat="51.4703080" lon="-112.7381620">
    <ele>688.0</ele>
    <time>2024-07-09T20:13:17Z</time>
   </trkpt>
   <trkpt lat="51.4702910" lon="-112.7382740">
    <ele>688.0</ele>
    <time>2024-07-09T20:13:18Z</time>
   </trkpt>
   <trkpt lat="51.4702750" lon="-112.7383860">
    <ele>688.0</ele>
    <time>2024-07-09T20:13:19Z</time>
   </trkpt>
   <trkpt lat="51.4702590" lon="-112.7384950">
    <ele>688.0</ele>
    <time>2024-07-09T20:13:20Z</time>
   </trkpt>
   <trkpt lat="51.4702410" lon="-112.7386090">
    <ele>688.0</ele>
    <time>2024-07-09T20:13:21Z</time>
   </trkpt>
   <trkpt lat="51.4702210" lon="-112.7387200">
    <ele>688.1</ele>
    <time>2024-07-09T20:13:22Z</time>
   </trkpt>
   <trkpt lat="51.4702020" lon="-112.7388300">
    <ele>688.1</ele>
    <time>2024-07-09T20:13:23Z</time>
   </trkpt>
   <trkpt lat="51.4701850" lon="-112.7389430">
    <ele>688.2</ele>
    <time>2024-07-09T20:13:24Z</time>
   </trkpt>
   <trkpt lat="51.4701670" lon="-112.7390560">
    <ele>688.2</ele>
    <time>2024-07-09T20:13:25Z</time>
   </trkpt>
   <trkpt lat="51.4701470" lon="-112.7391660">
    <ele>688.3</ele>
    <time>2024-07-09T20:13:26Z</time>
   </trkpt>
   <trkpt lat="51.4701300" lon="-112.7392720">
    <ele>688.3</ele>
    <time>2024-07-09T20:13:27Z</time>
   </trkpt>
   <trkpt lat="51.4701090" lon="-112.7393840">
    <ele>688.4</ele>
    <time>2024-07-09T20:13:28Z</time>
   </trkpt>
   <trkpt lat="51.4700880" lon="-112.7394920">
    <ele>688.4</ele>
    <time>2024-07-09T20:13:29Z</time>
   </trkpt>
   <trkpt lat="51.4700640" lon="-112.7395960">
    <ele>688.5</ele>
    <time>2024-07-09T20:13:30Z</time>
   </trkpt>
   <trkpt lat="51.4700440" lon="-112.7397010">
    <ele>688.5</ele>
    <time>2024-07-09T20:13:31Z</time>
   </trkpt>
   <trkpt lat="51.4700210" lon="-112.7398020">
    <ele>688.6</ele>
    <time>2024-07-09T20:13:32Z</time>
   </trkpt>
   <trkpt lat="51.4699990" lon="-112.7399110">
    <ele>688.6</ele>
    <time>2024-07-09T20:13:33Z</time>
   </trkpt>
   <trkpt lat="51.4699750" lon="-112.7400130">
    <ele>688.7</ele>
    <time>2024-07-09T20:13:34Z</time>
   </trkpt>
   <trkpt lat="51.4699550" lon="-112.7401210">
    <ele>688.8</ele>
    <time>2024-07-09T20:13:35Z</time>
   </trkpt>
   <trkpt lat="51.4699300" lon="-112.7402200">
    <ele>688.8</ele>
    <time>2024-07-09T20:13:36Z</time>
   </trkpt>
   <trkpt lat="51.4699050" lon="-112.7403180">
    <ele>688.9</ele>
    <time>2024-07-09T20:13:37Z</time>
   </trkpt>
   <trkpt lat="51.4698820" lon="-112.7404240">
    <ele>689.0</ele>
    <time>2024-07-09T20:13:38Z</time>
   </trkpt>
   <trkpt lat="51.4698610" lon="-112.7405250">
    <ele>689.1</ele>
    <time>2024-07-09T20:13:39Z</time>
   </trkpt>
   <trkpt lat="51.4698370" lon="-112.7406270">
    <ele>689.1</ele>
    <time>2024-07-09T20:13:40Z</time>
   </trkpt>
   <trkpt lat="51.4698130" lon="-112.7407280">
    <ele>689.2</ele>
    <time>2024-07-09T20:13:41Z</time>
   </trkpt>
   <trkpt lat="51.4697920" lon="-112.7408300">
    <ele>689.2</ele>
    <time>2024-07-09T20:13:42Z</time>
   </trkpt>
   <trkpt lat="51.4697730" lon="-112.7409370">
    <ele>689.2</ele>
    <time>2024-07-09T20:13:43Z</time>
   </trkpt>
   <trkpt lat="51.4697570" lon="-112.7410400">
    <ele>689.3</ele>
    <time>2024-07-09T20:13:44Z</time>
   </trkpt>
   <trkpt lat="51.4697480" lon="-112.7411350">
    <ele>689.3</ele>
    <time>2024-07-09T20:13:45Z</time>
   </trkpt>
   <trkpt lat="51.4697190" lon="-112.7412490">
    <ele>689.4</ele>
    <time>2024-07-09T20:13:46Z</time>
   </trkpt>
   <trkpt lat="51.4696920" lon="-112.7413530">
    <ele>689.4</ele>
    <time>2024-07-09T20:13:47Z</time>
   </trkpt>
   <trkpt lat="51.4696740" lon="-112.7414630">
    <ele>689.5</ele>
    <time>2024-07-09T20:13:48Z</time>
   </trkpt>
   <trkpt lat="51.4696570" lon="-112.7415670">
    <ele>689.5</ele>
    <time>2024-07-09T20:13:49Z</time>
   </trkpt>
   <trkpt lat="51.4696330" lon="-112.7416720">
    <ele>689.5</ele>
    <time>2024-07-09T20:13:50Z</time>
   </trkpt>
   <trkpt lat="51.4696160" lon="-112.7417760">
    <ele>689.6</ele>
    <time>2024-07-09T20:13:51Z</time>
   </trkpt>
   <trkpt lat="51.4696020" lon="-112.7418830">
    <ele>689.6</ele>
    <time>2024-07-09T20:13:52Z</time>
   </trkpt>
   <trkpt lat="51.4695830" lon="-112.7419880">
    <ele>689.6</ele>
    <time>2024-07-09T20:13:53Z</time>
   </trkpt>
   <trkpt lat="51.4695680" lon="-112.7420920">
    <ele>689.7</ele>
    <time>2024-07-09T20:13:54Z</time>
   </trkpt>
   <trkpt lat="51.4695510" lon="-112.7421980">
    <ele>689.7</ele>
    <time>2024-07-09T20:13:55Z</time>
   </trkpt>
   <trkpt lat="51.4695360" lon="-112.7423030">
    <ele>689.7</ele>
    <time>2024-07-09T20:13:56Z</time>
   </trkpt>
   <trkpt lat="51.4695110" lon="-112.7424120">
    <ele>689.7</ele>
    <time>2024-07-09T20:13:57Z</time>
   </trkpt>
   <trkpt lat="51.4695030" lon="-112.7425200">
    <ele>689.7</ele>
    <time>2024-07-09T20:13:58Z</time>
   </trkpt>
   <trkpt lat="51.4694880" lon="-112.7426240">
    <ele>689.6</ele>
    <time>2024-07-09T20:13:59Z</time>
   </trkpt>
   <trkpt lat="51.4694760" lon="-112.7427350">
    <ele>689.6</ele>
    <time>2024-07-09T20:14:00Z</time>
   </trkpt>
   <trkpt lat="51.4694620" lon="-112.7428380">
    <ele>689.6</ele>
    <time>2024-07-09T20:14:01Z</time>
   </trkpt>
   <trkpt lat="51.4694490" lon="-112.7429510">
    <ele>689.5</ele>
    <time>2024-07-09T20:14:02Z</time>
   </trkpt>
   <trkpt lat="51.4694320" lon="-112.7430550">
    <ele>689.5</ele>
    <time>2024-07-09T20:14:03Z</time>
   </trkpt>
   <trkpt lat="51.4694140" lon="-112.7431520">
    <ele>689.5</ele>
    <time>2024-07-09T20:14:04Z</time>
   </trkpt>
   <trkpt lat="51.4693990" lon="-112.7432660">
    <ele>689.5</ele>
    <time>2024-07-09T20:14:05Z</time>
   </trkpt>
   <trkpt lat="51.4693820" lon="-112.7433770">
    <ele>689.5</ele>
    <time>2024-07-09T20:14:06Z</time>
   </trkpt>
   <trkpt lat="51.4693620" lon="-112.7434780">
    <ele>689.5</ele>
    <time>2024-07-09T20:14:07Z</time>
   </trkpt>
   <trkpt lat="51.4693430" lon="-112.7435810">
    <ele>689.4</ele>
    <time>2024-07-09T20:14:08Z</time>
   </trkpt>
   <trkpt lat="51.4693280" lon="-112.7436990">
    <ele>689.4</ele>
    <time>2024-07-09T20:14:09Z</time>
   </trkpt>
   <trkpt lat="51.4693100" lon="-112.7438010">
    <ele>689.4</ele>
    <time>2024-07-09T20:14:10Z</time>
   </trkpt>
   <trkpt lat="51.4692920" lon="-112.7439100">
    <ele>689.4</ele>
    <time>2024-07-09T20:14:11Z</time>
   </trkpt>
   <trkpt lat="51.4692710" lon="-112.7440160">
    <ele>689.4</ele>
    <time>2024-07-09T20:14:12Z</time>
   </trkpt>
   <trkpt lat="51.4692530" lon="-112.7441170">
    <ele>689.3</ele>
    <time>2024-07-09T20:14:13Z</time>
   </trkpt>
   <trkpt lat="51.4692420" lon="-112.7442340">
    <ele>689.3</ele>
    <time>2024-07-09T20:14:14Z</time>
   </trkpt>
   <trkpt lat="51.4692230" lon="-112.7443440">
    <ele>689.3</ele>
    <time>2024-07-09T20:14:15Z</time>
   </trkpt>
   <trkpt lat="51.4692060" lon="-112.7444480">
    <ele>689.2</ele>
    <time>2024-07-09T20:14:16Z</time>
   </trkpt>
   <trkpt lat="51.4691900" lon="-112.7445590">
    <ele>689.2</ele>
    <time>2024-07-09T20:14:17Z</time>
   </trkpt>
   <trkpt lat="51.4691740" lon="-112.7446670">
    <ele>689.1</ele>
    <time>2024-07-09T20:14:18Z</time>
   </trkpt>
   <trkpt lat="51.4691610" lon="-112.7447770">
    <ele>689.1</ele>
    <time>2024-07-09T20:14:19Z</time>
   </trkpt>
   <trkpt lat="51.4691490" lon="-112.7448900">
    <ele>689.0</ele>
    <time>2024-07-09T20:14:20Z</time>
   </trkpt>
   <trkpt lat="51.4691410" lon="-112.7449930">
    <ele>689.0</ele>
    <time>2024-07-09T20:14:21Z</time>
   </trkpt>
   <trkpt lat="51.4691150" lon="-112.7451090">
    <ele>689.0</ele>
    <time>2024-07-09T20:14:22Z</time>
   </trkpt>
   <trkpt lat="51.4691020" lon="-112.7452140">
    <ele>688.9</ele>
    <time>2024-07-09T20:14:23Z</time>
   </trkpt>
   <trkpt lat="51.4690860" lon="-112.7453220">
    <ele>688.9</ele>
    <time>2024-07-09T20:14:24Z</time>
   </trkpt>
   <trkpt lat="51.4690730" lon="-112.7454330">
    <ele>688.9</ele>
    <time>2024-07-09T20:14:25Z</time>
   </trkpt>
   <trkpt lat="51.4690570" lon="-112.7455410">
    <ele>688.9</ele>
    <time>2024-07-09T20:14:26Z</time>
   </trkpt>
   <trkpt lat="51.4690430" lon="-112.7456400">
    <ele>688.9</ele>
    <time>2024-07-09T20:14:27Z</time>
   </trkpt>
   <trkpt lat="51.4690300" lon="-112.7457560">
    <ele>688.9</ele>
    <time>2024-07-09T20:14:28Z</time>
   </trkpt>
   <trkpt lat="51.4690190" lon="-112.7458640">
    <ele>688.9</ele>
    <time>2024-07-09T20:14:29Z</time>
   </trkpt>
   <trkpt lat="51.4690050" lon="-112.7459720">
    <ele>688.9</ele>
    <time>2024-07-09T20:14:30Z</time>
   </trkpt>
   <trkpt lat="51.4689910" lon="-112.7460830">
    <ele>688.9</ele>
    <time>2024-07-09T20:14:31Z</time>
   </trkpt>
   <trkpt lat="51.4689790" lon="-112.7461930">
    <ele>688.9</ele>
    <time>2024-07-09T20:14:32Z</time>
   </trkpt>
   <trkpt lat="51.4689670" lon="-112.7463060">
    <ele>688.9</ele>
    <time>2024-07-09T20:14:33Z</time>
   </trkpt>
   <trkpt lat="51.4689560" lon="-112.7464160">
    <ele>688.9</ele>
    <time>2024-07-09T20:14:34Z</time>
   </trkpt>
   <trkpt lat="51.4689420" lon="-112.7465260">
    <ele>688.9</ele>
    <time>2024-07-09T20:14:35Z</time>
   </trkpt>
   <trkpt lat="51.4689280" lon="-112.7466350">
    <ele>688.9</ele>
    <time>2024-07-09T20:14:36Z</time>
   </trkpt>
   <trkpt lat="51.4689040" lon="-112.7467430">
    <ele>688.9</ele>
    <time>2024-07-09T20:14:37Z</time>
   </trkpt>
   <trkpt lat="51.4688840" lon="-112.7468520">
    <ele>688.9</ele>
    <time>2024-07-09T20:14:38Z</time>
   </trkpt>
   <trkpt lat="51.4688580" lon="-112.7469590">
    <ele>688.9</ele>
    <time>2024-07-09T20:14:39Z</time>
   </trkpt>
   <trkpt lat="51.4688360" lon="-112.7470690">
    <ele>688.9</ele>
    <time>2024-07-09T20:14:40Z</time>
   </trkpt>
   <trkpt lat="51.4688150" lon="-112.7471790">
    <ele>688.9</ele>
    <time>2024-07-09T20:14:41Z</time>
   </trkpt>
   <trkpt lat="51.4687890" lon="-112.7472840">
    <ele>688.9</ele>
    <time>2024-07-09T20:14:42Z</time>
   </trkpt>
   <trkpt lat="51.4687640" lon="-112.7473890">
    <ele>688.9</ele>
    <time>2024-07-09T20:14:43Z</time>
   </trkpt>
   <trkpt lat="51.4687360" lon="-112.7474900">
    <ele>688.9</ele>
    <time>2024-07-09T20:14:44Z</time>
   </trkpt>
   <trkpt lat="51.4687060" lon="-112.7475940">
    <ele>688.9</ele>
    <time>2024-07-09T20:14:45Z</time>
   </trkpt>
   <trkpt lat="51.4686830" lon="-112.7477040">
    <ele>688.9</ele>
    <time>2024-07-09T20:14:46Z</time>
   </trkpt>
   <trkpt lat="51.4686500" lon="-112.7478030">
    <ele>688.9</ele>
    <time>2024-07-09T20:14:47Z</time>
   </trkpt>
   <trkpt lat="51.4686170" lon="-112.7479000">
    <ele>688.9</ele>
    <time>2024-07-09T20:14:48Z</time>
   </trkpt>
   <trkpt lat="51.4685800" lon="-112.7479980">
    <ele>688.8</ele>
    <time>2024-07-09T20:14:49Z</time>
   </trkpt>
   <trkpt lat="51.4685440" lon="-112.7480990">
    <ele>688.8</ele>
    <time>2024-07-09T20:14:50Z</time>
   </trkpt>
   <trkpt lat="51.4685080" lon="-112.7481970">
    <ele>688.8</ele>
    <time>2024-07-09T20:14:51Z</time>
   </trkpt>
   <trkpt lat="51.4684730" lon="-112.7483030">
    <ele>688.7</ele>
    <time>2024-07-09T20:14:52Z</time>
   </trkpt>
   <trkpt lat="51.4684310" lon="-112.7484010">
    <ele>688.6</ele>
    <time>2024-07-09T20:14:53Z</time>
   </trkpt>
   <trkpt lat="51.4683930" lon="-112.7485090">
    <ele>688.6</ele>
    <time>2024-07-09T20:14:54Z</time>
   </trkpt>
   <trkpt lat="51.4683510" lon="-112.7486110">
    <ele>688.6</ele>
    <time>2024-07-09T20:14:55Z</time>
   </trkpt>
   <trkpt lat="51.4683090" lon="-112.7487170">
    <ele>688.5</ele>
    <time>2024-07-09T20:14:56Z</time>
   </trkpt>
   <trkpt lat="51.4682730" lon="-112.7488280">
    <ele>688.5</ele>
    <time>2024-07-09T20:14:57Z</time>
   </trkpt>
   <trkpt lat="51.4682300" lon="-112.7489330">
    <ele>688.5</ele>
    <time>2024-07-09T20:14:58Z</time>
   </trkpt>
   <trkpt lat="51.4681880" lon="-112.7490400">
    <ele>688.5</ele>
    <time>2024-07-09T20:14:59Z</time>
   </trkpt>
   <trkpt lat="51.4681470" lon="-112.7491500">
    <ele>688.5</ele>
    <time>2024-07-09T20:15:00Z</time>
   </trkpt>
   <trkpt lat="51.4681060" lon="-112.7492600">
    <ele>688.5</ele>
    <time>2024-07-09T20:15:01Z</time>
   </trkpt>
   <trkpt lat="51.4680660" lon="-112.7493720">
    <ele>688.5</ele>
    <time>2024-07-09T20:15:02Z</time>
   </trkpt>
   <trkpt lat="51.4680290" lon="-112.7494830">
    <ele>688.5</ele>
    <time>2024-07-09T20:15:03Z</time>
   </trkpt>
   <trkpt lat="51.4679940" lon="-112.7495940">
    <ele>688.5</ele>
    <time>2024-07-09T20:15:04Z</time>
   </trkpt>
   <trkpt lat="51.4679610" lon="-112.7497130">
    <ele>688.5</ele>
    <time>2024-07-09T20:15:05Z</time>
   </trkpt>
   <trkpt lat="51.4679290" lon="-112.7498320">
    <ele>688.5</ele>
    <time>2024-07-09T20:15:06Z</time>
   </trkpt>
   <trkpt lat="51.4678990" lon="-112.7499520">
    <ele>688.5</ele>
    <time>2024-07-09T20:15:07Z</time>
   </trkpt>
   <trkpt lat="51.4678700" lon="-112.7500670">
    <ele>688.5</ele>
    <time>2024-07-09T20:15:08Z</time>
   </trkpt>
   <trkpt lat="51.4678450" lon="-112.7501830">
    <ele>688.4</ele>
    <time>2024-07-09T20:15:09Z</time>
   </trkpt>
   <trkpt lat="51.4678220" lon="-112.7503030">
    <ele>688.4</ele>
    <time>2024-07-09T20:15:10Z</time>
   </trkpt>
   <trkpt lat="51.4677960" lon="-112.7504240">
    <ele>688.4</ele>
    <time>2024-07-09T20:15:11Z</time>
   </trkpt>
   <trkpt lat="51.4677760" lon="-112.7505440">
    <ele>688.4</ele>
    <time>2024-07-09T20:15:12Z</time>
   </trkpt>
   <trkpt lat="51.4677550" lon="-112.7506660">
    <ele>688.4</ele>
    <time>2024-07-09T20:15:13Z</time>
   </trkpt>
   <trkpt lat="51.4677370" lon="-112.7507870">
    <ele>688.4</ele>
    <time>2024-07-09T20:15:14Z</time>
   </trkpt>
   <trkpt lat="51.4677230" lon="-112.7509080">
    <ele>688.3</ele>
    <time>2024-07-09T20:15:15Z</time>
   </trkpt>
   <trkpt lat="51.4677130" lon="-112.7510320">
    <ele>688.3</ele>
    <time>2024-07-09T20:15:16Z</time>
   </trkpt>
   <trkpt lat="51.4677040" lon="-112.7511540">
    <ele>688.3</ele>
    <time>2024-07-09T20:15:17Z</time>
   </trkpt>
   <trkpt lat="51.4676890" lon="-112.7512730">
    <ele>688.3</ele>
    <time>2024-07-09T20:15:18Z</time>
   </trkpt>
   <trkpt lat="51.4676810" lon="-112.7513940">
    <ele>688.3</ele>
    <time>2024-07-09T20:15:19Z</time>
   </trkpt>
   <trkpt lat="51.4676720" lon="-112.7515180">
    <ele>688.3</ele>
    <time>2024-07-09T20:15:20Z</time>
   </trkpt>
   <trkpt lat="51.4676670" lon="-112.7516400">
    <ele>688.3</ele>
    <time>2024-07-09T20:15:21Z</time>
   </trkpt>
   <trkpt lat="51.4676620" lon="-112.7517640">
    <ele>688.4</ele>
    <time>2024-07-09T20:15:22Z</time>
   </trkpt>
   <trkpt lat="51.4676510" lon="-112.7518830">
    <ele>688.4</ele>
    <time>2024-07-09T20:15:23Z</time>
   </trkpt>
   <trkpt lat="51.4676480" lon="-112.7520050">
    <ele>688.4</ele>
    <time>2024-07-09T20:15:24Z</time>
   </trkpt>
   <trkpt lat="51.4676400" lon="-112.7521290">
    <ele>688.4</ele>
    <time>2024-07-09T20:15:25Z</time>
   </trkpt>
   <trkpt lat="51.4676300" lon="-112.7522510">
    <ele>688.3</ele>
    <time>2024-07-09T20:15:26Z</time>
   </trkpt>
   <trkpt lat="51.4676200" lon="-112.7523770">
    <ele>688.3</ele>
    <time>2024-07-09T20:15:27Z</time>
   </trkpt>
   <trkpt lat="51.4676100" lon="-112.7525000">
    <ele>688.3</ele>
    <time>2024-07-09T20:15:28Z</time>
   </trkpt>
   <trkpt lat="51.4676080" lon="-112.7526170">
    <ele>688.3</ele>
    <time>2024-07-09T20:15:29Z</time>
   </trkpt>
   <trkpt lat="51.4675950" lon="-112.7527470">
    <ele>688.2</ele>
    <time>2024-07-09T20:15:30Z</time>
   </trkpt>
   <trkpt lat="51.4675820" lon="-112.7528710">
    <ele>688.2</ele>
    <time>2024-07-09T20:15:31Z</time>
   </trkpt>
   <trkpt lat="51.4675800" lon="-112.7529960">
    <ele>688.1</ele>
    <time>2024-07-09T20:15:32Z</time>
   </trkpt>
   <trkpt lat="51.4675760" lon="-112.7531230">
    <ele>688.1</ele>
    <time>2024-07-09T20:15:33Z</time>
   </trkpt>
   <trkpt lat="51.4675670" lon="-112.7532460">
    <ele>688.0</ele>
    <time>2024-07-09T20:15:34Z</time>
   </trkpt>
   <trkpt lat="51.4675640" lon="-112.7533740">
    <ele>688.0</ele>
    <time>2024-07-09T20:15:35Z</time>
   </trkpt>
   <trkpt lat="51.4675590" lon="-112.7534990">
    <ele>687.9</ele>
    <time>2024-07-09T20:15:36Z</time>
   </trkpt>
   <trkpt lat="51.4675540" lon="-112.7536280">
    <ele>687.8</ele>
    <time>2024-07-09T20:15:37Z</time>
   </trkpt>
   <trkpt lat="51.4675600" lon="-112.7537550">
    <ele>687.7</ele>
    <time>2024-07-09T20:15:38Z</time>
   </trkpt>
   <trkpt lat="51.4675380" lon="-112.7538880">
    <ele>687.6</ele>
    <time>2024-07-09T20:15:39Z</time>
   </trkpt>
   <trkpt lat="51.4675280" lon="-112.7540160">
    <ele>687.5</ele>
    <time>2024-07-09T20:15:40Z</time>
   </trkpt>
   <trkpt lat="51.4675220" lon="-112.7541460">
    <ele>687.4</ele>
    <time>2024-07-09T20:15:41Z</time>
   </trkpt>
   <trkpt lat="51.4675170" lon="-112.7542800">
    <ele>687.3</ele>
    <time>2024-07-09T20:15:42Z</time>
   </trkpt>
   <trkpt lat="51.4674930" lon="-112.7544050">
    <ele>687.2</ele>
    <time>2024-07-09T20:15:43Z</time>
   </trkpt>
   <trkpt lat="51.4675150" lon="-112.7545660">
    <ele>687.1</ele>
    <time>2024-07-09T20:15:44Z</time>
   </trkpt>
   <trkpt lat="51.4674990" lon="-112.7546690">
    <ele>687.0</ele>
    <time>2024-07-09T20:15:45Z</time>
   </trkpt>
   <trkpt lat="51.4674870" lon="-112.7548000">
    <ele>687.0</ele>
    <time>2024-07-09T20:15:46Z</time>
   </trkpt>
   <trkpt lat="51.4674820" lon="-112.7549300">
    <ele>686.9</ele>
    <time>2024-07-09T20:15:47Z</time>
   </trkpt>
   <trkpt lat="51.4674790" lon="-112.7550570">
    <ele>686.9</ele>
    <time>2024-07-09T20:15:48Z</time>
   </trkpt>
   <trkpt lat="51.4674680" lon="-112.7551850">
    <ele>686.9</ele>
    <time>2024-07-09T20:15:49Z</time>
   </trkpt>
   <trkpt lat="51.4674600" lon="-112.7553200">
    <ele>686.8</ele>
    <time>2024-07-09T20:15:50Z</time>
   </trkpt>
   <trkpt lat="51.4674560" lon="-112.7554410">
    <ele>686.8</ele>
    <time>2024-07-09T20:15:51Z</time>
   </trkpt>
   <trkpt lat="51.4674480" lon="-112.7555660">
    <ele>686.8</ele>
    <time>2024-07-09T20:15:52Z</time>
   </trkpt>
   <trkpt lat="51.4674470" lon="-112.7556950">
    <ele>686.8</ele>
    <time>2024-07-09T20:15:53Z</time>
   </trkpt>
   <trkpt lat="51.4674490" lon="-112.7558300">
    <ele>686.8</ele>
    <time>2024-07-09T20:15:54Z</time>
   </trkpt>
   <trkpt lat="51.4674470" lon="-112.7559490">
    <ele>686.8</ele>
    <time>2024-07-09T20:15:55Z</time>
   </trkpt>
   <trkpt lat="51.4674500" lon="-112.7560760">
    <ele>686.8</ele>
    <time>2024-07-09T20:15:56Z</time>
   </trkpt>
   <trkpt lat="51.4674510" lon="-112.7562020">
    <ele>686.8</ele>
    <time>2024-07-09T20:15:57Z</time>
   </trkpt>
   <trkpt lat="51.4674570" lon="-112.7563280">
    <ele>686.8</ele>
    <time>2024-07-09T20:15:58Z</time>
   </trkpt>
   <trkpt lat="51.4674690" lon="-112.7564560">
    <ele>686.8</ele>
    <time>2024-07-09T20:15:59Z</time>
   </trkpt>
   <trkpt lat="51.4674620" lon="-112.7565860">
    <ele>686.8</ele>
    <time>2024-07-09T20:16:00Z</time>
   </trkpt>
   <trkpt lat="51.4674760" lon="-112.7567090">
    <ele>686.8</ele>
    <time>2024-07-09T20:16:01Z</time>
   </trkpt>
   <trkpt lat="51.4674630" lon="-112.7568320">
    <ele>686.8</ele>
    <time>2024-07-09T20:16:02Z</time>
   </trkpt>
   <trkpt lat="51.4674620" lon="-112.7569580">
    <ele>686.8</ele>
    <time>2024-07-09T20:16:03Z</time>
   </trkpt>
   <trkpt lat="51.4674690" lon="-112.7570880">
    <ele>686.8</ele>
    <time>2024-07-09T20:16:04Z</time>
   </trkpt>
   <trkpt lat="51.4674720" lon="-112.7572150">
    <ele>686.8</ele>
    <time>2024-07-09T20:16:05Z</time>
   </trkpt>
   <trkpt lat="51.4674720" lon="-112.7573370">
    <ele>686.7</ele>
    <time>2024-07-09T20:16:06Z</time>
   </trkpt>
   <trkpt lat="51.4674780" lon="-112.7574720">
    <ele>686.7</ele>
    <time>2024-07-09T20:16:07Z</time>
   </trkpt>
   <trkpt lat="51.4674790" lon="-112.7575940">
    <ele>686.7</ele>
    <time>2024-07-09T20:16:08Z</time>
   </trkpt>
   <trkpt lat="51.4674820" lon="-112.7577230">
    <ele>686.7</ele>
    <time>2024-07-09T20:16:09Z</time>
   </trkpt>
   <trkpt lat="51.4674900" lon="-112.7578530">
    <ele>686.7</ele>
    <time>2024-07-09T20:16:10Z</time>
   </trkpt>
   <trkpt lat="51.4674980" lon="-112.7579790">
    <ele>686.7</ele>
    <time>2024-07-09T20:16:11Z</time>
   </trkpt>
   <trkpt lat="51.4675060" lon="-112.7581110">
    <ele>686.7</ele>
    <time>2024-07-09T20:16:12Z</time>
   </trkpt>
   <trkpt lat="51.4675130" lon="-112.7582410">
    <ele>686.7</ele>
    <time>2024-07-09T20:16:13Z</time>
   </trkpt>
   <trkpt lat="51.4675210" lon="-112.7583720">
    <ele>686.7</ele>
    <time>2024-07-09T20:16:14Z</time>
   </trkpt>
   <trkpt lat="51.4675260" lon="-112.7585030">
    <ele>686.7</ele>
    <time>2024-07-09T20:16:15Z</time>
   </trkpt>
   <trkpt lat="51.4675240" lon="-112.7586350">
    <ele>686.7</ele>
    <time>2024-07-09T20:16:16Z</time>
   </trkpt>
   <trkpt lat="51.4675280" lon="-112.7587670">
    <ele>686.7</ele>
    <time>2024-07-09T20:16:17Z</time>
   </trkpt>
   <trkpt lat="51.4675330" lon="-112.7589020">
    <ele>686.8</ele>
    <time>2024-07-09T20:16:18Z</time>
   </trkpt>
   <trkpt lat="51.4675340" lon="-112.7590390">
    <ele>686.8</ele>
    <time>2024-07-09T20:16:19Z</time>
   </trkpt>
   <trkpt lat="51.4675610" lon="-112.7591670">
    <ele>686.8</ele>
    <time>2024-07-09T20:16:20Z</time>
   </trkpt>
   <trkpt lat="51.4675530" lon="-112.7593010">
    <ele>686.8</ele>
    <time>2024-07-09T20:16:21Z</time>
   </trkpt>
   <trkpt lat="51.4675630" lon="-112.7594320">
    <ele>686.8</ele>
    <time>2024-07-09T20:16:22Z</time>
   </trkpt>
   <trkpt lat="51.4675600" lon="-112.7595690">
    <ele>686.8</ele>
    <time>2024-07-09T20:16:23Z</time>
   </trkpt>
   <trkpt lat="51.4675600" lon="-112.7596960">
    <ele>686.8</ele>
    <time>2024-07-09T20:16:24Z</time>
   </trkpt>
   <trkpt lat="51.4675660" lon="-112.7598270">
    <ele>686.7</ele>
    <time>2024-07-09T20:16:25Z</time>
   </trkpt>
   <trkpt lat="51.4675660" lon="-112.7599610">
    <ele>686.7</ele>
    <time>2024-07-09T20:16:26Z</time>
   </trkpt>
   <trkpt lat="51.4675760" lon="-112.7600920">
    <ele>686.7</ele>
    <time>2024-07-09T20:16:27Z</time>
   </trkpt>
   <trkpt lat="51.4675810" lon="-112.7602200">
    <ele>686.7</ele>
    <time>2024-07-09T20:16:28Z</time>
   </trkpt>
   <trkpt lat="51.4675870" lon="-112.7603500">
    <ele>686.7</ele>
    <time>2024-07-09T20:16:29Z</time>
   </trkpt>
   <trkpt lat="51.4675990" lon="-112.7604760">
    <ele>686.7</ele>
    <time>2024-07-09T20:16:30Z</time>
   </trkpt>
   <trkpt lat="51.4676080" lon="-112.7606020">
    <ele>686.7</ele>
    <time>2024-07-09T20:16:31Z</time>
   </trkpt>
   <trkpt lat="51.4676160" lon="-112.7607330">
    <ele>686.7</ele>
    <time>2024-07-09T20:16:32Z</time>
   </trkpt>
   <trkpt lat="51.4676280" lon="-112.7608630">
    <ele>686.7</ele>
    <time>2024-07-09T20:16:33Z</time>
   </trkpt>
   <trkpt lat="51.4676380" lon="-112.7610000">
    <ele>686.7</ele>
    <time>2024-07-09T20:16:34Z</time>
   </trkpt>
   <trkpt lat="51.4676540" lon="-112.7611300">
    <ele>686.6</ele>
    <time>2024-07-09T20:16:35Z</time>
   </trkpt>
   <trkpt lat="51.4676640" lon="-112.7612730">
    <ele>686.6</ele>
    <time>2024-07-09T20:16:36Z</time>
   </trkpt>
   <trkpt lat="51.4676770" lon="-112.7614110">
    <ele>686.5</ele>
    <time>2024-07-09T20:16:37Z</time>
   </trkpt>
   <trkpt lat="51.4676910" lon="-112.7615510">
    <ele>686.4</ele>
    <time>2024-07-09T20:16:38Z</time>
   </trkpt>
   <trkpt lat="51.4677060" lon="-112.7616920">
    <ele>686.3</ele>
    <time>2024-07-09T20:16:39Z</time>
   </trkpt>
   <trkpt lat="51.4677240" lon="-112.7618310">
    <ele>686.2</ele>
    <time>2024-07-09T20:16:40Z</time>
   </trkpt>
   <trkpt lat="51.4677380" lon="-112.7619750">
    <ele>686.1</ele>
    <time>2024-07-09T20:16:41Z</time>
   </trkpt>
   <trkpt lat="51.4677520" lon="-112.7621180">
    <ele>686.1</ele>
    <time>2024-07-09T20:16:42Z</time>
   </trkpt>
   <trkpt lat="51.4677680" lon="-112.7622540">
    <ele>686.0</ele>
    <time>2024-07-09T20:16:43Z</time>
   </trkpt>
   <trkpt lat="51.4677890" lon="-112.7623970">
    <ele>686.0</ele>
    <time>2024-07-09T20:16:44Z</time>
   </trkpt>
   <trkpt lat="51.4678070" lon="-112.7625370">
    <ele>686.0</ele>
    <time>2024-07-09T20:16:45Z</time>
   </trkpt>
   <trkpt lat="51.4678210" lon="-112.7626800">
    <ele>686.0</ele>
    <time>2024-07-09T20:16:46Z</time>
   </trkpt>
   <trkpt lat="51.4678330" lon="-112.7628180">
    <ele>686.1</ele>
    <time>2024-07-09T20:16:47Z</time>
   </trkpt>
   <trkpt lat="51.4678500" lon="-112.7629490">
    <ele>686.2</ele>
    <time>2024-07-09T20:16:48Z</time>
   </trkpt>
   <trkpt lat="51.4678620" lon="-112.7630800">
    <ele>686.2</ele>
    <time>2024-07-09T20:16:49Z</time>
   </trkpt>
   <trkpt lat="51.4678830" lon="-112.7632100">
    <ele>686.3</ele>
    <time>2024-07-09T20:16:50Z</time>
   </trkpt>
   <trkpt lat="51.4678910" lon="-112.7633350">
    <ele>686.3</ele>
    <time>2024-07-09T20:16:51Z</time>
   </trkpt>
   <trkpt lat="51.4679040" lon="-112.7634600">
    <ele>686.3</ele>
    <time>2024-07-09T20:16:52Z</time>
   </trkpt>
   <trkpt lat="51.4679150" lon="-112.7635840">
    <ele>686.4</ele>
    <time>2024-07-09T20:16:53Z</time>
   </trkpt>
   <trkpt lat="51.4679260" lon="-112.7637090">
    <ele>686.4</ele>
    <time>2024-07-09T20:16:54Z</time>
   </trkpt>
   <trkpt lat="51.4679430" lon="-112.7638300">
    <ele>686.4</ele>
    <time>2024-07-09T20:16:55Z</time>
   </trkpt>
   <trkpt lat="51.4679550" lon="-112.7639540">
    <ele>686.3</ele>
    <time>2024-07-09T20:16:56Z</time>
   </trkpt>
   <trkpt lat="51.4679690" lon="-112.7640750">
    <ele>686.3</ele>
    <time>2024-07-09T20:16:57Z</time>
   </trkpt>
   <trkpt lat="51.4679880" lon="-112.7642010">
    <ele>686.3</ele>
    <time>2024-07-09T20:16:58Z</time>
   </trkpt>
   <trkpt lat="51.4679980" lon="-112.7643220">
    <ele>686.2</ele>
    <time>2024-07-09T20:16:59Z</time>
   </trkpt>
   <trkpt lat="51.4680130" lon="-112.7644430">
    <ele>686.2</ele>
    <time>2024-07-09T20:17:00Z</time>
   </trkpt>
   <trkpt lat="51.4680290" lon="-112.7645690">
    <ele>686.1</ele>
    <time>2024-07-09T20:17:01Z</time>
   </trkpt>
   <trkpt lat="51.4680400" lon="-112.7646910">
    <ele>686.1</ele>
    <time>2024-07-09T20:17:02Z</time>
   </trkpt>
   <trkpt lat="51.4680530" lon="-112.7648210">
    <ele>686.0</ele>
    <time>2024-07-09T20:17:03Z</time>
   </trkpt>
   <trkpt lat="51.4680680" lon="-112.7649430">
    <ele>686.0</ele>
    <time>2024-07-09T20:17:04Z</time>
   </trkpt>
   <trkpt lat="51.4680820" lon="-112.7650730">
    <ele>685.9</ele>
    <time>2024-07-09T20:17:05Z</time>
   </trkpt>
   <trkpt lat="51.4680960" lon="-112.7651990">
    <ele>685.9</ele>
    <time>2024-07-09T20:17:06Z</time>
   </trkpt>
   <trkpt lat="51.4681100" lon="-112.7653270">
    <ele>685.9</ele>
    <time>2024-07-09T20:17:07Z</time>
   </trkpt>
   <trkpt lat="51.4681170" lon="-112.7654590">
    <ele>685.8</ele>
    <time>2024-07-09T20:17:08Z</time>
   </trkpt>
   <trkpt lat="51.4681380" lon="-112.7655840">
    <ele>685.8</ele>
    <time>2024-07-09T20:17:09Z</time>
   </trkpt>
   <trkpt lat="51.4681540" lon="-112.7657130">
    <ele>685.8</ele>
    <time>2024-07-09T20:17:10Z</time>
   </trkpt>
   <trkpt lat="51.4681680" lon="-112.7658380">
    <ele>685.9</ele>
    <time>2024-07-09T20:17:11Z</time>
   </trkpt>
   <trkpt lat="51.4681720" lon="-112.7659630">
    <ele>685.9</ele>
    <time>2024-07-09T20:17:12Z</time>
   </trkpt>
   <trkpt lat="51.4681950" lon="-112.7660890">
    <ele>686.0</ele>
    <time>2024-07-09T20:17:13Z</time>
   </trkpt>
   <trkpt lat="51.4682390" lon="-112.7662220">
    <ele>686.0</ele>
    <time>2024-07-09T20:17:14Z</time>
   </trkpt>
   <trkpt lat="51.4682520" lon="-112.7663420">
    <ele>686.1</ele>
    <time>2024-07-09T20:17:15Z</time>
   </trkpt>
   <trkpt lat="51.4682730" lon="-112.7664680">
    <ele>686.1</ele>
    <time>2024-07-09T20:17:16Z</time>
   </trkpt>
   <trkpt lat="51.4682980" lon="-112.7665900">
    <ele>686.2</ele>
    <time>2024-07-09T20:17:17Z</time>
   </trkpt>
   <trkpt lat="51.4683320" lon="-112.7667110">
    <ele>686.3</ele>
    <time>2024-07-09T20:17:18Z</time>
   </trkpt>
   <trkpt lat="51.4683580" lon="-112.7668290">
    <ele>686.4</ele>
    <time>2024-07-09T20:17:19Z</time>
   </trkpt>
   <trkpt lat="51.4683860" lon="-112.7669470">
    <ele>686.5</ele>
    <time>2024-07-09T20:17:20Z</time>
   </trkpt>
   <trkpt lat="51.4684160" lon="-112.7670620">
    <ele>686.6</ele>
    <time>2024-07-09T20:17:21Z</time>
   </trkpt>
   <trkpt lat="51.4684470" lon="-112.7671740">
    <ele>686.8</ele>
    <time>2024-07-09T20:17:22Z</time>
   </trkpt>
   <trkpt lat="51.4684760" lon="-112.7672850">
    <ele>686.9</ele>
    <time>2024-07-09T20:17:23Z</time>
   </trkpt>
   <trkpt lat="51.4685100" lon="-112.7673880">
    <ele>687.0</ele>
    <time>2024-07-09T20:17:25Z</time>
   </trkpt>
   <trkpt lat="51.4685440" lon="-112.7674970">
    <ele>687.1</ele>
    <time>2024-07-09T20:17:26Z</time>
   </trkpt>
   <trkpt lat="51.4685800" lon="-112.7676000">
    <ele>687.3</ele>
    <time>2024-07-09T20:17:27Z</time>
   </trkpt>
   <trkpt lat="51.4686050" lon="-112.7676960">
    <ele>687.4</ele>
    <time>2024-07-09T20:17:28Z</time>
   </trkpt>
   <trkpt lat="51.4686470" lon="-112.7678000">
    <ele>687.5</ele>
    <time>2024-07-09T20:17:29Z</time>
   </trkpt>
   <trkpt lat="51.4686860" lon="-112.7678980">
    <ele>687.6</ele>
    <time>2024-07-09T20:17:30Z</time>
   </trkpt>
   <trkpt lat="51.4687220" lon="-112.7679960">
    <ele>687.7</ele>
    <time>2024-07-09T20:17:31Z</time>
   </trkpt>
   <trkpt lat="51.4687660" lon="-112.7680900">
    <ele>687.9</ele>
    <time>2024-07-09T20:17:32Z</time>
   </trkpt>
   <trkpt lat="51.4688050" lon="-112.7681850">
    <ele>688.0</ele>
    <time>2024-07-09T20:17:33Z</time>
   </trkpt>
   <trkpt lat="51.4688420" lon="-112.7682770">
    <ele>688.1</ele>
    <time>2024-07-09T20:17:34Z</time>
   </trkpt>
   <trkpt lat="51.4688860" lon="-112.7683670">
    <ele>688.2</ele>
    <time>2024-07-09T20:17:35Z</time>
   </trkpt>
   <trkpt lat="51.4689330" lon="-112.7684550">
    <ele>688.3</ele>
    <time>2024-07-09T20:17:36Z</time>
   </trkpt>
   <trkpt lat="51.4689770" lon="-112.7685470">
    <ele>688.5</ele>
    <time>2024-07-09T20:17:37Z</time>
   </trkpt>
   <trkpt lat="51.4690220" lon="-112.7686380">
    <ele>688.6</ele>
    <time>2024-07-09T20:17:38Z</time>
   </trkpt>
   <trkpt lat="51.4690730" lon="-112.7687230">
    <ele>688.7</ele>
    <time>2024-07-09T20:17:39Z</time>
   </trkpt>
   <trkpt lat="51.4691170" lon="-112.7688090">
    <ele>688.8</ele>
    <time>2024-07-09T20:17:40Z</time>
   </trkpt>
   <trkpt lat="51.4691670" lon="-112.7688930">
    <ele>688.9</ele>
    <time>2024-07-09T20:17:41Z</time>
   </trkpt>
   <trkpt lat="51.4692170" lon="-112.7689730">
    <ele>689.1</ele>
    <time>2024-07-09T20:17:42Z</time>
   </trkpt>
   <trkpt lat="51.4692720" lon="-112.7690640">
    <ele>689.2</ele>
    <time>2024-07-09T20:17:43Z</time>
   </trkpt>
   <trkpt lat="51.4693230" lon="-112.7691440">
    <ele>689.3</ele>
    <time>2024-07-09T20:17:44Z</time>
   </trkpt>
   <trkpt lat="51.4693770" lon="-112.7692230">
    <ele>689.4</ele>
    <time>2024-07-09T20:17:45Z</time>
   </trkpt>
   <trkpt lat="51.4694250" lon="-112.7693000">
    <ele>689.5</ele>
    <time>2024-07-09T20:17:46Z</time>
   </trkpt>
   <trkpt lat="51.4694790" lon="-112.7693720">
    <ele>689.6</ele>
    <time>2024-07-09T20:17:47Z</time>
   </trkpt>
   <trkpt lat="51.4695340" lon="-112.7694490">
    <ele>689.7</ele>
    <time>2024-07-09T20:17:48Z</time>
   </trkpt>
   <trkpt lat="51.4695900" lon="-112.7695210">
    <ele>689.8</ele>
    <time>2024-07-09T20:17:49Z</time>
   </trkpt>
   <trkpt lat="51.4696520" lon="-112.7695920">
    <ele>689.9</ele>
    <time>2024-07-09T20:17:50Z</time>
   </trkpt>
   <trkpt lat="51.4697090" lon="-112.7696630">
    <ele>690.0</ele>
    <time>2024-07-09T20:17:51Z</time>
   </trkpt>
   <trkpt lat="51.4697670" lon="-112.7697300">
    <ele>690.0</ele>
    <time>2024-07-09T20:17:52Z</time>
   </trkpt>
   <trkpt lat="51.4698250" lon="-112.7697920">
    <ele>690.1</ele>
    <time>2024-07-09T20:17:53Z</time>
   </trkpt>
   <trkpt lat="51.4698790" lon="-112.7698640">
    <ele>690.2</ele>
    <time>2024-07-09T20:17:54Z</time>
   </trkpt>
   <trkpt lat="51.4699430" lon="-112.7699220">
    <ele>690.3</ele>
    <time>2024-07-09T20:17:55Z</time>
   </trkpt>
   <trkpt lat="51.4700030" lon="-112.7699830">
    <ele>690.4</ele>
    <time>2024-07-09T20:17:56Z</time>
   </trkpt>
   <trkpt lat="51.4700610" lon="-112.7700480">
    <ele>690.5</ele>
    <time>2024-07-09T20:17:57Z</time>
   </trkpt>
   <trkpt lat="51.4701230" lon="-112.7701060">
    <ele>690.5</ele>
    <time>2024-07-09T20:17:58Z</time>
   </trkpt>
   <trkpt lat="51.4701870" lon="-112.7701600">
    <ele>690.6</ele>
    <time>2024-07-09T20:17:59Z</time>
   </trkpt>
   <trkpt lat="51.4702460" lon="-112.7702260">
    <ele>690.7</ele>
    <time>2024-07-09T20:18:00Z</time>
   </trkpt>
   <trkpt lat="51.4703090" lon="-112.7702880">
    <ele>690.8</ele>
    <time>2024-07-09T20:18:01Z</time>
   </trkpt>
   <trkpt lat="51.4703700" lon="-112.7703480">
    <ele>690.8</ele>
    <time>2024-07-09T20:18:02Z</time>
   </trkpt>
   <trkpt lat="51.4704320" lon="-112.7704110">
    <ele>690.9</ele>
    <time>2024-07-09T20:18:03Z</time>
   </trkpt>
   <trkpt lat="51.4704970" lon="-112.7704690">
    <ele>691.0</ele>
    <time>2024-07-09T20:18:04Z</time>
   </trkpt>
   <trkpt lat="51.4705590" lon="-112.7705330">
    <ele>691.0</ele>
    <time>2024-07-09T20:18:05Z</time>
   </trkpt>
   <trkpt lat="51.4706210" lon="-112.7705960">
    <ele>691.1</ele>
    <time>2024-07-09T20:18:06Z</time>
   </trkpt>
   <trkpt lat="51.4706860" lon="-112.7706550">
    <ele>691.2</ele>
    <time>2024-07-09T20:18:07Z</time>
   </trkpt>
   <trkpt lat="51.4708120" lon="-112.7707830">
    <ele>691.3</ele>
    <time>2024-07-09T20:18:08Z</time>
   </trkpt>
   <trkpt lat="51.4708760" lon="-112.7708420">
    <ele>691.4</ele>
    <time>2024-07-09T20:18:09Z</time>
   </trkpt>
   <trkpt lat="51.4709380" lon="-112.7709090">
    <ele>691.4</ele>
    <time>2024-07-09T20:18:10Z</time>
   </trkpt>
   <trkpt lat="51.4710010" lon="-112.7709710">
    <ele>691.5</ele>
    <time>2024-07-09T20:18:11Z</time>
   </trkpt>
   <trkpt lat="51.4710630" lon="-112.7710360">
    <ele>691.6</ele>
    <time>2024-07-09T20:18:12Z</time>
   </trkpt>
   <trkpt lat="51.4711260" lon="-112.7711020">
    <ele>691.6</ele>
    <time>2024-07-09T20:18:13Z</time>
   </trkpt>
   <trkpt lat="51.4711890" lon="-112.7711660">
    <ele>691.7</ele>
    <time>2024-07-09T20:18:14Z</time>
   </trkpt>
   <trkpt lat="51.4712510" lon="-112.7712330">
    <ele>691.7</ele>
    <time>2024-07-09T20:18:15Z</time>
   </trkpt>
   <trkpt lat="51.4713130" lon="-112.7712990">
    <ele>691.8</ele>
    <time>2024-07-09T20:18:16Z</time>
   </trkpt>
   <trkpt lat="51.4713740" lon="-112.7713720">
    <ele>691.8</ele>
    <time>2024-07-09T20:18:17Z</time>
   </trkpt>
   <trkpt lat="51.4714360" lon="-112.7714450">
    <ele>691.8</ele>
    <time>2024-07-09T20:18:18Z</time>
   </trkpt>
   <trkpt lat="51.4714980" lon="-112.7715230">
    <ele>691.8</ele>
    <time>2024-07-09T20:18:19Z</time>
   </trkpt>
   <trkpt lat="51.4715580" lon="-112.7716020">
    <ele>691.9</ele>
    <time>2024-07-09T20:18:20Z</time>
   </trkpt>
   <trkpt lat="51.4716180" lon="-112.7716780">
    <ele>691.9</ele>
    <time>2024-07-09T20:18:21Z</time>
   </trkpt>
   <trkpt lat="51.4716750" lon="-112.7717680">
    <ele>691.9</ele>
    <time>2024-07-09T20:18:22Z</time>
   </trkpt>
   <trkpt lat="51.4717330" lon="-112.7718550">
    <ele>691.9</ele>
    <time>2024-07-09T20:18:23Z</time>
   </trkpt>
   <trkpt lat="51.4717920" lon="-112.7719390">
    <ele>691.9</ele>
    <time>2024-07-09T20:18:24Z</time>
   </trkpt>
   <trkpt lat="51.4718470" lon="-112.7720320">
    <ele>691.9</ele>
    <time>2024-07-09T20:18:25Z</time>
   </trkpt>
   <trkpt lat="51.4719010" lon="-112.7721280">
    <ele>691.9</ele>
    <time>2024-07-09T20:18:26Z</time>
   </trkpt>
   <trkpt lat="51.4719510" lon="-112.7722260">
    <ele>691.9</ele>
    <time>2024-07-09T20:18:27Z</time>
   </trkpt>
   <trkpt lat="51.4720070" lon="-112.7723230">
    <ele>691.9</ele>
    <time>2024-07-09T20:18:28Z</time>
   </trkpt>
   <trkpt lat="51.4720590" lon="-112.7724210">
    <ele>691.9</ele>
    <time>2024-07-09T20:18:29Z</time>
   </trkpt>
   <trkpt lat="51.4721060" lon="-112.7725320">
    <ele>691.9</ele>
    <time>2024-07-09T20:18:30Z</time>
   </trkpt>
   <trkpt lat="51.4721560" lon="-112.7726320">
    <ele>691.9</ele>
    <time>2024-07-09T20:18:31Z</time>
   </trkpt>
   <trkpt lat="51.4722040" lon="-112.7727400">
    <ele>691.9</ele>
    <time>2024-07-09T20:18:32Z</time>
   </trkpt>
   <trkpt lat="51.4722500" lon="-112.7728530">
    <ele>691.9</ele>
    <time>2024-07-09T20:18:33Z</time>
   </trkpt>
   <trkpt lat="51.4722900" lon="-112.7729680">
    <ele>691.9</ele>
    <time>2024-07-09T20:18:34Z</time>
   </trkpt>
   <trkpt lat="51.4723320" lon="-112.7730820">
    <ele>692.0</ele>
    <time>2024-07-09T20:18:35Z</time>
   </trkpt>
   <trkpt lat="51.4723740" lon="-112.7731980">
    <ele>692.0</ele>
    <time>2024-07-09T20:18:36Z</time>
   </trkpt>
   <trkpt lat="51.4724130" lon="-112.7733190">
    <ele>692.0</ele>
    <time>2024-07-09T20:18:37Z</time>
   </trkpt>
   <trkpt lat="51.4724690" lon="-112.7734390">
    <ele>692.0</ele>
    <time>2024-07-09T20:18:38Z</time>
   </trkpt>
   <trkpt lat="51.4725090" lon="-112.7735580">
    <ele>692.0</ele>
    <time>2024-07-09T20:18:39Z</time>
   </trkpt>
   <trkpt lat="51.4725510" lon="-112.7736820">
    <ele>691.9</ele>
    <time>2024-07-09T20:18:40Z</time>
   </trkpt>
   <trkpt lat="51.4725950" lon="-112.7738100">
    <ele>691.9</ele>
    <time>2024-07-09T20:18:41Z</time>
   </trkpt>
   <trkpt lat="51.4726420" lon="-112.7739370">
    <ele>691.9</ele>
    <time>2024-07-09T20:18:42Z</time>
   </trkpt>
   <trkpt lat="51.4726870" lon="-112.7740650">
    <ele>691.8</ele>
    <time>2024-07-09T20:18:43Z</time>
   </trkpt>
   <trkpt lat="51.4727300" lon="-112.7741950">
    <ele>691.8</ele>
    <time>2024-07-09T20:18:44Z</time>
   </trkpt>
   <trkpt lat="51.4727730" lon="-112.7743280">
    <ele>691.8</ele>
    <time>2024-07-09T20:18:45Z</time>
   </trkpt>
   <trkpt lat="51.4728230" lon="-112.7744520">
    <ele>691.8</ele>
    <time>2024-07-09T20:18:47Z</time>
   </trkpt>
   <trkpt lat="51.4728670" lon="-112.7745860">
    <ele>691.8</ele>
    <time>2024-07-09T20:18:48Z</time>
   </trkpt>
   <trkpt lat="51.4729090" lon="-112.7747160">
    <ele>691.8</ele>
    <time>2024-07-09T20:18:49Z</time>
   </trkpt>
   <trkpt lat="51.4729550" lon="-112.7748470">
    <ele>691.8</ele>
    <time>2024-07-09T20:18:50Z</time>
   </trkpt>
   <trkpt lat="51.4729990" lon="-112.7749760">
    <ele>691.8</ele>
    <time>2024-07-09T20:18:51Z</time>
   </trkpt>
   <trkpt lat="51.4730440" lon="-112.7751050">
    <ele>691.8</ele>
    <time>2024-07-09T20:18:52Z</time>
   </trkpt>
   <trkpt lat="51.4730900" lon="-112.7752350">
    <ele>691.8</ele>
    <time>2024-07-09T20:18:53Z</time>
   </trkpt>
   <trkpt lat="51.4731380" lon="-112.7753620">
    <ele>691.8</ele>
    <time>2024-07-09T20:18:54Z</time>
   </trkpt>
   <trkpt lat="51.4731800" lon="-112.7754960">
    <ele>691.8</ele>
    <time>2024-07-09T20:18:55Z</time>
   </trkpt>
   <trkpt lat="51.4732250" lon="-112.7756240">
    <ele>691.8</ele>
    <time>2024-07-09T20:18:56Z</time>
   </trkpt>
   <trkpt lat="51.4732700" lon="-112.7757570">
    <ele>691.8</ele>
    <time>2024-07-09T20:18:57Z</time>
   </trkpt>
   <trkpt lat="51.4733130" lon="-112.7758850">
    <ele>691.8</ele>
    <time>2024-07-09T20:18:58Z</time>
   </trkpt>
   <trkpt lat="51.4733630" lon="-112.7760150">
    <ele>691.8</ele>
    <time>2024-07-09T20:18:59Z</time>
   </trkpt>
   <trkpt lat="51.4734000" lon="-112.7761450">
    <ele>691.8</ele>
    <time>2024-07-09T20:19:00Z</time>
   </trkpt>
   <trkpt lat="51.4734480" lon="-112.7762680">
    <ele>691.8</ele>
    <time>2024-07-09T20:19:01Z</time>
   </trkpt>
   <trkpt lat="51.4734930" lon="-112.7763930">
    <ele>691.8</ele>
    <time>2024-07-09T20:19:02Z</time>
   </trkpt>
   <trkpt lat="51.4735370" lon="-112.7765170">
    <ele>691.8</ele>
    <time>2024-07-09T20:19:03Z</time>
   </trkpt>
   <trkpt lat="51.4735830" lon="-112.7766470">
    <ele>691.8</ele>
    <time>2024-07-09T20:19:04Z</time>
   </trkpt>
   <trkpt lat="51.4736230" lon="-112.7767720">
    <ele>691.8</ele>
    <time>2024-07-09T20:19:05Z</time>
   </trkpt>
   <trkpt lat="51.4736710" lon="-112.7768980">
    <ele>691.8</ele>
    <time>2024-07-09T20:19:06Z</time>
   </trkpt>
   <trkpt lat="51.4737130" lon="-112.7770310">
    <ele>691.8</ele>
    <time>2024-07-09T20:19:07Z</time>
   </trkpt>
   <trkpt lat="51.4737560" lon="-112.7771430">
    <ele>691.8</ele>
    <time>2024-07-09T20:19:08Z</time>
   </trkpt>
   <trkpt lat="51.4737980" lon="-112.7772720">
    <ele>691.8</ele>
    <time>2024-07-09T20:19:09Z</time>
   </trkpt>
   <trkpt lat="51.4738380" lon="-112.7773980">
    <ele>691.9</ele>
    <time>2024-07-09T20:19:10Z</time>
   </trkpt>
   <trkpt lat="51.4738750" lon="-112.7775240">
    <ele>691.9</ele>
    <time>2024-07-09T20:19:11Z</time>
   </trkpt>
   <trkpt lat="51.4739150" lon="-112.7776510">
    <ele>691.9</ele>
    <time>2024-07-09T20:19:12Z</time>
   </trkpt>
   <trkpt lat="51.4739530" lon="-112.7777800">
    <ele>691.9</ele>
    <time>2024-07-09T20:19:13Z</time>
   </trkpt>
   <trkpt lat="51.4739970" lon="-112.7779020">
    <ele>691.9</ele>
    <time>2024-07-09T20:19:14Z</time>
   </trkpt>
   <trkpt lat="51.4740230" lon="-112.7780340">
    <ele>691.9</ele>
    <time>2024-07-09T20:19:15Z</time>
   </trkpt>
   <trkpt lat="51.4740550" lon="-112.7781670">
    <ele>692.0</ele>
    <time>2024-07-09T20:19:16Z</time>
   </trkpt>
   <trkpt lat="51.4740850" lon="-112.7782970">
    <ele>691.9</ele>
    <time>2024-07-09T20:19:17Z</time>
   </trkpt>
   <trkpt lat="51.4741180" lon="-112.7784290">
    <ele>691.9</ele>
    <time>2024-07-09T20:19:18Z</time>
   </trkpt>
   <trkpt lat="51.4741410" lon="-112.7785660">
    <ele>691.9</ele>
    <time>2024-07-09T20:19:19Z</time>
   </trkpt>
   <trkpt lat="51.4741720" lon="-112.7786990">
    <ele>691.9</ele>
    <time>2024-07-09T20:19:20Z</time>
   </trkpt>
   <trkpt lat="51.4741920" lon="-112.7788350">
    <ele>691.9</ele>
    <time>2024-07-09T20:19:21Z</time>
   </trkpt>
   <trkpt lat="51.4742110" lon="-112.7789680">
    <ele>691.9</ele>
    <time>2024-07-09T20:19:22Z</time>
   </trkpt>
   <trkpt lat="51.4742240" lon="-112.7791070">
    <ele>691.9</ele>
    <time>2024-07-09T20:19:23Z</time>
   </trkpt>
   <trkpt lat="51.4742400" lon="-112.7792450">
    <ele>691.9</ele>
    <time>2024-07-09T20:19:24Z</time>
   </trkpt>
   <trkpt lat="51.4742540" lon="-112.7793780">
    <ele>691.9</ele>
    <time>2024-07-09T20:19:25Z</time>
   </trkpt>
   <trkpt lat="51.4742660" lon="-112.7795160">
    <ele>691.9</ele>
    <time>2024-07-09T20:19:26Z</time>
   </trkpt>
   <trkpt lat="51.4742740" lon="-112.7796540">
    <ele>691.9</ele>
    <time>2024-07-09T20:19:27Z</time>
   </trkpt>
   <trkpt lat="51.4742810" lon="-112.7797880">
    <ele>691.9</ele>
    <time>2024-07-09T20:19:28Z</time>
   </trkpt>
   <trkpt lat="51.4742860" lon="-112.7799230">
    <ele>691.8</ele>
    <time>2024-07-09T20:19:29Z</time>
   </trkpt>
   <trkpt lat="51.4742880" lon="-112.7800610">
    <ele>691.8</ele>
    <time>2024-07-09T20:19:30Z</time>
   </trkpt>
   <trkpt lat="51.4742920" lon="-112.7801990">
    <ele>691.8</ele>
    <time>2024-07-09T20:19:31Z</time>
   </trkpt>
   <trkpt lat="51.4742910" lon="-112.7803370">
    <ele>691.8</ele>
    <time>2024-07-09T20:19:32Z</time>
   </trkpt>
   <trkpt lat="51.4742850" lon="-112.7804750">
    <ele>691.8</ele>
    <time>2024-07-09T20:19:33Z</time>
   </trkpt>
   <trkpt lat="51.4742840" lon="-112.7806180">
    <ele>691.8</ele>
    <time>2024-07-09T20:19:34Z</time>
   </trkpt>
   <trkpt lat="51.4742790" lon="-112.7807570">
    <ele>691.8</ele>
    <time>2024-07-09T20:19:35Z</time>
   </trkpt>
   <trkpt lat="51.4742700" lon="-112.7808960">
    <ele>691.8</ele>
    <time>2024-07-09T20:19:36Z</time>
   </trkpt>
   <trkpt lat="51.4742560" lon="-112.7810350">
    <ele>691.7</ele>
    <time>2024-07-09T20:19:37Z</time>
   </trkpt>
   <trkpt lat="51.4742430" lon="-112.7811740">
    <ele>691.7</ele>
    <time>2024-07-09T20:19:38Z</time>
   </trkpt>
   <trkpt lat="51.4742330" lon="-112.7813110">
    <ele>691.6</ele>
    <time>2024-07-09T20:19:39Z</time>
   </trkpt>
   <trkpt lat="51.4742250" lon="-112.7814510">
    <ele>691.6</ele>
    <time>2024-07-09T20:19:40Z</time>
   </trkpt>
   <trkpt lat="51.4742140" lon="-112.7815870">
    <ele>691.5</ele>
    <time>2024-07-09T20:19:41Z</time>
   </trkpt>
   <trkpt lat="51.4741970" lon="-112.7817210">
    <ele>691.5</ele>
    <time>2024-07-09T20:19:42Z</time>
   </trkpt>
   <trkpt lat="51.4741880" lon="-112.7818570">
    <ele>691.5</ele>
    <time>2024-07-09T20:19:43Z</time>
   </trkpt>
   <trkpt lat="51.4741780" lon="-112.7819940">
    <ele>691.5</ele>
    <time>2024-07-09T20:19:44Z</time>
   </trkpt>
   <trkpt lat="51.4741670" lon="-112.7821280">
    <ele>691.5</ele>
    <time>2024-07-09T20:19:45Z</time>
   </trkpt>
   <trkpt lat="51.4741580" lon="-112.7822640">
    <ele>691.5</ele>
    <time>2024-07-09T20:19:46Z</time>
   </trkpt>
   <trkpt lat="51.4741490" lon="-112.7824030">
    <ele>691.5</ele>
    <time>2024-07-09T20:19:47Z</time>
   </trkpt>
   <trkpt lat="51.4741410" lon="-112.7825380">
    <ele>691.5</ele>
    <time>2024-07-09T20:19:48Z</time>
   </trkpt>
   <trkpt lat="51.4741250" lon="-112.7826730">
    <ele>691.5</ele>
    <time>2024-07-09T20:19:49Z</time>
   </trkpt>
   <trkpt lat="51.4741060" lon="-112.7828080">
    <ele>691.5</ele>
    <time>2024-07-09T20:19:50Z</time>
   </trkpt>
   <trkpt lat="51.4741020" lon="-112.7829470">
    <ele>691.4</ele>
    <time>2024-07-09T20:19:51Z</time>
   </trkpt>
   <trkpt lat="51.4740890" lon="-112.7830830">
    <ele>691.4</ele>
    <time>2024-07-09T20:19:52Z</time>
   </trkpt>
   <trkpt lat="51.4740740" lon="-112.7832180">
    <ele>691.4</ele>
    <time>2024-07-09T20:19:53Z</time>
   </trkpt>
   <trkpt lat="51.4740680" lon="-112.7833560">
    <ele>691.4</ele>
    <time>2024-07-09T20:19:54Z</time>
   </trkpt>
   <trkpt lat="51.4740490" lon="-112.7834890">
    <ele>691.3</ele>
    <time>2024-07-09T20:19:55Z</time>
   </trkpt>
   <trkpt lat="51.4740480" lon="-112.7836300">
    <ele>691.3</ele>
    <time>2024-07-09T20:19:56Z</time>
   </trkpt>
   <trkpt lat="51.4740430" lon="-112.7837650">
    <ele>691.3</ele>
    <time>2024-07-09T20:19:57Z</time>
   </trkpt>
   <trkpt lat="51.4740270" lon="-112.7838990">
    <ele>691.2</ele>
    <time>2024-07-09T20:19:58Z</time>
   </trkpt>
   <trkpt lat="51.4740120" lon="-112.7840350">
    <ele>691.2</ele>
    <time>2024-07-09T20:19:59Z</time>
   </trkpt>
   <trkpt lat="51.4740000" lon="-112.7841710">
    <ele>691.1</ele>
    <time>2024-07-09T20:20:00Z</time>
   </trkpt>
   <trkpt lat="51.4739850" lon="-112.7843070">
    <ele>691.1</ele>
    <time>2024-07-09T20:20:01Z</time>
   </trkpt>
   <trkpt lat="51.4739760" lon="-112.7844480">
    <ele>691.0</ele>
    <time>2024-07-09T20:20:02Z</time>
   </trkpt>
   <trkpt lat="51.4739670" lon="-112.7845860">
    <ele>690.9</ele>
    <time>2024-07-09T20:20:03Z</time>
   </trkpt>
   <trkpt lat="51.4739530" lon="-112.7847230">
    <ele>690.9</ele>
    <time>2024-07-09T20:20:04Z</time>
   </trkpt>
   <trkpt lat="51.4739550" lon="-112.7848610">
    <ele>690.8</ele>
    <time>2024-07-09T20:20:05Z</time>
   </trkpt>
   <trkpt lat="51.4739560" lon="-112.7850000">
    <ele>690.8</ele>
    <time>2024-07-09T20:20:06Z</time>
   </trkpt>
   <trkpt lat="51.4739560" lon="-112.7851470">
    <ele>690.7</ele>
    <time>2024-07-09T20:20:07Z</time>
   </trkpt>
   <trkpt lat="51.4739580" lon="-112.7852910">
    <ele>690.5</ele>
    <time>2024-07-09T20:20:08Z</time>
   </trkpt>
   <trkpt lat="51.4739610" lon="-112.7854400">
    <ele>690.3</ele>
    <time>2024-07-09T20:20:09Z</time>
   </trkpt>
   <trkpt lat="51.4739640" lon="-112.7855920">
    <ele>690.1</ele>
    <time>2024-07-09T20:20:10Z</time>
   </trkpt>
   <trkpt lat="51.4739690" lon="-112.7857450">
    <ele>690.0</ele>
    <time>2024-07-09T20:20:11Z</time>
   </trkpt>
   <trkpt lat="51.4739740" lon="-112.7858990">
    <ele>689.8</ele>
    <time>2024-07-09T20:20:12Z</time>
   </trkpt>
   <trkpt lat="51.4739790" lon="-112.7860560">
    <ele>689.6</ele>
    <time>2024-07-09T20:20:13Z</time>
   </trkpt>
   <trkpt lat="51.4739990" lon="-112.7863710">
    <ele>689.2</ele>
    <time>2024-07-09T20:20:14Z</time>
   </trkpt>
   <trkpt lat="51.4740110" lon="-112.7865300">
    <ele>689.0</ele>
    <time>2024-07-09T20:20:15Z</time>
   </trkpt>
   <trkpt lat="51.4740240" lon="-112.7866880">
    <ele>688.8</ele>
    <time>2024-07-09T20:20:16Z</time>
   </trkpt>
   <trkpt lat="51.4740390" lon="-112.7868480">
    <ele>688.7</ele>
    <time>2024-07-09T20:20:17Z</time>
   </trkpt>
   <trkpt lat="51.4740580" lon="-112.7870040">
    <ele>688.5</ele>
    <time>2024-07-09T20:20:18Z</time>
   </trkpt>
   <trkpt lat="51.4740800" lon="-112.7871630">
    <ele>688.3</ele>
    <time>2024-07-09T20:20:19Z</time>
   </trkpt>
   <trkpt lat="51.4740980" lon="-112.7873180">
    <ele>688.2</ele>
    <time>2024-07-09T20:20:20Z</time>
   </trkpt>
   <trkpt lat="51.4741250" lon="-112.7874750">
    <ele>688.1</ele>
    <time>2024-07-09T20:20:21Z</time>
   </trkpt>
   <trkpt lat="51.4741440" lon="-112.7876330">
    <ele>687.9</ele>
    <time>2024-07-09T20:20:22Z</time>
   </trkpt>
   <trkpt lat="51.4741770" lon="-112.7877870">
    <ele>687.8</ele>
    <time>2024-07-09T20:20:23Z</time>
   </trkpt>
   <trkpt lat="51.4742020" lon="-112.7879450">
    <ele>687.7</ele>
    <time>2024-07-09T20:20:24Z</time>
   </trkpt>
   <trkpt lat="51.4742310" lon="-112.7880960">
    <ele>687.6</ele>
    <time>2024-07-09T20:20:25Z</time>
   </trkpt>
   <trkpt lat="51.4742610" lon="-112.7882500">
    <ele>687.5</ele>
    <time>2024-07-09T20:20:26Z</time>
   </trkpt>
   <trkpt lat="51.4742940" lon="-112.7884070">
    <ele>687.4</ele>
    <time>2024-07-09T20:20:27Z</time>
   </trkpt>
   <trkpt lat="51.4743260" lon="-112.7885550">
    <ele>687.4</ele>
    <time>2024-07-09T20:20:28Z</time>
   </trkpt>
   <trkpt lat="51.4743620" lon="-112.7887070">
    <ele>687.3</ele>
    <time>2024-07-09T20:20:29Z</time>
   </trkpt>
   <trkpt lat="51.4744000" lon="-112.7888600">
    <ele>687.3</ele>
    <time>2024-07-09T20:20:30Z</time>
   </trkpt>
   <trkpt lat="51.4744380" lon="-112.7890140">
    <ele>687.3</ele>
    <time>2024-07-09T20:20:31Z</time>
   </trkpt>
   <trkpt lat="51.4744780" lon="-112.7891630">
    <ele>687.4</ele>
    <time>2024-07-09T20:20:32Z</time>
   </trkpt>
   <trkpt lat="51.4745180" lon="-112.7893130">
    <ele>687.5</ele>
    <time>2024-07-09T20:20:33Z</time>
   </trkpt>
   <trkpt lat="51.4745680" lon="-112.7894560">
    <ele>687.4</ele>
    <time>2024-07-09T20:20:34Z</time>
   </trkpt>
   <trkpt lat="51.4746150" lon="-112.7896030">
    <ele>687.4</ele>
    <time>2024-07-09T20:20:35Z</time>
   </trkpt>
   <trkpt lat="51.4746650" lon="-112.7897430">
    <ele>687.4</ele>
    <time>2024-07-09T20:20:36Z</time>
   </trkpt>
   <trkpt lat="51.4747100" lon="-112.7898860">
    <ele>687.4</ele>
    <time>2024-07-09T20:20:37Z</time>
   </trkpt>
   <trkpt lat="51.4747600" lon="-112.7900270">
    <ele>687.4</ele>
    <time>2024-07-09T20:20:38Z</time>
   </trkpt>
   <trkpt lat="51.4748140" lon="-112.7901630">
    <ele>687.5</ele>
    <time>2024-07-09T20:20:39Z</time>
   </trkpt>
   <trkpt lat="51.4748620" lon="-112.7903000">
    <ele>687.5</ele>
    <time>2024-07-09T20:20:40Z</time>
   </trkpt>
   <trkpt lat="51.4749200" lon="-112.7904300">
    <ele>687.5</ele>
    <time>2024-07-09T20:20:41Z</time>
   </trkpt>
   <trkpt lat="51.4749750" lon="-112.7905610">
    <ele>687.5</ele>
    <time>2024-07-09T20:20:42Z</time>
   </trkpt>
   <trkpt lat="51.4750340" lon="-112.7906910">
    <ele>687.6</ele>
    <time>2024-07-09T20:20:43Z</time>
   </trkpt>
   <trkpt lat="51.4750890" lon="-112.7908190">
    <ele>687.6</ele>
    <time>2024-07-09T20:20:44Z</time>
   </trkpt>
   <trkpt lat="51.4751470" lon="-112.7909440">
    <ele>687.6</ele>
    <time>2024-07-09T20:20:45Z</time>
   </trkpt>
   <trkpt lat="51.4752070" lon="-112.7910690">
    <ele>687.6</ele>
    <time>2024-07-09T20:20:46Z</time>
   </trkpt>
   <trkpt lat="51.4752680" lon="-112.7911940">
    <ele>687.7</ele>
    <time>2024-07-09T20:20:47Z</time>
   </trkpt>
   <trkpt lat="51.4753320" lon="-112.7913110">
    <ele>687.7</ele>
    <time>2024-07-09T20:20:48Z</time>
   </trkpt>
   <trkpt lat="51.4753970" lon="-112.7914330">
    <ele>687.7</ele>
    <time>2024-07-09T20:20:49Z</time>
   </trkpt>
   <trkpt lat="51.4754690" lon="-112.7915380">
    <ele>687.7</ele>
    <time>2024-07-09T20:20:50Z</time>
   </trkpt>
   <trkpt lat="51.4755310" lon="-112.7916620">
    <ele>687.8</ele>
    <time>2024-07-09T20:20:51Z</time>
   </trkpt>
   <trkpt lat="51.4756000" lon="-112.7917760">
    <ele>687.8</ele>
    <time>2024-07-09T20:20:52Z</time>
   </trkpt>
   <trkpt lat="51.4756670" lon="-112.7918870">
    <ele>687.8</ele>
    <time>2024-07-09T20:20:53Z</time>
   </trkpt>
   <trkpt lat="51.4757350" lon="-112.7919970">
    <ele>687.9</ele>
    <time>2024-07-09T20:20:54Z</time>
   </trkpt>
   <trkpt lat="51.4758100" lon="-112.7921040">
    <ele>687.9</ele>
    <time>2024-07-09T20:20:55Z</time>
   </trkpt>
   <trkpt lat="51.4758800" lon="-112.7922070">
    <ele>687.9</ele>
    <time>2024-07-09T20:20:56Z</time>
   </trkpt>
   <trkpt lat="51.4759510" lon="-112.7923100">
    <ele>688.0</ele>
    <time>2024-07-09T20:20:57Z</time>
   </trkpt>
   <trkpt lat="51.4760260" lon="-112.7924090">
    <ele>688.0</ele>
    <time>2024-07-09T20:20:58Z</time>
   </trkpt>
   <trkpt lat="51.4760970" lon="-112.7925080">
    <ele>688.1</ele>
    <time>2024-07-09T20:20:59Z</time>
   </trkpt>
   <trkpt lat="51.4761650" lon="-112.7926020">
    <ele>688.1</ele>
    <time>2024-07-09T20:21:00Z</time>
   </trkpt>
   <trkpt lat="51.4762380" lon="-112.7926970">
    <ele>688.1</ele>
    <time>2024-07-09T20:21:01Z</time>
   </trkpt>
   <trkpt lat="51.4763070" lon="-112.7927880">
    <ele>688.1</ele>
    <time>2024-07-09T20:21:02Z</time>
   </trkpt>
   <trkpt lat="51.4763790" lon="-112.7928790">
    <ele>688.1</ele>
    <time>2024-07-09T20:21:03Z</time>
   </trkpt>
   <trkpt lat="51.4764500" lon="-112.7929690">
    <ele>688.1</ele>
    <time>2024-07-09T20:21:04Z</time>
   </trkpt>
   <trkpt lat="51.4765180" lon="-112.7930600">
    <ele>688.1</ele>
    <time>2024-07-09T20:21:05Z</time>
   </trkpt>
   <trkpt lat="51.4765860" lon="-112.7931600">
    <ele>688.2</ele>
    <time>2024-07-09T20:21:06Z</time>
   </trkpt>
   <trkpt lat="51.4766560" lon="-112.7932420">
    <ele>688.2</ele>
    <time>2024-07-09T20:21:07Z</time>
   </trkpt>
   <trkpt lat="51.4767260" lon="-112.7933390">
    <ele>688.2</ele>
    <time>2024-07-09T20:21:08Z</time>
   </trkpt>
   <trkpt lat="51.4767890" lon="-112.7934310">
    <ele>688.3</ele>
    <time>2024-07-09T20:21:09Z</time>
   </trkpt>
   <trkpt lat="51.4768610" lon="-112.7935190">
    <ele>688.3</ele>
    <time>2024-07-09T20:21:10Z</time>
   </trkpt>
   <trkpt lat="51.4769310" lon="-112.7936080">
    <ele>688.3</ele>
    <time>2024-07-09T20:21:11Z</time>
   </trkpt>
   <trkpt lat="51.4769990" lon="-112.7936990">
    <ele>688.3</ele>
    <time>2024-07-09T20:21:12Z</time>
   </trkpt>
   <trkpt lat="51.4770660" lon="-112.7937900">
    <ele>688.4</ele>
    <time>2024-07-09T20:21:13Z</time>
   </trkpt>
   <trkpt lat="51.4771320" lon="-112.7938810">
    <ele>688.4</ele>
    <time>2024-07-09T20:21:14Z</time>
   </trkpt>
   <trkpt lat="51.4772040" lon="-112.7939680">
    <ele>688.4</ele>
    <time>2024-07-09T20:21:15Z</time>
   </trkpt>
   <trkpt lat="51.4772700" lon="-112.7940560">
    <ele>688.5</ele>
    <time>2024-07-09T20:21:16Z</time>
   </trkpt>
   <trkpt lat="51.4773370" lon="-112.7941460">
    <ele>688.5</ele>
    <time>2024-07-09T20:21:17Z</time>
   </trkpt>
   <trkpt lat="51.4774010" lon="-112.7942380">
    <ele>688.6</ele>
    <time>2024-07-09T20:21:18Z</time>
   </trkpt>
   <trkpt lat="51.4774700" lon="-112.7943350">
    <ele>688.6</ele>
    <time>2024-07-09T20:21:19Z</time>
   </trkpt>
   <trkpt lat="51.4775370" lon="-112.7944160">
    <ele>688.7</ele>
    <time>2024-07-09T20:21:20Z</time>
   </trkpt>
   <trkpt lat="51.4775990" lon="-112.7945030">
    <ele>688.7</ele>
    <time>2024-07-09T20:21:21Z</time>
   </trkpt>
   <trkpt lat="51.4776600" lon="-112.7945980">
    <ele>688.8</ele>
    <time>2024-07-09T20:21:22Z</time>
   </trkpt>
   <trkpt lat="51.4777230" lon="-112.7946880">
    <ele>688.8</ele>
    <time>2024-07-09T20:21:23Z</time>
   </trkpt>
   <trkpt lat="51.4777820" lon="-112.7947800">
    <ele>688.8</ele>
    <time>2024-07-09T20:21:24Z</time>
   </trkpt>
   <trkpt lat="51.4778460" lon="-112.7948770">
    <ele>688.8</ele>
    <time>2024-07-09T20:21:25Z</time>
   </trkpt>
   <trkpt lat="51.4779050" lon="-112.7949750">
    <ele>688.8</ele>
    <time>2024-07-09T20:21:26Z</time>
   </trkpt>
   <trkpt lat="51.4779600" lon="-112.7950760">
    <ele>688.8</ele>
    <time>2024-07-09T20:21:27Z</time>
   </trkpt>
   <trkpt lat="51.4780190" lon="-112.7951820">
    <ele>688.8</ele>
    <time>2024-07-09T20:21:28Z</time>
   </trkpt>
   <trkpt lat="51.4780720" lon="-112.7952880">
    <ele>688.8</ele>
    <time>2024-07-09T20:21:29Z</time>
   </trkpt>
   <trkpt lat="51.4781220" lon="-112.7954020">
    <ele>688.8</ele>
    <time>2024-07-09T20:21:30Z</time>
   </trkpt>
   <trkpt lat="51.4781700" lon="-112.7955120">
    <ele>688.8</ele>
    <time>2024-07-09T20:21:31Z</time>
   </trkpt>
   <trkpt lat="51.4782150" lon="-112.7956260">
    <ele>688.8</ele>
    <time>2024-07-09T20:21:32Z</time>
   </trkpt>
   <trkpt lat="51.4782670" lon="-112.7957390">
    <ele>688.8</ele>
    <time>2024-07-09T20:21:33Z</time>
   </trkpt>
   <trkpt lat="51.4783140" lon="-112.7958530">
    <ele>688.8</ele>
    <time>2024-07-09T20:21:34Z</time>
   </trkpt>
   <trkpt lat="51.4783600" lon="-112.7959710">
    <ele>688.9</ele>
    <time>2024-07-09T20:21:35Z</time>
   </trkpt>
   <trkpt lat="51.4784040" lon="-112.7960900">
    <ele>688.9</ele>
    <time>2024-07-09T20:21:36Z</time>
   </trkpt>
   <trkpt lat="51.4784400" lon="-112.7962100">
    <ele>688.9</ele>
    <time>2024-07-09T20:21:37Z</time>
   </trkpt>
   <trkpt lat="51.4784790" lon="-112.7963350">
    <ele>688.9</ele>
    <time>2024-07-09T20:21:38Z</time>
   </trkpt>
   <trkpt lat="51.4785170" lon="-112.7964590">
    <ele>688.8</ele>
    <time>2024-07-09T20:21:39Z</time>
   </trkpt>
   <trkpt lat="51.4785530" lon="-112.7965830">
    <ele>688.8</ele>
    <time>2024-07-09T20:21:40Z</time>
   </trkpt>
   <trkpt lat="51.4785900" lon="-112.7967100">
    <ele>688.8</ele>
    <time>2024-07-09T20:21:41Z</time>
   </trkpt>
   <trkpt lat="51.4786340" lon="-112.7968300">
    <ele>688.8</ele>
    <time>2024-07-09T20:21:42Z</time>
   </trkpt>
   <trkpt lat="51.4786660" lon="-112.7969580">
    <ele>688.8</ele>
    <time>2024-07-09T20:21:43Z</time>
   </trkpt>
   <trkpt lat="51.4787080" lon="-112.7970770">
    <ele>688.8</ele>
    <time>2024-07-09T20:21:44Z</time>
   </trkpt>
   <trkpt lat="51.4787430" lon="-112.7972020">
    <ele>688.8</ele>
    <time>2024-07-09T20:21:45Z</time>
   </trkpt>
   <trkpt lat="51.4787800" lon="-112.7973240">
    <ele>688.8</ele>
    <time>2024-07-09T20:21:46Z</time>
   </trkpt>
   <trkpt lat="51.4788140" lon="-112.7974490">
    <ele>688.8</ele>
    <time>2024-07-09T20:21:47Z</time>
   </trkpt>
   <trkpt lat="51.4788520" lon="-112.7975670">
    <ele>688.8</ele>
    <time>2024-07-09T20:21:48Z</time>
   </trkpt>
   <trkpt lat="51.4788940" lon="-112.7976830">
    <ele>688.8</ele>
    <time>2024-07-09T20:21:49Z</time>
   </trkpt>
   <trkpt lat="51.4789310" lon="-112.7977990">
    <ele>688.8</ele>
    <time>2024-07-09T20:21:50Z</time>
   </trkpt>
   <trkpt lat="51.4789740" lon="-112.7979160">
    <ele>688.8</ele>
    <time>2024-07-09T20:21:51Z</time>
   </trkpt>
   <trkpt lat="51.4790150" lon="-112.7980310">
    <ele>688.8</ele>
    <time>2024-07-09T20:21:52Z</time>
   </trkpt>
   <trkpt lat="51.4790650" lon="-112.7981460">
    <ele>688.8</ele>
    <time>2024-07-09T20:21:53Z</time>
   </trkpt>
   <trkpt lat="51.4791140" lon="-112.7982520">
    <ele>688.7</ele>
    <time>2024-07-09T20:21:54Z</time>
   </trkpt>
   <trkpt lat="51.4791640" lon="-112.7983620">
    <ele>688.7</ele>
    <time>2024-07-09T20:21:55Z</time>
   </trkpt>
   <trkpt lat="51.4792150" lon="-112.7984710">
    <ele>688.7</ele>
    <time>2024-07-09T20:21:57Z</time>
   </trkpt>
   <trkpt lat="51.4792620" lon="-112.7985780">
    <ele>688.7</ele>
    <time>2024-07-09T20:21:58Z</time>
   </trkpt>
   <trkpt lat="51.4793190" lon="-112.7986830">
    <ele>688.7</ele>
    <time>2024-07-09T20:21:59Z</time>
   </trkpt>
   <trkpt lat="51.4793720" lon="-112.7987910">
    <ele>688.7</ele>
    <time>2024-07-09T20:22:00Z</time>
   </trkpt>
   <trkpt lat="51.4794230" lon="-112.7989010">
    <ele>688.7</ele>
    <time>2024-07-09T20:22:01Z</time>
   </trkpt>
   <trkpt lat="51.4794750" lon="-112.7990060">
    <ele>688.6</ele>
    <time>2024-07-09T20:22:02Z</time>
   </trkpt>
   <trkpt lat="51.4795260" lon="-112.7991120">
    <ele>688.6</ele>
    <time>2024-07-09T20:22:03Z</time>
   </trkpt>
   <trkpt lat="51.4795790" lon="-112.7992160">
    <ele>688.6</ele>
    <time>2024-07-09T20:22:04Z</time>
   </trkpt>
   <trkpt lat="51.4796300" lon="-112.7993230">
    <ele>688.6</ele>
    <time>2024-07-09T20:22:05Z</time>
   </trkpt>
   <trkpt lat="51.4796820" lon="-112.7994300">
    <ele>688.6</ele>
    <time>2024-07-09T20:22:06Z</time>
   </trkpt>
   <trkpt lat="51.4797350" lon="-112.7995380">
    <ele>688.5</ele>
    <time>2024-07-09T20:22:07Z</time>
   </trkpt>
   <trkpt lat="51.4797860" lon="-112.7996440">
    <ele>688.5</ele>
    <time>2024-07-09T20:22:08Z</time>
   </trkpt>
   <trkpt lat="51.4798420" lon="-112.7997500">
    <ele>688.5</ele>
    <time>2024-07-09T20:22:09Z</time>
   </trkpt>
   <trkpt lat="51.4798930" lon="-112.7998540">
    <ele>688.5</ele>
    <time>2024-07-09T20:22:10Z</time>
   </trkpt>
   <trkpt lat="51.4799430" lon="-112.7999610">
    <ele>688.6</ele>
    <time>2024-07-09T20:22:11Z</time>
   </trkpt>
   <trkpt lat="51.4799960" lon="-112.8000710">
    <ele>688.6</ele>
    <time>2024-07-09T20:22:12Z</time>
   </trkpt>
   <trkpt lat="51.4800480" lon="-112.8001790">
    <ele>688.6</ele>
    <time>2024-07-09T20:22:13Z</time>
   </trkpt>
   <trkpt lat="51.4801010" lon="-112.8002910">
    <ele>688.5</ele>
    <time>2024-07-09T20:22:14Z</time>
   </trkpt>
   <trkpt lat="51.4801550" lon="-112.8003990">
    <ele>688.5</ele>
    <time>2024-07-09T20:22:15Z</time>
   </trkpt>
   <trkpt lat="51.4802070" lon="-112.8005100">
    <ele>688.5</ele>
    <time>2024-07-09T20:22:16Z</time>
   </trkpt>
   <trkpt lat="51.4802610" lon="-112.8006210">
    <ele>688.5</ele>
    <time>2024-07-09T20:22:17Z</time>
   </trkpt>
   <trkpt lat="51.4803170" lon="-112.8007330">
    <ele>688.5</ele>
    <time>2024-07-09T20:22:18Z</time>
   </trkpt>
   <trkpt lat="51.4803710" lon="-112.8008390">
    <ele>688.5</ele>
    <time>2024-07-09T20:22:19Z</time>
   </trkpt>
   <trkpt lat="51.4804750" lon="-112.8010570">
    <ele>688.6</ele>
    <time>2024-07-09T20:22:20Z</time>
   </trkpt>
   <trkpt lat="51.4805250" lon="-112.8011680">
    <ele>688.6</ele>
    <time>2024-07-09T20:22:21Z</time>
   </trkpt>
   <trkpt lat="51.4805790" lon="-112.8012720">
    <ele>688.6</ele>
    <time>2024-07-09T20:22:22Z</time>
   </trkpt>
   <trkpt lat="51.4806310" lon="-112.8013820">
    <ele>688.6</ele>
    <time>2024-07-09T20:22:23Z</time>
   </trkpt>
   <trkpt lat="51.4806830" lon="-112.8014910">
    <ele>688.6</ele>
    <time>2024-07-09T20:22:24Z</time>
   </trkpt>
   <trkpt lat="51.4807360" lon="-112.8015980">
    <ele>688.6</ele>
    <time>2024-07-09T20:22:25Z</time>
   </trkpt>
   <trkpt lat="51.4807870" lon="-112.8017050">
    <ele>688.6</ele>
    <time>2024-07-09T20:22:26Z</time>
   </trkpt>
   <trkpt lat="51.4808420" lon="-112.8018130">
    <ele>688.7</ele>
    <time>2024-07-09T20:22:27Z</time>
   </trkpt>
   <trkpt lat="51.4808870" lon="-112.8019180">
    <ele>688.7</ele>
    <time>2024-07-09T20:22:28Z</time>
   </trkpt>
   <trkpt lat="51.4809390" lon="-112.8020190">
    <ele>688.7</ele>
    <time>2024-07-09T20:22:29Z</time>
   </trkpt>
   <trkpt lat="51.4809930" lon="-112.8021230">
    <ele>688.8</ele>
    <time>2024-07-09T20:22:30Z</time>
   </trkpt>
   <trkpt lat="51.4810460" lon="-112.8022230">
    <ele>688.8</ele>
    <time>2024-07-09T20:22:31Z</time>
   </trkpt>
   <trkpt lat="51.4810990" lon="-112.8023250">
    <ele>688.8</ele>
    <time>2024-07-09T20:22:32Z</time>
   </trkpt>
   <trkpt lat="51.4811570" lon="-112.8024260">
    <ele>688.8</ele>
    <time>2024-07-09T20:22:33Z</time>
   </trkpt>
   <trkpt lat="51.4812130" lon="-112.8025210">
    <ele>688.8</ele>
    <time>2024-07-09T20:22:34Z</time>
   </trkpt>
   <trkpt lat="51.4812750" lon="-112.8026210">
    <ele>688.9</ele>
    <time>2024-07-09T20:22:35Z</time>
   </trkpt>
   <trkpt lat="51.4813340" lon="-112.8027140">
    <ele>688.9</ele>
    <time>2024-07-09T20:22:36Z</time>
   </trkpt>
   <trkpt lat="51.4813970" lon="-112.8028070">
    <ele>688.9</ele>
    <time>2024-07-09T20:22:37Z</time>
   </trkpt>
   <trkpt lat="51.4814610" lon="-112.8028970">
    <ele>689.0</ele>
    <time>2024-07-09T20:22:38Z</time>
   </trkpt>
   <trkpt lat="51.4815200" lon="-112.8029870">
    <ele>689.1</ele>
    <time>2024-07-09T20:22:39Z</time>
   </trkpt>
   <trkpt lat="51.4815820" lon="-112.8030760">
    <ele>689.1</ele>
    <time>2024-07-09T20:22:40Z</time>
   </trkpt>
   <trkpt lat="51.4816470" lon="-112.8031480">
    <ele>689.2</ele>
    <time>2024-07-09T20:22:41Z</time>
   </trkpt>
   <trkpt lat="51.4817120" lon="-112.8032250">
    <ele>689.3</ele>
    <time>2024-07-09T20:22:42Z</time>
   </trkpt>
   <trkpt lat="51.4817730" lon="-112.8032990">
    <ele>689.4</ele>
    <time>2024-07-09T20:22:43Z</time>
   </trkpt>
   <trkpt lat="51.4818380" lon="-112.8033700">
    <ele>689.4</ele>
    <time>2024-07-09T20:22:44Z</time>
   </trkpt>
   <trkpt lat="51.4819070" lon="-112.8034310">
    <ele>689.5</ele>
    <time>2024-07-09T20:22:45Z</time>
   </trkpt>
   <trkpt lat="51.4819750" lon="-112.8034950">
    <ele>689.6</ele>
    <time>2024-07-09T20:22:46Z</time>
   </trkpt>
   <trkpt lat="51.4820430" lon="-112.8035550">
    <ele>689.7</ele>
    <time>2024-07-09T20:22:47Z</time>
   </trkpt>
   <trkpt lat="51.4821120" lon="-112.8036140">
    <ele>689.7</ele>
    <time>2024-07-09T20:22:48Z</time>
   </trkpt>
   <trkpt lat="51.4821790" lon="-112.8036730">
    <ele>689.8</ele>
    <time>2024-07-09T20:22:49Z</time>
   </trkpt>
   <trkpt lat="51.4822490" lon="-112.8037300">
    <ele>689.9</ele>
    <time>2024-07-09T20:22:50Z</time>
   </trkpt>
   <trkpt lat="51.4823190" lon="-112.8037800">
    <ele>690.0</ele>
    <time>2024-07-09T20:22:51Z</time>
   </trkpt>
   <trkpt lat="51.4823890" lon="-112.8038280">
    <ele>690.1</ele>
    <time>2024-07-09T20:22:52Z</time>
   </trkpt>
   <trkpt lat="51.4824590" lon="-112.8038740">
    <ele>690.3</ele>
    <time>2024-07-09T20:22:53Z</time>
   </trkpt>
   <trkpt lat="51.4825300" lon="-112.8039140">
    <ele>690.4</ele>
    <time>2024-07-09T20:22:54Z</time>
   </trkpt>
   <trkpt lat="51.4825990" lon="-112.8039600">
    <ele>690.5</ele>
    <time>2024-07-09T20:22:55Z</time>
   </trkpt>
   <trkpt lat="51.4826690" lon="-112.8040070">
    <ele>690.7</ele>
    <time>2024-07-09T20:22:56Z</time>
   </trkpt>
   <trkpt lat="51.4827410" lon="-112.8040470">
    <ele>690.8</ele>
    <time>2024-07-09T20:22:57Z</time>
   </trkpt>
   <trkpt lat="51.4828110" lon="-112.8040880">
    <ele>690.9</ele>
    <time>2024-07-09T20:22:58Z</time>
   </trkpt>
   <trkpt lat="51.4828810" lon="-112.8041240">
    <ele>691.1</ele>
    <time>2024-07-09T20:22:59Z</time>
   </trkpt>
   <trkpt lat="51.4829430" lon="-112.8041670">
    <ele>691.2</ele>
    <time>2024-07-09T20:23:00Z</time>
   </trkpt>
   <trkpt lat="51.4830110" lon="-112.8042070">
    <ele>691.3</ele>
    <time>2024-07-09T20:23:01Z</time>
   </trkpt>
   <trkpt lat="51.4830800" lon="-112.8042400">
    <ele>691.5</ele>
    <time>2024-07-09T20:23:02Z</time>
   </trkpt>
   <trkpt lat="51.4831480" lon="-112.8042760">
    <ele>691.6</ele>
    <time>2024-07-09T20:23:03Z</time>
   </trkpt>
   <trkpt lat="51.4832130" lon="-112.8043160">
    <ele>691.7</ele>
    <time>2024-07-09T20:23:04Z</time>
   </trkpt>
   <trkpt lat="51.4832770" lon="-112.8043560">
    <ele>691.8</ele>
    <time>2024-07-09T20:23:05Z</time>
   </trkpt>
   <trkpt lat="51.4833440" lon="-112.8043940">
    <ele>692.0</ele>
    <time>2024-07-09T20:23:06Z</time>
   </trkpt>
   <trkpt lat="51.4834110" lon="-112.8044300">
    <ele>692.1</ele>
    <time>2024-07-09T20:23:07Z</time>
   </trkpt>
   <trkpt lat="51.4834790" lon="-112.8044680">
    <ele>692.2</ele>
    <time>2024-07-09T20:23:08Z</time>
   </trkpt>
   <trkpt lat="51.4835440" lon="-112.8045030">
    <ele>692.3</ele>
    <time>2024-07-09T20:23:09Z</time>
   </trkpt>
   <trkpt lat="51.4836060" lon="-112.8045520">
    <ele>692.4</ele>
    <time>2024-07-09T20:23:10Z</time>
   </trkpt>
   <trkpt lat="51.4836740" lon="-112.8045900">
    <ele>692.5</ele>
    <time>2024-07-09T20:23:11Z</time>
   </trkpt>
   <trkpt lat="51.4837410" lon="-112.8046280">
    <ele>692.6</ele>
    <time>2024-07-09T20:23:12Z</time>
   </trkpt>
   <trkpt lat="51.4838070" lon="-112.8046630">
    <ele>692.7</ele>
    <time>2024-07-09T20:23:13Z</time>
   </trkpt>
   <trkpt lat="51.4838730" lon="-112.8046980">
    <ele>692.8</ele>
    <time>2024-07-09T20:23:14Z</time>
   </trkpt>
   <trkpt lat="51.4839370" lon="-112.8047420">
    <ele>692.9</ele>
    <time>2024-07-09T20:23:15Z</time>
   </trkpt>
   <trkpt lat="51.4840050" lon="-112.8047770">
    <ele>693.0</ele>
    <time>2024-07-09T20:23:16Z</time>
   </trkpt>
   <trkpt lat="51.4840710" lon="-112.8048180">
    <ele>693.1</ele>
    <time>2024-07-09T20:23:17Z</time>
   </trkpt>
   <trkpt lat="51.4841370" lon="-112.8048610">
    <ele>693.1</ele>
    <time>2024-07-09T20:23:18Z</time>
   </trkpt>
   <trkpt lat="51.4842020" lon="-112.8049000">
    <ele>693.2</ele>
    <time>2024-07-09T20:23:19Z</time>
   </trkpt>
   <trkpt lat="51.4842660" lon="-112.8049360">
    <ele>693.3</ele>
    <time>2024-07-09T20:23:20Z</time>
   </trkpt>
   <trkpt lat="51.4843320" lon="-112.8049770">
    <ele>693.4</ele>
    <time>2024-07-09T20:23:21Z</time>
   </trkpt>
   <trkpt lat="51.4843990" lon="-112.8050130">
    <ele>693.4</ele>
    <time>2024-07-09T20:23:22Z</time>
   </trkpt>
   <trkpt lat="51.4844640" lon="-112.8050510">
    <ele>693.5</ele>
    <time>2024-07-09T20:23:23Z</time>
   </trkpt>
   <trkpt lat="51.4845290" lon="-112.8050940">
    <ele>693.6</ele>
    <time>2024-07-09T20:23:24Z</time>
   </trkpt>
   <trkpt lat="51.4845960" lon="-112.8051360">
    <ele>693.7</ele>
    <time>2024-07-09T20:23:25Z</time>
   </trkpt>
   <trkpt lat="51.4846600" lon="-112.8051730">
    <ele>693.7</ele>
    <time>2024-07-09T20:23:26Z</time>
   </trkpt>
   <trkpt lat="51.4847250" lon="-112.8052140">
    <ele>693.8</ele>
    <time>2024-07-09T20:23:27Z</time>
   </trkpt>
   <trkpt lat="51.4847950" lon="-112.8052440">
    <ele>693.9</ele>
    <time>2024-07-09T20:23:28Z</time>
   </trkpt>
   <trkpt lat="51.4848560" lon="-112.8052960">
    <ele>694.0</ele>
    <time>2024-07-09T20:23:30Z</time>
   </trkpt>
   <trkpt lat="51.4849230" lon="-112.8053370">
    <ele>694.1</ele>
    <time>2024-07-09T20:23:31Z</time>
   </trkpt>
   <trkpt lat="51.4849920" lon="-112.8053670">
    <ele>694.1</ele>
    <time>2024-07-09T20:23:32Z</time>
   </trkpt>
   <trkpt lat="51.4850560" lon="-112.8054140">
    <ele>694.2</ele>
    <time>2024-07-09T20:23:33Z</time>
   </trkpt>
   <trkpt lat="51.4851200" lon="-112.8054700">
    <ele>694.3</ele>
    <time>2024-07-09T20:23:34Z</time>
   </trkpt>
   <trkpt lat="51.4851920" lon="-112.8054940">
    <ele>694.4</ele>
    <time>2024-07-09T20:23:35Z</time>
   </trkpt>
   <trkpt lat="51.4852640" lon="-112.8055260">
    <ele>694.4</ele>
    <time>2024-07-09T20:23:36Z</time>
   </trkpt>
   <trkpt lat="51.4853350" lon="-112.8055630">
    <ele>694.5</ele>
    <time>2024-07-09T20:23:37Z</time>
   </trkpt>
   <trkpt lat="51.4854070" lon="-112.8055900">
    <ele>694.6</ele>
    <time>2024-07-09T20:23:38Z</time>
   </trkpt>
   <trkpt lat="51.4854800" lon="-112.8056200">
    <ele>694.7</ele>
    <time>2024-07-09T20:23:39Z</time>
   </trkpt>
   <trkpt lat="51.4855490" lon="-112.8056490">
    <ele>694.7</ele>
    <time>2024-07-09T20:23:40Z</time>
   </trkpt>
   <trkpt lat="51.4856260" lon="-112.8056670">
    <ele>694.8</ele>
    <time>2024-07-09T20:23:41Z</time>
   </trkpt>
   <trkpt lat="51.4856970" lon="-112.8056890">
    <ele>694.9</ele>
    <time>2024-07-09T20:23:42Z</time>
   </trkpt>
   <trkpt lat="51.4857680" lon="-112.8057100">
    <ele>695.0</ele>
    <time>2024-07-09T20:23:43Z</time>
   </trkpt>
   <trkpt lat="51.4858390" lon="-112.8057280">
    <ele>695.1</ele>
    <time>2024-07-09T20:23:44Z</time>
   </trkpt>
   <trkpt lat="51.4859120" lon="-112.8057420">
    <ele>695.1</ele>
    <time>2024-07-09T20:23:45Z</time>
   </trkpt>
   <trkpt lat="51.4859870" lon="-112.8057470">
    <ele>695.2</ele>
    <time>2024-07-09T20:23:46Z</time>
   </trkpt>
   <trkpt lat="51.4860590" lon="-112.8057720">
    <ele>695.3</ele>
    <time>2024-07-09T20:23:47Z</time>
   </trkpt>
   <trkpt lat="51.4861360" lon="-112.8057740">
    <ele>695.4</ele>
    <time>2024-07-09T20:23:48Z</time>
   </trkpt>
   <trkpt lat="51.4862020" lon="-112.8057900">
    <ele>695.5</ele>
    <time>2024-07-09T20:23:49Z</time>
   </trkpt>
   <trkpt lat="51.4862710" lon="-112.8058020">
    <ele>695.6</ele>
    <time>2024-07-09T20:23:50Z</time>
   </trkpt>
   <trkpt lat="51.4863420" lon="-112.8058160">
    <ele>695.6</ele>
    <time>2024-07-09T20:23:51Z</time>
   </trkpt>
   <trkpt lat="51.4864130" lon="-112.8058360">
    <ele>695.7</ele>
    <time>2024-07-09T20:23:52Z</time>
   </trkpt>
   <trkpt lat="51.4864830" lon="-112.8058410">
    <ele>695.8</ele>
    <time>2024-07-09T20:23:53Z</time>
   </trkpt>
   <trkpt lat="51.4865540" lon="-112.8058550">
    <ele>695.9</ele>
    <time>2024-07-09T20:23:54Z</time>
   </trkpt>
   <trkpt lat="51.4866250" lon="-112.8058700">
    <ele>696.0</ele>
    <time>2024-07-09T20:23:55Z</time>
   </trkpt>
   <trkpt lat="51.4866960" lon="-112.8058790">
    <ele>696.1</ele>
    <time>2024-07-09T20:23:56Z</time>
   </trkpt>
   <trkpt lat="51.4867660" lon="-112.8058900">
    <ele>696.1</ele>
    <time>2024-07-09T20:23:57Z</time>
   </trkpt>
   <trkpt lat="51.4868370" lon="-112.8058960">
    <ele>696.2</ele>
    <time>2024-07-09T20:23:58Z</time>
   </trkpt>
   <trkpt lat="51.4869090" lon="-112.8059060">
    <ele>696.3</ele>
    <time>2024-07-09T20:23:59Z</time>
   </trkpt>
   <trkpt lat="51.4869810" lon="-112.8059210">
    <ele>696.4</ele>
    <time>2024-07-09T20:24:00Z</time>
   </trkpt>
   <trkpt lat="51.4870520" lon="-112.8059370">
    <ele>696.6</ele>
    <time>2024-07-09T20:24:01Z</time>
   </trkpt>
   <trkpt lat="51.4871220" lon="-112.8059460">
    <ele>696.7</ele>
    <time>2024-07-09T20:24:02Z</time>
   </trkpt>
   <trkpt lat="51.4871940" lon="-112.8059650">
    <ele>696.9</ele>
    <time>2024-07-09T20:24:03Z</time>
   </trkpt>
   <trkpt lat="51.4872650" lon="-112.8059820">
    <ele>697.1</ele>
    <time>2024-07-09T20:24:04Z</time>
   </trkpt>
   <trkpt lat="51.4873360" lon="-112.8059980">
    <ele>697.3</ele>
    <time>2024-07-09T20:24:05Z</time>
   </trkpt>
   <trkpt lat="51.4874050" lon="-112.8060150">
    <ele>697.5</ele>
    <time>2024-07-09T20:24:06Z</time>
   </trkpt>
   <trkpt lat="51.4874730" lon="-112.8060380">
    <ele>697.7</ele>
    <time>2024-07-09T20:24:07Z</time>
   </trkpt>
   <trkpt lat="51.4875400" lon="-112.8060560">
    <ele>697.9</ele>
    <time>2024-07-09T20:24:08Z</time>
   </trkpt>
   <trkpt lat="51.4876070" lon="-112.8060710">
    <ele>698.1</ele>
    <time>2024-07-09T20:24:09Z</time>
   </trkpt>
   <trkpt lat="51.4876700" lon="-112.8060950">
    <ele>698.3</ele>
    <time>2024-07-09T20:24:10Z</time>
   </trkpt>
   <trkpt lat="51.4877340" lon="-112.8061160">
    <ele>698.6</ele>
    <time>2024-07-09T20:24:11Z</time>
   </trkpt>
   <trkpt lat="51.4877960" lon="-112.8061400">
    <ele>698.7</ele>
    <time>2024-07-09T20:24:12Z</time>
   </trkpt>
   <trkpt lat="51.4878540" lon="-112.8061610">
    <ele>698.9</ele>
    <time>2024-07-09T20:24:13Z</time>
   </trkpt>
   <trkpt lat="51.4879160" lon="-112.8061840">
    <ele>699.1</ele>
    <time>2024-07-09T20:24:14Z</time>
   </trkpt>
   <trkpt lat="51.4879710" lon="-112.8062220">
    <ele>699.3</ele>
    <time>2024-07-09T20:24:15Z</time>
   </trkpt>
   <trkpt lat="51.4880290" lon="-112.8062500">
    <ele>699.5</ele>
    <time>2024-07-09T20:24:16Z</time>
   </trkpt>
   <trkpt lat="51.4880850" lon="-112.8062820">
    <ele>699.7</ele>
    <time>2024-07-09T20:24:17Z</time>
   </trkpt>
   <trkpt lat="51.4881420" lon="-112.8063140">
    <ele>699.9</ele>
    <time>2024-07-09T20:24:18Z</time>
   </trkpt>
   <trkpt lat="51.4882000" lon="-112.8063490">
    <ele>700.1</ele>
    <time>2024-07-09T20:24:19Z</time>
   </trkpt>
   <trkpt lat="51.4882570" lon="-112.8063720">
    <ele>700.2</ele>
    <time>2024-07-09T20:24:20Z</time>
   </trkpt>
   <trkpt lat="51.4883100" lon="-112.8064120">
    <ele>700.4</ele>
    <time>2024-07-09T20:24:21Z</time>
   </trkpt>
   <trkpt lat="51.4883660" lon="-112.8064480">
    <ele>700.6</ele>
    <time>2024-07-09T20:24:22Z</time>
   </trkpt>
   <trkpt lat="51.4884190" lon="-112.8064930">
    <ele>700.8</ele>
    <time>2024-07-09T20:24:23Z</time>
   </trkpt>
   <trkpt lat="51.4884750" lon="-112.8065250">
    <ele>701.0</ele>
    <time>2024-07-09T20:24:24Z</time>
   </trkpt>
   <trkpt lat="51.4885290" lon="-112.8065690">
    <ele>701.2</ele>
    <time>2024-07-09T20:24:25Z</time>
   </trkpt>
   <trkpt lat="51.4886330" lon="-112.8066580">
    <ele>701.6</ele>
    <time>2024-07-09T20:24:26Z</time>
   </trkpt>
   <trkpt lat="51.4886840" lon="-112.8067080">
    <ele>701.8</ele>
    <time>2024-07-09T20:24:27Z</time>
   </trkpt>
   <trkpt lat="51.4887390" lon="-112.8067460">
    <ele>702.1</ele>
    <time>2024-07-09T20:24:28Z</time>
   </trkpt>
   <trkpt lat="51.4887930" lon="-112.8067900">
    <ele>702.3</ele>
    <time>2024-07-09T20:24:29Z</time>
   </trkpt>
   <trkpt lat="51.4888410" lon="-112.8068380">
    <ele>702.5</ele>
    <time>2024-07-09T20:24:30Z</time>
   </trkpt>
   <trkpt lat="51.4888940" lon="-112.8068850">
    <ele>702.7</ele>
    <time>2024-07-09T20:24:31Z</time>
   </trkpt>
   <trkpt lat="51.4889420" lon="-112.8069390">
    <ele>702.8</ele>
    <time>2024-07-09T20:24:32Z</time>
   </trkpt>
   <trkpt lat="51.4889920" lon="-112.8069850">
    <ele>703.0</ele>
    <time>2024-07-09T20:24:33Z</time>
   </trkpt>
   <trkpt lat="51.4890410" lon="-112.8070390">
    <ele>703.2</ele>
    <time>2024-07-09T20:24:34Z</time>
   </trkpt>
   <trkpt lat="51.4890880" lon="-112.8070910">
    <ele>703.4</ele>
    <time>2024-07-09T20:24:35Z</time>
   </trkpt>
   <trkpt lat="51.4891370" lon="-112.8071500">
    <ele>703.6</ele>
    <time>2024-07-09T20:24:36Z</time>
   </trkpt>
   <trkpt lat="51.4891840" lon="-112.8072000">
    <ele>703.7</ele>
    <time>2024-07-09T20:24:37Z</time>
   </trkpt>
   <trkpt lat="51.4892320" lon="-112.8072680">
    <ele>703.9</ele>
    <time>2024-07-09T20:24:38Z</time>
   </trkpt>
   <trkpt lat="51.4892770" lon="-112.8073200">
    <ele>704.1</ele>
    <time>2024-07-09T20:24:39Z</time>
   </trkpt>
   <trkpt lat="51.4893230" lon="-112.8073800">
    <ele>704.3</ele>
    <time>2024-07-09T20:24:40Z</time>
   </trkpt>
   <trkpt lat="51.4893680" lon="-112.8074400">
    <ele>704.4</ele>
    <time>2024-07-09T20:24:41Z</time>
   </trkpt>
   <trkpt lat="51.4894140" lon="-112.8074970">
    <ele>704.6</ele>
    <time>2024-07-09T20:24:42Z</time>
   </trkpt>
   <trkpt lat="51.4894600" lon="-112.8075530">
    <ele>704.7</ele>
    <time>2024-07-09T20:24:43Z</time>
   </trkpt>
   <trkpt lat="51.4895050" lon="-112.8076130">
    <ele>704.9</ele>
    <time>2024-07-09T20:24:44Z</time>
   </trkpt>
   <trkpt lat="51.4895480" lon="-112.8076770">
    <ele>705.0</ele>
    <time>2024-07-09T20:24:45Z</time>
   </trkpt>
   <trkpt lat="51.4895960" lon="-112.8077350">
    <ele>705.1</ele>
    <time>2024-07-09T20:24:46Z</time>
   </trkpt>
   <trkpt lat="51.4896430" lon="-112.8077940">
    <ele>705.2</ele>
    <time>2024-07-09T20:24:47Z</time>
   </trkpt>
   <trkpt lat="51.4896880" lon="-112.8078560">
    <ele>705.3</ele>
    <time>2024-07-09T20:24:48Z</time>
   </trkpt>
   <trkpt lat="51.4897310" lon="-112.8079190">
    <ele>705.4</ele>
    <time>2024-07-09T20:24:49Z</time>
   </trkpt>
   <trkpt lat="51.4897780" lon="-112.8079830">
    <ele>705.6</ele>
    <time>2024-07-09T20:24:50Z</time>
   </trkpt>
   <trkpt lat="51.4898220" lon="-112.8080460">
    <ele>705.7</ele>
    <time>2024-07-09T20:24:51Z</time>
   </trkpt>
   <trkpt lat="51.4898690" lon="-112.8081080">
    <ele>705.8</ele>
    <time>2024-07-09T20:24:52Z</time>
   </trkpt>
   <trkpt lat="51.4899170" lon="-112.8081670">
    <ele>705.9</ele>
    <time>2024-07-09T20:24:53Z</time>
   </trkpt>
   <trkpt lat="51.4899630" lon="-112.8082320">
    <ele>706.0</ele>
    <time>2024-07-09T20:24:54Z</time>
   </trkpt>
   <trkpt lat="51.4900070" lon="-112.8083010">
    <ele>706.1</ele>
    <time>2024-07-09T20:24:55Z</time>
   </trkpt>
   <trkpt lat="51.4900570" lon="-112.8083600">
    <ele>706.2</ele>
    <time>2024-07-09T20:24:56Z</time>
   </trkpt>
   <trkpt lat="51.4901020" lon="-112.8084290">
    <ele>706.3</ele>
    <time>2024-07-09T20:24:57Z</time>
   </trkpt>
   <trkpt lat="51.4901520" lon="-112.8084900">
    <ele>706.4</ele>
    <time>2024-07-09T20:24:59Z</time>
   </trkpt>
   <trkpt lat="51.4901980" lon="-112.8085580">
    <ele>706.5</ele>
    <time>2024-07-09T20:25:00Z</time>
   </trkpt>
   <trkpt lat="51.4902490" lon="-112.8086280">
    <ele>706.6</ele>
    <time>2024-07-09T20:25:01Z</time>
   </trkpt>
   <trkpt lat="51.4902960" lon="-112.8087000">
    <ele>706.6</ele>
    <time>2024-07-09T20:25:02Z</time>
   </trkpt>
   <trkpt lat="51.4903490" lon="-112.8087710">
    <ele>706.7</ele>
    <time>2024-07-09T20:25:03Z</time>
   </trkpt>
   <trkpt lat="51.4904020" lon="-112.8088410">
    <ele>706.8</ele>
    <time>2024-07-09T20:25:04Z</time>
   </trkpt>
   <trkpt lat="51.4904540" lon="-112.8089150">
    <ele>706.9</ele>
    <time>2024-07-09T20:25:05Z</time>
   </trkpt>
   <trkpt lat="51.4905080" lon="-112.8089930">
    <ele>706.9</ele>
    <time>2024-07-09T20:25:06Z</time>
   </trkpt>
   <trkpt lat="51.4905620" lon="-112.8090640">
    <ele>707.0</ele>
    <time>2024-07-09T20:25:07Z</time>
   </trkpt>
   <trkpt lat="51.4906170" lon="-112.8091400">
    <ele>707.0</ele>
    <time>2024-07-09T20:25:08Z</time>
   </trkpt>
   <trkpt lat="51.4906690" lon="-112.8092120">
    <ele>707.0</ele>
    <time>2024-07-09T20:25:09Z</time>
   </trkpt>
   <trkpt lat="51.4907220" lon="-112.8092870">
    <ele>707.1</ele>
    <time>2024-07-09T20:25:10Z</time>
   </trkpt>
   <trkpt lat="51.4907790" lon="-112.8093580">
    <ele>707.1</ele>
    <time>2024-07-09T20:25:11Z</time>
   </trkpt>
   <trkpt lat="51.4908360" lon="-112.8094330">
    <ele>707.1</ele>
    <time>2024-07-09T20:25:12Z</time>
   </trkpt>
   <trkpt lat="51.4908900" lon="-112.8095090">
    <ele>707.1</ele>
    <time>2024-07-09T20:25:13Z</time>
   </trkpt>
   <trkpt lat="51.4909450" lon="-112.8095830">
    <ele>707.1</ele>
    <time>2024-07-09T20:25:14Z</time>
   </trkpt>
   <trkpt lat="51.4910010" lon="-112.8096570">
    <ele>707.1</ele>
    <time>2024-07-09T20:25:15Z</time>
   </trkpt>
   <trkpt lat="51.4910530" lon="-112.8097350">
    <ele>707.1</ele>
    <time>2024-07-09T20:25:16Z</time>
   </trkpt>
   <trkpt lat="51.4911070" lon="-112.8098100">
    <ele>707.1</ele>
    <time>2024-07-09T20:25:17Z</time>
   </trkpt>
   <trkpt lat="51.4911640" lon="-112.8098870">
    <ele>707.0</ele>
    <time>2024-07-09T20:25:18Z</time>
   </trkpt>
   <trkpt lat="51.4912230" lon="-112.8099620">
    <ele>707.0</ele>
    <time>2024-07-09T20:25:19Z</time>
   </trkpt>
   <trkpt lat="51.4912720" lon="-112.8100430">
    <ele>706.9</ele>
    <time>2024-07-09T20:25:20Z</time>
   </trkpt>
   <trkpt lat="51.4913310" lon="-112.8101190">
    <ele>706.9</ele>
    <time>2024-07-09T20:25:21Z</time>
   </trkpt>
   <trkpt lat="51.4913890" lon="-112.8101980">
    <ele>706.8</ele>
    <time>2024-07-09T20:25:22Z</time>
   </trkpt>
   <trkpt lat="51.4914480" lon="-112.8102780">
    <ele>706.7</ele>
    <time>2024-07-09T20:25:23Z</time>
   </trkpt>
   <trkpt lat="51.4915080" lon="-112.8103610">
    <ele>706.6</ele>
    <time>2024-07-09T20:25:24Z</time>
   </trkpt>
   <trkpt lat="51.4915680" lon="-112.8104450">
    <ele>706.5</ele>
    <time>2024-07-09T20:25:25Z</time>
   </trkpt>
   <trkpt lat="51.4916290" lon="-112.8105320">
    <ele>706.4</ele>
    <time>2024-07-09T20:25:26Z</time>
   </trkpt>
   <trkpt lat="51.4916630" lon="-112.8106360">
    <ele>706.3</ele>
    <time>2024-07-09T20:25:27Z</time>
   </trkpt>
   <trkpt lat="51.4917440" lon="-112.8107140">
    <ele>706.2</ele>
    <time>2024-07-09T20:25:28Z</time>
   </trkpt>
   <trkpt lat="51.4918130" lon="-112.8107940">
    <ele>706.0</ele>
    <time>2024-07-09T20:25:29Z</time>
   </trkpt>
   <trkpt lat="51.4918790" lon="-112.8108830">
    <ele>705.9</ele>
    <time>2024-07-09T20:25:30Z</time>
   </trkpt>
   <trkpt lat="51.4919450" lon="-112.8109750">
    <ele>705.7</ele>
    <time>2024-07-09T20:25:31Z</time>
   </trkpt>
   <trkpt lat="51.4920100" lon="-112.8110680">
    <ele>705.6</ele>
    <time>2024-07-09T20:25:32Z</time>
   </trkpt>
   <trkpt lat="51.4920780" lon="-112.8111590">
    <ele>705.4</ele>
    <time>2024-07-09T20:25:33Z</time>
   </trkpt>
   <trkpt lat="51.4921460" lon="-112.8112530">
    <ele>705.2</ele>
    <time>2024-07-09T20:25:34Z</time>
   </trkpt>
   <trkpt lat="51.4922150" lon="-112.8113460">
    <ele>705.1</ele>
    <time>2024-07-09T20:25:35Z</time>
   </trkpt>
   <trkpt lat="51.4922810" lon="-112.8114430">
    <ele>704.9</ele>
    <time>2024-07-09T20:25:36Z</time>
   </trkpt>
   <trkpt lat="51.4923490" lon="-112.8115370">
    <ele>704.8</ele>
    <time>2024-07-09T20:25:37Z</time>
   </trkpt>
   <trkpt lat="51.4924170" lon="-112.8116330">
    <ele>704.6</ele>
    <time>2024-07-09T20:25:38Z</time>
   </trkpt>
   <trkpt lat="51.4924810" lon="-112.8117340">
    <ele>704.4</ele>
    <time>2024-07-09T20:25:39Z</time>
   </trkpt>
   <trkpt lat="51.4925520" lon="-112.8118320">
    <ele>704.3</ele>
    <time>2024-07-09T20:25:40Z</time>
   </trkpt>
   <trkpt lat="51.4926190" lon="-112.8119380">
    <ele>704.2</ele>
    <time>2024-07-09T20:25:41Z</time>
   </trkpt>
   <trkpt lat="51.4926850" lon="-112.8120410">
    <ele>704.0</ele>
    <time>2024-07-09T20:25:42Z</time>
   </trkpt>
   <trkpt lat="51.4927510" lon="-112.8121430">
    <ele>703.9</ele>
    <time>2024-07-09T20:25:43Z</time>
   </trkpt>
   <trkpt lat="51.4928200" lon="-112.8122420">
    <ele>703.9</ele>
    <time>2024-07-09T20:25:44Z</time>
   </trkpt>
   <trkpt lat="51.4928840" lon="-112.8123510">
    <ele>703.9</ele>
    <time>2024-07-09T20:25:45Z</time>
   </trkpt>
   <trkpt lat="51.4929440" lon="-112.8124580">
    <ele>703.9</ele>
    <time>2024-07-09T20:25:46Z</time>
   </trkpt>
   <trkpt lat="51.4930050" lon="-112.8125600">
    <ele>703.9</ele>
    <time>2024-07-09T20:25:47Z</time>
   </trkpt>
   <trkpt lat="51.4930660" lon="-112.8126660">
    <ele>704.0</ele>
    <time>2024-07-09T20:25:48Z</time>
   </trkpt>
   <trkpt lat="51.4931260" lon="-112.8127670">
    <ele>704.0</ele>
    <time>2024-07-09T20:25:49Z</time>
   </trkpt>
   <trkpt lat="51.4931830" lon="-112.8128760">
    <ele>704.1</ele>
    <time>2024-07-09T20:25:50Z</time>
   </trkpt>
   <trkpt lat="51.4932420" lon="-112.8129760">
    <ele>704.2</ele>
    <time>2024-07-09T20:25:51Z</time>
   </trkpt>
   <trkpt lat="51.4932980" lon="-112.8130780">
    <ele>704.3</ele>
    <time>2024-07-09T20:25:52Z</time>
   </trkpt>
   <trkpt lat="51.4933550" lon="-112.8131790">
    <ele>704.3</ele>
    <time>2024-07-09T20:25:53Z</time>
   </trkpt>
   <trkpt lat="51.4934080" lon="-112.8132820">
    <ele>704.4</ele>
    <time>2024-07-09T20:25:54Z</time>
   </trkpt>
   <trkpt lat="51.4934620" lon="-112.8133800">
    <ele>704.5</ele>
    <time>2024-07-09T20:25:55Z</time>
   </trkpt>
   <trkpt lat="51.4935130" lon="-112.8134820">
    <ele>704.6</ele>
    <time>2024-07-09T20:25:56Z</time>
   </trkpt>
   <trkpt lat="51.4935680" lon="-112.8135800">
    <ele>704.8</ele>
    <time>2024-07-09T20:25:57Z</time>
   </trkpt>
   <trkpt lat="51.4936160" lon="-112.8136800">
    <ele>704.9</ele>
    <time>2024-07-09T20:25:58Z</time>
   </trkpt>
   <trkpt lat="51.4936710" lon="-112.8137750">
    <ele>705.0</ele>
    <time>2024-07-09T20:25:59Z</time>
   </trkpt>
   <trkpt lat="51.4937230" lon="-112.8138750">
    <ele>705.1</ele>
    <time>2024-07-09T20:26:00Z</time>
   </trkpt>
   <trkpt lat="51.4937740" lon="-112.8139750">
    <ele>705.2</ele>
    <time>2024-07-09T20:26:01Z</time>
   </trkpt>
   <trkpt lat="51.4938260" lon="-112.8140770">
    <ele>705.3</ele>
    <time>2024-07-09T20:26:02Z</time>
   </trkpt>
   <trkpt lat="51.4938800" lon="-112.8141750">
    <ele>705.4</ele>
    <time>2024-07-09T20:26:03Z</time>
   </trkpt>
   <trkpt lat="51.4939280" lon="-112.8142780">
    <ele>705.5</ele>
    <time>2024-07-09T20:26:04Z</time>
   </trkpt>
   <trkpt lat="51.4939830" lon="-112.8143760">
    <ele>705.6</ele>
    <time>2024-07-09T20:26:05Z</time>
   </trkpt>
   <trkpt lat="51.4940360" lon="-112.8144760">
    <ele>705.7</ele>
    <time>2024-07-09T20:26:06Z</time>
   </trkpt>
   <trkpt lat="51.4940820" lon="-112.8145780">
    <ele>705.8</ele>
    <time>2024-07-09T20:26:07Z</time>
   </trkpt>
   <trkpt lat="51.4941380" lon="-112.8146720">
    <ele>705.9</ele>
    <time>2024-07-09T20:26:08Z</time>
   </trkpt>
   <trkpt lat="51.4941860" lon="-112.8147740">
    <ele>706.0</ele>
    <time>2024-07-09T20:26:09Z</time>
   </trkpt>
   <trkpt lat="51.4942370" lon="-112.8148710">
    <ele>706.1</ele>
    <time>2024-07-09T20:26:10Z</time>
   </trkpt>
   <trkpt lat="51.4942910" lon="-112.8149640">
    <ele>706.2</ele>
    <time>2024-07-09T20:26:11Z</time>
   </trkpt>
   <trkpt lat="51.4943460" lon="-112.8150590">
    <ele>706.2</ele>
    <time>2024-07-09T20:26:12Z</time>
   </trkpt>
   <trkpt lat="51.4944020" lon="-112.8151580">
    <ele>706.2</ele>
    <time>2024-07-09T20:26:13Z</time>
   </trkpt>
   <trkpt lat="51.4944560" lon="-112.8152530">
    <ele>706.3</ele>
    <time>2024-07-09T20:26:14Z</time>
   </trkpt>
   <trkpt lat="51.4945100" lon="-112.8153550">
    <ele>706.3</ele>
    <time>2024-07-09T20:26:15Z</time>
   </trkpt>
   <trkpt lat="51.4945690" lon="-112.8154490">
    <ele>706.3</ele>
    <time>2024-07-09T20:26:16Z</time>
   </trkpt>
   <trkpt lat="51.4946260" lon="-112.8155470">
    <ele>706.3</ele>
    <time>2024-07-09T20:26:17Z</time>
   </trkpt>
   <trkpt lat="51.4946870" lon="-112.8156450">
    <ele>706.4</ele>
    <time>2024-07-09T20:26:18Z</time>
   </trkpt>
   <trkpt lat="51.4947520" lon="-112.8157410">
    <ele>706.4</ele>
    <time>2024-07-09T20:26:19Z</time>
   </trkpt>
   <trkpt lat="51.4948090" lon="-112.8158420">
    <ele>706.3</ele>
    <time>2024-07-09T20:26:20Z</time>
   </trkpt>
   <trkpt lat="51.4948680" lon="-112.8159450">
    <ele>706.2</ele>
    <time>2024-07-09T20:26:21Z</time>
   </trkpt>
   <trkpt lat="51.4949350" lon="-112.8160410">
    <ele>706.2</ele>
    <time>2024-07-09T20:26:22Z</time>
   </trkpt>
   <trkpt lat="51.4949970" lon="-112.8161420">
    <ele>706.2</ele>
    <time>2024-07-09T20:26:23Z</time>
   </trkpt>
   <trkpt lat="51.4950630" lon="-112.8162410">
    <ele>706.1</ele>
    <time>2024-07-09T20:26:24Z</time>
   </trkpt>
   <trkpt lat="51.4951280" lon="-112.8163410">
    <ele>706.0</ele>
    <time>2024-07-09T20:26:25Z</time>
   </trkpt>
   <trkpt lat="51.4951940" lon="-112.8164400">
    <ele>705.9</ele>
    <time>2024-07-09T20:26:26Z</time>
   </trkpt>
   <trkpt lat="51.4952630" lon="-112.8165450">
    <ele>705.8</ele>
    <time>2024-07-09T20:26:27Z</time>
   </trkpt>
   <trkpt lat="51.4953310" lon="-112.8166450">
    <ele>705.6</ele>
    <time>2024-07-09T20:26:28Z</time>
   </trkpt>
   <trkpt lat="51.4953980" lon="-112.8167480">
    <ele>705.5</ele>
    <time>2024-07-09T20:26:29Z</time>
   </trkpt>
   <trkpt lat="51.4954680" lon="-112.8168480">
    <ele>705.4</ele>
    <time>2024-07-09T20:26:30Z</time>
   </trkpt>
   <trkpt lat="51.4955380" lon="-112.8169510">
    <ele>705.3</ele>
    <time>2024-07-09T20:26:31Z</time>
   </trkpt>
   <trkpt lat="51.4956730" lon="-112.8171510">
    <ele>705.1</ele>
    <time>2024-07-09T20:26:32Z</time>
   </trkpt>
   <trkpt lat="51.4957450" lon="-112.8172520">
    <ele>705.0</ele>
    <time>2024-07-09T20:26:33Z</time>
   </trkpt>
   <trkpt lat="51.4958110" lon="-112.8173520">
    <ele>704.9</ele>
    <time>2024-07-09T20:26:34Z</time>
   </trkpt>
   <trkpt lat="51.4958800" lon="-112.8174540">
    <ele>704.8</ele>
    <time>2024-07-09T20:26:35Z</time>
   </trkpt>
   <trkpt lat="51.4959500" lon="-112.8175530">
    <ele>704.7</ele>
    <time>2024-07-09T20:26:36Z</time>
   </trkpt>
   <trkpt lat="51.4960200" lon="-112.8176530">
    <ele>704.6</ele>
    <time>2024-07-09T20:26:37Z</time>
   </trkpt>
   <trkpt lat="51.4960860" lon="-112.8177560">
    <ele>704.6</ele>
    <time>2024-07-09T20:26:38Z</time>
   </trkpt>
   <trkpt lat="51.4961560" lon="-112.8178560">
    <ele>704.5</ele>
    <time>2024-07-09T20:26:39Z</time>
   </trkpt>
   <trkpt lat="51.4962240" lon="-112.8179550">
    <ele>704.4</ele>
    <time>2024-07-09T20:26:40Z</time>
   </trkpt>
   <trkpt lat="51.4962940" lon="-112.8180570">
    <ele>704.3</ele>
    <time>2024-07-09T20:26:41Z</time>
   </trkpt>
   <trkpt lat="51.4963610" lon="-112.8181570">
    <ele>704.2</ele>
    <time>2024-07-09T20:26:42Z</time>
   </trkpt>
   <trkpt lat="51.4964350" lon="-112.8182540">
    <ele>704.2</ele>
    <time>2024-07-09T20:26:43Z</time>
   </trkpt>
   <trkpt lat="51.4965010" lon="-112.8183560">
    <ele>704.1</ele>
    <time>2024-07-09T20:26:44Z</time>
   </trkpt>
   <trkpt lat="51.4965690" lon="-112.8184570">
    <ele>704.1</ele>
    <time>2024-07-09T20:26:45Z</time>
   </trkpt>
   <trkpt lat="51.4966350" lon="-112.8185600">
    <ele>704.1</ele>
    <time>2024-07-09T20:26:46Z</time>
   </trkpt>
   <trkpt lat="51.4967030" lon="-112.8186610">
    <ele>704.0</ele>
    <time>2024-07-09T20:26:47Z</time>
   </trkpt>
   <trkpt lat="51.4967700" lon="-112.8187610">
    <ele>704.0</ele>
    <time>2024-07-09T20:26:48Z</time>
   </trkpt>
   <trkpt lat="51.4968410" lon="-112.8188590">
    <ele>704.0</ele>
    <time>2024-07-09T20:26:49Z</time>
   </trkpt>
   <trkpt lat="51.4969060" lon="-112.8189630">
    <ele>704.0</ele>
    <time>2024-07-09T20:26:50Z</time>
   </trkpt>
   <trkpt lat="51.4969740" lon="-112.8190640">
    <ele>703.9</ele>
    <time>2024-07-09T20:26:52Z</time>
   </trkpt>
   <trkpt lat="51.4970380" lon="-112.8191660">
    <ele>703.9</ele>
    <time>2024-07-09T20:26:53Z</time>
   </trkpt>
   <trkpt lat="51.4971030" lon="-112.8192680">
    <ele>703.9</ele>
    <time>2024-07-09T20:26:54Z</time>
   </trkpt>
   <trkpt lat="51.4971670" lon="-112.8193670">
    <ele>703.9</ele>
    <time>2024-07-09T20:26:55Z</time>
   </trkpt>
   <trkpt lat="51.4972370" lon="-112.8194590">
    <ele>703.9</ele>
    <time>2024-07-09T20:26:56Z</time>
   </trkpt>
   <trkpt lat="51.4973040" lon="-112.8195540">
    <ele>703.9</ele>
    <time>2024-07-09T20:26:57Z</time>
   </trkpt>
   <trkpt lat="51.4973690" lon="-112.8196480">
    <ele>703.9</ele>
    <time>2024-07-09T20:26:58Z</time>
   </trkpt>
   <trkpt lat="51.4974330" lon="-112.8197490">
    <ele>703.8</ele>
    <time>2024-07-09T20:26:59Z</time>
   </trkpt>
   <trkpt lat="51.4975000" lon="-112.8198460">
    <ele>703.8</ele>
    <time>2024-07-09T20:27:00Z</time>
   </trkpt>
   <trkpt lat="51.4975650" lon="-112.8199400">
    <ele>703.8</ele>
    <time>2024-07-09T20:27:01Z</time>
   </trkpt>
   <trkpt lat="51.4976310" lon="-112.8200410">
    <ele>703.8</ele>
    <time>2024-07-09T20:27:02Z</time>
   </trkpt>
   <trkpt lat="51.4976980" lon="-112.8201370">
    <ele>703.8</ele>
    <time>2024-07-09T20:27:03Z</time>
   </trkpt>
   <trkpt lat="51.4977630" lon="-112.8202410">
    <ele>703.8</ele>
    <time>2024-07-09T20:27:04Z</time>
   </trkpt>
   <trkpt lat="51.4978330" lon="-112.8203330">
    <ele>703.8</ele>
    <time>2024-07-09T20:27:05Z</time>
   </trkpt>
   <trkpt lat="51.4979010" lon="-112.8204360">
    <ele>703.9</ele>
    <time>2024-07-09T20:27:06Z</time>
   </trkpt>
   <trkpt lat="51.4979680" lon="-112.8205330">
    <ele>703.8</ele>
    <time>2024-07-09T20:27:07Z</time>
   </trkpt>
   <trkpt lat="51.4980340" lon="-112.8206370">
    <ele>703.8</ele>
    <time>2024-07-09T20:27:08Z</time>
   </trkpt>
   <trkpt lat="51.4981010" lon="-112.8207370">
    <ele>703.8</ele>
    <time>2024-07-09T20:27:09Z</time>
   </trkpt>
   <trkpt lat="51.4981690" lon="-112.8208380">
    <ele>703.8</ele>
    <time>2024-07-09T20:27:10Z</time>
   </trkpt>
   <trkpt lat="51.4982340" lon="-112.8209360">
    <ele>703.8</ele>
    <time>2024-07-09T20:27:11Z</time>
   </trkpt>
   <trkpt lat="51.4983030" lon="-112.8210360">
    <ele>703.8</ele>
    <time>2024-07-09T20:27:12Z</time>
   </trkpt>
   <trkpt lat="51.4983680" lon="-112.8211370">
    <ele>703.8</ele>
    <time>2024-07-09T20:27:13Z</time>
   </trkpt>
   <trkpt lat="51.4984350" lon="-112.8212370">
    <ele>703.8</ele>
    <time>2024-07-09T20:27:14Z</time>
   </trkpt>
   <trkpt lat="51.4985020" lon="-112.8213370">
    <ele>703.8</ele>
    <time>2024-07-09T20:27:15Z</time>
   </trkpt>
   <trkpt lat="51.4985690" lon="-112.8214360">
    <ele>703.8</ele>
    <time>2024-07-09T20:27:16Z</time>
   </trkpt>
   <trkpt lat="51.4986360" lon="-112.8215360">
    <ele>703.8</ele>
    <time>2024-07-09T20:27:17Z</time>
   </trkpt>
   <trkpt lat="51.4987040" lon="-112.8216370">
    <ele>703.8</ele>
    <time>2024-07-09T20:27:18Z</time>
   </trkpt>
   <trkpt lat="51.4987740" lon="-112.8217370">
    <ele>703.8</ele>
    <time>2024-07-09T20:27:19Z</time>
   </trkpt>
   <trkpt lat="51.4988430" lon="-112.8218370">
    <ele>703.8</ele>
    <time>2024-07-09T20:27:20Z</time>
   </trkpt>
   <trkpt lat="51.4989150" lon="-112.8219350">
    <ele>703.8</ele>
    <time>2024-07-09T20:27:21Z</time>
   </trkpt>
   <trkpt lat="51.4989830" lon="-112.8220370">
    <ele>703.8</ele>
    <time>2024-07-09T20:27:22Z</time>
   </trkpt>
   <trkpt lat="51.4990550" lon="-112.8221440">
    <ele>703.8</ele>
    <time>2024-07-09T20:27:23Z</time>
   </trkpt>
   <trkpt lat="51.4991270" lon="-112.8222500">
    <ele>703.8</ele>
    <time>2024-07-09T20:27:24Z</time>
   </trkpt>
   <trkpt lat="51.4991980" lon="-112.8223600">
    <ele>703.7</ele>
    <time>2024-07-09T20:27:25Z</time>
   </trkpt>
   <trkpt lat="51.4992700" lon="-112.8224660">
    <ele>703.7</ele>
    <time>2024-07-09T20:27:26Z</time>
   </trkpt>
   <trkpt lat="51.4993430" lon="-112.8225720">
    <ele>703.7</ele>
    <time>2024-07-09T20:27:27Z</time>
   </trkpt>
   <trkpt lat="51.4994110" lon="-112.8226850">
    <ele>703.7</ele>
    <time>2024-07-09T20:27:28Z</time>
   </trkpt>
   <trkpt lat="51.4994890" lon="-112.8227850">
    <ele>703.6</ele>
    <time>2024-07-09T20:27:29Z</time>
   </trkpt>
   <trkpt lat="51.4995580" lon="-112.8228930">
    <ele>703.6</ele>
    <time>2024-07-09T20:27:30Z</time>
   </trkpt>
   <trkpt lat="51.4996260" lon="-112.8230030">
    <ele>703.6</ele>
    <time>2024-07-09T20:27:31Z</time>
   </trkpt>
   <trkpt lat="51.4996990" lon="-112.8231080">
    <ele>703.6</ele>
    <time>2024-07-09T20:27:32Z</time>
   </trkpt>
   <trkpt lat="51.4997710" lon="-112.8232170">
    <ele>703.6</ele>
    <time>2024-07-09T20:27:33Z</time>
   </trkpt>
   <trkpt lat="51.4998450" lon="-112.8233210">
    <ele>703.6</ele>
    <time>2024-07-09T20:27:34Z</time>
   </trkpt>
   <trkpt lat="51.4999160" lon="-112.8234290">
    <ele>703.6</ele>
    <time>2024-07-09T20:27:35Z</time>
   </trkpt>
   <trkpt lat="51.4999860" lon="-112.8235410">
    <ele>703.5</ele>
    <time>2024-07-09T20:27:36Z</time>
   </trkpt>
   <trkpt lat="51.5000590" lon="-112.8236440">
    <ele>703.5</ele>
    <time>2024-07-09T20:27:37Z</time>
   </trkpt>
   <trkpt lat="51.5001290" lon="-112.8237460">
    <ele>703.5</ele>
    <time>2024-07-09T20:27:38Z</time>
   </trkpt>
   <trkpt lat="51.5001970" lon="-112.8238450">
    <ele>703.5</ele>
    <time>2024-07-09T20:27:39Z</time>
   </trkpt>
   <trkpt lat="51.5002690" lon="-112.8239520">
    <ele>703.5</ele>
    <time>2024-07-09T20:27:40Z</time>
   </trkpt>
   <trkpt lat="51.5003410" lon="-112.8240500">
    <ele>703.4</ele>
    <time>2024-07-09T20:27:41Z</time>
   </trkpt>
   <trkpt lat="51.5004110" lon="-112.8241510">
    <ele>703.4</ele>
    <time>2024-07-09T20:27:42Z</time>
   </trkpt>
   <trkpt lat="51.5004780" lon="-112.8242580">
    <ele>703.4</ele>
    <time>2024-07-09T20:27:43Z</time>
   </trkpt>
   <trkpt lat="51.5005460" lon="-112.8243630">
    <ele>703.4</ele>
    <time>2024-07-09T20:27:44Z</time>
   </trkpt>
   <trkpt lat="51.5006160" lon="-112.8244640">
    <ele>703.4</ele>
    <time>2024-07-09T20:27:45Z</time>
   </trkpt>
   <trkpt lat="51.5006850" lon="-112.8245590">
    <ele>703.4</ele>
    <time>2024-07-09T20:27:46Z</time>
   </trkpt>
   <trkpt lat="51.5007530" lon="-112.8246630">
    <ele>703.4</ele>
    <time>2024-07-09T20:27:47Z</time>
   </trkpt>
   <trkpt lat="51.5008210" lon="-112.8247640">
    <ele>703.4</ele>
    <time>2024-07-09T20:27:48Z</time>
   </trkpt>
   <trkpt lat="51.5008940" lon="-112.8248590">
    <ele>703.4</ele>
    <time>2024-07-09T20:27:49Z</time>
   </trkpt>
   <trkpt lat="51.5009590" lon="-112.8249630">
    <ele>703.4</ele>
    <time>2024-07-09T20:27:50Z</time>
   </trkpt>
   <trkpt lat="51.5010280" lon="-112.8250620">
    <ele>703.3</ele>
    <time>2024-07-09T20:27:51Z</time>
   </trkpt>
   <trkpt lat="51.5010900" lon="-112.8251630">
    <ele>703.3</ele>
    <time>2024-07-09T20:27:52Z</time>
   </trkpt>
   <trkpt lat="51.5011380" lon="-112.8252740">
    <ele>703.3</ele>
    <time>2024-07-09T20:27:53Z</time>
   </trkpt>
   <trkpt lat="51.5012220" lon="-112.8253650">
    <ele>703.3</ele>
    <time>2024-07-09T20:27:54Z</time>
   </trkpt>
   <trkpt lat="51.5012920" lon="-112.8254610">
    <ele>703.3</ele>
    <time>2024-07-09T20:27:55Z</time>
   </trkpt>
   <trkpt lat="51.5013560" lon="-112.8255660">
    <ele>703.3</ele>
    <time>2024-07-09T20:27:56Z</time>
   </trkpt>
   <trkpt lat="51.5014230" lon="-112.8256610">
    <ele>703.2</ele>
    <time>2024-07-09T20:27:57Z</time>
   </trkpt>
   <trkpt lat="51.5014900" lon="-112.8257610">
    <ele>703.2</ele>
    <time>2024-07-09T20:27:58Z</time>
   </trkpt>
   <trkpt lat="51.5015570" lon="-112.8258660">
    <ele>703.2</ele>
    <time>2024-07-09T20:27:59Z</time>
   </trkpt>
   <trkpt lat="51.5016210" lon="-112.8259640">
    <ele>703.2</ele>
    <time>2024-07-09T20:28:00Z</time>
   </trkpt>
   <trkpt lat="51.5016890" lon="-112.8260450">
    <ele>703.1</ele>
    <time>2024-07-09T20:28:01Z</time>
   </trkpt>
   <trkpt lat="51.5017510" lon="-112.8261530">
    <ele>703.1</ele>
    <time>2024-07-09T20:28:02Z</time>
   </trkpt>
   <trkpt lat="51.5018160" lon="-112.8262540">
    <ele>703.0</ele>
    <time>2024-07-09T20:28:03Z</time>
   </trkpt>
   <trkpt lat="51.5018800" lon="-112.8263590">
    <ele>703.0</ele>
    <time>2024-07-09T20:28:04Z</time>
   </trkpt>
   <trkpt lat="51.5019380" lon="-112.8264320">
    <ele>703.0</ele>
    <time>2024-07-09T20:28:05Z</time>
   </trkpt>
   <trkpt lat="51.5020090" lon="-112.8265460">
    <ele>703.0</ele>
    <time>2024-07-09T20:28:06Z</time>
   </trkpt>
   <trkpt lat="51.5020690" lon="-112.8266470">
    <ele>703.0</ele>
    <time>2024-07-09T20:28:07Z</time>
   </trkpt>
   <trkpt lat="51.5021240" lon="-112.8267520">
    <ele>703.0</ele>
    <time>2024-07-09T20:28:08Z</time>
   </trkpt>
   <trkpt lat="51.5021900" lon="-112.8268400">
    <ele>703.0</ele>
    <time>2024-07-09T20:28:09Z</time>
   </trkpt>
   <trkpt lat="51.5022420" lon="-112.8269490">
    <ele>703.0</ele>
    <time>2024-07-09T20:28:10Z</time>
   </trkpt>
   <trkpt lat="51.5022990" lon="-112.8270610">
    <ele>703.0</ele>
    <time>2024-07-09T20:28:11Z</time>
   </trkpt>
   <trkpt lat="51.5023520" lon="-112.8271540">
    <ele>703.0</ele>
    <time>2024-07-09T20:28:12Z</time>
   </trkpt>
   <trkpt lat="51.5024160" lon="-112.8272470">
    <ele>702.9</ele>
    <time>2024-07-09T20:28:13Z</time>
   </trkpt>
   <trkpt lat="51.5024990" lon="-112.8273600">
    <ele>702.9</ele>
    <time>2024-07-09T20:28:14Z</time>
   </trkpt>
   <trkpt lat="51.5025590" lon="-112.8274360">
    <ele>702.9</ele>
    <time>2024-07-09T20:28:15Z</time>
   </trkpt>
   <trkpt lat="51.5025990" lon="-112.8275300">
    <ele>702.9</ele>
    <time>2024-07-09T20:28:16Z</time>
   </trkpt>
   <trkpt lat="51.5026530" lon="-112.8276510">
    <ele>702.9</ele>
    <time>2024-07-09T20:28:17Z</time>
   </trkpt>
   <trkpt lat="51.5027110" lon="-112.8277550">
    <ele>702.9</ele>
    <time>2024-07-09T20:28:18Z</time>
   </trkpt>
   <trkpt lat="51.5027720" lon="-112.8278620">
    <ele>702.9</ele>
    <time>2024-07-09T20:28:19Z</time>
   </trkpt>
   <trkpt lat="51.5028220" lon="-112.8279640">
    <ele>702.9</ele>
    <time>2024-07-09T20:28:20Z</time>
   </trkpt>
   <trkpt lat="51.5028740" lon="-112.8280670">
    <ele>702.9</ele>
    <time>2024-07-09T20:28:21Z</time>
   </trkpt>
   <trkpt lat="51.5029270" lon="-112.8281770">
    <ele>702.8</ele>
    <time>2024-07-09T20:28:22Z</time>
   </trkpt>
   <trkpt lat="51.5029800" lon="-112.8282840">
    <ele>702.8</ele>
    <time>2024-07-09T20:28:23Z</time>
   </trkpt>
   <trkpt lat="51.5030310" lon="-112.8283910">
    <ele>702.8</ele>
    <time>2024-07-09T20:28:24Z</time>
   </trkpt>
   <trkpt lat="51.5030730" lon="-112.8285220">
    <ele>702.8</ele>
    <time>2024-07-09T20:28:25Z</time>
   </trkpt>
   <trkpt lat="51.5031270" lon="-112.8286180">
    <ele>702.8</ele>
    <time>2024-07-09T20:28:26Z</time>
   </trkpt>
   <trkpt lat="51.5031820" lon="-112.8287170">
    <ele>702.8</ele>
    <time>2024-07-09T20:28:27Z</time>
   </trkpt>
   <trkpt lat="51.5032370" lon="-112.8288290">
    <ele>702.7</ele>
    <time>2024-07-09T20:28:28Z</time>
   </trkpt>
   <trkpt lat="51.5032830" lon="-112.8289500">
    <ele>702.7</ele>
    <time>2024-07-09T20:28:29Z</time>
   </trkpt>
   <trkpt lat="51.5033340" lon="-112.8290510">
    <ele>702.7</ele>
    <time>2024-07-09T20:28:30Z</time>
   </trkpt>
   <trkpt lat="51.5033820" lon="-112.8291670">
    <ele>702.7</ele>
    <time>2024-07-09T20:28:31Z</time>
   </trkpt>
   <trkpt lat="51.5034320" lon="-112.8292810">
    <ele>702.7</ele>
    <time>2024-07-09T20:28:32Z</time>
   </trkpt>
   <trkpt lat="51.5034850" lon="-112.8293860">
    <ele>702.6</ele>
    <time>2024-07-09T20:28:33Z</time>
   </trkpt>
   <trkpt lat="51.5035240" lon="-112.8294990">
    <ele>702.6</ele>
    <time>2024-07-09T20:28:34Z</time>
   </trkpt>
   <trkpt lat="51.5035820" lon="-112.8296130">
    <ele>702.6</ele>
    <time>2024-07-09T20:28:35Z</time>
   </trkpt>
   <trkpt lat="51.5036280" lon="-112.8297320">
    <ele>702.5</ele>
    <time>2024-07-09T20:28:36Z</time>
   </trkpt>
   <trkpt lat="51.5036820" lon="-112.8298470">
    <ele>702.5</ele>
    <time>2024-07-09T20:28:37Z</time>
   </trkpt>
   <trkpt lat="51.5037880" lon="-112.8300660">
    <ele>702.4</ele>
    <time>2024-07-09T20:28:38Z</time>
   </trkpt>
   <trkpt lat="51.5038380" lon="-112.8301820">
    <ele>702.3</ele>
    <time>2024-07-09T20:28:39Z</time>
   </trkpt>
   <trkpt lat="51.5038890" lon="-112.8302960">
    <ele>702.2</ele>
    <time>2024-07-09T20:28:40Z</time>
   </trkpt>
   <trkpt lat="51.5039390" lon="-112.8304080">
    <ele>702.2</ele>
    <time>2024-07-09T20:28:41Z</time>
   </trkpt>
   <trkpt lat="51.5039910" lon="-112.8305260">
    <ele>702.1</ele>
    <time>2024-07-09T20:28:42Z</time>
   </trkpt>
   <trkpt lat="51.5040420" lon="-112.8306410">
    <ele>702.0</ele>
    <time>2024-07-09T20:28:43Z</time>
   </trkpt>
   <trkpt lat="51.5040920" lon="-112.8307570">
    <ele>701.9</ele>
    <time>2024-07-09T20:28:44Z</time>
   </trkpt>
   <trkpt lat="51.5041440" lon="-112.8308740">
    <ele>701.8</ele>
    <time>2024-07-09T20:28:45Z</time>
   </trkpt>
   <trkpt lat="51.5041950" lon="-112.8309960">
    <ele>701.7</ele>
    <time>2024-07-09T20:28:46Z</time>
   </trkpt>
   <trkpt lat="51.5042470" lon="-112.8311140">
    <ele>701.5</ele>
    <time>2024-07-09T20:28:47Z</time>
   </trkpt>
   <trkpt lat="51.5043030" lon="-112.8312240">
    <ele>701.4</ele>
    <time>2024-07-09T20:28:48Z</time>
   </trkpt>
   <trkpt lat="51.5043530" lon="-112.8313460">
    <ele>701.3</ele>
    <time>2024-07-09T20:28:49Z</time>
   </trkpt>
   <trkpt lat="51.5044090" lon="-112.8314690">
    <ele>701.1</ele>
    <time>2024-07-09T20:28:50Z</time>
   </trkpt>
   <trkpt lat="51.5044610" lon="-112.8316060">
    <ele>700.9</ele>
    <time>2024-07-09T20:28:51Z</time>
   </trkpt>
   <trkpt lat="51.5045180" lon="-112.8317250">
    <ele>700.8</ele>
    <time>2024-07-09T20:28:52Z</time>
   </trkpt>
   <trkpt lat="51.5045730" lon="-112.8318490">
    <ele>700.6</ele>
    <time>2024-07-09T20:28:53Z</time>
   </trkpt>
   <trkpt lat="51.5046310" lon="-112.8319950">
    <ele>700.4</ele>
    <time>2024-07-09T20:28:54Z</time>
   </trkpt>
   <trkpt lat="51.5046890" lon="-112.8321160">
    <ele>700.2</ele>
    <time>2024-07-09T20:28:55Z</time>
   </trkpt>
   <trkpt lat="51.5047450" lon="-112.8322410">
    <ele>700.0</ele>
    <time>2024-07-09T20:28:56Z</time>
   </trkpt>
   <trkpt lat="51.5048030" lon="-112.8323710">
    <ele>699.8</ele>
    <time>2024-07-09T20:28:57Z</time>
   </trkpt>
   <trkpt lat="51.5048620" lon="-112.8325020">
    <ele>699.5</ele>
    <time>2024-07-09T20:28:59Z</time>
   </trkpt>
   <trkpt lat="51.5049170" lon="-112.8326360">
    <ele>699.3</ele>
    <time>2024-07-09T20:29:00Z</time>
   </trkpt>
   <trkpt lat="51.5049810" lon="-112.8327640">
    <ele>699.1</ele>
    <time>2024-07-09T20:29:01Z</time>
   </trkpt>
   <trkpt lat="51.5050370" lon="-112.8328980">
    <ele>698.9</ele>
    <time>2024-07-09T20:29:02Z</time>
   </trkpt>
   <trkpt lat="51.5050930" lon="-112.8330300">
    <ele>698.6</ele>
    <time>2024-07-09T20:29:03Z</time>
   </trkpt>
   <trkpt lat="51.5051530" lon="-112.8331630">
    <ele>698.4</ele>
    <time>2024-07-09T20:29:04Z</time>
   </trkpt>
   <trkpt lat="51.5052120" lon="-112.8332970">
    <ele>698.2</ele>
    <time>2024-07-09T20:29:05Z</time>
   </trkpt>
   <trkpt lat="51.5052720" lon="-112.8334290">
    <ele>698.0</ele>
    <time>2024-07-09T20:29:06Z</time>
   </trkpt>
   <trkpt lat="51.5053320" lon="-112.8335630">
    <ele>697.8</ele>
    <time>2024-07-09T20:29:07Z</time>
   </trkpt>
   <trkpt lat="51.5053890" lon="-112.8336970">
    <ele>697.6</ele>
    <time>2024-07-09T20:29:08Z</time>
   </trkpt>
   <trkpt lat="51.5054480" lon="-112.8338320">
    <ele>697.5</ele>
    <time>2024-07-09T20:29:09Z</time>
   </trkpt>
   <trkpt lat="51.5055050" lon="-112.8339680">
    <ele>697.4</ele>
    <time>2024-07-09T20:29:10Z</time>
   </trkpt>
   <trkpt lat="51.5055690" lon="-112.8340970">
    <ele>697.3</ele>
    <time>2024-07-09T20:29:11Z</time>
   </trkpt>
   <trkpt lat="51.5056230" lon="-112.8342330">
    <ele>697.2</ele>
    <time>2024-07-09T20:29:12Z</time>
   </trkpt>
   <trkpt lat="51.5056830" lon="-112.8343630">
    <ele>697.2</ele>
    <time>2024-07-09T20:29:13Z</time>
   </trkpt>
   <trkpt lat="51.5057350" lon="-112.8344950">
    <ele>697.1</ele>
    <time>2024-07-09T20:29:14Z</time>
   </trkpt>
   <trkpt lat="51.5057990" lon="-112.8346180">
    <ele>697.1</ele>
    <time>2024-07-09T20:29:15Z</time>
   </trkpt>
   <trkpt lat="51.5058550" lon="-112.8347500">
    <ele>697.1</ele>
    <time>2024-07-09T20:29:16Z</time>
   </trkpt>
   <trkpt lat="51.5059090" lon="-112.8348890">
    <ele>697.2</ele>
    <time>2024-07-09T20:29:17Z</time>
   </trkpt>
   <trkpt lat="51.5059690" lon="-112.8350010">
    <ele>697.2</ele>
    <time>2024-07-09T20:29:18Z</time>
   </trkpt>
   <trkpt lat="51.5060230" lon="-112.8351310">
    <ele>697.3</ele>
    <time>2024-07-09T20:29:19Z</time>
   </trkpt>
   <trkpt lat="51.5060760" lon="-112.8352560">
    <ele>697.3</ele>
    <time>2024-07-09T20:29:20Z</time>
   </trkpt>
   <trkpt lat="51.5061300" lon="-112.8353760">
    <ele>697.4</ele>
    <time>2024-07-09T20:29:21Z</time>
   </trkpt>
   <trkpt lat="51.5061860" lon="-112.8354960">
    <ele>697.5</ele>
    <time>2024-07-09T20:29:22Z</time>
   </trkpt>
   <trkpt lat="51.5062390" lon="-112.8356170">
    <ele>697.6</ele>
    <time>2024-07-09T20:29:23Z</time>
   </trkpt>
   <trkpt lat="51.5062940" lon="-112.8357370">
    <ele>697.7</ele>
    <time>2024-07-09T20:29:24Z</time>
   </trkpt>
   <trkpt lat="51.5063460" lon="-112.8358590">
    <ele>697.8</ele>
    <time>2024-07-09T20:29:25Z</time>
   </trkpt>
   <trkpt lat="51.5063950" lon="-112.8359820">
    <ele>697.9</ele>
    <time>2024-07-09T20:29:26Z</time>
   </trkpt>
   <trkpt lat="51.5064500" lon="-112.8361000">
    <ele>698.0</ele>
    <time>2024-07-09T20:29:27Z</time>
   </trkpt>
   <trkpt lat="51.5065040" lon="-112.8362190">
    <ele>698.1</ele>
    <time>2024-07-09T20:29:28Z</time>
   </trkpt>
   <trkpt lat="51.5065550" lon="-112.8363350">
    <ele>698.2</ele>
    <time>2024-07-09T20:29:29Z</time>
   </trkpt>
   <trkpt lat="51.5066120" lon="-112.8364340">
    <ele>698.3</ele>
    <time>2024-07-09T20:29:30Z</time>
   </trkpt>
   <trkpt lat="51.5066590" lon="-112.8365710">
    <ele>698.4</ele>
    <time>2024-07-09T20:29:31Z</time>
   </trkpt>
   <trkpt lat="51.5067130" lon="-112.8366890">
    <ele>698.5</ele>
    <time>2024-07-09T20:29:32Z</time>
   </trkpt>
   <trkpt lat="51.5067660" lon="-112.8368030">
    <ele>698.6</ele>
    <time>2024-07-09T20:29:33Z</time>
   </trkpt>
   <trkpt lat="51.5068180" lon="-112.8369220">
    <ele>698.6</ele>
    <time>2024-07-09T20:29:34Z</time>
   </trkpt>
   <trkpt lat="51.5068670" lon="-112.8370420">
    <ele>698.7</ele>
    <time>2024-07-09T20:29:35Z</time>
   </trkpt>
   <trkpt lat="51.5069200" lon="-112.8371510">
    <ele>698.8</ele>
    <time>2024-07-09T20:29:36Z</time>
   </trkpt>
   <trkpt lat="51.5069680" lon="-112.8372700">
    <ele>698.9</ele>
    <time>2024-07-09T20:29:37Z</time>
   </trkpt>
   <trkpt lat="51.5070180" lon="-112.8373880">
    <ele>699.0</ele>
    <time>2024-07-09T20:29:38Z</time>
   </trkpt>
   <trkpt lat="51.5070690" lon="-112.8375020">
    <ele>699.0</ele>
    <time>2024-07-09T20:29:39Z</time>
   </trkpt>
   <trkpt lat="51.5071220" lon="-112.8376160">
    <ele>699.1</ele>
    <time>2024-07-09T20:29:40Z</time>
   </trkpt>
   <trkpt lat="51.5071690" lon="-112.8377310">
    <ele>699.2</ele>
    <time>2024-07-09T20:29:41Z</time>
   </trkpt>
   <trkpt lat="51.5072180" lon="-112.8378470">
    <ele>699.3</ele>
    <time>2024-07-09T20:29:42Z</time>
   </trkpt>
   <trkpt lat="51.5072690" lon="-112.8379600">
    <ele>699.4</ele>
    <time>2024-07-09T20:29:43Z</time>
   </trkpt>
   <trkpt lat="51.5073200" lon="-112.8380700">
    <ele>699.4</ele>
    <time>2024-07-09T20:29:44Z</time>
   </trkpt>
   <trkpt lat="51.5073670" lon="-112.8381840">
    <ele>699.5</ele>
    <time>2024-07-09T20:29:45Z</time>
   </trkpt>
   <trkpt lat="51.5074190" lon="-112.8382990">
    <ele>699.6</ele>
    <time>2024-07-09T20:29:46Z</time>
   </trkpt>
   <trkpt lat="51.5074680" lon="-112.8384080">
    <ele>699.6</ele>
    <time>2024-07-09T20:29:47Z</time>
   </trkpt>
   <trkpt lat="51.5075170" lon="-112.8385250">
    <ele>699.7</ele>
    <time>2024-07-09T20:29:48Z</time>
   </trkpt>
   <trkpt lat="51.5075680" lon="-112.8386350">
    <ele>699.8</ele>
    <time>2024-07-09T20:29:49Z</time>
   </trkpt>
   <trkpt lat="51.5076130" lon="-112.8387500">
    <ele>699.9</ele>
    <time>2024-07-09T20:29:50Z</time>
   </trkpt>
   <trkpt lat="51.5076630" lon="-112.8388630">
    <ele>700.0</ele>
    <time>2024-07-09T20:29:51Z</time>
   </trkpt>
   <trkpt lat="51.5077130" lon="-112.8389740">
    <ele>700.0</ele>
    <time>2024-07-09T20:29:52Z</time>
   </trkpt>
   <trkpt lat="51.5077630" lon="-112.8390850">
    <ele>700.1</ele>
    <time>2024-07-09T20:29:53Z</time>
   </trkpt>
   <trkpt lat="51.5078140" lon="-112.8391960">
    <ele>700.2</ele>
    <time>2024-07-09T20:29:54Z</time>
   </trkpt>
   <trkpt lat="51.5078620" lon="-112.8393110">
    <ele>700.3</ele>
    <time>2024-07-09T20:29:55Z</time>
   </trkpt>
   <trkpt lat="51.5079100" lon="-112.8394250">
    <ele>700.3</ele>
    <time>2024-07-09T20:29:56Z</time>
   </trkpt>
   <trkpt lat="51.5079590" lon="-112.8395330">
    <ele>700.4</ele>
    <time>2024-07-09T20:29:57Z</time>
   </trkpt>
   <trkpt lat="51.5080050" lon="-112.8396500">
    <ele>700.5</ele>
    <time>2024-07-09T20:29:58Z</time>
   </trkpt>
   <trkpt lat="51.5080590" lon="-112.8397570">
    <ele>700.6</ele>
    <time>2024-07-09T20:29:59Z</time>
   </trkpt>
   <trkpt lat="51.5081070" lon="-112.8398650">
    <ele>700.6</ele>
    <time>2024-07-09T20:30:00Z</time>
   </trkpt>
   <trkpt lat="51.5081550" lon="-112.8399780">
    <ele>700.7</ele>
    <time>2024-07-09T20:30:01Z</time>
   </trkpt>
   <trkpt lat="51.5082070" lon="-112.8400950">
    <ele>700.8</ele>
    <time>2024-07-09T20:30:02Z</time>
   </trkpt>
   <trkpt lat="51.5082570" lon="-112.8402050">
    <ele>700.9</ele>
    <time>2024-07-09T20:30:03Z</time>
   </trkpt>
   <trkpt lat="51.5083080" lon="-112.8403210">
    <ele>700.9</ele>
    <time>2024-07-09T20:30:04Z</time>
   </trkpt>
   <trkpt lat="51.5083590" lon="-112.8404400">
    <ele>701.0</ele>
    <time>2024-07-09T20:30:05Z</time>
   </trkpt>
   <trkpt lat="51.5084120" lon="-112.8405560">
    <ele>701.0</ele>
    <time>2024-07-09T20:30:06Z</time>
   </trkpt>
   <trkpt lat="51.5084650" lon="-112.8406770">
    <ele>701.1</ele>
    <time>2024-07-09T20:30:07Z</time>
   </trkpt>
   <trkpt lat="51.5085190" lon="-112.8407970">
    <ele>701.1</ele>
    <time>2024-07-09T20:30:08Z</time>
   </trkpt>
   <trkpt lat="51.5085710" lon="-112.8409110">
    <ele>701.1</ele>
    <time>2024-07-09T20:30:09Z</time>
   </trkpt>
   <trkpt lat="51.5086220" lon="-112.8410320">
    <ele>701.2</ele>
    <time>2024-07-09T20:30:10Z</time>
   </trkpt>
   <trkpt lat="51.5086730" lon="-112.8411470">
    <ele>701.3</ele>
    <time>2024-07-09T20:30:11Z</time>
   </trkpt>
   <trkpt lat="51.5087240" lon="-112.8412670">
    <ele>701.3</ele>
    <time>2024-07-09T20:30:12Z</time>
   </trkpt>
   <trkpt lat="51.5087740" lon="-112.8413770">
    <ele>701.4</ele>
    <time>2024-07-09T20:30:13Z</time>
   </trkpt>
   <trkpt lat="51.5088300" lon="-112.8414910">
    <ele>701.4</ele>
    <time>2024-07-09T20:30:14Z</time>
   </trkpt>
   <trkpt lat="51.5088790" lon="-112.8416120">
    <ele>701.5</ele>
    <time>2024-07-09T20:30:15Z</time>
   </trkpt>
   <trkpt lat="51.5089290" lon="-112.8417270">
    <ele>701.6</ele>
    <time>2024-07-09T20:30:16Z</time>
   </trkpt>
   <trkpt lat="51.5089820" lon="-112.8418380">
    <ele>701.6</ele>
    <time>2024-07-09T20:30:17Z</time>
   </trkpt>
   <trkpt lat="51.5090330" lon="-112.8419540">
    <ele>701.7</ele>
    <time>2024-07-09T20:30:18Z</time>
   </trkpt>
   <trkpt lat="51.5090820" lon="-112.8420690">
    <ele>701.7</ele>
    <time>2024-07-09T20:30:19Z</time>
   </trkpt>
   <trkpt lat="51.5091310" lon="-112.8421840">
    <ele>701.7</ele>
    <time>2024-07-09T20:30:20Z</time>
   </trkpt>
   <trkpt lat="51.5091800" lon="-112.8422980">
    <ele>701.8</ele>
    <time>2024-07-09T20:30:21Z</time>
   </trkpt>
   <trkpt lat="51.5092320" lon="-112.8424100">
    <ele>701.8</ele>
    <time>2024-07-09T20:30:22Z</time>
   </trkpt>
   <trkpt lat="51.5092820" lon="-112.8425270">
    <ele>701.8</ele>
    <time>2024-07-09T20:30:23Z</time>
   </trkpt>
   <trkpt lat="51.5093330" lon="-112.8426410">
    <ele>701.9</ele>
    <time>2024-07-09T20:30:24Z</time>
   </trkpt>
   <trkpt lat="51.5093790" lon="-112.8427590">
    <ele>701.9</ele>
    <time>2024-07-09T20:30:25Z</time>
   </trkpt>
   <trkpt lat="51.5094290" lon="-112.8428740">
    <ele>701.9</ele>
    <time>2024-07-09T20:30:26Z</time>
   </trkpt>
   <trkpt lat="51.5094810" lon="-112.8429870">
    <ele>701.9</ele>
    <time>2024-07-09T20:30:27Z</time>
   </trkpt>
   <trkpt lat="51.5095300" lon="-112.8431040">
    <ele>702.0</ele>
    <time>2024-07-09T20:30:28Z</time>
   </trkpt>
   <trkpt lat="51.5095820" lon="-112.8432200">
    <ele>702.0</ele>
    <time>2024-07-09T20:30:29Z</time>
   </trkpt>
   <trkpt lat="51.5096290" lon="-112.8433360">
    <ele>702.0</ele>
    <time>2024-07-09T20:30:30Z</time>
   </trkpt>
   <trkpt lat="51.5096750" lon="-112.8434520">
    <ele>702.0</ele>
    <time>2024-07-09T20:30:31Z</time>
   </trkpt>
   <trkpt lat="51.5097220" lon="-112.8435690">
    <ele>701.9</ele>
    <time>2024-07-09T20:30:32Z</time>
   </trkpt>
   <trkpt lat="51.5097680" lon="-112.8436890">
    <ele>701.9</ele>
    <time>2024-07-09T20:30:33Z</time>
   </trkpt>
   <trkpt lat="51.5098080" lon="-112.8438140">
    <ele>701.9</ele>
    <time>2024-07-09T20:30:34Z</time>
   </trkpt>
   <trkpt lat="51.5098510" lon="-112.8439330">
    <ele>701.8</ele>
    <time>2024-07-09T20:30:35Z</time>
   </trkpt>
   <trkpt lat="51.5098890" lon="-112.8440610">
    <ele>701.8</ele>
    <time>2024-07-09T20:30:36Z</time>
   </trkpt>
   <trkpt lat="51.5099300" lon="-112.8441840">
    <ele>701.7</ele>
    <time>2024-07-09T20:30:37Z</time>
   </trkpt>
   <trkpt lat="51.5099680" lon="-112.8443100">
    <ele>701.7</ele>
    <time>2024-07-09T20:30:38Z</time>
   </trkpt>
   <trkpt lat="51.5100060" lon="-112.8444390">
    <ele>701.6</ele>
    <time>2024-07-09T20:30:39Z</time>
   </trkpt>
   <trkpt lat="51.5100430" lon="-112.8445610">
    <ele>701.5</ele>
    <time>2024-07-09T20:30:40Z</time>
   </trkpt>
   <trkpt lat="51.5100770" lon="-112.8446910">
    <ele>701.5</ele>
    <time>2024-07-09T20:30:41Z</time>
   </trkpt>
   <trkpt lat="51.5101090" lon="-112.8448210">
    <ele>701.4</ele>
    <time>2024-07-09T20:30:42Z</time>
   </trkpt>
   <trkpt lat="51.5101460" lon="-112.8449560">
    <ele>701.3</ele>
    <time>2024-07-09T20:30:43Z</time>
   </trkpt>
   <trkpt lat="51.5101980" lon="-112.8452220">
    <ele>701.1</ele>
    <time>2024-07-09T20:30:44Z</time>
   </trkpt>
   <trkpt lat="51.5102300" lon="-112.8453570">
    <ele>701.0</ele>
    <time>2024-07-09T20:30:45Z</time>
   </trkpt>
   <trkpt lat="51.5102590" lon="-112.8454940">
    <ele>700.9</ele>
    <time>2024-07-09T20:30:47Z</time>
   </trkpt>
   <trkpt lat="51.5102850" lon="-112.8456350">
    <ele>700.9</ele>
    <time>2024-07-09T20:30:48Z</time>
   </trkpt>
   <trkpt lat="51.5103070" lon="-112.8457770">
    <ele>700.8</ele>
    <time>2024-07-09T20:30:49Z</time>
   </trkpt>
   <trkpt lat="51.5103320" lon="-112.8459210">
    <ele>700.7</ele>
    <time>2024-07-09T20:30:50Z</time>
   </trkpt>
   <trkpt lat="51.5103560" lon="-112.8460620">
    <ele>700.6</ele>
    <time>2024-07-09T20:30:51Z</time>
   </trkpt>
   <trkpt lat="51.5103740" lon="-112.8462070">
    <ele>700.5</ele>
    <time>2024-07-09T20:30:52Z</time>
   </trkpt>
   <trkpt lat="51.5103890" lon="-112.8463520">
    <ele>700.4</ele>
    <time>2024-07-09T20:30:53Z</time>
   </trkpt>
   <trkpt lat="51.5104090" lon="-112.8464930">
    <ele>700.4</ele>
    <time>2024-07-09T20:30:54Z</time>
   </trkpt>
   <trkpt lat="51.5104240" lon="-112.8466370">
    <ele>700.3</ele>
    <time>2024-07-09T20:30:55Z</time>
   </trkpt>
   <trkpt lat="51.5104400" lon="-112.8467830">
    <ele>700.2</ele>
    <time>2024-07-09T20:30:56Z</time>
   </trkpt>
   <trkpt lat="51.5104540" lon="-112.8469270">
    <ele>700.1</ele>
    <time>2024-07-09T20:30:57Z</time>
   </trkpt>
   <trkpt lat="51.5104640" lon="-112.8470720">
    <ele>700.0</ele>
    <time>2024-07-09T20:30:58Z</time>
   </trkpt>
   <trkpt lat="51.5104740" lon="-112.8472210">
    <ele>699.9</ele>
    <time>2024-07-09T20:30:59Z</time>
   </trkpt>
   <trkpt lat="51.5104800" lon="-112.8473690">
    <ele>699.8</ele>
    <time>2024-07-09T20:31:00Z</time>
   </trkpt>
   <trkpt lat="51.5104850" lon="-112.8475180">
    <ele>699.7</ele>
    <time>2024-07-09T20:31:01Z</time>
   </trkpt>
   <trkpt lat="51.5104910" lon="-112.8476700">
    <ele>699.7</ele>
    <time>2024-07-09T20:31:02Z</time>
   </trkpt>
   <trkpt lat="51.5104940" lon="-112.8478220">
    <ele>699.6</ele>
    <time>2024-07-09T20:31:03Z</time>
   </trkpt>
   <trkpt lat="51.5104930" lon="-112.8479740">
    <ele>699.5</ele>
    <time>2024-07-09T20:31:04Z</time>
   </trkpt>
   <trkpt lat="51.5104970" lon="-112.8481240">
    <ele>699.3</ele>
    <time>2024-07-09T20:31:05Z</time>
   </trkpt>
   <trkpt lat="51.5104970" lon="-112.8482790">
    <ele>699.2</ele>
    <time>2024-07-09T20:31:06Z</time>
   </trkpt>
   <trkpt lat="51.5104960" lon="-112.8484280">
    <ele>699.1</ele>
    <time>2024-07-09T20:31:07Z</time>
   </trkpt>
   <trkpt lat="51.5104960" lon="-112.8485910">
    <ele>699.0</ele>
    <time>2024-07-09T20:31:08Z</time>
   </trkpt>
   <trkpt lat="51.5104970" lon="-112.8487410">
    <ele>698.9</ele>
    <time>2024-07-09T20:31:09Z</time>
   </trkpt>
   <trkpt lat="51.5104980" lon="-112.8488950">
    <ele>698.8</ele>
    <time>2024-07-09T20:31:10Z</time>
   </trkpt>
   <trkpt lat="51.5105000" lon="-112.8490490">
    <ele>698.7</ele>
    <time>2024-07-09T20:31:11Z</time>
   </trkpt>
   <trkpt lat="51.5104990" lon="-112.8492030">
    <ele>698.6</ele>
    <time>2024-07-09T20:31:12Z</time>
   </trkpt>
   <trkpt lat="51.5105010" lon="-112.8493580">
    <ele>698.5</ele>
    <time>2024-07-09T20:31:13Z</time>
   </trkpt>
   <trkpt lat="51.5105000" lon="-112.8495070">
    <ele>698.4</ele>
    <time>2024-07-09T20:31:14Z</time>
   </trkpt>
   <trkpt lat="51.5104980" lon="-112.8496610">
    <ele>698.3</ele>
    <time>2024-07-09T20:31:15Z</time>
   </trkpt>
   <trkpt lat="51.5105020" lon="-112.8498090">
    <ele>698.2</ele>
    <time>2024-07-09T20:31:16Z</time>
   </trkpt>
   <trkpt lat="51.5105050" lon="-112.8499580">
    <ele>698.2</ele>
    <time>2024-07-09T20:31:17Z</time>
   </trkpt>
   <trkpt lat="51.5105090" lon="-112.8501090">
    <ele>698.1</ele>
    <time>2024-07-09T20:31:18Z</time>
   </trkpt>
   <trkpt lat="51.5105140" lon="-112.8502580">
    <ele>698.0</ele>
    <time>2024-07-09T20:31:19Z</time>
   </trkpt>
   <trkpt lat="51.5105230" lon="-112.8504060">
    <ele>697.9</ele>
    <time>2024-07-09T20:31:20Z</time>
   </trkpt>
   <trkpt lat="51.5105280" lon="-112.8505590">
    <ele>697.8</ele>
    <time>2024-07-09T20:31:21Z</time>
   </trkpt>
   <trkpt lat="51.5105430" lon="-112.8507070">
    <ele>697.7</ele>
    <time>2024-07-09T20:31:22Z</time>
   </trkpt>
   <trkpt lat="51.5105580" lon="-112.8508550">
    <ele>697.6</ele>
    <time>2024-07-09T20:31:23Z</time>
   </trkpt>
   <trkpt lat="51.5105740" lon="-112.8510010">
    <ele>697.6</ele>
    <time>2024-07-09T20:31:24Z</time>
   </trkpt>
   <trkpt lat="51.5105890" lon="-112.8511490">
    <ele>697.5</ele>
    <time>2024-07-09T20:31:25Z</time>
   </trkpt>
   <trkpt lat="51.5106110" lon="-112.8512970">
    <ele>697.4</ele>
    <time>2024-07-09T20:31:26Z</time>
   </trkpt>
   <trkpt lat="51.5106320" lon="-112.8514450">
    <ele>697.3</ele>
    <time>2024-07-09T20:31:27Z</time>
   </trkpt>
   <trkpt lat="51.5106540" lon="-112.8515950">
    <ele>697.2</ele>
    <time>2024-07-09T20:31:28Z</time>
   </trkpt>
   <trkpt lat="51.5106780" lon="-112.8517380">
    <ele>697.2</ele>
    <time>2024-07-09T20:31:29Z</time>
   </trkpt>
   <trkpt lat="51.5107040" lon="-112.8518820">
    <ele>697.1</ele>
    <time>2024-07-09T20:31:30Z</time>
   </trkpt>
   <trkpt lat="51.5107360" lon="-112.8520240">
    <ele>697.0</ele>
    <time>2024-07-09T20:31:31Z</time>
   </trkpt>
   <trkpt lat="51.5107670" lon="-112.8521580">
    <ele>696.9</ele>
    <time>2024-07-09T20:31:32Z</time>
   </trkpt>
   <trkpt lat="51.5107920" lon="-112.8523030">
    <ele>696.8</ele>
    <time>2024-07-09T20:31:33Z</time>
   </trkpt>
   <trkpt lat="51.5108220" lon="-112.8524410">
    <ele>696.8</ele>
    <time>2024-07-09T20:31:34Z</time>
   </trkpt>
   <trkpt lat="51.5108570" lon="-112.8525730">
    <ele>696.7</ele>
    <time>2024-07-09T20:31:35Z</time>
   </trkpt>
   <trkpt lat="51.5108910" lon="-112.8527110">
    <ele>696.6</ele>
    <time>2024-07-09T20:31:36Z</time>
   </trkpt>
   <trkpt lat="51.5109320" lon="-112.8528420">
    <ele>696.5</ele>
    <time>2024-07-09T20:31:37Z</time>
   </trkpt>
   <trkpt lat="51.5109630" lon="-112.8529800">
    <ele>696.5</ele>
    <time>2024-07-09T20:31:38Z</time>
   </trkpt>
   <trkpt lat="51.5110050" lon="-112.8531110">
    <ele>696.4</ele>
    <time>2024-07-09T20:31:39Z</time>
   </trkpt>
   <trkpt lat="51.5110480" lon="-112.8532440">
    <ele>696.3</ele>
    <time>2024-07-09T20:31:40Z</time>
   </trkpt>
   <trkpt lat="51.5110910" lon="-112.8533720">
    <ele>696.2</ele>
    <time>2024-07-09T20:31:41Z</time>
   </trkpt>
   <trkpt lat="51.5111350" lon="-112.8535040">
    <ele>696.1</ele>
    <time>2024-07-09T20:31:42Z</time>
   </trkpt>
   <trkpt lat="51.5111800" lon="-112.8536340">
    <ele>696.0</ele>
    <time>2024-07-09T20:31:43Z</time>
   </trkpt>
   <trkpt lat="51.5112260" lon="-112.8537640">
    <ele>695.9</ele>
    <time>2024-07-09T20:31:44Z</time>
   </trkpt>
   <trkpt lat="51.5112760" lon="-112.8538860">
    <ele>695.8</ele>
    <time>2024-07-09T20:31:45Z</time>
   </trkpt>
   <trkpt lat="51.5113260" lon="-112.8540130">
    <ele>695.9</ele>
    <time>2024-07-09T20:31:46Z</time>
   </trkpt>
   <trkpt lat="51.5113800" lon="-112.8541340">
    <ele>695.8</ele>
    <time>2024-07-09T20:31:47Z</time>
   </trkpt>
   <trkpt lat="51.5114210" lon="-112.8542590">
    <ele>695.7</ele>
    <time>2024-07-09T20:31:48Z</time>
   </trkpt>
   <trkpt lat="51.5114850" lon="-112.8543740">
    <ele>695.7</ele>
    <time>2024-07-09T20:31:49Z</time>
   </trkpt>
   <trkpt lat="51.5115420" lon="-112.8544950">
    <ele>695.6</ele>
    <time>2024-07-09T20:31:50Z</time>
   </trkpt>
   <trkpt lat="51.5115980" lon="-112.8546140">
    <ele>695.6</ele>
    <time>2024-07-09T20:31:51Z</time>
   </trkpt>
   <trkpt lat="51.5116640" lon="-112.8547260">
    <ele>695.6</ele>
    <time>2024-07-09T20:31:52Z</time>
   </trkpt>
   <trkpt lat="51.5117240" lon="-112.8548400">
    <ele>695.6</ele>
    <time>2024-07-09T20:31:53Z</time>
   </trkpt>
   <trkpt lat="51.5117860" lon="-112.8549510">
    <ele>695.7</ele>
    <time>2024-07-09T20:31:54Z</time>
   </trkpt>
   <trkpt lat="51.5118500" lon="-112.8550660">
    <ele>695.7</ele>
    <time>2024-07-09T20:31:55Z</time>
   </trkpt>
   <trkpt lat="51.5119140" lon="-112.8551720">
    <ele>695.8</ele>
    <time>2024-07-09T20:31:56Z</time>
   </trkpt>
   <trkpt lat="51.5119800" lon="-112.8552780">
    <ele>695.9</ele>
    <time>2024-07-09T20:31:57Z</time>
   </trkpt>
   <trkpt lat="51.5120440" lon="-112.8553830">
    <ele>696.1</ele>
    <time>2024-07-09T20:31:58Z</time>
   </trkpt>
   <trkpt lat="51.5121110" lon="-112.8554860">
    <ele>696.2</ele>
    <time>2024-07-09T20:31:59Z</time>
   </trkpt>
   <trkpt lat="51.5121740" lon="-112.8555920">
    <ele>696.3</ele>
    <time>2024-07-09T20:32:00Z</time>
   </trkpt>
   <trkpt lat="51.5122400" lon="-112.8556930">
    <ele>696.4</ele>
    <time>2024-07-09T20:32:01Z</time>
   </trkpt>
   <trkpt lat="51.5123040" lon="-112.8557950">
    <ele>696.5</ele>
    <time>2024-07-09T20:32:02Z</time>
   </trkpt>
   <trkpt lat="51.5123660" lon="-112.8558980">
    <ele>696.6</ele>
    <time>2024-07-09T20:32:03Z</time>
   </trkpt>
   <trkpt lat="51.5124300" lon="-112.8559990">
    <ele>696.7</ele>
    <time>2024-07-09T20:32:04Z</time>
   </trkpt>
   <trkpt lat="51.5124940" lon="-112.8561020">
    <ele>696.8</ele>
    <time>2024-07-09T20:32:05Z</time>
   </trkpt>
   <trkpt lat="51.5125530" lon="-112.8562040">
    <ele>696.9</ele>
    <time>2024-07-09T20:32:06Z</time>
   </trkpt>
   <trkpt lat="51.5126150" lon="-112.8563030">
    <ele>697.0</ele>
    <time>2024-07-09T20:32:07Z</time>
   </trkpt>
   <trkpt lat="51.5126760" lon="-112.8563990">
    <ele>697.1</ele>
    <time>2024-07-09T20:32:08Z</time>
   </trkpt>
   <trkpt lat="51.5127340" lon="-112.8565010">
    <ele>697.2</ele>
    <time>2024-07-09T20:32:09Z</time>
   </trkpt>
   <trkpt lat="51.5127970" lon="-112.8565980">
    <ele>697.4</ele>
    <time>2024-07-09T20:32:10Z</time>
   </trkpt>
   <trkpt lat="51.5128560" lon="-112.8566870">
    <ele>697.5</ele>
    <time>2024-07-09T20:32:11Z</time>
   </trkpt>
   <trkpt lat="51.5129170" lon="-112.8567840">
    <ele>697.6</ele>
    <time>2024-07-09T20:32:12Z</time>
   </trkpt>
   <trkpt lat="51.5129740" lon="-112.8568830">
    <ele>697.7</ele>
    <time>2024-07-09T20:32:13Z</time>
   </trkpt>
   <trkpt lat="51.5130350" lon="-112.8569770">
    <ele>697.8</ele>
    <time>2024-07-09T20:32:14Z</time>
   </trkpt>
   <trkpt lat="51.5130940" lon="-112.8570740">
    <ele>697.9</ele>
    <time>2024-07-09T20:32:15Z</time>
   </trkpt>
   <trkpt lat="51.5131550" lon="-112.8571690">
    <ele>698.0</ele>
    <time>2024-07-09T20:32:16Z</time>
   </trkpt>
   <trkpt lat="51.5132140" lon="-112.8572650">
    <ele>698.1</ele>
    <time>2024-07-09T20:32:17Z</time>
   </trkpt>
   <trkpt lat="51.5132690" lon="-112.8573630">
    <ele>698.2</ele>
    <time>2024-07-09T20:32:18Z</time>
   </trkpt>
   <trkpt lat="51.5133280" lon="-112.8574580">
    <ele>698.3</ele>
    <time>2024-07-09T20:32:19Z</time>
   </trkpt>
   <trkpt lat="51.5133860" lon="-112.8575500">
    <ele>698.3</ele>
    <time>2024-07-09T20:32:20Z</time>
   </trkpt>
   <trkpt lat="51.5134420" lon="-112.8576380">
    <ele>698.4</ele>
    <time>2024-07-09T20:32:21Z</time>
   </trkpt>
   <trkpt lat="51.5134980" lon="-112.8577300">
    <ele>698.5</ele>
    <time>2024-07-09T20:32:22Z</time>
   </trkpt>
   <trkpt lat="51.5135520" lon="-112.8578220">
    <ele>698.6</ele>
    <time>2024-07-09T20:32:23Z</time>
   </trkpt>
   <trkpt lat="51.5136070" lon="-112.8579110">
    <ele>698.6</ele>
    <time>2024-07-09T20:32:24Z</time>
   </trkpt>
   <trkpt lat="51.5136620" lon="-112.8580010">
    <ele>698.7</ele>
    <time>2024-07-09T20:32:25Z</time>
   </trkpt>
   <trkpt lat="51.5137170" lon="-112.8580840">
    <ele>698.8</ele>
    <time>2024-07-09T20:32:26Z</time>
   </trkpt>
   <trkpt lat="51.5137690" lon="-112.8581760">
    <ele>698.9</ele>
    <time>2024-07-09T20:32:27Z</time>
   </trkpt>
   <trkpt lat="51.5138260" lon="-112.8582660">
    <ele>698.9</ele>
    <time>2024-07-09T20:32:28Z</time>
   </trkpt>
   <trkpt lat="51.5138830" lon="-112.8583520">
    <ele>699.0</ele>
    <time>2024-07-09T20:32:29Z</time>
   </trkpt>
   <trkpt lat="51.5139390" lon="-112.8584420">
    <ele>699.1</ele>
    <time>2024-07-09T20:32:30Z</time>
   </trkpt>
   <trkpt lat="51.5139940" lon="-112.8585350">
    <ele>699.2</ele>
    <time>2024-07-09T20:32:31Z</time>
   </trkpt>
   <trkpt lat="51.5140510" lon="-112.8586190">
    <ele>699.3</ele>
    <time>2024-07-09T20:32:32Z</time>
   </trkpt>
   <trkpt lat="51.5141030" lon="-112.8587140">
    <ele>699.4</ele>
    <time>2024-07-09T20:32:33Z</time>
   </trkpt>
   <trkpt lat="51.5141550" lon="-112.8588040">
    <ele>699.5</ele>
    <time>2024-07-09T20:32:34Z</time>
   </trkpt>
   <trkpt lat="51.5142120" lon="-112.8588860">
    <ele>699.6</ele>
    <time>2024-07-09T20:32:35Z</time>
   </trkpt>
   <trkpt lat="51.5142630" lon="-112.8589780">
    <ele>699.7</ele>
    <time>2024-07-09T20:32:36Z</time>
   </trkpt>
   <trkpt lat="51.5143190" lon="-112.8590630">
    <ele>699.8</ele>
    <time>2024-07-09T20:32:37Z</time>
   </trkpt>
   <trkpt lat="51.5143750" lon="-112.8591490">
    <ele>699.9</ele>
    <time>2024-07-09T20:32:38Z</time>
   </trkpt>
   <trkpt lat="51.5144290" lon="-112.8592430">
    <ele>700.0</ele>
    <time>2024-07-09T20:32:39Z</time>
   </trkpt>
   <trkpt lat="51.5144840" lon="-112.8593300">
    <ele>700.1</ele>
    <time>2024-07-09T20:32:40Z</time>
   </trkpt>
   <trkpt lat="51.5145370" lon="-112.8594200">
    <ele>700.2</ele>
    <time>2024-07-09T20:32:41Z</time>
   </trkpt>
   <trkpt lat="51.5145950" lon="-112.8595120">
    <ele>700.3</ele>
    <time>2024-07-09T20:32:42Z</time>
   </trkpt>
   <trkpt lat="51.5146510" lon="-112.8596010">
    <ele>700.4</ele>
    <time>2024-07-09T20:32:43Z</time>
   </trkpt>
   <trkpt lat="51.5147060" lon="-112.8596920">
    <ele>700.4</ele>
    <time>2024-07-09T20:32:44Z</time>
   </trkpt>
   <trkpt lat="51.5147610" lon="-112.8597780">
    <ele>700.5</ele>
    <time>2024-07-09T20:32:45Z</time>
   </trkpt>
   <trkpt lat="51.5148150" lon="-112.8598720">
    <ele>700.6</ele>
    <time>2024-07-09T20:32:46Z</time>
   </trkpt>
   <trkpt lat="51.5148700" lon="-112.8599560">
    <ele>700.7</ele>
    <time>2024-07-09T20:32:47Z</time>
   </trkpt>
   <trkpt lat="51.5149260" lon="-112.8600470">
    <ele>700.8</ele>
    <time>2024-07-09T20:32:48Z</time>
   </trkpt>
   <trkpt lat="51.5149800" lon="-112.8601300">
    <ele>700.9</ele>
    <time>2024-07-09T20:32:49Z</time>
   </trkpt>
   <trkpt lat="51.5150330" lon="-112.8602240">
    <ele>701.0</ele>
    <time>2024-07-09T20:32:50Z</time>
   </trkpt>
   <trkpt lat="51.5150870" lon="-112.8603120">
    <ele>701.1</ele>
    <time>2024-07-09T20:32:51Z</time>
   </trkpt>
   <trkpt lat="51.5151410" lon="-112.8604020">
    <ele>701.2</ele>
    <time>2024-07-09T20:32:52Z</time>
   </trkpt>
   <trkpt lat="51.5151970" lon="-112.8604870">
    <ele>701.2</ele>
    <time>2024-07-09T20:32:53Z</time>
   </trkpt>
   <trkpt lat="51.5152530" lon="-112.8605730">
    <ele>701.3</ele>
    <time>2024-07-09T20:32:54Z</time>
   </trkpt>
   <trkpt lat="51.5153070" lon="-112.8606630">
    <ele>701.4</ele>
    <time>2024-07-09T20:32:55Z</time>
   </trkpt>
   <trkpt lat="51.5153610" lon="-112.8607480">
    <ele>701.5</ele>
    <time>2024-07-09T20:32:56Z</time>
   </trkpt>
   <trkpt lat="51.5154140" lon="-112.8608360">
    <ele>701.6</ele>
    <time>2024-07-09T20:32:57Z</time>
   </trkpt>
   <trkpt lat="51.5154680" lon="-112.8609200">
    <ele>701.7</ele>
    <time>2024-07-09T20:32:58Z</time>
   </trkpt>
   <trkpt lat="51.5155220" lon="-112.8610120">
    <ele>701.8</ele>
    <time>2024-07-09T20:32:59Z</time>
   </trkpt>
   <trkpt lat="51.5155760" lon="-112.8610940">
    <ele>701.8</ele>
    <time>2024-07-09T20:33:00Z</time>
   </trkpt>
   <trkpt lat="51.5156300" lon="-112.8611850">
    <ele>701.9</ele>
    <time>2024-07-09T20:33:01Z</time>
   </trkpt>
   <trkpt lat="51.5156860" lon="-112.8612730">
    <ele>701.9</ele>
    <time>2024-07-09T20:33:02Z</time>
   </trkpt>
   <trkpt lat="51.5157390" lon="-112.8613620">
    <ele>702.0</ele>
    <time>2024-07-09T20:33:03Z</time>
   </trkpt>
   <trkpt lat="51.5157950" lon="-112.8614510">
    <ele>702.0</ele>
    <time>2024-07-09T20:33:04Z</time>
   </trkpt>
   <trkpt lat="51.5158490" lon="-112.8615400">
    <ele>702.0</ele>
    <time>2024-07-09T20:33:05Z</time>
   </trkpt>
   <trkpt lat="51.5159030" lon="-112.8616270">
    <ele>702.1</ele>
    <time>2024-07-09T20:33:06Z</time>
   </trkpt>
   <trkpt lat="51.5159560" lon="-112.8617160">
    <ele>702.1</ele>
    <time>2024-07-09T20:33:07Z</time>
   </trkpt>
   <trkpt lat="51.5160100" lon="-112.8618030">
    <ele>702.2</ele>
    <time>2024-07-09T20:33:08Z</time>
   </trkpt>
   <trkpt lat="51.5160620" lon="-112.8618920">
    <ele>702.2</ele>
    <time>2024-07-09T20:33:09Z</time>
   </trkpt>
   <trkpt lat="51.5161140" lon="-112.8619790">
    <ele>702.2</ele>
    <time>2024-07-09T20:33:10Z</time>
   </trkpt>
   <trkpt lat="51.5161710" lon="-112.8620660">
    <ele>702.3</ele>
    <time>2024-07-09T20:33:11Z</time>
   </trkpt>
   <trkpt lat="51.5162250" lon="-112.8621490">
    <ele>702.3</ele>
    <time>2024-07-09T20:33:12Z</time>
   </trkpt>
   <trkpt lat="51.5162780" lon="-112.8622380">
    <ele>702.3</ele>
    <time>2024-07-09T20:33:13Z</time>
   </trkpt>
   <trkpt lat="51.5163320" lon="-112.8623240">
    <ele>702.3</ele>
    <time>2024-07-09T20:33:14Z</time>
   </trkpt>
   <trkpt lat="51.5163850" lon="-112.8624110">
    <ele>702.4</ele>
    <time>2024-07-09T20:33:15Z</time>
   </trkpt>
   <trkpt lat="51.5164420" lon="-112.8625020">
    <ele>702.4</ele>
    <time>2024-07-09T20:33:16Z</time>
   </trkpt>
   <trkpt lat="51.5164930" lon="-112.8625880">
    <ele>702.4</ele>
    <time>2024-07-09T20:33:17Z</time>
   </trkpt>
   <trkpt lat="51.5165440" lon="-112.8626770">
    <ele>702.5</ele>
    <time>2024-07-09T20:33:18Z</time>
   </trkpt>
   <trkpt lat="51.5166000" lon="-112.8627650">
    <ele>702.5</ele>
    <time>2024-07-09T20:33:19Z</time>
   </trkpt>
   <trkpt lat="51.5166540" lon="-112.8628510">
    <ele>702.5</ele>
    <time>2024-07-09T20:33:20Z</time>
   </trkpt>
   <trkpt lat="51.5167080" lon="-112.8629330">
    <ele>702.5</ele>
    <time>2024-07-09T20:33:21Z</time>
   </trkpt>
   <trkpt lat="51.5167650" lon="-112.8630160">
    <ele>702.5</ele>
    <time>2024-07-09T20:33:22Z</time>
   </trkpt>
   <trkpt lat="51.5168220" lon="-112.8630990">
    <ele>702.5</ele>
    <time>2024-07-09T20:33:23Z</time>
   </trkpt>
   <trkpt lat="51.5168770" lon="-112.8631820">
    <ele>702.5</ele>
    <time>2024-07-09T20:33:24Z</time>
   </trkpt>
   <trkpt lat="51.5169430" lon="-112.8632550">
    <ele>702.5</ele>
    <time>2024-07-09T20:33:25Z</time>
   </trkpt>
   <trkpt lat="51.5170000" lon="-112.8633370">
    <ele>702.5</ele>
    <time>2024-07-09T20:33:26Z</time>
   </trkpt>
   <trkpt lat="51.5170590" lon="-112.8634190">
    <ele>702.5</ele>
    <time>2024-07-09T20:33:27Z</time>
   </trkpt>
   <trkpt lat="51.5171200" lon="-112.8635000">
    <ele>702.5</ele>
    <time>2024-07-09T20:33:28Z</time>
   </trkpt>
   <trkpt lat="51.5171820" lon="-112.8635750">
    <ele>702.5</ele>
    <time>2024-07-09T20:33:29Z</time>
   </trkpt>
   <trkpt lat="51.5172470" lon="-112.8636520">
    <ele>702.5</ele>
    <time>2024-07-09T20:33:30Z</time>
   </trkpt>
   <trkpt lat="51.5173090" lon="-112.8637280">
    <ele>702.5</ele>
    <time>2024-07-09T20:33:31Z</time>
   </trkpt>
   <trkpt lat="51.5173750" lon="-112.8638020">
    <ele>702.6</ele>
    <time>2024-07-09T20:33:32Z</time>
   </trkpt>
   <trkpt lat="51.5174380" lon="-112.8638780">
    <ele>702.7</ele>
    <time>2024-07-09T20:33:33Z</time>
   </trkpt>
   <trkpt lat="51.5175030" lon="-112.8639470">
    <ele>702.7</ele>
    <time>2024-07-09T20:33:34Z</time>
   </trkpt>
   <trkpt lat="51.5175700" lon="-112.8640190">
    <ele>702.7</ele>
    <time>2024-07-09T20:33:35Z</time>
   </trkpt>
   <trkpt lat="51.5176360" lon="-112.8640910">
    <ele>702.8</ele>
    <time>2024-07-09T20:33:36Z</time>
   </trkpt>
   <trkpt lat="51.5177050" lon="-112.8641520">
    <ele>702.8</ele>
    <time>2024-07-09T20:33:37Z</time>
   </trkpt>
   <trkpt lat="51.5177710" lon="-112.8642220">
    <ele>702.9</ele>
    <time>2024-07-09T20:33:38Z</time>
   </trkpt>
   <trkpt lat="51.5178330" lon="-112.8642950">
    <ele>703.0</ele>
    <time>2024-07-09T20:33:39Z</time>
   </trkpt>
   <trkpt lat="51.5179050" lon="-112.8643450">
    <ele>703.1</ele>
    <time>2024-07-09T20:33:40Z</time>
   </trkpt>
   <trkpt lat="51.5179730" lon="-112.8644080">
    <ele>703.3</ele>
    <time>2024-07-09T20:33:41Z</time>
   </trkpt>
   <trkpt lat="51.5180400" lon="-112.8644640">
    <ele>703.4</ele>
    <time>2024-07-09T20:33:42Z</time>
   </trkpt>
   <trkpt lat="51.5181050" lon="-112.8645190">
    <ele>703.6</ele>
    <time>2024-07-09T20:33:43Z</time>
   </trkpt>
   <trkpt lat="51.5181690" lon="-112.8645770">
    <ele>703.7</ele>
    <time>2024-07-09T20:33:44Z</time>
   </trkpt>
   <trkpt lat="51.5182350" lon="-112.8646210">
    <ele>703.9</ele>
    <time>2024-07-09T20:33:45Z</time>
   </trkpt>
   <trkpt lat="51.5182930" lon="-112.8646890">
    <ele>704.2</ele>
    <time>2024-07-09T20:33:46Z</time>
   </trkpt>
   <trkpt lat="51.5183610" lon="-112.8647330">
    <ele>704.4</ele>
    <time>2024-07-09T20:33:47Z</time>
   </trkpt>
   <trkpt lat="51.5184320" lon="-112.8647750">
    <ele>704.6</ele>
    <time>2024-07-09T20:33:48Z</time>
   </trkpt>
   <trkpt lat="51.5184980" lon="-112.8648140">
    <ele>704.9</ele>
    <time>2024-07-09T20:33:49Z</time>
   </trkpt>
   <trkpt lat="51.5185650" lon="-112.8648620">
    <ele>705.1</ele>
    <time>2024-07-09T20:33:50Z</time>
   </trkpt>
   <trkpt lat="51.5186300" lon="-112.8649020">
    <ele>705.4</ele>
    <time>2024-07-09T20:33:51Z</time>
   </trkpt>
   <trkpt lat="51.5186930" lon="-112.8649430">
    <ele>705.7</ele>
    <time>2024-07-09T20:33:52Z</time>
   </trkpt>
   <trkpt lat="51.5187560" lon="-112.8649780">
    <ele>706.0</ele>
    <time>2024-07-09T20:33:53Z</time>
   </trkpt>
   <trkpt lat="51.5188200" lon="-112.8650120">
    <ele>706.3</ele>
    <time>2024-07-09T20:33:54Z</time>
   </trkpt>
   <trkpt lat="51.5188840" lon="-112.8650430">
    <ele>706.6</ele>
    <time>2024-07-09T20:33:55Z</time>
   </trkpt>
   <trkpt lat="51.5189430" lon="-112.8650780">
    <ele>706.9</ele>
    <time>2024-07-09T20:33:56Z</time>
   </trkpt>
   <trkpt lat="51.5190060" lon="-112.8651040">
    <ele>707.2</ele>
    <time>2024-07-09T20:33:57Z</time>
   </trkpt>
   <trkpt lat="51.5190610" lon="-112.8651310">
    <ele>707.5</ele>
    <time>2024-07-09T20:33:58Z</time>
   </trkpt>
   <trkpt lat="51.5191170" lon="-112.8651590">
    <ele>707.8</ele>
    <time>2024-07-09T20:33:59Z</time>
   </trkpt>
   <trkpt lat="51.5191720" lon="-112.8651800">
    <ele>708.1</ele>
    <time>2024-07-09T20:34:00Z</time>
   </trkpt>
   <trkpt lat="51.5192260" lon="-112.8652020">
    <ele>708.4</ele>
    <time>2024-07-09T20:34:01Z</time>
   </trkpt>
   <trkpt lat="51.5192840" lon="-112.8652250">
    <ele>708.7</ele>
    <time>2024-07-09T20:34:02Z</time>
   </trkpt>
   <trkpt lat="51.5193350" lon="-112.8652450">
    <ele>709.0</ele>
    <time>2024-07-09T20:34:03Z</time>
   </trkpt>
   <trkpt lat="51.5193870" lon="-112.8652640">
    <ele>709.3</ele>
    <time>2024-07-09T20:34:04Z</time>
   </trkpt>
   <trkpt lat="51.5194390" lon="-112.8652840">
    <ele>709.6</ele>
    <time>2024-07-09T20:34:05Z</time>
   </trkpt>
   <trkpt lat="51.5194900" lon="-112.8653050">
    <ele>709.9</ele>
    <time>2024-07-09T20:34:06Z</time>
   </trkpt>
   <trkpt lat="51.5195420" lon="-112.8653210">
    <ele>710.3</ele>
    <time>2024-07-09T20:34:07Z</time>
   </trkpt>
   <trkpt lat="51.5195950" lon="-112.8653370">
    <ele>710.6</ele>
    <time>2024-07-09T20:34:08Z</time>
   </trkpt>
   <trkpt lat="51.5196440" lon="-112.8653510">
    <ele>710.9</ele>
    <time>2024-07-09T20:34:09Z</time>
   </trkpt>
   <trkpt lat="51.5196920" lon="-112.8653630">
    <ele>711.3</ele>
    <time>2024-07-09T20:34:10Z</time>
   </trkpt>
   <trkpt lat="51.5197340" lon="-112.8653850">
    <ele>711.5</ele>
    <time>2024-07-09T20:34:11Z</time>
   </trkpt>
   <trkpt lat="51.5197820" lon="-112.8653900">
    <ele>711.9</ele>
    <time>2024-07-09T20:34:12Z</time>
   </trkpt>
   <trkpt lat="51.5198310" lon="-112.8654040">
    <ele>712.2</ele>
    <time>2024-07-09T20:34:13Z</time>
   </trkpt>
   <trkpt lat="51.5198710" lon="-112.8654160">
    <ele>712.5</ele>
    <time>2024-07-09T20:34:14Z</time>
   </trkpt>
   <trkpt lat="51.5199210" lon="-112.8654230">
    <ele>712.8</ele>
    <time>2024-07-09T20:34:15Z</time>
   </trkpt>
   <trkpt lat="51.5199640" lon="-112.8654260">
    <ele>713.1</ele>
    <time>2024-07-09T20:34:16Z</time>
   </trkpt>
   <trkpt lat="51.5200050" lon="-112.8654360">
    <ele>713.4</ele>
    <time>2024-07-09T20:34:17Z</time>
   </trkpt>
   <trkpt lat="51.5200440" lon="-112.8654420">
    <ele>713.7</ele>
    <time>2024-07-09T20:34:18Z</time>
   </trkpt>
   <trkpt lat="51.5200830" lon="-112.8654470">
    <ele>714.0</ele>
    <time>2024-07-09T20:34:19Z</time>
   </trkpt>
   <trkpt lat="51.5201230" lon="-112.8654550">
    <ele>714.3</ele>
    <time>2024-07-09T20:34:20Z</time>
   </trkpt>
   <trkpt lat="51.5201630" lon="-112.8654520">
    <ele>714.6</ele>
    <time>2024-07-09T20:34:21Z</time>
   </trkpt>
   <trkpt lat="51.5201980" lon="-112.8654600">
    <ele>714.9</ele>
    <time>2024-07-09T20:34:22Z</time>
   </trkpt>
   <trkpt lat="51.5202340" lon="-112.8654710">
    <ele>715.2</ele>
    <time>2024-07-09T20:34:23Z</time>
   </trkpt>
   <trkpt lat="51.5202690" lon="-112.8654740">
    <ele>715.5</ele>
    <time>2024-07-09T20:34:24Z</time>
   </trkpt>
   <trkpt lat="51.5203050" lon="-112.8654730">
    <ele>715.7</ele>
    <time>2024-07-09T20:34:25Z</time>
   </trkpt>
   <trkpt lat="51.5203400" lon="-112.8654770">
    <ele>716.0</ele>
    <time>2024-07-09T20:34:26Z</time>
   </trkpt>
   <trkpt lat="51.5203660" lon="-112.8655120">
    <ele>716.3</ele>
    <time>2024-07-09T20:34:27Z</time>
   </trkpt>
   <trkpt lat="51.5204060" lon="-112.8654920">
    <ele>716.7</ele>
    <time>2024-07-09T20:34:28Z</time>
   </trkpt>
   <trkpt lat="51.5204370" lon="-112.8654940">
    <ele>716.9</ele>
    <time>2024-07-09T20:34:29Z</time>
   </trkpt>
   <trkpt lat="51.5204660" lon="-112.8655000">
    <ele>717.2</ele>
    <time>2024-07-09T20:34:30Z</time>
   </trkpt>
   <trkpt lat="51.5204940" lon="-112.8655010">
    <ele>717.4</ele>
    <time>2024-07-09T20:34:31Z</time>
   </trkpt>
   <trkpt lat="51.5205250" lon="-112.8655020">
    <ele>717.7</ele>
    <time>2024-07-09T20:34:32Z</time>
   </trkpt>
   <trkpt lat="51.5205590" lon="-112.8655050">
    <ele>718.0</ele>
    <time>2024-07-09T20:34:33Z</time>
   </trkpt>
   <trkpt lat="51.5205930" lon="-112.8655000">
    <ele>718.3</ele>
    <time>2024-07-09T20:34:34Z</time>
   </trkpt>
   <trkpt lat="51.5206290" lon="-112.8655030">
    <ele>718.6</ele>
    <time>2024-07-09T20:34:35Z</time>
   </trkpt>
   <trkpt lat="51.5206670" lon="-112.8655010">
    <ele>718.9</ele>
    <time>2024-07-09T20:34:36Z</time>
   </trkpt>
   <trkpt lat="51.5207030" lon="-112.8655020">
    <ele>719.2</ele>
    <time>2024-07-09T20:34:37Z</time>
   </trkpt>
   <trkpt lat="51.5207400" lon="-112.8655060">
    <ele>719.5</ele>
    <time>2024-07-09T20:34:38Z</time>
   </trkpt>
   <trkpt lat="51.5207820" lon="-112.8654810">
    <ele>719.9</ele>
    <time>2024-07-09T20:34:39Z</time>
   </trkpt>
   <trkpt lat="51.5208100" lon="-112.8655010">
    <ele>720.2</ele>
    <time>2024-07-09T20:34:40Z</time>
   </trkpt>
   <trkpt lat="51.5208420" lon="-112.8655040">
    <ele>720.5</ele>
    <time>2024-07-09T20:34:41Z</time>
   </trkpt>
   <trkpt lat="51.5208720" lon="-112.8655140">
    <ele>720.8</ele>
    <time>2024-07-09T20:34:42Z</time>
   </trkpt>
   <trkpt lat="51.5209010" lon="-112.8655070">
    <ele>721.1</ele>
    <time>2024-07-09T20:34:43Z</time>
   </trkpt>
   <trkpt lat="51.5209280" lon="-112.8655080">
    <ele>721.3</ele>
    <time>2024-07-09T20:34:44Z</time>
   </trkpt>
   <trkpt lat="51.5209590" lon="-112.8655000">
    <ele>721.6</ele>
    <time>2024-07-09T20:34:45Z</time>
   </trkpt>
   <trkpt lat="51.5210000" lon="-112.8654960">
    <ele>722.0</ele>
    <time>2024-07-09T20:34:46Z</time>
   </trkpt>
   <trkpt lat="51.5210170" lon="-112.8654950">
    <ele>722.2</ele>
    <time>2024-07-09T20:34:47Z</time>
   </trkpt>
   <trkpt lat="51.5210480" lon="-112.8654860">
    <ele>722.5</ele>
    <time>2024-07-09T20:34:48Z</time>
   </trkpt>
   <trkpt lat="51.5210790" lon="-112.8654850">
    <ele>722.7</ele>
    <time>2024-07-09T20:34:49Z</time>
   </trkpt>
   <trkpt lat="51.5211060" lon="-112.8654890">
    <ele>723.0</ele>
    <time>2024-07-09T20:34:50Z</time>
   </trkpt>
   <trkpt lat="51.5211370" lon="-112.8654750">
    <ele>723.3</ele>
    <time>2024-07-09T20:34:51Z</time>
   </trkpt>
   <trkpt lat="51.5211680" lon="-112.8654640">
    <ele>723.6</ele>
    <time>2024-07-09T20:34:52Z</time>
   </trkpt>
   <trkpt lat="51.5211900" lon="-112.8654810">
    <ele>723.8</ele>
    <time>2024-07-09T20:34:53Z</time>
   </trkpt>
   <trkpt lat="51.5212080" lon="-112.8654810">
    <ele>723.9</ele>
    <time>2024-07-09T20:34:54Z</time>
   </trkpt>
   <trkpt lat="51.5212180" lon="-112.8654800">
    <ele>724.0</ele>
    <time>2024-07-09T20:34:55Z</time>
   </trkpt>
   <trkpt lat="51.5212430" lon="-112.8654780">
    <ele>724.3</ele>
    <time>2024-07-09T20:34:56Z</time>
   </trkpt>
   <trkpt lat="51.5212720" lon="-112.8654780">
    <ele>724.5</ele>
    <time>2024-07-09T20:34:57Z</time>
   </trkpt>
   <trkpt lat="51.5213190" lon="-112.8654680">
    <ele>724.9</ele>
    <time>2024-07-09T20:34:58Z</time>
   </trkpt>
   <trkpt lat="51.5213430" lon="-112.8654660">
    <ele>725.2</ele>
    <time>2024-07-09T20:34:59Z</time>
   </trkpt>
   <trkpt lat="51.5213800" lon="-112.8654670">
    <ele>725.5</ele>
    <time>2024-07-09T20:35:00Z</time>
   </trkpt>
   <trkpt lat="51.5213930" lon="-112.8654640">
    <ele>725.6</ele>
    <time>2024-07-09T20:35:01Z</time>
   </trkpt>
   <trkpt lat="51.5214210" lon="-112.8654520">
    <ele>725.9</ele>
    <time>2024-07-09T20:35:02Z</time>
   </trkpt>
   <trkpt lat="51.5214490" lon="-112.8654490">
    <ele>726.1</ele>
    <time>2024-07-09T20:35:03Z</time>
   </trkpt>
   <trkpt lat="51.5214780" lon="-112.8654490">
    <ele>726.4</ele>
    <time>2024-07-09T20:35:04Z</time>
   </trkpt>
   <trkpt lat="51.5215190" lon="-112.8654440">
    <ele>726.8</ele>
    <time>2024-07-09T20:35:05Z</time>
   </trkpt>
   <trkpt lat="51.5215330" lon="-112.8654420">
    <ele>726.9</ele>
    <time>2024-07-09T20:35:06Z</time>
   </trkpt>
   <trkpt lat="51.5215750" lon="-112.8654350">
    <ele>727.3</ele>
    <time>2024-07-09T20:35:07Z</time>
   </trkpt>
   <trkpt lat="51.5215890" lon="-112.8654310">
    <ele>727.4</ele>
    <time>2024-07-09T20:35:08Z</time>
   </trkpt>
   <trkpt lat="51.5216160" lon="-112.8654270">
    <ele>727.6</ele>
    <time>2024-07-09T20:35:09Z</time>
   </trkpt>
   <trkpt lat="51.5216440" lon="-112.8654180">
    <ele>727.9</ele>
    <time>2024-07-09T20:35:10Z</time>
   </trkpt>
   <trkpt lat="51.5216840" lon="-112.8654150">
    <ele>728.2</ele>
    <time>2024-07-09T20:35:11Z</time>
   </trkpt>
   <trkpt lat="51.5216990" lon="-112.8654120">
    <ele>728.4</ele>
    <time>2024-07-09T20:35:12Z</time>
   </trkpt>
   <trkpt lat="51.5217350" lon="-112.8654080">
    <ele>728.7</ele>
    <time>2024-07-09T20:35:13Z</time>
   </trkpt>
   <trkpt lat="51.5217480" lon="-112.8654090">
    <ele>728.8</ele>
    <time>2024-07-09T20:35:14Z</time>
   </trkpt>
   <trkpt lat="51.5217760" lon="-112.8654020">
    <ele>729.1</ele>
    <time>2024-07-09T20:35:15Z</time>
   </trkpt>
   <trkpt lat="51.5218160" lon="-112.8653990">
    <ele>729.4</ele>
    <time>2024-07-09T20:35:16Z</time>
   </trkpt>
   <trkpt lat="51.5218300" lon="-112.8653960">
    <ele>729.6</ele>
    <time>2024-07-09T20:35:17Z</time>
   </trkpt>
   <trkpt lat="51.5218700" lon="-112.8653900">
    <ele>729.9</ele>
    <time>2024-07-09T20:35:18Z</time>
   </trkpt>
   <trkpt lat="51.5218830" lon="-112.8653880">
    <ele>730.0</ele>
    <time>2024-07-09T20:35:19Z</time>
   </trkpt>
   <trkpt lat="51.5219120" lon="-112.8653810">
    <ele>730.3</ele>
    <time>2024-07-09T20:35:20Z</time>
   </trkpt>
   <trkpt lat="51.5219480" lon="-112.8653740">
    <ele>730.6</ele>
    <time>2024-07-09T20:35:21Z</time>
   </trkpt>
   <trkpt lat="51.5219630" lon="-112.8653700">
    <ele>730.7</ele>
    <time>2024-07-09T20:35:22Z</time>
   </trkpt>
   <trkpt lat="51.5220000" lon="-112.8653730">
    <ele>731.1</ele>
    <time>2024-07-09T20:35:23Z</time>
   </trkpt>
   <trkpt lat="51.5220110" lon="-112.8653720">
    <ele>731.1</ele>
    <time>2024-07-09T20:35:24Z</time>
   </trkpt>
   <trkpt lat="51.5220460" lon="-112.8653670">
    <ele>731.5</ele>
    <time>2024-07-09T20:35:25Z</time>
   </trkpt>
   <trkpt lat="51.5220570" lon="-112.8653650">
    <ele>731.5</ele>
    <time>2024-07-09T20:35:26Z</time>
   </trkpt>
   <trkpt lat="51.5220930" lon="-112.8653600">
    <ele>731.9</ele>
    <time>2024-07-09T20:35:27Z</time>
   </trkpt>
   <trkpt lat="51.5221040" lon="-112.8653590">
    <ele>732.0</ele>
    <time>2024-07-09T20:35:28Z</time>
   </trkpt>
   <trkpt lat="51.5221430" lon="-112.8653520">
    <ele>732.3</ele>
    <time>2024-07-09T20:35:29Z</time>
   </trkpt>
   <trkpt lat="51.5221550" lon="-112.8653500">
    <ele>732.4</ele>
    <time>2024-07-09T20:35:30Z</time>
   </trkpt>
   <trkpt lat="51.5221910" lon="-112.8653420">
    <ele>732.7</ele>
    <time>2024-07-09T20:35:31Z</time>
   </trkpt>
   <trkpt lat="51.5222030" lon="-112.8653390">
    <ele>732.8</ele>
    <time>2024-07-09T20:35:32Z</time>
   </trkpt>
   <trkpt lat="51.5222420" lon="-112.8653280">
    <ele>733.2</ele>
    <time>2024-07-09T20:35:33Z</time>
   </trkpt>
   <trkpt lat="51.5222550" lon="-112.8653260">
    <ele>733.3</ele>
    <time>2024-07-09T20:35:34Z</time>
   </trkpt>
   <trkpt lat="51.5222900" lon="-112.8653260">
    <ele>733.6</ele>
    <time>2024-07-09T20:35:35Z</time>
   </trkpt>
   <trkpt lat="51.5223040" lon="-112.8653190">
    <ele>733.7</ele>
    <time>2024-07-09T20:35:36Z</time>
   </trkpt>
   <trkpt lat="51.5223400" lon="-112.8653130">
    <ele>734.0</ele>
    <time>2024-07-09T20:35:37Z</time>
   </trkpt>
   <trkpt lat="51.5223520" lon="-112.8653090">
    <ele>734.1</ele>
    <time>2024-07-09T20:35:38Z</time>
   </trkpt>
   <trkpt lat="51.5223880" lon="-112.8653090">
    <ele>734.4</ele>
    <time>2024-07-09T20:35:39Z</time>
   </trkpt>
   <trkpt lat="51.5223990" lon="-112.8653090">
    <ele>734.5</ele>
    <time>2024-07-09T20:35:40Z</time>
   </trkpt>
   <trkpt lat="51.5224350" lon="-112.8653030">
    <ele>734.8</ele>
    <time>2024-07-09T20:35:41Z</time>
   </trkpt>
   <trkpt lat="51.5224470" lon="-112.8653020">
    <ele>734.9</ele>
    <time>2024-07-09T20:35:42Z</time>
   </trkpt>
   <trkpt lat="51.5224800" lon="-112.8652880">
    <ele>735.2</ele>
    <time>2024-07-09T20:35:43Z</time>
   </trkpt>
   <trkpt lat="51.5224890" lon="-112.8652880">
    <ele>735.3</ele>
    <time>2024-07-09T20:35:44Z</time>
   </trkpt>
   <trkpt lat="51.5225230" lon="-112.8652940">
    <ele>735.5</ele>
    <time>2024-07-09T20:35:45Z</time>
   </trkpt>
   <trkpt lat="51.5225340" lon="-112.8652970">
    <ele>735.6</ele>
    <time>2024-07-09T20:35:46Z</time>
   </trkpt>
   <trkpt lat="51.5225680" lon="-112.8652880">
    <ele>735.9</ele>
    <time>2024-07-09T20:35:47Z</time>
   </trkpt>
   <trkpt lat="51.5225800" lon="-112.8652860">
    <ele>736.0</ele>
    <time>2024-07-09T20:35:48Z</time>
   </trkpt>
   <trkpt lat="51.5226160" lon="-112.8652730">
    <ele>736.3</ele>
    <time>2024-07-09T20:35:49Z</time>
   </trkpt>
   <trkpt lat="51.5226280" lon="-112.8652670">
    <ele>736.4</ele>
    <time>2024-07-09T20:35:50Z</time>
   </trkpt>
   <trkpt lat="51.5226630" lon="-112.8652650">
    <ele>736.7</ele>
    <time>2024-07-09T20:35:51Z</time>
   </trkpt>
   <trkpt lat="51.5226740" lon="-112.8652640">
    <ele>736.8</ele>
    <time>2024-07-09T20:35:52Z</time>
   </trkpt>
   <trkpt lat="51.5227070" lon="-112.8652600">
    <ele>737.1</ele>
    <time>2024-07-09T20:35:53Z</time>
   </trkpt>
   <trkpt lat="51.5227170" lon="-112.8652600">
    <ele>737.2</ele>
    <time>2024-07-09T20:35:54Z</time>
   </trkpt>
   <trkpt lat="51.5227490" lon="-112.8652500">
    <ele>737.4</ele>
    <time>2024-07-09T20:35:55Z</time>
   </trkpt>
   <trkpt lat="51.5227600" lon="-112.8652460">
    <ele>737.5</ele>
    <time>2024-07-09T20:35:56Z</time>
   </trkpt>
   <trkpt lat="51.5227900" lon="-112.8652500">
    <ele>737.8</ele>
    <time>2024-07-09T20:35:57Z</time>
   </trkpt>
   <trkpt lat="51.5228000" lon="-112.8652500">
    <ele>737.9</ele>
    <time>2024-07-09T20:35:58Z</time>
   </trkpt>
   <trkpt lat="51.5228350" lon="-112.8652440">
    <ele>738.2</ele>
    <time>2024-07-09T20:35:59Z</time>
   </trkpt>
   <trkpt lat="51.5228470" lon="-112.8652420">
    <ele>738.3</ele>
    <time>2024-07-09T20:36:00Z</time>
   </trkpt>
   <trkpt lat="51.5228790" lon="-112.8652480">
    <ele>738.6</ele>
    <time>2024-07-09T20:36:01Z</time>
   </trkpt>
   <trkpt lat="51.5228920" lon="-112.8652420">
    <ele>738.7</ele>
    <time>2024-07-09T20:36:02Z</time>
   </trkpt>
   <trkpt lat="51.5229240" lon="-112.8652380">
    <ele>739.0</ele>
    <time>2024-07-09T20:36:03Z</time>
   </trkpt>
   <trkpt lat="51.5229350" lon="-112.8652380">
    <ele>739.1</ele>
    <time>2024-07-09T20:36:04Z</time>
   </trkpt>
   <trkpt lat="51.5229680" lon="-112.8652320">
    <ele>739.3</ele>
    <time>2024-07-09T20:36:05Z</time>
   </trkpt>
   <trkpt lat="51.5229780" lon="-112.8652290">
    <ele>739.4</ele>
    <time>2024-07-09T20:36:06Z</time>
   </trkpt>
   <trkpt lat="51.5230130" lon="-112.8652180">
    <ele>739.8</ele>
    <time>2024-07-09T20:36:07Z</time>
   </trkpt>
   <trkpt lat="51.5230250" lon="-112.8652160">
    <ele>739.9</ele>
    <time>2024-07-09T20:36:08Z</time>
   </trkpt>
   <trkpt lat="51.5230540" lon="-112.8652140">
    <ele>740.1</ele>
    <time>2024-07-09T20:36:09Z</time>
   </trkpt>
   <trkpt lat="51.5230640" lon="-112.8652130">
    <ele>740.2</ele>
    <time>2024-07-09T20:36:10Z</time>
   </trkpt>
   <trkpt lat="51.5231030" lon="-112.8651920">
    <ele>740.6</ele>
    <time>2024-07-09T20:36:11Z</time>
   </trkpt>
   <trkpt lat="51.5231180" lon="-112.8651790">
    <ele>740.7</ele>
    <time>2024-07-09T20:36:12Z</time>
   </trkpt>
   <trkpt lat="51.5231500" lon="-112.8651820">
    <ele>741.0</ele>
    <time>2024-07-09T20:36:13Z</time>
   </trkpt>
   <trkpt lat="51.5231620" lon="-112.8651860">
    <ele>741.1</ele>
    <time>2024-07-09T20:36:14Z</time>
   </trkpt>
   <trkpt lat="51.5232020" lon="-112.8651850">
    <ele>741.5</ele>
    <time>2024-07-09T20:36:15Z</time>
   </trkpt>
   <trkpt lat="51.5232170" lon="-112.8651770">
    <ele>741.6</ele>
    <time>2024-07-09T20:36:16Z</time>
   </trkpt>
   <trkpt lat="51.5232600" lon="-112.8651730">
    <ele>742.0</ele>
    <time>2024-07-09T20:36:17Z</time>
   </trkpt>
   <trkpt lat="51.5232760" lon="-112.8651760">
    <ele>742.1</ele>
    <time>2024-07-09T20:36:18Z</time>
   </trkpt>
   <trkpt lat="51.5233110" lon="-112.8651730">
    <ele>742.4</ele>
    <time>2024-07-09T20:36:19Z</time>
   </trkpt>
   <trkpt lat="51.5233440" lon="-112.8651750">
    <ele>742.7</ele>
    <time>2024-07-09T20:36:20Z</time>
   </trkpt>
   <trkpt lat="51.5233760" lon="-112.8651700">
    <ele>742.9</ele>
    <time>2024-07-09T20:36:21Z</time>
   </trkpt>
   <trkpt lat="51.5234080" lon="-112.8651600">
    <ele>743.2</ele>
    <time>2024-07-09T20:36:22Z</time>
   </trkpt>
   <trkpt lat="51.5234410" lon="-112.8651530">
    <ele>743.5</ele>
    <time>2024-07-09T20:36:23Z</time>
   </trkpt>
   <trkpt lat="51.5234730" lon="-112.8651440">
    <ele>743.7</ele>
    <time>2024-07-09T20:36:24Z</time>
   </trkpt>
   <trkpt lat="51.5235040" lon="-112.8651440">
    <ele>744.0</ele>
    <time>2024-07-09T20:36:25Z</time>
   </trkpt>
   <trkpt lat="51.5235360" lon="-112.8651370">
    <ele>744.2</ele>
    <time>2024-07-09T20:36:26Z</time>
   </trkpt>
   <trkpt lat="51.5235780" lon="-112.8651410">
    <ele>744.5</ele>
    <time>2024-07-09T20:36:27Z</time>
   </trkpt>
   <trkpt lat="51.5235940" lon="-112.8651380">
    <ele>744.7</ele>
    <time>2024-07-09T20:36:28Z</time>
   </trkpt>
   <trkpt lat="51.5236290" lon="-112.8651110">
    <ele>745.0</ele>
    <time>2024-07-09T20:36:29Z</time>
   </trkpt>
   <trkpt lat="51.5236560" lon="-112.8651000">
    <ele>745.2</ele>
    <time>2024-07-09T20:36:30Z</time>
   </trkpt>
   <trkpt lat="51.5236850" lon="-112.8651120">
    <ele>745.4</ele>
    <time>2024-07-09T20:36:31Z</time>
   </trkpt>
   <trkpt lat="51.5237130" lon="-112.8651170">
    <ele>745.7</ele>
    <time>2024-07-09T20:36:32Z</time>
   </trkpt>
   <trkpt lat="51.5237400" lon="-112.8651050">
    <ele>745.9</ele>
    <time>2024-07-09T20:36:33Z</time>
   </trkpt>
   <trkpt lat="51.5237710" lon="-112.8650960">
    <ele>746.2</ele>
    <time>2024-07-09T20:36:34Z</time>
   </trkpt>
   <trkpt lat="51.5237990" lon="-112.8650940">
    <ele>746.4</ele>
    <time>2024-07-09T20:36:35Z</time>
   </trkpt>
   <trkpt lat="51.5238390" lon="-112.8650990">
    <ele>746.7</ele>
    <time>2024-07-09T20:36:36Z</time>
   </trkpt>
   <trkpt lat="51.5238540" lon="-112.8650960">
    <ele>746.9</ele>
    <time>2024-07-09T20:36:37Z</time>
   </trkpt>
   <trkpt lat="51.5238800" lon="-112.8650880">
    <ele>747.1</ele>
    <time>2024-07-09T20:36:38Z</time>
   </trkpt>
   <trkpt lat="51.5239180" lon="-112.8650830">
    <ele>747.4</ele>
    <time>2024-07-09T20:36:39Z</time>
   </trkpt>
   <trkpt lat="51.5239320" lon="-112.8650800">
    <ele>747.6</ele>
    <time>2024-07-09T20:36:40Z</time>
   </trkpt>
   <trkpt lat="51.5239660" lon="-112.8650810">
    <ele>747.8</ele>
    <time>2024-07-09T20:36:41Z</time>
   </trkpt>
   <trkpt lat="51.5239770" lon="-112.8650800">
    <ele>747.9</ele>
    <time>2024-07-09T20:36:42Z</time>
   </trkpt>
   <trkpt lat="51.5240110" lon="-112.8650570">
    <ele>748.3</ele>
    <time>2024-07-09T20:36:43Z</time>
   </trkpt>
   <trkpt lat="51.5240230" lon="-112.8650460">
    <ele>748.4</ele>
    <time>2024-07-09T20:36:44Z</time>
   </trkpt>
   <trkpt lat="51.5240600" lon="-112.8650570">
    <ele>748.7</ele>
    <time>2024-07-09T20:36:45Z</time>
   </trkpt>
   <trkpt lat="51.5240730" lon="-112.8650550">
    <ele>748.8</ele>
    <time>2024-07-09T20:36:46Z</time>
   </trkpt>
   <trkpt lat="51.5241030" lon="-112.8650530">
    <ele>749.1</ele>
    <time>2024-07-09T20:36:47Z</time>
   </trkpt>
   <trkpt lat="51.5241310" lon="-112.8650530">
    <ele>749.3</ele>
    <time>2024-07-09T20:36:48Z</time>
   </trkpt>
   <trkpt lat="51.5241610" lon="-112.8650490">
    <ele>749.6</ele>
    <time>2024-07-09T20:36:49Z</time>
   </trkpt>
   <trkpt lat="51.5241890" lon="-112.8650440">
    <ele>749.8</ele>
    <time>2024-07-09T20:36:50Z</time>
   </trkpt>
   <trkpt lat="51.5242230" lon="-112.8650310">
    <ele>750.1</ele>
    <time>2024-07-09T20:36:51Z</time>
   </trkpt>
   <trkpt lat="51.5242520" lon="-112.8650390">
    <ele>750.3</ele>
    <time>2024-07-09T20:36:52Z</time>
   </trkpt>
   <trkpt lat="51.5242830" lon="-112.8650310">
    <ele>750.6</ele>
    <time>2024-07-09T20:36:53Z</time>
   </trkpt>
   <trkpt lat="51.5243130" lon="-112.8650250">
    <ele>750.8</ele>
    <time>2024-07-09T20:36:54Z</time>
   </trkpt>
   <trkpt lat="51.5243460" lon="-112.8650190">
    <ele>751.1</ele>
    <time>2024-07-09T20:36:55Z</time>
   </trkpt>
   <trkpt lat="51.5243810" lon="-112.8650100">
    <ele>751.4</ele>
    <time>2024-07-09T20:36:56Z</time>
   </trkpt>
   <trkpt lat="51.5244100" lon="-112.8650080">
    <ele>751.6</ele>
    <time>2024-07-09T20:36:57Z</time>
   </trkpt>
   <trkpt lat="51.5244440" lon="-112.8650020">
    <ele>751.9</ele>
    <time>2024-07-09T20:36:58Z</time>
   </trkpt>
   <trkpt lat="51.5244730" lon="-112.8649970">
    <ele>752.1</ele>
    <time>2024-07-09T20:36:59Z</time>
   </trkpt>
   <trkpt lat="51.5245000" lon="-112.8649990">
    <ele>752.3</ele>
    <time>2024-07-09T20:37:00Z</time>
   </trkpt>
   <trkpt lat="51.5245300" lon="-112.8649910">
    <ele>752.6</ele>
    <time>2024-07-09T20:37:01Z</time>
   </trkpt>
   <trkpt lat="51.5245860" lon="-112.8649930">
    <ele>753.0</ele>
    <time>2024-07-09T20:37:02Z</time>
   </trkpt>
   <trkpt lat="51.5246280" lon="-112.8649850">
    <ele>753.3</ele>
    <time>2024-07-09T20:37:03Z</time>
   </trkpt>
   <trkpt lat="51.5246430" lon="-112.8649850">
    <ele>753.4</ele>
    <time>2024-07-09T20:37:04Z</time>
   </trkpt>
   <trkpt lat="51.5246740" lon="-112.8649780">
    <ele>753.7</ele>
    <time>2024-07-09T20:37:05Z</time>
   </trkpt>
   <trkpt lat="51.5247180" lon="-112.8649770">
    <ele>754.0</ele>
    <time>2024-07-09T20:37:06Z</time>
   </trkpt>
   <trkpt lat="51.5247360" lon="-112.8649850">
    <ele>754.1</ele>
    <time>2024-07-09T20:37:07Z</time>
   </trkpt>
   <trkpt lat="51.5247790" lon="-112.8649800">
    <ele>754.5</ele>
    <time>2024-07-09T20:37:08Z</time>
   </trkpt>
   <trkpt lat="51.5248160" lon="-112.8649590">
    <ele>754.8</ele>
    <time>2024-07-09T20:37:09Z</time>
   </trkpt>
   <trkpt lat="51.5248320" lon="-112.8649580">
    <ele>754.9</ele>
    <time>2024-07-09T20:37:10Z</time>
   </trkpt>
   <trkpt lat="51.5248660" lon="-112.8649510">
    <ele>755.2</ele>
    <time>2024-07-09T20:37:11Z</time>
   </trkpt>
   <trkpt lat="51.5248980" lon="-112.8649420">
    <ele>755.4</ele>
    <time>2024-07-09T20:37:12Z</time>
   </trkpt>
   <trkpt lat="51.5249300" lon="-112.8649340">
    <ele>755.6</ele>
    <time>2024-07-09T20:37:13Z</time>
   </trkpt>
   <trkpt lat="51.5249600" lon="-112.8649360">
    <ele>755.9</ele>
    <time>2024-07-09T20:37:14Z</time>
   </trkpt>
   <trkpt lat="51.5249920" lon="-112.8649310">
    <ele>756.1</ele>
    <time>2024-07-09T20:37:15Z</time>
   </trkpt>
   <trkpt lat="51.5250190" lon="-112.8649370">
    <ele>756.3</ele>
    <time>2024-07-09T20:37:16Z</time>
   </trkpt>
   <trkpt lat="51.5250490" lon="-112.8649290">
    <ele>756.5</ele>
    <time>2024-07-09T20:37:17Z</time>
   </trkpt>
   <trkpt lat="51.5250790" lon="-112.8649170">
    <ele>756.7</ele>
    <time>2024-07-09T20:37:18Z</time>
   </trkpt>
   <trkpt lat="51.5251060" lon="-112.8649130">
    <ele>756.9</ele>
    <time>2024-07-09T20:37:19Z</time>
   </trkpt>
   <trkpt lat="51.5251410" lon="-112.8649100">
    <ele>757.2</ele>
    <time>2024-07-09T20:37:20Z</time>
   </trkpt>
   <trkpt lat="51.5251530" lon="-112.8649090">
    <ele>757.3</ele>
    <time>2024-07-09T20:37:21Z</time>
   </trkpt>
   <trkpt lat="51.5251890" lon="-112.8648950">
    <ele>757.5</ele>
    <time>2024-07-09T20:37:22Z</time>
   </trkpt>
   <trkpt lat="51.5252010" lon="-112.8648900">
    <ele>757.6</ele>
    <time>2024-07-09T20:37:23Z</time>
   </trkpt>
   <trkpt lat="51.5252250" lon="-112.8648850">
    <ele>757.8</ele>
    <time>2024-07-09T20:37:24Z</time>
   </trkpt>
   <trkpt lat="51.5252470" lon="-112.8648870">
    <ele>757.9</ele>
    <time>2024-07-09T20:37:26Z</time>
   </trkpt>
   <trkpt lat="51.5252870" lon="-112.8648830">
    <ele>758.2</ele>
    <time>2024-07-09T20:37:27Z</time>
   </trkpt>
   <trkpt lat="51.5253010" lon="-112.8648810">
    <ele>758.3</ele>
    <time>2024-07-09T20:37:28Z</time>
   </trkpt>
   <trkpt lat="51.5253440" lon="-112.8648750">
    <ele>758.6</ele>
    <time>2024-07-09T20:37:29Z</time>
   </trkpt>
   <trkpt lat="51.5253610" lon="-112.8648660">
    <ele>758.7</ele>
    <time>2024-07-09T20:37:30Z</time>
   </trkpt>
   <trkpt lat="51.5254020" lon="-112.8648640">
    <ele>759.0</ele>
    <time>2024-07-09T20:37:31Z</time>
   </trkpt>
   <trkpt lat="51.5254170" lon="-112.8648590">
    <ele>759.1</ele>
    <time>2024-07-09T20:37:32Z</time>
   </trkpt>
   <trkpt lat="51.5254460" lon="-112.8648540">
    <ele>759.3</ele>
    <time>2024-07-09T20:37:33Z</time>
   </trkpt>
   <trkpt lat="51.5254750" lon="-112.8648520">
    <ele>759.5</ele>
    <time>2024-07-09T20:37:34Z</time>
   </trkpt>
   <trkpt lat="51.5255020" lon="-112.8648490">
    <ele>759.7</ele>
    <time>2024-07-09T20:37:35Z</time>
   </trkpt>
   <trkpt lat="51.5255340" lon="-112.8648440">
    <ele>759.9</ele>
    <time>2024-07-09T20:37:36Z</time>
   </trkpt>
   <trkpt lat="51.5255680" lon="-112.8648350">
    <ele>760.1</ele>
    <time>2024-07-09T20:37:37Z</time>
   </trkpt>
   <trkpt lat="51.5255980" lon="-112.8648130">
    <ele>760.3</ele>
    <time>2024-07-09T20:37:38Z</time>
   </trkpt>
   <trkpt lat="51.5256340" lon="-112.8648070">
    <ele>760.6</ele>
    <time>2024-07-09T20:37:39Z</time>
   </trkpt>
   <trkpt lat="51.5256700" lon="-112.8648040">
    <ele>760.8</ele>
    <time>2024-07-09T20:37:40Z</time>
   </trkpt>
   <trkpt lat="51.5257070" lon="-112.8648010">
    <ele>761.0</ele>
    <time>2024-07-09T20:37:41Z</time>
   </trkpt>
   <trkpt lat="51.5257400" lon="-112.8647950">
    <ele>761.2</ele>
    <time>2024-07-09T20:37:42Z</time>
   </trkpt>
   <trkpt lat="51.5257770" lon="-112.8647940">
    <ele>761.4</ele>
    <time>2024-07-09T20:37:43Z</time>
   </trkpt>
   <trkpt lat="51.5258150" lon="-112.8647920">
    <ele>761.7</ele>
    <time>2024-07-09T20:37:44Z</time>
   </trkpt>
   <trkpt lat="51.5258570" lon="-112.8647780">
    <ele>761.9</ele>
    <time>2024-07-09T20:37:45Z</time>
   </trkpt>
   <trkpt lat="51.5258930" lon="-112.8647760">
    <ele>762.2</ele>
    <time>2024-07-09T20:37:46Z</time>
   </trkpt>
   <trkpt lat="51.5259310" lon="-112.8647690">
    <ele>762.4</ele>
    <time>2024-07-09T20:37:47Z</time>
   </trkpt>
   <trkpt lat="51.5259680" lon="-112.8647640">
    <ele>762.6</ele>
    <time>2024-07-09T20:37:48Z</time>
   </trkpt>
   <trkpt lat="51.5260020" lon="-112.8647670">
    <ele>762.8</ele>
    <time>2024-07-09T20:37:49Z</time>
   </trkpt>
   <trkpt lat="51.5260370" lon="-112.8647620">
    <ele>763.0</ele>
    <time>2024-07-09T20:37:50Z</time>
   </trkpt>
   <trkpt lat="51.5260750" lon="-112.8647510">
    <ele>763.2</ele>
    <time>2024-07-09T20:37:51Z</time>
   </trkpt>
   <trkpt lat="51.5261070" lon="-112.8647490">
    <ele>763.4</ele>
    <time>2024-07-09T20:37:52Z</time>
   </trkpt>
   <trkpt lat="51.5261390" lon="-112.8647520">
    <ele>763.6</ele>
    <time>2024-07-09T20:37:53Z</time>
   </trkpt>
   <trkpt lat="51.5261750" lon="-112.8647450">
    <ele>763.9</ele>
    <time>2024-07-09T20:37:54Z</time>
   </trkpt>
   <trkpt lat="51.5262060" lon="-112.8647380">
    <ele>764.1</ele>
    <time>2024-07-09T20:37:55Z</time>
   </trkpt>
   <trkpt lat="51.5262390" lon="-112.8647320">
    <ele>764.3</ele>
    <time>2024-07-09T20:37:56Z</time>
   </trkpt>
   <trkpt lat="51.5262690" lon="-112.8647290">
    <ele>764.5</ele>
    <time>2024-07-09T20:37:57Z</time>
   </trkpt>
   <trkpt lat="51.5263020" lon="-112.8647290">
    <ele>764.7</ele>
    <time>2024-07-09T20:37:58Z</time>
   </trkpt>
   <trkpt lat="51.5263350" lon="-112.8647200">
    <ele>764.9</ele>
    <time>2024-07-09T20:37:59Z</time>
   </trkpt>
   <trkpt lat="51.5263750" lon="-112.8646880">
    <ele>765.2</ele>
    <time>2024-07-09T20:38:00Z</time>
   </trkpt>
   <trkpt lat="51.5264070" lon="-112.8646940">
    <ele>765.4</ele>
    <time>2024-07-09T20:38:01Z</time>
   </trkpt>
   <trkpt lat="51.5264350" lon="-112.8647080">
    <ele>765.5</ele>
    <time>2024-07-09T20:38:02Z</time>
   </trkpt>
   <trkpt lat="51.5264730" lon="-112.8646900">
    <ele>765.8</ele>
    <time>2024-07-09T20:38:03Z</time>
   </trkpt>
   <trkpt lat="51.5265080" lon="-112.8646850">
    <ele>766.0</ele>
    <time>2024-07-09T20:38:04Z</time>
   </trkpt>
   <trkpt lat="51.5265410" lon="-112.8646860">
    <ele>766.2</ele>
    <time>2024-07-09T20:38:05Z</time>
   </trkpt>
   <trkpt lat="51.5265760" lon="-112.8646810">
    <ele>766.4</ele>
    <time>2024-07-09T20:38:06Z</time>
   </trkpt>
   <trkpt lat="51.5266120" lon="-112.8646750">
    <ele>766.6</ele>
    <time>2024-07-09T20:38:07Z</time>
   </trkpt>
   <trkpt lat="51.5266460" lon="-112.8646700">
    <ele>766.8</ele>
    <time>2024-07-09T20:38:08Z</time>
   </trkpt>
   <trkpt lat="51.5266780" lon="-112.8646710">
    <ele>766.9</ele>
    <time>2024-07-09T20:38:09Z</time>
   </trkpt>
   <trkpt lat="51.5267120" lon="-112.8646700">
    <ele>767.1</ele>
    <time>2024-07-09T20:38:10Z</time>
   </trkpt>
   <trkpt lat="51.5267430" lon="-112.8646710">
    <ele>767.3</ele>
    <time>2024-07-09T20:38:11Z</time>
   </trkpt>
   <trkpt lat="51.5267850" lon="-112.8646620">
    <ele>767.5</ele>
    <time>2024-07-09T20:38:12Z</time>
   </trkpt>
   <trkpt lat="51.5268160" lon="-112.8646550">
    <ele>767.7</ele>
    <time>2024-07-09T20:38:13Z</time>
   </trkpt>
   <trkpt lat="51.5268480" lon="-112.8646510">
    <ele>767.9</ele>
    <time>2024-07-09T20:38:14Z</time>
   </trkpt>
   <trkpt lat="51.5268840" lon="-112.8646390">
    <ele>768.1</ele>
    <time>2024-07-09T20:38:15Z</time>
   </trkpt>
   <trkpt lat="51.5269180" lon="-112.8646380">
    <ele>768.2</ele>
    <time>2024-07-09T20:38:16Z</time>
   </trkpt>
   <trkpt lat="51.5269500" lon="-112.8646360">
    <ele>768.4</ele>
    <time>2024-07-09T20:38:17Z</time>
   </trkpt>
   <trkpt lat="51.5269830" lon="-112.8646320">
    <ele>768.6</ele>
    <time>2024-07-09T20:38:18Z</time>
   </trkpt>
   <trkpt lat="51.5270120" lon="-112.8646300">
    <ele>768.7</ele>
    <time>2024-07-09T20:38:19Z</time>
   </trkpt>
   <trkpt lat="51.5270500" lon="-112.8646190">
    <ele>768.9</ele>
    <time>2024-07-09T20:38:20Z</time>
   </trkpt>
   <trkpt lat="51.5270860" lon="-112.8646130">
    <ele>769.1</ele>
    <time>2024-07-09T20:38:21Z</time>
   </trkpt>
   <trkpt lat="51.5271180" lon="-112.8646150">
    <ele>769.2</ele>
    <time>2024-07-09T20:38:22Z</time>
   </trkpt>
   <trkpt lat="51.5271540" lon="-112.8646050">
    <ele>769.4</ele>
    <time>2024-07-09T20:38:23Z</time>
   </trkpt>
   <trkpt lat="51.5271890" lon="-112.8645990">
    <ele>769.5</ele>
    <time>2024-07-09T20:38:24Z</time>
   </trkpt>
   <trkpt lat="51.5272230" lon="-112.8645940">
    <ele>769.7</ele>
    <time>2024-07-09T20:38:25Z</time>
   </trkpt>
   <trkpt lat="51.5272570" lon="-112.8645920">
    <ele>769.9</ele>
    <time>2024-07-09T20:38:26Z</time>
   </trkpt>
   <trkpt lat="51.5272890" lon="-112.8645900">
    <ele>770.0</ele>
    <time>2024-07-09T20:38:27Z</time>
   </trkpt>
   <trkpt lat="51.5273250" lon="-112.8645890">
    <ele>770.2</ele>
    <time>2024-07-09T20:38:28Z</time>
   </trkpt>
   <trkpt lat="51.5273610" lon="-112.8645840">
    <ele>770.3</ele>
    <time>2024-07-09T20:38:29Z</time>
   </trkpt>
   <trkpt lat="51.5273960" lon="-112.8645750">
    <ele>770.5</ele>
    <time>2024-07-09T20:38:30Z</time>
   </trkpt>
   <trkpt lat="51.5274280" lon="-112.8645750">
    <ele>770.6</ele>
    <time>2024-07-09T20:38:31Z</time>
   </trkpt>
   <trkpt lat="51.5274630" lon="-112.8645750">
    <ele>770.8</ele>
    <time>2024-07-09T20:38:32Z</time>
   </trkpt>
   <trkpt lat="51.5274980" lon="-112.8645680">
    <ele>770.9</ele>
    <time>2024-07-09T20:38:33Z</time>
   </trkpt>
   <trkpt lat="51.5275340" lon="-112.8645610">
    <ele>771.1</ele>
    <time>2024-07-09T20:38:34Z</time>
   </trkpt>
   <trkpt lat="51.5275690" lon="-112.8645630">
    <ele>771.2</ele>
    <time>2024-07-09T20:38:35Z</time>
   </trkpt>
   <trkpt lat="51.5276020" lon="-112.8645660">
    <ele>771.4</ele>
    <time>2024-07-09T20:38:36Z</time>
   </trkpt>
   <trkpt lat="51.5276430" lon="-112.8645480">
    <ele>771.5</ele>
    <time>2024-07-09T20:38:37Z</time>
   </trkpt>
   <trkpt lat="51.5276780" lon="-112.8645550">
    <ele>771.7</ele>
    <time>2024-07-09T20:38:38Z</time>
   </trkpt>
   <trkpt lat="51.5277130" lon="-112.8645590">
    <ele>771.8</ele>
    <time>2024-07-09T20:38:39Z</time>
   </trkpt>
   <trkpt lat="51.5277500" lon="-112.8645560">
    <ele>772.0</ele>
    <time>2024-07-09T20:38:40Z</time>
   </trkpt>
   <trkpt lat="51.5277840" lon="-112.8645650">
    <ele>772.1</ele>
    <time>2024-07-09T20:38:41Z</time>
   </trkpt>
   <trkpt lat="51.5278220" lon="-112.8645530">
    <ele>772.3</ele>
    <time>2024-07-09T20:38:42Z</time>
   </trkpt>
   <trkpt lat="51.5278530" lon="-112.8645410">
    <ele>772.4</ele>
    <time>2024-07-09T20:38:43Z</time>
   </trkpt>
   <trkpt lat="51.5278970" lon="-112.8645490">
    <ele>772.6</ele>
    <time>2024-07-09T20:38:44Z</time>
   </trkpt>
   <trkpt lat="51.5279350" lon="-112.8645510">
    <ele>772.7</ele>
    <time>2024-07-09T20:38:45Z</time>
   </trkpt>
   <trkpt lat="51.5279740" lon="-112.8645490">
    <ele>772.8</ele>
    <time>2024-07-09T20:38:46Z</time>
   </trkpt>
   <trkpt lat="51.5280140" lon="-112.8645500">
    <ele>773.0</ele>
    <time>2024-07-09T20:38:47Z</time>
   </trkpt>
   <trkpt lat="51.5280550" lon="-112.8645510">
    <ele>773.1</ele>
    <time>2024-07-09T20:38:48Z</time>
   </trkpt>
   <trkpt lat="51.5280970" lon="-112.8645540">
    <ele>773.2</ele>
    <time>2024-07-09T20:38:49Z</time>
   </trkpt>
   <trkpt lat="51.5281420" lon="-112.8645530">
    <ele>773.4</ele>
    <time>2024-07-09T20:38:50Z</time>
   </trkpt>
   <trkpt lat="51.5281880" lon="-112.8645520">
    <ele>773.5</ele>
    <time>2024-07-09T20:38:51Z</time>
   </trkpt>
   <trkpt lat="51.5282330" lon="-112.8645550">
    <ele>773.7</ele>
    <time>2024-07-09T20:38:52Z</time>
   </trkpt>
   <trkpt lat="51.5282820" lon="-112.8645500">
    <ele>773.8</ele>
    <time>2024-07-09T20:38:53Z</time>
   </trkpt>
   <trkpt lat="51.5283310" lon="-112.8645510">
    <ele>774.0</ele>
    <time>2024-07-09T20:38:54Z</time>
   </trkpt>
   <trkpt lat="51.5283790" lon="-112.8645550">
    <ele>774.1</ele>
    <time>2024-07-09T20:38:55Z</time>
   </trkpt>
   <trkpt lat="51.5284280" lon="-112.8645480">
    <ele>774.3</ele>
    <time>2024-07-09T20:38:56Z</time>
   </trkpt>
   <trkpt lat="51.5284780" lon="-112.8645490">
    <ele>774.4</ele>
    <time>2024-07-09T20:38:57Z</time>
   </trkpt>
   <trkpt lat="51.5285280" lon="-112.8645440">
    <ele>774.6</ele>
    <time>2024-07-09T20:38:58Z</time>
   </trkpt>
   <trkpt lat="51.5285770" lon="-112.8645470">
    <ele>774.7</ele>
    <time>2024-07-09T20:38:59Z</time>
   </trkpt>
   <trkpt lat="51.5286290" lon="-112.8645560">
    <ele>774.8</ele>
    <time>2024-07-09T20:39:00Z</time>
   </trkpt>
   <trkpt lat="51.5286780" lon="-112.8645490">
    <ele>775.0</ele>
    <time>2024-07-09T20:39:01Z</time>
   </trkpt>
   <trkpt lat="51.5287310" lon="-112.8645460">
    <ele>775.1</ele>
    <time>2024-07-09T20:39:02Z</time>
   </trkpt>
   <trkpt lat="51.5287840" lon="-112.8645430">
    <ele>775.2</ele>
    <time>2024-07-09T20:39:03Z</time>
   </trkpt>
   <trkpt lat="51.5288400" lon="-112.8645400">
    <ele>775.3</ele>
    <time>2024-07-09T20:39:04Z</time>
   </trkpt>
   <trkpt lat="51.5288940" lon="-112.8645430">
    <ele>775.5</ele>
    <time>2024-07-09T20:39:05Z</time>
   </trkpt>
   <trkpt lat="51.5289490" lon="-112.8645440">
    <ele>775.6</ele>
    <time>2024-07-09T20:39:06Z</time>
   </trkpt>
   <trkpt lat="51.5290030" lon="-112.8645450">
    <ele>775.7</ele>
    <time>2024-07-09T20:39:07Z</time>
   </trkpt>
   <trkpt lat="51.5291180" lon="-112.8645420">
    <ele>775.9</ele>
    <time>2024-07-09T20:39:08Z</time>
   </trkpt>
   <trkpt lat="51.5291740" lon="-112.8645410">
    <ele>776.0</ele>
    <time>2024-07-09T20:39:09Z</time>
   </trkpt>
   <trkpt lat="51.5292320" lon="-112.8645400">
    <ele>776.1</ele>
    <time>2024-07-09T20:39:10Z</time>
   </trkpt>
   <trkpt lat="51.5292860" lon="-112.8645420">
    <ele>776.2</ele>
    <time>2024-07-09T20:39:11Z</time>
   </trkpt>
   <trkpt lat="51.5293430" lon="-112.8645380">
    <ele>776.3</ele>
    <time>2024-07-09T20:39:12Z</time>
   </trkpt>
   <trkpt lat="51.5294000" lon="-112.8645410">
    <ele>776.5</ele>
    <time>2024-07-09T20:39:13Z</time>
   </trkpt>
   <trkpt lat="51.5294560" lon="-112.8645430">
    <ele>776.6</ele>
    <time>2024-07-09T20:39:14Z</time>
   </trkpt>
   <trkpt lat="51.5295130" lon="-112.8645410">
    <ele>776.6</ele>
    <time>2024-07-09T20:39:15Z</time>
   </trkpt>
   <trkpt lat="51.5295710" lon="-112.8645430">
    <ele>776.7</ele>
    <time>2024-07-09T20:39:16Z</time>
   </trkpt>
   <trkpt lat="51.5296300" lon="-112.8645400">
    <ele>776.8</ele>
    <time>2024-07-09T20:39:17Z</time>
   </trkpt>
   <trkpt lat="51.5296910" lon="-112.8645420">
    <ele>776.9</ele>
    <time>2024-07-09T20:39:18Z</time>
   </trkpt>
   <trkpt lat="51.5297510" lon="-112.8645450">
    <ele>777.0</ele>
    <time>2024-07-09T20:39:19Z</time>
   </trkpt>
   <trkpt lat="51.5298140" lon="-112.8645410">
    <ele>777.0</ele>
    <time>2024-07-09T20:39:20Z</time>
   </trkpt>
   <trkpt lat="51.5298780" lon="-112.8645440">
    <ele>777.1</ele>
    <time>2024-07-09T20:39:21Z</time>
   </trkpt>
   <trkpt lat="51.5299440" lon="-112.8645460">
    <ele>777.2</ele>
    <time>2024-07-09T20:39:22Z</time>
   </trkpt>
   <trkpt lat="51.5300080" lon="-112.8645490">
    <ele>777.2</ele>
    <time>2024-07-09T20:39:23Z</time>
   </trkpt>
   <trkpt lat="51.5300760" lon="-112.8645430">
    <ele>777.3</ele>
    <time>2024-07-09T20:39:24Z</time>
   </trkpt>
   <trkpt lat="51.5301430" lon="-112.8645410">
    <ele>777.3</ele>
    <time>2024-07-09T20:39:25Z</time>
   </trkpt>
   <trkpt lat="51.5302080" lon="-112.8645440">
    <ele>777.4</ele>
    <time>2024-07-09T20:39:26Z</time>
   </trkpt>
   <trkpt lat="51.5302780" lon="-112.8645400">
    <ele>777.4</ele>
    <time>2024-07-09T20:39:27Z</time>
   </trkpt>
   <trkpt lat="51.5303440" lon="-112.8645450">
    <ele>777.5</ele>
    <time>2024-07-09T20:39:28Z</time>
   </trkpt>
   <trkpt lat="51.5304120" lon="-112.8645460">
    <ele>777.5</ele>
    <time>2024-07-09T20:39:29Z</time>
   </trkpt>
   <trkpt lat="51.5304790" lon="-112.8645410">
    <ele>777.6</ele>
    <time>2024-07-09T20:39:30Z</time>
   </trkpt>
   <trkpt lat="51.5305450" lon="-112.8645480">
    <ele>777.7</ele>
    <time>2024-07-09T20:39:31Z</time>
   </trkpt>
   <trkpt lat="51.5306130" lon="-112.8645440">
    <ele>777.7</ele>
    <time>2024-07-09T20:39:32Z</time>
   </trkpt>
   <trkpt lat="51.5306790" lon="-112.8645480">
    <ele>777.8</ele>
    <time>2024-07-09T20:39:33Z</time>
   </trkpt>
   <trkpt lat="51.5307500" lon="-112.8645430">
    <ele>777.9</ele>
    <time>2024-07-09T20:39:35Z</time>
   </trkpt>
   <trkpt lat="51.5308180" lon="-112.8645450">
    <ele>777.9</ele>
    <time>2024-07-09T20:39:36Z</time>
   </trkpt>
   <trkpt lat="51.5308870" lon="-112.8645480">
    <ele>778.0</ele>
    <time>2024-07-09T20:39:37Z</time>
   </trkpt>
   <trkpt lat="51.5309570" lon="-112.8645450">
    <ele>778.1</ele>
    <time>2024-07-09T20:39:38Z</time>
   </trkpt>
   <trkpt lat="51.5310250" lon="-112.8645470">
    <ele>778.1</ele>
    <time>2024-07-09T20:39:39Z</time>
   </trkpt>
   <trkpt lat="51.5310950" lon="-112.8645430">
    <ele>778.2</ele>
    <time>2024-07-09T20:39:40Z</time>
   </trkpt>
   <trkpt lat="51.5311640" lon="-112.8645440">
    <ele>778.2</ele>
    <time>2024-07-09T20:39:41Z</time>
   </trkpt>
   <trkpt lat="51.5312350" lon="-112.8645400">
    <ele>778.3</ele>
    <time>2024-07-09T20:39:42Z</time>
   </trkpt>
   <trkpt lat="51.5313040" lon="-112.8645420">
    <ele>778.4</ele>
    <time>2024-07-09T20:39:43Z</time>
   </trkpt>
   <trkpt lat="51.5313730" lon="-112.8645410">
    <ele>778.4</ele>
    <time>2024-07-09T20:39:44Z</time>
   </trkpt>
   <trkpt lat="51.5314440" lon="-112.8645360">
    <ele>778.5</ele>
    <time>2024-07-09T20:39:45Z</time>
   </trkpt>
   <trkpt lat="51.5315140" lon="-112.8645430">
    <ele>778.5</ele>
    <time>2024-07-09T20:39:46Z</time>
   </trkpt>
   <trkpt lat="51.5315840" lon="-112.8645390">
    <ele>778.6</ele>
    <time>2024-07-09T20:39:47Z</time>
   </trkpt>
   <trkpt lat="51.5316530" lon="-112.8645380">
    <ele>778.7</ele>
    <time>2024-07-09T20:39:48Z</time>
   </trkpt>
   <trkpt lat="51.5317220" lon="-112.8645380">
    <ele>778.8</ele>
    <time>2024-07-09T20:39:49Z</time>
   </trkpt>
   <trkpt lat="51.5317900" lon="-112.8645500">
    <ele>778.8</ele>
    <time>2024-07-09T20:39:50Z</time>
   </trkpt>
   <trkpt lat="51.5318610" lon="-112.8645410">
    <ele>778.9</ele>
    <time>2024-07-09T20:39:51Z</time>
   </trkpt>
   <trkpt lat="51.5319300" lon="-112.8645420">
    <ele>779.0</ele>
    <time>2024-07-09T20:39:52Z</time>
   </trkpt>
   <trkpt lat="51.5320010" lon="-112.8645330">
    <ele>779.0</ele>
    <time>2024-07-09T20:39:53Z</time>
   </trkpt>
   <trkpt lat="51.5320690" lon="-112.8645280">
    <ele>779.1</ele>
    <time>2024-07-09T20:39:54Z</time>
   </trkpt>
   <trkpt lat="51.5321390" lon="-112.8645350">
    <ele>779.2</ele>
    <time>2024-07-09T20:39:55Z</time>
   </trkpt>
   <trkpt lat="51.5322070" lon="-112.8645370">
    <ele>779.2</ele>
    <time>2024-07-09T20:39:56Z</time>
   </trkpt>
   <trkpt lat="51.5322730" lon="-112.8645430">
    <ele>779.3</ele>
    <time>2024-07-09T20:39:57Z</time>
   </trkpt>
   <trkpt lat="51.5323420" lon="-112.8645360">
    <ele>779.3</ele>
    <time>2024-07-09T20:39:58Z</time>
   </trkpt>
   <trkpt lat="51.5324110" lon="-112.8645370">
    <ele>779.4</ele>
    <time>2024-07-09T20:39:59Z</time>
   </trkpt>
   <trkpt lat="51.5324800" lon="-112.8645320">
    <ele>779.4</ele>
    <time>2024-07-09T20:40:00Z</time>
   </trkpt>
   <trkpt lat="51.5325470" lon="-112.8645370">
    <ele>779.5</ele>
    <time>2024-07-09T20:40:01Z</time>
   </trkpt>
   <trkpt lat="51.5326160" lon="-112.8645360">
    <ele>779.6</ele>
    <time>2024-07-09T20:40:02Z</time>
   </trkpt>
   <trkpt lat="51.5326840" lon="-112.8645310">
    <ele>779.6</ele>
    <time>2024-07-09T20:40:03Z</time>
   </trkpt>
   <trkpt lat="51.5327540" lon="-112.8645320">
    <ele>779.7</ele>
    <time>2024-07-09T20:40:04Z</time>
   </trkpt>
   <trkpt lat="51.5328200" lon="-112.8645350">
    <ele>779.8</ele>
    <time>2024-07-09T20:40:05Z</time>
   </trkpt>
   <trkpt lat="51.5328880" lon="-112.8645320">
    <ele>779.9</ele>
    <time>2024-07-09T20:40:06Z</time>
   </trkpt>
   <trkpt lat="51.5329540" lon="-112.8645360">
    <ele>779.9</ele>
    <time>2024-07-09T20:40:07Z</time>
   </trkpt>
   <trkpt lat="51.5330210" lon="-112.8645330">
    <ele>780.0</ele>
    <time>2024-07-09T20:40:08Z</time>
   </trkpt>
   <trkpt lat="51.5330880" lon="-112.8645390">
    <ele>780.1</ele>
    <time>2024-07-09T20:40:09Z</time>
   </trkpt>
   <trkpt lat="51.5331570" lon="-112.8645340">
    <ele>780.1</ele>
    <time>2024-07-09T20:40:10Z</time>
   </trkpt>
   <trkpt lat="51.5332230" lon="-112.8645370">
    <ele>780.2</ele>
    <time>2024-07-09T20:40:11Z</time>
   </trkpt>
   <trkpt lat="51.5332920" lon="-112.8645350">
    <ele>780.3</ele>
    <time>2024-07-09T20:40:12Z</time>
   </trkpt>
   <trkpt lat="51.5333640" lon="-112.8645260">
    <ele>780.4</ele>
    <time>2024-07-09T20:40:13Z</time>
   </trkpt>
   <trkpt lat="51.5334300" lon="-112.8645340">
    <ele>780.4</ele>
    <time>2024-07-09T20:40:14Z</time>
   </trkpt>
   <trkpt lat="51.5334990" lon="-112.8645320">
    <ele>780.5</ele>
    <time>2024-07-09T20:40:15Z</time>
   </trkpt>
   <trkpt lat="51.5335680" lon="-112.8645330">
    <ele>780.6</ele>
    <time>2024-07-09T20:40:16Z</time>
   </trkpt>
   <trkpt lat="51.5336350" lon="-112.8645360">
    <ele>780.6</ele>
    <time>2024-07-09T20:40:17Z</time>
   </trkpt>
   <trkpt lat="51.5337020" lon="-112.8645370">
    <ele>780.7</ele>
    <time>2024-07-09T20:40:18Z</time>
   </trkpt>
   <trkpt lat="51.5337640" lon="-112.8645470">
    <ele>780.8</ele>
    <time>2024-07-09T20:40:19Z</time>
   </trkpt>
   <trkpt lat="51.5338370" lon="-112.8645410">
    <ele>780.8</ele>
    <time>2024-07-09T20:40:20Z</time>
   </trkpt>
   <trkpt lat="51.5339070" lon="-112.8645390">
    <ele>780.9</ele>
    <time>2024-07-09T20:40:21Z</time>
   </trkpt>
   <trkpt lat="51.5339730" lon="-112.8645400">
    <ele>780.9</ele>
    <time>2024-07-09T20:40:22Z</time>
   </trkpt>
   <trkpt lat="51.5340430" lon="-112.8645540">
    <ele>781.0</ele>
    <time>2024-07-09T20:40:23Z</time>
   </trkpt>
   <trkpt lat="51.5341100" lon="-112.8645410">
    <ele>781.1</ele>
    <time>2024-07-09T20:40:24Z</time>
   </trkpt>
   <trkpt lat="51.5341750" lon="-112.8645390">
    <ele>781.2</ele>
    <time>2024-07-09T20:40:25Z</time>
   </trkpt>
   <trkpt lat="51.5342460" lon="-112.8645430">
    <ele>781.3</ele>
    <time>2024-07-09T20:40:26Z</time>
   </trkpt>
   <trkpt lat="51.5343130" lon="-112.8645430">
    <ele>781.4</ele>
    <time>2024-07-09T20:40:27Z</time>
   </trkpt>
   <trkpt lat="51.5343810" lon="-112.8645450">
    <ele>781.4</ele>
    <time>2024-07-09T20:40:28Z</time>
   </trkpt>
   <trkpt lat="51.5344490" lon="-112.8645410">
    <ele>781.5</ele>
    <time>2024-07-09T20:40:29Z</time>
   </trkpt>
   <trkpt lat="51.5345200" lon="-112.8645430">
    <ele>781.5</ele>
    <time>2024-07-09T20:40:30Z</time>
   </trkpt>
   <trkpt lat="51.5345870" lon="-112.8645470">
    <ele>781.5</ele>
    <time>2024-07-09T20:40:31Z</time>
   </trkpt>
   <trkpt lat="51.5346570" lon="-112.8645400">
    <ele>781.6</ele>
    <time>2024-07-09T20:40:32Z</time>
   </trkpt>
   <trkpt lat="51.5347270" lon="-112.8645380">
    <ele>781.7</ele>
    <time>2024-07-09T20:40:33Z</time>
   </trkpt>
   <trkpt lat="51.5347980" lon="-112.8645380">
    <ele>781.7</ele>
    <time>2024-07-09T20:40:34Z</time>
   </trkpt>
   <trkpt lat="51.5348680" lon="-112.8645410">
    <ele>781.8</ele>
    <time>2024-07-09T20:40:35Z</time>
   </trkpt>
   <trkpt lat="51.5349420" lon="-112.8645340">
    <ele>781.8</ele>
    <time>2024-07-09T20:40:36Z</time>
   </trkpt>
   <trkpt lat="51.5350120" lon="-112.8645370">
    <ele>781.9</ele>
    <time>2024-07-09T20:40:37Z</time>
   </trkpt>
   <trkpt lat="51.5350820" lon="-112.8645400">
    <ele>781.9</ele>
    <time>2024-07-09T20:40:38Z</time>
   </trkpt>
   <trkpt lat="51.5351540" lon="-112.8645390">
    <ele>782.0</ele>
    <time>2024-07-09T20:40:39Z</time>
   </trkpt>
   <trkpt lat="51.5352240" lon="-112.8645400">
    <ele>782.1</ele>
    <time>2024-07-09T20:40:40Z</time>
   </trkpt>
   <trkpt lat="51.5352940" lon="-112.8645440">
    <ele>782.1</ele>
    <time>2024-07-09T20:40:41Z</time>
   </trkpt>
   <trkpt lat="51.5353670" lon="-112.8645450">
    <ele>782.2</ele>
    <time>2024-07-09T20:40:42Z</time>
   </trkpt>
   <trkpt lat="51.5354380" lon="-112.8645300">
    <ele>782.2</ele>
    <time>2024-07-09T20:40:43Z</time>
   </trkpt>
   <trkpt lat="51.5355080" lon="-112.8645360">
    <ele>782.3</ele>
    <time>2024-07-09T20:40:44Z</time>
   </trkpt>
   <trkpt lat="51.5355780" lon="-112.8645300">
    <ele>782.4</ele>
    <time>2024-07-09T20:40:45Z</time>
   </trkpt>
   <trkpt lat="51.5356490" lon="-112.8645300">
    <ele>782.4</ele>
    <time>2024-07-09T20:40:46Z</time>
   </trkpt>
   <trkpt lat="51.5357200" lon="-112.8645370">
    <ele>782.5</ele>
    <time>2024-07-09T20:40:47Z</time>
   </trkpt>
   <trkpt lat="51.5357920" lon="-112.8645400">
    <ele>782.5</ele>
    <time>2024-07-09T20:40:48Z</time>
   </trkpt>
   <trkpt lat="51.5358620" lon="-112.8645360">
    <ele>782.6</ele>
    <time>2024-07-09T20:40:49Z</time>
   </trkpt>
   <trkpt lat="51.5359330" lon="-112.8645340">
    <ele>782.6</ele>
    <time>2024-07-09T20:40:50Z</time>
   </trkpt>
   <trkpt lat="51.5360040" lon="-112.8645340">
    <ele>782.7</ele>
    <time>2024-07-09T20:40:51Z</time>
   </trkpt>
   <trkpt lat="51.5360730" lon="-112.8645390">
    <ele>782.7</ele>
    <time>2024-07-09T20:40:52Z</time>
   </trkpt>
   <trkpt lat="51.5361460" lon="-112.8645410">
    <ele>782.8</ele>
    <time>2024-07-09T20:40:53Z</time>
   </trkpt>
   <trkpt lat="51.5362160" lon="-112.8645340">
    <ele>782.8</ele>
    <time>2024-07-09T20:40:54Z</time>
   </trkpt>
   <trkpt lat="51.5362870" lon="-112.8645270">
    <ele>782.9</ele>
    <time>2024-07-09T20:40:55Z</time>
   </trkpt>
   <trkpt lat="51.5363600" lon="-112.8645280">
    <ele>782.9</ele>
    <time>2024-07-09T20:40:56Z</time>
   </trkpt>
   <trkpt lat="51.5364320" lon="-112.8645280">
    <ele>783.0</ele>
    <time>2024-07-09T20:40:57Z</time>
   </trkpt>
   <trkpt lat="51.5365020" lon="-112.8645330">
    <ele>783.0</ele>
    <time>2024-07-09T20:40:58Z</time>
   </trkpt>
   <trkpt lat="51.5365740" lon="-112.8645310">
    <ele>783.1</ele>
    <time>2024-07-09T20:40:59Z</time>
   </trkpt>
   <trkpt lat="51.5366450" lon="-112.8645360">
    <ele>783.2</ele>
    <time>2024-07-09T20:41:00Z</time>
   </trkpt>
   <trkpt lat="51.5367180" lon="-112.8645280">
    <ele>783.2</ele>
    <time>2024-07-09T20:41:01Z</time>
   </trkpt>
   <trkpt lat="51.5367880" lon="-112.8645310">
    <ele>783.3</ele>
    <time>2024-07-09T20:41:02Z</time>
   </trkpt>
   <trkpt lat="51.5368600" lon="-112.8645290">
    <ele>783.4</ele>
    <time>2024-07-09T20:41:03Z</time>
   </trkpt>
   <trkpt lat="51.5369290" lon="-112.8645350">
    <ele>783.4</ele>
    <time>2024-07-09T20:41:04Z</time>
   </trkpt>
   <trkpt lat="51.5370020" lon="-112.8645270">
    <ele>783.5</ele>
    <time>2024-07-09T20:41:05Z</time>
   </trkpt>
   <trkpt lat="51.5370750" lon="-112.8645190">
    <ele>783.6</ele>
    <time>2024-07-09T20:41:06Z</time>
   </trkpt>
   <trkpt lat="51.5371460" lon="-112.8645170">
    <ele>783.7</ele>
    <time>2024-07-09T20:41:07Z</time>
   </trkpt>
   <trkpt lat="51.5372120" lon="-112.8645300">
    <ele>783.8</ele>
    <time>2024-07-09T20:41:08Z</time>
   </trkpt>
   <trkpt lat="51.5372840" lon="-112.8645200">
    <ele>783.9</ele>
    <time>2024-07-09T20:41:09Z</time>
   </trkpt>
   <trkpt lat="51.5373530" lon="-112.8645200">
    <ele>784.0</ele>
    <time>2024-07-09T20:41:10Z</time>
   </trkpt>
   <trkpt lat="51.5374220" lon="-112.8645180">
    <ele>784.1</ele>
    <time>2024-07-09T20:41:11Z</time>
   </trkpt>
   <trkpt lat="51.5374920" lon="-112.8645150">
    <ele>784.2</ele>
    <time>2024-07-09T20:41:12Z</time>
   </trkpt>
   <trkpt lat="51.5375590" lon="-112.8645130">
    <ele>784.3</ele>
    <time>2024-07-09T20:41:13Z</time>
   </trkpt>
   <trkpt lat="51.5376940" lon="-112.8644870">
    <ele>784.5</ele>
    <time>2024-07-09T20:41:14Z</time>
   </trkpt>
   <trkpt lat="51.5377590" lon="-112.8644670">
    <ele>784.6</ele>
    <time>2024-07-09T20:41:15Z</time>
   </trkpt>
   <trkpt lat="51.5378240" lon="-112.8644510">
    <ele>784.7</ele>
    <time>2024-07-09T20:41:16Z</time>
   </trkpt>
   <trkpt lat="51.5378900" lon="-112.8644260">
    <ele>784.8</ele>
    <time>2024-07-09T20:41:17Z</time>
   </trkpt>
   <trkpt lat="51.5379560" lon="-112.8643970">
    <ele>784.9</ele>
    <time>2024-07-09T20:41:18Z</time>
   </trkpt>
   <trkpt lat="51.5380180" lon="-112.8643720">
    <ele>785.1</ele>
    <time>2024-07-09T20:41:19Z</time>
   </trkpt>
   <trkpt lat="51.5380800" lon="-112.8643340">
    <ele>785.2</ele>
    <time>2024-07-09T20:41:20Z</time>
   </trkpt>
   <trkpt lat="51.5381410" lon="-112.8643020">
    <ele>785.4</ele>
    <time>2024-07-09T20:41:21Z</time>
   </trkpt>
   <trkpt lat="51.5382000" lon="-112.8642610">
    <ele>785.6</ele>
    <time>2024-07-09T20:41:22Z</time>
   </trkpt>
   <trkpt lat="51.5382550" lon="-112.8642270">
    <ele>785.8</ele>
    <time>2024-07-09T20:41:23Z</time>
   </trkpt>
   <trkpt lat="51.5383120" lon="-112.8641860">
    <ele>785.9</ele>
    <time>2024-07-09T20:41:24Z</time>
   </trkpt>
   <trkpt lat="51.5383600" lon="-112.8641500">
    <ele>786.1</ele>
    <time>2024-07-09T20:41:25Z</time>
   </trkpt>
   <trkpt lat="51.5384120" lon="-112.8640970">
    <ele>786.3</ele>
    <time>2024-07-09T20:41:26Z</time>
   </trkpt>
   <trkpt lat="51.5384620" lon="-112.8640520">
    <ele>786.5</ele>
    <time>2024-07-09T20:41:27Z</time>
   </trkpt>
   <trkpt lat="51.5385070" lon="-112.8640120">
    <ele>786.6</ele>
    <time>2024-07-09T20:41:28Z</time>
   </trkpt>
   <trkpt lat="51.5385520" lon="-112.8639680">
    <ele>786.8</ele>
    <time>2024-07-09T20:41:29Z</time>
   </trkpt>
   <trkpt lat="51.5385870" lon="-112.8639280">
    <ele>787.0</ele>
    <time>2024-07-09T20:41:30Z</time>
   </trkpt>
   <trkpt lat="51.5386370" lon="-112.8638660">
    <ele>787.2</ele>
    <time>2024-07-09T20:41:31Z</time>
   </trkpt>
   <trkpt lat="51.5386770" lon="-112.8638240">
    <ele>787.4</ele>
    <time>2024-07-09T20:41:32Z</time>
   </trkpt>
   <trkpt lat="51.5387160" lon="-112.8637760">
    <ele>787.6</ele>
    <time>2024-07-09T20:41:33Z</time>
   </trkpt>
   <trkpt lat="51.5387540" lon="-112.8637260">
    <ele>787.8</ele>
    <time>2024-07-09T20:41:34Z</time>
   </trkpt>
   <trkpt lat="51.5387890" lon="-112.8636740">
    <ele>788.0</ele>
    <time>2024-07-09T20:41:35Z</time>
   </trkpt>
   <trkpt lat="51.5388250" lon="-112.8636240">
    <ele>788.2</ele>
    <time>2024-07-09T20:41:36Z</time>
   </trkpt>
   <trkpt lat="51.5388610" lon="-112.8635750">
    <ele>788.5</ele>
    <time>2024-07-09T20:41:37Z</time>
   </trkpt>
   <trkpt lat="51.5388910" lon="-112.8635260">
    <ele>788.7</ele>
    <time>2024-07-09T20:41:38Z</time>
   </trkpt>
   <trkpt lat="51.5389240" lon="-112.8634740">
    <ele>788.9</ele>
    <time>2024-07-09T20:41:39Z</time>
   </trkpt>
   <trkpt lat="51.5389560" lon="-112.8634220">
    <ele>789.1</ele>
    <time>2024-07-09T20:41:40Z</time>
   </trkpt>
   <trkpt lat="51.5389870" lon="-112.8633630">
    <ele>789.3</ele>
    <time>2024-07-09T20:41:41Z</time>
   </trkpt>
   <trkpt lat="51.5390190" lon="-112.8633160">
    <ele>789.5</ele>
    <time>2024-07-09T20:41:42Z</time>
   </trkpt>
   <trkpt lat="51.5390460" lon="-112.8632570">
    <ele>789.7</ele>
    <time>2024-07-09T20:41:43Z</time>
   </trkpt>
   <trkpt lat="51.5390780" lon="-112.8631970">
    <ele>789.9</ele>
    <time>2024-07-09T20:41:44Z</time>
   </trkpt>
   <trkpt lat="51.5391080" lon="-112.8631420">
    <ele>790.1</ele>
    <time>2024-07-09T20:41:45Z</time>
   </trkpt>
   <trkpt lat="51.5391360" lon="-112.8630810">
    <ele>790.3</ele>
    <time>2024-07-09T20:41:46Z</time>
   </trkpt>
   <trkpt lat="51.5391620" lon="-112.8630250">
    <ele>790.5</ele>
    <time>2024-07-09T20:41:48Z</time>
   </trkpt>
   <trkpt lat="51.5391880" lon="-112.8629610">
    <ele>790.7</ele>
    <time>2024-07-09T20:41:49Z</time>
   </trkpt>
   <trkpt lat="51.5392140" lon="-112.8629060">
    <ele>790.9</ele>
    <time>2024-07-09T20:41:50Z</time>
   </trkpt>
   <trkpt lat="51.5392380" lon="-112.8628450">
    <ele>791.1</ele>
    <time>2024-07-09T20:41:51Z</time>
   </trkpt>
   <trkpt lat="51.5392620" lon="-112.8627710">
    <ele>791.4</ele>
    <time>2024-07-09T20:41:52Z</time>
   </trkpt>
   <trkpt lat="51.5392860" lon="-112.8627140">
    <ele>791.5</ele>
    <time>2024-07-09T20:41:53Z</time>
   </trkpt>
   <trkpt lat="51.5393070" lon="-112.8626530">
    <ele>791.7</ele>
    <time>2024-07-09T20:41:54Z</time>
   </trkpt>
   <trkpt lat="51.5393280" lon="-112.8625940">
    <ele>791.9</ele>
    <time>2024-07-09T20:41:55Z</time>
   </trkpt>
   <trkpt lat="51.5393500" lon="-112.8625270">
    <ele>792.1</ele>
    <time>2024-07-09T20:41:56Z</time>
   </trkpt>
   <trkpt lat="51.5393670" lon="-112.8624720">
    <ele>792.3</ele>
    <time>2024-07-09T20:41:57Z</time>
   </trkpt>
   <trkpt lat="51.5393860" lon="-112.8624090">
    <ele>792.5</ele>
    <time>2024-07-09T20:41:58Z</time>
   </trkpt>
   <trkpt lat="51.5394130" lon="-112.8623600">
    <ele>792.6</ele>
    <time>2024-07-09T20:41:59Z</time>
   </trkpt>
   <trkpt lat="51.5394230" lon="-112.8622990">
    <ele>792.8</ele>
    <time>2024-07-09T20:42:00Z</time>
   </trkpt>
   <trkpt lat="51.5394340" lon="-112.8622360">
    <ele>793.0</ele>
    <time>2024-07-09T20:42:01Z</time>
   </trkpt>
   <trkpt lat="51.5394510" lon="-112.8621800">
    <ele>793.1</ele>
    <time>2024-07-09T20:42:02Z</time>
   </trkpt>
   <trkpt lat="51.5394620" lon="-112.8621200">
    <ele>793.3</ele>
    <time>2024-07-09T20:42:03Z</time>
   </trkpt>
   <trkpt lat="51.5394730" lon="-112.8620610">
    <ele>793.5</ele>
    <time>2024-07-09T20:42:04Z</time>
   </trkpt>
   <trkpt lat="51.5394850" lon="-112.8619980">
    <ele>793.6</ele>
    <time>2024-07-09T20:42:05Z</time>
   </trkpt>
   <trkpt lat="51.5394980" lon="-112.8619370">
    <ele>793.8</ele>
    <time>2024-07-09T20:42:06Z</time>
   </trkpt>
   <trkpt lat="51.5395080" lon="-112.8618790">
    <ele>793.9</ele>
    <time>2024-07-09T20:42:07Z</time>
   </trkpt>
   <trkpt lat="51.5395170" lon="-112.8618160">
    <ele>794.1</ele>
    <time>2024-07-09T20:42:08Z</time>
   </trkpt>
   <trkpt lat="51.5395260" lon="-112.8617530">
    <ele>794.2</ele>
    <time>2024-07-09T20:42:09Z</time>
   </trkpt>
   <trkpt lat="51.5395350" lon="-112.8616900">
    <ele>794.4</ele>
    <time>2024-07-09T20:42:10Z</time>
   </trkpt>
   <trkpt lat="51.5395490" lon="-112.8616400">
    <ele>794.5</ele>
    <time>2024-07-09T20:42:11Z</time>
   </trkpt>
   <trkpt lat="51.5395520" lon="-112.8615720">
    <ele>794.7</ele>
    <time>2024-07-09T20:42:12Z</time>
   </trkpt>
   <trkpt lat="51.5395490" lon="-112.8614910">
    <ele>794.9</ele>
    <time>2024-07-09T20:42:13Z</time>
   </trkpt>
   <trkpt lat="51.5395550" lon="-112.8614310">
    <ele>795.0</ele>
    <time>2024-07-09T20:42:14Z</time>
   </trkpt>
   <trkpt lat="51.5395520" lon="-112.8613560">
    <ele>795.2</ele>
    <time>2024-07-09T20:42:15Z</time>
   </trkpt>
   <trkpt lat="51.5395610" lon="-112.8613000">
    <ele>795.4</ele>
    <time>2024-07-09T20:42:16Z</time>
   </trkpt>
   <trkpt lat="51.5395670" lon="-112.8612400">
    <ele>795.5</ele>
    <time>2024-07-09T20:42:17Z</time>
   </trkpt>
   <trkpt lat="51.5395670" lon="-112.8611700">
    <ele>795.7</ele>
    <time>2024-07-09T20:42:18Z</time>
   </trkpt>
   <trkpt lat="51.5395750" lon="-112.8611040">
    <ele>795.9</ele>
    <time>2024-07-09T20:42:19Z</time>
   </trkpt>
   <trkpt lat="51.5395720" lon="-112.8610400">
    <ele>796.0</ele>
    <time>2024-07-09T20:42:20Z</time>
   </trkpt>
   <trkpt lat="51.5395760" lon="-112.8609750">
    <ele>796.2</ele>
    <time>2024-07-09T20:42:21Z</time>
   </trkpt>
   <trkpt lat="51.5395770" lon="-112.8609160">
    <ele>796.3</ele>
    <time>2024-07-09T20:42:22Z</time>
   </trkpt>
   <trkpt lat="51.5395790" lon="-112.8608450">
    <ele>796.5</ele>
    <time>2024-07-09T20:42:23Z</time>
   </trkpt>
   <trkpt lat="51.5395860" lon="-112.8607870">
    <ele>796.7</ele>
    <time>2024-07-09T20:42:24Z</time>
   </trkpt>
   <trkpt lat="51.5395870" lon="-112.8607190">
    <ele>796.8</ele>
    <time>2024-07-09T20:42:25Z</time>
   </trkpt>
   <trkpt lat="51.5395870" lon="-112.8606470">
    <ele>797.0</ele>
    <time>2024-07-09T20:42:26Z</time>
   </trkpt>
   <trkpt lat="51.5395860" lon="-112.8605910">
    <ele>797.1</ele>
    <time>2024-07-09T20:42:27Z</time>
   </trkpt>
   <trkpt lat="51.5395850" lon="-112.8605260">
    <ele>797.3</ele>
    <time>2024-07-09T20:42:28Z</time>
   </trkpt>
   <trkpt lat="51.5395850" lon="-112.8604660">
    <ele>797.5</ele>
    <time>2024-07-09T20:42:29Z</time>
   </trkpt>
   <trkpt lat="51.5395870" lon="-112.8604020">
    <ele>797.7</ele>
    <time>2024-07-09T20:42:30Z</time>
   </trkpt>
   <trkpt lat="51.5396010" lon="-112.8603500">
    <ele>797.9</ele>
    <time>2024-07-09T20:42:31Z</time>
   </trkpt>
   <trkpt lat="51.5395900" lon="-112.8602810">
    <ele>798.1</ele>
    <time>2024-07-09T20:42:32Z</time>
   </trkpt>
   <trkpt lat="51.5395870" lon="-112.8602150">
    <ele>798.2</ele>
    <time>2024-07-09T20:42:33Z</time>
   </trkpt>
   <trkpt lat="51.5395910" lon="-112.8601530">
    <ele>798.4</ele>
    <time>2024-07-09T20:42:34Z</time>
   </trkpt>
   <trkpt lat="51.5395910" lon="-112.8600900">
    <ele>798.6</ele>
    <time>2024-07-09T20:42:35Z</time>
   </trkpt>
   <trkpt lat="51.5395890" lon="-112.8600240">
    <ele>798.7</ele>
    <time>2024-07-09T20:42:36Z</time>
   </trkpt>
   <trkpt lat="51.5395860" lon="-112.8599620">
    <ele>798.9</ele>
    <time>2024-07-09T20:42:37Z</time>
   </trkpt>
   <trkpt lat="51.5395850" lon="-112.8599000">
    <ele>799.1</ele>
    <time>2024-07-09T20:42:38Z</time>
   </trkpt>
   <trkpt lat="51.5395960" lon="-112.8598420">
    <ele>799.2</ele>
    <time>2024-07-09T20:42:39Z</time>
   </trkpt>
   <trkpt lat="51.5395940" lon="-112.8597780">
    <ele>799.3</ele>
    <time>2024-07-09T20:42:40Z</time>
   </trkpt>
   <trkpt lat="51.5395910" lon="-112.8597200">
    <ele>799.5</ele>
    <time>2024-07-09T20:42:41Z</time>
   </trkpt>
   <trkpt lat="51.5395910" lon="-112.8596550">
    <ele>799.6</ele>
    <time>2024-07-09T20:42:42Z</time>
   </trkpt>
   <trkpt lat="51.5395870" lon="-112.8595850">
    <ele>799.8</ele>
    <time>2024-07-09T20:42:43Z</time>
   </trkpt>
   <trkpt lat="51.5395840" lon="-112.8595220">
    <ele>799.9</ele>
    <time>2024-07-09T20:42:44Z</time>
   </trkpt>
   <trkpt lat="51.5395860" lon="-112.8594610">
    <ele>800.1</ele>
    <time>2024-07-09T20:42:45Z</time>
   </trkpt>
   <trkpt lat="51.5395860" lon="-112.8594010">
    <ele>800.2</ele>
    <time>2024-07-09T20:42:46Z</time>
   </trkpt>
   <trkpt lat="51.5395930" lon="-112.8593530">
    <ele>800.3</ele>
    <time>2024-07-09T20:42:47Z</time>
   </trkpt>
   <trkpt lat="51.5395880" lon="-112.8593010">
    <ele>800.4</ele>
    <time>2024-07-09T20:42:48Z</time>
   </trkpt>
   <trkpt lat="51.5395810" lon="-112.8592420">
    <ele>800.5</ele>
    <time>2024-07-09T20:42:49Z</time>
   </trkpt>
   <trkpt lat="51.5395850" lon="-112.8591900">
    <ele>800.7</ele>
    <time>2024-07-09T20:42:50Z</time>
   </trkpt>
   <trkpt lat="51.5395860" lon="-112.8591340">
    <ele>800.8</ele>
    <time>2024-07-09T20:42:51Z</time>
   </trkpt>
   <trkpt lat="51.5395870" lon="-112.8590800">
    <ele>800.9</ele>
    <time>2024-07-09T20:42:52Z</time>
   </trkpt>
   <trkpt lat="51.5395830" lon="-112.8590230">
    <ele>801.0</ele>
    <time>2024-07-09T20:42:53Z</time>
   </trkpt>
   <trkpt lat="51.5395850" lon="-112.8589660">
    <ele>801.1</ele>
    <time>2024-07-09T20:42:54Z</time>
   </trkpt>
   <trkpt lat="51.5395850" lon="-112.8589070">
    <ele>801.3</ele>
    <time>2024-07-09T20:42:55Z</time>
   </trkpt>
   <trkpt lat="51.5395840" lon="-112.8588500">
    <ele>801.4</ele>
    <time>2024-07-09T20:42:56Z</time>
   </trkpt>
   <trkpt lat="51.5395830" lon="-112.8587910">
    <ele>801.5</ele>
    <time>2024-07-09T20:42:57Z</time>
   </trkpt>
   <trkpt lat="51.5395830" lon="-112.8587320">
    <ele>801.6</ele>
    <time>2024-07-09T20:42:58Z</time>
   </trkpt>
   <trkpt lat="51.5395860" lon="-112.8586730">
    <ele>801.8</ele>
    <time>2024-07-09T20:42:59Z</time>
   </trkpt>
   <trkpt lat="51.5395810" lon="-112.8586130">
    <ele>801.9</ele>
    <time>2024-07-09T20:43:00Z</time>
   </trkpt>
   <trkpt lat="51.5395830" lon="-112.8585510">
    <ele>802.1</ele>
    <time>2024-07-09T20:43:01Z</time>
   </trkpt>
   <trkpt lat="51.5395820" lon="-112.8584910">
    <ele>802.2</ele>
    <time>2024-07-09T20:43:02Z</time>
   </trkpt>
   <trkpt lat="51.5395800" lon="-112.8584270">
    <ele>802.4</ele>
    <time>2024-07-09T20:43:03Z</time>
   </trkpt>
   <trkpt lat="51.5395800" lon="-112.8583800">
    <ele>802.5</ele>
    <time>2024-07-09T20:43:04Z</time>
   </trkpt>
   <trkpt lat="51.5395820" lon="-112.8583090">
    <ele>802.7</ele>
    <time>2024-07-09T20:43:05Z</time>
   </trkpt>
   <trkpt lat="51.5395850" lon="-112.8582430">
    <ele>802.8</ele>
    <time>2024-07-09T20:43:06Z</time>
   </trkpt>
   <trkpt lat="51.5395860" lon="-112.8581780">
    <ele>802.9</ele>
    <time>2024-07-09T20:43:07Z</time>
   </trkpt>
   <trkpt lat="51.5395860" lon="-112.8581060">
    <ele>803.1</ele>
    <time>2024-07-09T20:43:08Z</time>
   </trkpt>
   <trkpt lat="51.5395820" lon="-112.8580350">
    <ele>803.2</ele>
    <time>2024-07-09T20:43:09Z</time>
   </trkpt>
   <trkpt lat="51.5395830" lon="-112.8579620">
    <ele>803.4</ele>
    <time>2024-07-09T20:43:10Z</time>
   </trkpt>
   <trkpt lat="51.5395780" lon="-112.8578930">
    <ele>803.5</ele>
    <time>2024-07-09T20:43:11Z</time>
   </trkpt>
   <trkpt lat="51.5395780" lon="-112.8578200">
    <ele>803.7</ele>
    <time>2024-07-09T20:43:12Z</time>
   </trkpt>
   <trkpt lat="51.5395780" lon="-112.8577490">
    <ele>803.8</ele>
    <time>2024-07-09T20:43:13Z</time>
   </trkpt>
   <trkpt lat="51.5395780" lon="-112.8576810">
    <ele>804.0</ele>
    <time>2024-07-09T20:43:14Z</time>
   </trkpt>
   <trkpt lat="51.5395790" lon="-112.8576120">
    <ele>804.1</ele>
    <time>2024-07-09T20:43:15Z</time>
   </trkpt>
   <trkpt lat="51.5395750" lon="-112.8575430">
    <ele>804.2</ele>
    <time>2024-07-09T20:43:16Z</time>
   </trkpt>
   <trkpt lat="51.5395730" lon="-112.8574720">
    <ele>804.4</ele>
    <time>2024-07-09T20:43:17Z</time>
   </trkpt>
   <trkpt lat="51.5395740" lon="-112.8574040">
    <ele>804.5</ele>
    <time>2024-07-09T20:43:18Z</time>
   </trkpt>
   <trkpt lat="51.5395740" lon="-112.8573350">
    <ele>804.7</ele>
    <time>2024-07-09T20:43:19Z</time>
   </trkpt>
   <trkpt lat="51.5395720" lon="-112.8572000">
    <ele>804.9</ele>
    <time>2024-07-09T20:43:20Z</time>
   </trkpt>
   <trkpt lat="51.5395740" lon="-112.8571300">
    <ele>805.1</ele>
    <time>2024-07-09T20:43:21Z</time>
   </trkpt>
   <trkpt lat="51.5395720" lon="-112.8570590">
    <ele>805.2</ele>
    <time>2024-07-09T20:43:22Z</time>
   </trkpt>
   <trkpt lat="51.5395730" lon="-112.8569890">
    <ele>805.4</ele>
    <time>2024-07-09T20:43:23Z</time>
   </trkpt>
   <trkpt lat="51.5395690" lon="-112.8569200">
    <ele>805.5</ele>
    <time>2024-07-09T20:43:24Z</time>
   </trkpt>
   <trkpt lat="51.5395710" lon="-112.8568510">
    <ele>805.6</ele>
    <time>2024-07-09T20:43:25Z</time>
   </trkpt>
   <trkpt lat="51.5395710" lon="-112.8567800">
    <ele>805.7</ele>
    <time>2024-07-09T20:43:26Z</time>
   </trkpt>
   <trkpt lat="51.5395750" lon="-112.8567070">
    <ele>805.9</ele>
    <time>2024-07-09T20:43:27Z</time>
   </trkpt>
   <trkpt lat="51.5395710" lon="-112.8566330">
    <ele>806.0</ele>
    <time>2024-07-09T20:43:28Z</time>
   </trkpt>
   <trkpt lat="51.5395720" lon="-112.8565600">
    <ele>806.1</ele>
    <time>2024-07-09T20:43:29Z</time>
   </trkpt>
   <trkpt lat="51.5395720" lon="-112.8564910">
    <ele>806.2</ele>
    <time>2024-07-09T20:43:30Z</time>
   </trkpt>
   <trkpt lat="51.5395690" lon="-112.8564180">
    <ele>806.3</ele>
    <time>2024-07-09T20:43:31Z</time>
   </trkpt>
   <trkpt lat="51.5395700" lon="-112.8563470">
    <ele>806.5</ele>
    <time>2024-07-09T20:43:32Z</time>
   </trkpt>
   <trkpt lat="51.5395680" lon="-112.8562860">
    <ele>806.6</ele>
    <time>2024-07-09T20:43:33Z</time>
   </trkpt>
   <trkpt lat="51.5395710" lon="-112.8562070">
    <ele>806.7</ele>
    <time>2024-07-09T20:43:34Z</time>
   </trkpt>
   <trkpt lat="51.5395690" lon="-112.8561360">
    <ele>806.8</ele>
    <time>2024-07-09T20:43:35Z</time>
   </trkpt>
   <trkpt lat="51.5395670" lon="-112.8560640">
    <ele>806.9</ele>
    <time>2024-07-09T20:43:36Z</time>
   </trkpt>
   <trkpt lat="51.5395690" lon="-112.8559930">
    <ele>807.0</ele>
    <time>2024-07-09T20:43:37Z</time>
   </trkpt>
   <trkpt lat="51.5395680" lon="-112.8559200">
    <ele>807.1</ele>
    <time>2024-07-09T20:43:38Z</time>
   </trkpt>
   <trkpt lat="51.5395660" lon="-112.8558480">
    <ele>807.2</ele>
    <time>2024-07-09T20:43:39Z</time>
   </trkpt>
   <trkpt lat="51.5395660" lon="-112.8557770">
    <ele>807.3</ele>
    <time>2024-07-09T20:43:40Z</time>
   </trkpt>
   <trkpt lat="51.5395620" lon="-112.8557070">
    <ele>807.4</ele>
    <time>2024-07-09T20:43:41Z</time>
   </trkpt>
   <trkpt lat="51.5395600" lon="-112.8556310">
    <ele>807.5</ele>
    <time>2024-07-09T20:43:42Z</time>
   </trkpt>
   <trkpt lat="51.5395600" lon="-112.8555610">
    <ele>807.6</ele>
    <time>2024-07-09T20:43:43Z</time>
   </trkpt>
   <trkpt lat="51.5395610" lon="-112.8554880">
    <ele>807.7</ele>
    <time>2024-07-09T20:43:44Z</time>
   </trkpt>
   <trkpt lat="51.5395640" lon="-112.8554160">
    <ele>807.8</ele>
    <time>2024-07-09T20:43:46Z</time>
   </trkpt>
   <trkpt lat="51.5395640" lon="-112.8553430">
    <ele>807.8</ele>
    <time>2024-07-09T20:43:47Z</time>
   </trkpt>
   <trkpt lat="51.5395640" lon="-112.8552680">
    <ele>807.9</ele>
    <time>2024-07-09T20:43:48Z</time>
   </trkpt>
   <trkpt lat="51.5395670" lon="-112.8551990">
    <ele>808.0</ele>
    <time>2024-07-09T20:43:49Z</time>
   </trkpt>
   <trkpt lat="51.5395660" lon="-112.8551150">
    <ele>808.1</ele>
    <time>2024-07-09T20:43:50Z</time>
   </trkpt>
   <trkpt lat="51.5395710" lon="-112.8550480">
    <ele>808.2</ele>
    <time>2024-07-09T20:43:51Z</time>
   </trkpt>
   <trkpt lat="51.5395730" lon="-112.8549680">
    <ele>808.2</ele>
    <time>2024-07-09T20:43:52Z</time>
   </trkpt>
   <trkpt lat="51.5395690" lon="-112.8548930">
    <ele>808.3</ele>
    <time>2024-07-09T20:43:53Z</time>
   </trkpt>
   <trkpt lat="51.5395630" lon="-112.8548150">
    <ele>808.3</ele>
    <time>2024-07-09T20:43:54Z</time>
   </trkpt>
   <trkpt lat="51.5395600" lon="-112.8547340">
    <ele>808.4</ele>
    <time>2024-07-09T20:43:55Z</time>
   </trkpt>
   <trkpt lat="51.5395620" lon="-112.8546530">
    <ele>808.4</ele>
    <time>2024-07-09T20:43:56Z</time>
   </trkpt>
   <trkpt lat="51.5395610" lon="-112.8545750">
    <ele>808.5</ele>
    <time>2024-07-09T20:43:57Z</time>
   </trkpt>
   <trkpt lat="51.5395630" lon="-112.8544950">
    <ele>808.5</ele>
    <time>2024-07-09T20:43:58Z</time>
   </trkpt>
   <trkpt lat="51.5395730" lon="-112.8544190">
    <ele>808.6</ele>
    <time>2024-07-09T20:43:59Z</time>
   </trkpt>
   <trkpt lat="51.5395660" lon="-112.8543360">
    <ele>808.6</ele>
    <time>2024-07-09T20:44:00Z</time>
   </trkpt>
   <trkpt lat="51.5395620" lon="-112.8542550">
    <ele>808.6</ele>
    <time>2024-07-09T20:44:01Z</time>
   </trkpt>
   <trkpt lat="51.5395640" lon="-112.8541790">
    <ele>808.6</ele>
    <time>2024-07-09T20:44:02Z</time>
   </trkpt>
   <trkpt lat="51.5395650" lon="-112.8540970">
    <ele>808.7</ele>
    <time>2024-07-09T20:44:03Z</time>
   </trkpt>
   <trkpt lat="51.5395640" lon="-112.8540230">
    <ele>808.7</ele>
    <time>2024-07-09T20:44:04Z</time>
   </trkpt>
   <trkpt lat="51.5395680" lon="-112.8539520">
    <ele>808.7</ele>
    <time>2024-07-09T20:44:05Z</time>
   </trkpt>
   <trkpt lat="51.5395650" lon="-112.8538790">
    <ele>808.8</ele>
    <time>2024-07-09T20:44:06Z</time>
   </trkpt>
   <trkpt lat="51.5395620" lon="-112.8538140">
    <ele>808.8</ele>
    <time>2024-07-09T20:44:07Z</time>
   </trkpt>
   <trkpt lat="51.5395600" lon="-112.8537500">
    <ele>808.8</ele>
    <time>2024-07-09T20:44:08Z</time>
   </trkpt>
   <trkpt lat="51.5395650" lon="-112.8536830">
    <ele>808.8</ele>
    <time>2024-07-09T20:44:09Z</time>
   </trkpt>
   <trkpt lat="51.5395620" lon="-112.8536060">
    <ele>808.8</ele>
    <time>2024-07-09T20:44:10Z</time>
   </trkpt>
   <trkpt lat="51.5395610" lon="-112.8535290">
    <ele>808.8</ele>
    <time>2024-07-09T20:44:11Z</time>
   </trkpt>
   <trkpt lat="51.5395620" lon="-112.8534510">
    <ele>808.8</ele>
    <time>2024-07-09T20:44:12Z</time>
   </trkpt>
   <trkpt lat="51.5395640" lon="-112.8533680">
    <ele>808.9</ele>
    <time>2024-07-09T20:44:13Z</time>
   </trkpt>
   <trkpt lat="51.5395600" lon="-112.8532900">
    <ele>808.9</ele>
    <time>2024-07-09T20:44:14Z</time>
   </trkpt>
   <trkpt lat="51.5395520" lon="-112.8532000">
    <ele>808.9</ele>
    <time>2024-07-09T20:44:15Z</time>
   </trkpt>
   <trkpt lat="51.5395590" lon="-112.8531190">
    <ele>808.9</ele>
    <time>2024-07-09T20:44:16Z</time>
   </trkpt>
   <trkpt lat="51.5395590" lon="-112.8530350">
    <ele>809.0</ele>
    <time>2024-07-09T20:44:17Z</time>
   </trkpt>
   <trkpt lat="51.5395560" lon="-112.8529500">
    <ele>809.0</ele>
    <time>2024-07-09T20:44:18Z</time>
   </trkpt>
   <trkpt lat="51.5395570" lon="-112.8528640">
    <ele>809.0</ele>
    <time>2024-07-09T20:44:19Z</time>
   </trkpt>
   <trkpt lat="51.5395600" lon="-112.8527810">
    <ele>809.0</ele>
    <time>2024-07-09T20:44:20Z</time>
   </trkpt>
   <trkpt lat="51.5395570" lon="-112.8526980">
    <ele>809.0</ele>
    <time>2024-07-09T20:44:21Z</time>
   </trkpt>
   <trkpt lat="51.5395570" lon="-112.8526100">
    <ele>809.0</ele>
    <time>2024-07-09T20:44:22Z</time>
   </trkpt>
   <trkpt lat="51.5395570" lon="-112.8525190">
    <ele>809.0</ele>
    <time>2024-07-09T20:44:23Z</time>
   </trkpt>
   <trkpt lat="51.5395590" lon="-112.8524380">
    <ele>809.0</ele>
    <time>2024-07-09T20:44:24Z</time>
   </trkpt>
   <trkpt lat="51.5395600" lon="-112.8523510">
    <ele>808.9</ele>
    <time>2024-07-09T20:44:25Z</time>
   </trkpt>
   <trkpt lat="51.5395600" lon="-112.8522600">
    <ele>808.9</ele>
    <time>2024-07-09T20:44:26Z</time>
   </trkpt>
   <trkpt lat="51.5395540" lon="-112.8521690">
    <ele>808.9</ele>
    <time>2024-07-09T20:44:27Z</time>
   </trkpt>
   <trkpt lat="51.5395580" lon="-112.8520760">
    <ele>808.9</ele>
    <time>2024-07-09T20:44:28Z</time>
   </trkpt>
   <trkpt lat="51.5395600" lon="-112.8519860">
    <ele>808.9</ele>
    <time>2024-07-09T20:44:29Z</time>
   </trkpt>
   <trkpt lat="51.5395580" lon="-112.8518940">
    <ele>808.9</ele>
    <time>2024-07-09T20:44:30Z</time>
   </trkpt>
   <trkpt lat="51.5395580" lon="-112.8518030">
    <ele>808.9</ele>
    <time>2024-07-09T20:44:31Z</time>
   </trkpt>
   <trkpt lat="51.5395560" lon="-112.8517070">
    <ele>808.9</ele>
    <time>2024-07-09T20:44:32Z</time>
   </trkpt>
   <trkpt lat="51.5395480" lon="-112.8516060">
    <ele>808.8</ele>
    <time>2024-07-09T20:44:33Z</time>
   </trkpt>
   <trkpt lat="51.5395540" lon="-112.8515170">
    <ele>808.8</ele>
    <time>2024-07-09T20:44:34Z</time>
   </trkpt>
   <trkpt lat="51.5395560" lon="-112.8514230">
    <ele>808.8</ele>
    <time>2024-07-09T20:44:35Z</time>
   </trkpt>
   <trkpt lat="51.5395520" lon="-112.8513290">
    <ele>808.8</ele>
    <time>2024-07-09T20:44:36Z</time>
   </trkpt>
   <trkpt lat="51.5395500" lon="-112.8512350">
    <ele>808.8</ele>
    <time>2024-07-09T20:44:37Z</time>
   </trkpt>
   <trkpt lat="51.5395510" lon="-112.8511400">
    <ele>808.7</ele>
    <time>2024-07-09T20:44:38Z</time>
   </trkpt>
   <trkpt lat="51.5395510" lon="-112.8510450">
    <ele>808.7</ele>
    <time>2024-07-09T20:44:39Z</time>
   </trkpt>
   <trkpt lat="51.5395550" lon="-112.8509450">
    <ele>808.7</ele>
    <time>2024-07-09T20:44:40Z</time>
   </trkpt>
   <trkpt lat="51.5395540" lon="-112.8508490">
    <ele>808.7</ele>
    <time>2024-07-09T20:44:41Z</time>
   </trkpt>
   <trkpt lat="51.5395530" lon="-112.8507510">
    <ele>808.7</ele>
    <time>2024-07-09T20:44:42Z</time>
   </trkpt>
   <trkpt lat="51.5395550" lon="-112.8506510">
    <ele>808.7</ele>
    <time>2024-07-09T20:44:43Z</time>
   </trkpt>
   <trkpt lat="51.5395550" lon="-112.8505500">
    <ele>808.7</ele>
    <time>2024-07-09T20:44:44Z</time>
   </trkpt>
   <trkpt lat="51.5395510" lon="-112.8504500">
    <ele>808.7</ele>
    <time>2024-07-09T20:44:45Z</time>
   </trkpt>
   <trkpt lat="51.5395580" lon="-112.8503560">
    <ele>808.7</ele>
    <time>2024-07-09T20:44:46Z</time>
   </trkpt>
   <trkpt lat="51.5395530" lon="-112.8502510">
    <ele>808.7</ele>
    <time>2024-07-09T20:44:47Z</time>
   </trkpt>
   <trkpt lat="51.5395530" lon="-112.8501510">
    <ele>808.7</ele>
    <time>2024-07-09T20:44:48Z</time>
   </trkpt>
   <trkpt lat="51.5395490" lon="-112.8500530">
    <ele>808.7</ele>
    <time>2024-07-09T20:44:49Z</time>
   </trkpt>
   <trkpt lat="51.5395470" lon="-112.8499570">
    <ele>808.7</ele>
    <time>2024-07-09T20:44:50Z</time>
   </trkpt>
   <trkpt lat="51.5395580" lon="-112.8498560">
    <ele>808.7</ele>
    <time>2024-07-09T20:44:51Z</time>
   </trkpt>
   <trkpt lat="51.5395540" lon="-112.8497570">
    <ele>808.7</ele>
    <time>2024-07-09T20:44:52Z</time>
   </trkpt>
   <trkpt lat="51.5395500" lon="-112.8496610">
    <ele>808.7</ele>
    <time>2024-07-09T20:44:53Z</time>
   </trkpt>
   <trkpt lat="51.5395510" lon="-112.8495580">
    <ele>808.7</ele>
    <time>2024-07-09T20:44:54Z</time>
   </trkpt>
   <trkpt lat="51.5395490" lon="-112.8494590">
    <ele>808.7</ele>
    <time>2024-07-09T20:44:55Z</time>
   </trkpt>
   <trkpt lat="51.5395600" lon="-112.8493640">
    <ele>808.7</ele>
    <time>2024-07-09T20:44:56Z</time>
   </trkpt>
   <trkpt lat="51.5395570" lon="-112.8492620">
    <ele>808.7</ele>
    <time>2024-07-09T20:44:57Z</time>
   </trkpt>
   <trkpt lat="51.5395540" lon="-112.8491590">
    <ele>808.7</ele>
    <time>2024-07-09T20:44:58Z</time>
   </trkpt>
   <trkpt lat="51.5395520" lon="-112.8490560">
    <ele>808.7</ele>
    <time>2024-07-09T20:44:59Z</time>
   </trkpt>
   <trkpt lat="51.5395500" lon="-112.8489550">
    <ele>808.7</ele>
    <time>2024-07-09T20:45:00Z</time>
   </trkpt>
   <trkpt lat="51.5395450" lon="-112.8488560">
    <ele>808.7</ele>
    <time>2024-07-09T20:45:01Z</time>
   </trkpt>
   <trkpt lat="51.5395480" lon="-112.8487560">
    <ele>808.7</ele>
    <time>2024-07-09T20:45:02Z</time>
   </trkpt>
   <trkpt lat="51.5395460" lon="-112.8486510">
    <ele>808.7</ele>
    <time>2024-07-09T20:45:03Z</time>
   </trkpt>
   <trkpt lat="51.5395500" lon="-112.8485510">
    <ele>808.6</ele>
    <time>2024-07-09T20:45:04Z</time>
   </trkpt>
   <trkpt lat="51.5395460" lon="-112.8484520">
    <ele>808.6</ele>
    <time>2024-07-09T20:45:05Z</time>
   </trkpt>
   <trkpt lat="51.5395550" lon="-112.8483580">
    <ele>808.6</ele>
    <time>2024-07-09T20:45:06Z</time>
   </trkpt>
   <trkpt lat="51.5395520" lon="-112.8482550">
    <ele>808.6</ele>
    <time>2024-07-09T20:45:07Z</time>
   </trkpt>
   <trkpt lat="51.5395300" lon="-112.8481480">
    <ele>808.6</ele>
    <time>2024-07-09T20:45:08Z</time>
   </trkpt>
   <trkpt lat="51.5395340" lon="-112.8480520">
    <ele>808.6</ele>
    <time>2024-07-09T20:45:09Z</time>
   </trkpt>
   <trkpt lat="51.5395390" lon="-112.8479520">
    <ele>808.6</ele>
    <time>2024-07-09T20:45:10Z</time>
   </trkpt>
   <trkpt lat="51.5395430" lon="-112.8478560">
    <ele>808.6</ele>
    <time>2024-07-09T20:45:11Z</time>
   </trkpt>
   <trkpt lat="51.5395380" lon="-112.8477530">
    <ele>808.6</ele>
    <time>2024-07-09T20:45:12Z</time>
   </trkpt>
   <trkpt lat="51.5395330" lon="-112.8476550">
    <ele>808.6</ele>
    <time>2024-07-09T20:45:13Z</time>
   </trkpt>
   <trkpt lat="51.5395350" lon="-112.8475540">
    <ele>808.6</ele>
    <time>2024-07-09T20:45:14Z</time>
   </trkpt>
   <trkpt lat="51.5395410" lon="-112.8474640">
    <ele>808.6</ele>
    <time>2024-07-09T20:45:15Z</time>
   </trkpt>
   <trkpt lat="51.5395400" lon="-112.8473600">
    <ele>808.6</ele>
    <time>2024-07-09T20:45:16Z</time>
   </trkpt>
   <trkpt lat="51.5395360" lon="-112.8472620">
    <ele>808.7</ele>
    <time>2024-07-09T20:45:17Z</time>
   </trkpt>
   <trkpt lat="51.5395350" lon="-112.8471600">
    <ele>808.7</ele>
    <time>2024-07-09T20:45:18Z</time>
   </trkpt>
   <trkpt lat="51.5395390" lon="-112.8470670">
    <ele>808.7</ele>
    <time>2024-07-09T20:45:19Z</time>
   </trkpt>
   <trkpt lat="51.5395340" lon="-112.8469700">
    <ele>808.7</ele>
    <time>2024-07-09T20:45:20Z</time>
   </trkpt>
   <trkpt lat="51.5395350" lon="-112.8468710">
    <ele>808.7</ele>
    <time>2024-07-09T20:45:21Z</time>
   </trkpt>
   <trkpt lat="51.5395370" lon="-112.8467700">
    <ele>808.7</ele>
    <time>2024-07-09T20:45:22Z</time>
   </trkpt>
   <trkpt lat="51.5395380" lon="-112.8466710">
    <ele>808.7</ele>
    <time>2024-07-09T20:45:23Z</time>
   </trkpt>
   <trkpt lat="51.5395350" lon="-112.8465730">
    <ele>808.7</ele>
    <time>2024-07-09T20:45:24Z</time>
   </trkpt>
   <trkpt lat="51.5395390" lon="-112.8464740">
    <ele>808.7</ele>
    <time>2024-07-09T20:45:25Z</time>
   </trkpt>
   <trkpt lat="51.5395360" lon="-112.8463740">
    <ele>808.7</ele>
    <time>2024-07-09T20:45:26Z</time>
   </trkpt>
   <trkpt lat="51.5395330" lon="-112.8462770">
    <ele>808.7</ele>
    <time>2024-07-09T20:45:27Z</time>
   </trkpt>
   <trkpt lat="51.5395340" lon="-112.8461730">
    <ele>808.7</ele>
    <time>2024-07-09T20:45:28Z</time>
   </trkpt>
   <trkpt lat="51.5395310" lon="-112.8460740">
    <ele>808.7</ele>
    <time>2024-07-09T20:45:29Z</time>
   </trkpt>
   <trkpt lat="51.5395310" lon="-112.8459750">
    <ele>808.7</ele>
    <time>2024-07-09T20:45:30Z</time>
   </trkpt>
   <trkpt lat="51.5395340" lon="-112.8458750">
    <ele>808.7</ele>
    <time>2024-07-09T20:45:31Z</time>
   </trkpt>
   <trkpt lat="51.5395350" lon="-112.8457730">
    <ele>808.8</ele>
    <time>2024-07-09T20:45:32Z</time>
   </trkpt>
   <trkpt lat="51.5395350" lon="-112.8456760">
    <ele>808.8</ele>
    <time>2024-07-09T20:45:33Z</time>
   </trkpt>
   <trkpt lat="51.5395330" lon="-112.8455760">
    <ele>808.8</ele>
    <time>2024-07-09T20:45:34Z</time>
   </trkpt>
   <trkpt lat="51.5395210" lon="-112.8454710">
    <ele>808.9</ele>
    <time>2024-07-09T20:45:35Z</time>
   </trkpt>
   <trkpt lat="51.5395280" lon="-112.8453780">
    <ele>808.9</ele>
    <time>2024-07-09T20:45:36Z</time>
   </trkpt>
   <trkpt lat="51.5395300" lon="-112.8452820">
    <ele>808.9</ele>
    <time>2024-07-09T20:45:37Z</time>
   </trkpt>
   <trkpt lat="51.5395270" lon="-112.8451870">
    <ele>809.0</ele>
    <time>2024-07-09T20:45:38Z</time>
   </trkpt>
   <trkpt lat="51.5395300" lon="-112.8450920">
    <ele>809.0</ele>
    <time>2024-07-09T20:45:39Z</time>
   </trkpt>
   <trkpt lat="51.5395370" lon="-112.8449990">
    <ele>809.1</ele>
    <time>2024-07-09T20:45:40Z</time>
   </trkpt>
   <trkpt lat="51.5395320" lon="-112.8448980">
    <ele>809.1</ele>
    <time>2024-07-09T20:45:41Z</time>
   </trkpt>
   <trkpt lat="51.5395270" lon="-112.8448060">
    <ele>809.2</ele>
    <time>2024-07-09T20:45:42Z</time>
   </trkpt>
   <trkpt lat="51.5395260" lon="-112.8447150">
    <ele>809.2</ele>
    <time>2024-07-09T20:45:43Z</time>
   </trkpt>
   <trkpt lat="51.5395270" lon="-112.8446170">
    <ele>809.3</ele>
    <time>2024-07-09T20:45:44Z</time>
   </trkpt>
   <trkpt lat="51.5395280" lon="-112.8445260">
    <ele>809.4</ele>
    <time>2024-07-09T20:45:45Z</time>
   </trkpt>
   <trkpt lat="51.5395140" lon="-112.8444220">
    <ele>809.4</ele>
    <time>2024-07-09T20:45:46Z</time>
   </trkpt>
   <trkpt lat="51.5395240" lon="-112.8443300">
    <ele>809.5</ele>
    <time>2024-07-09T20:45:47Z</time>
   </trkpt>
   <trkpt lat="51.5395260" lon="-112.8442350">
    <ele>809.6</ele>
    <time>2024-07-09T20:45:48Z</time>
   </trkpt>
   <trkpt lat="51.5395250" lon="-112.8441370">
    <ele>809.6</ele>
    <time>2024-07-09T20:45:49Z</time>
   </trkpt>
   <trkpt lat="51.5395270" lon="-112.8440410">
    <ele>809.7</ele>
    <time>2024-07-09T20:45:50Z</time>
   </trkpt>
   <trkpt lat="51.5395240" lon="-112.8439440">
    <ele>809.8</ele>
    <time>2024-07-09T20:45:51Z</time>
   </trkpt>
   <trkpt lat="51.5395310" lon="-112.8438460">
    <ele>809.8</ele>
    <time>2024-07-09T20:45:52Z</time>
   </trkpt>
   <trkpt lat="51.5395180" lon="-112.8437470">
    <ele>809.9</ele>
    <time>2024-07-09T20:45:53Z</time>
   </trkpt>
   <trkpt lat="51.5395240" lon="-112.8436460">
    <ele>809.9</ele>
    <time>2024-07-09T20:45:54Z</time>
   </trkpt>
   <trkpt lat="51.5395240" lon="-112.8435520">
    <ele>810.0</ele>
    <time>2024-07-09T20:45:55Z</time>
   </trkpt>
   <trkpt lat="51.5395250" lon="-112.8434530">
    <ele>810.1</ele>
    <time>2024-07-09T20:45:56Z</time>
   </trkpt>
   <trkpt lat="51.5395250" lon="-112.8433550">
    <ele>810.1</ele>
    <time>2024-07-09T20:45:57Z</time>
   </trkpt>
   <trkpt lat="51.5395200" lon="-112.8432580">
    <ele>810.2</ele>
    <time>2024-07-09T20:45:58Z</time>
   </trkpt>
   <trkpt lat="51.5395200" lon="-112.8431590">
    <ele>810.3</ele>
    <time>2024-07-09T20:45:59Z</time>
   </trkpt>
   <trkpt lat="51.5395220" lon="-112.8430600">
    <ele>810.3</ele>
    <time>2024-07-09T20:46:00Z</time>
   </trkpt>
   <trkpt lat="51.5395240" lon="-112.8429650">
    <ele>810.4</ele>
    <time>2024-07-09T20:46:01Z</time>
   </trkpt>
   <trkpt lat="51.5395210" lon="-112.8428670">
    <ele>810.5</ele>
    <time>2024-07-09T20:46:02Z</time>
   </trkpt>
   <trkpt lat="51.5395230" lon="-112.8427670">
    <ele>810.6</ele>
    <time>2024-07-09T20:46:03Z</time>
   </trkpt>
   <trkpt lat="51.5395270" lon="-112.8426700">
    <ele>810.6</ele>
    <time>2024-07-09T20:46:04Z</time>
   </trkpt>
   <trkpt lat="51.5395250" lon="-112.8425780">
    <ele>810.7</ele>
    <time>2024-07-09T20:46:05Z</time>
   </trkpt>
   <trkpt lat="51.5395240" lon="-112.8424780">
    <ele>810.8</ele>
    <time>2024-07-09T20:46:06Z</time>
   </trkpt>
   <trkpt lat="51.5395230" lon="-112.8423800">
    <ele>810.9</ele>
    <time>2024-07-09T20:46:07Z</time>
   </trkpt>
   <trkpt lat="51.5395220" lon="-112.8422890">
    <ele>810.9</ele>
    <time>2024-07-09T20:46:08Z</time>
   </trkpt>
   <trkpt lat="51.5395220" lon="-112.8421930">
    <ele>811.0</ele>
    <time>2024-07-09T20:46:09Z</time>
   </trkpt>
   <trkpt lat="51.5395210" lon="-112.8421020">
    <ele>811.1</ele>
    <time>2024-07-09T20:46:10Z</time>
   </trkpt>
   <trkpt lat="51.5395220" lon="-112.8420070">
    <ele>811.2</ele>
    <time>2024-07-09T20:46:11Z</time>
   </trkpt>
   <trkpt lat="51.5395230" lon="-112.8419160">
    <ele>811.2</ele>
    <time>2024-07-09T20:46:12Z</time>
   </trkpt>
   <trkpt lat="51.5395210" lon="-112.8418220">
    <ele>811.3</ele>
    <time>2024-07-09T20:46:13Z</time>
   </trkpt>
   <trkpt lat="51.5395290" lon="-112.8417340">
    <ele>811.4</ele>
    <time>2024-07-09T20:46:14Z</time>
   </trkpt>
   <trkpt lat="51.5395250" lon="-112.8416380">
    <ele>811.5</ele>
    <time>2024-07-09T20:46:15Z</time>
   </trkpt>
   <trkpt lat="51.5395260" lon="-112.8415520">
    <ele>811.6</ele>
    <time>2024-07-09T20:46:16Z</time>
   </trkpt>
   <trkpt lat="51.5395260" lon="-112.8414590">
    <ele>811.7</ele>
    <time>2024-07-09T20:46:17Z</time>
   </trkpt>
   <trkpt lat="51.5395360" lon="-112.8413720">
    <ele>811.9</ele>
    <time>2024-07-09T20:46:18Z</time>
   </trkpt>
   <trkpt lat="51.5395670" lon="-112.8412930">
    <ele>812.0</ele>
    <time>2024-07-09T20:46:19Z</time>
   </trkpt>
   <trkpt lat="51.5396030" lon="-112.8412240">
    <ele>812.1</ele>
    <time>2024-07-09T20:46:20Z</time>
   </trkpt>
   <trkpt lat="51.5396580" lon="-112.8411730">
    <ele>812.1</ele>
    <time>2024-07-09T20:46:21Z</time>
   </trkpt>
   <trkpt lat="51.5397040" lon="-112.8411320">
    <ele>812.2</ele>
    <time>2024-07-09T20:46:22Z</time>
   </trkpt>
   <trkpt lat="51.5397590" lon="-112.8410930">
    <ele>812.3</ele>
    <time>2024-07-09T20:46:23Z</time>
   </trkpt>
   <trkpt lat="51.5398140" lon="-112.8410700">
    <ele>812.3</ele>
    <time>2024-07-09T20:46:24Z</time>
   </trkpt>
   <trkpt lat="51.5398710" lon="-112.8410600">
    <ele>812.4</ele>
    <time>2024-07-09T20:46:25Z</time>
   </trkpt>
   <trkpt lat="51.5399290" lon="-112.8410520">
    <ele>812.5</ele>
    <time>2024-07-09T20:46:26Z</time>
   </trkpt>
   <trkpt lat="51.5399910" lon="-112.8410460">
    <ele>812.6</ele>
    <time>2024-07-09T20:46:27Z</time>
   </trkpt>
   <trkpt lat="51.5400500" lon="-112.8410490">
    <ele>812.7</ele>
    <time>2024-07-09T20:46:28Z</time>
   </trkpt>
   <trkpt lat="51.5401070" lon="-112.8410510">
    <ele>812.8</ele>
    <time>2024-07-09T20:46:29Z</time>
   </trkpt>
   <trkpt lat="51.5401600" lon="-112.8410590">
    <ele>812.9</ele>
    <time>2024-07-09T20:46:30Z</time>
   </trkpt>
   <trkpt lat="51.5402120" lon="-112.8410660">
    <ele>813.0</ele>
    <time>2024-07-09T20:46:31Z</time>
   </trkpt>
   <trkpt lat="51.5402620" lon="-112.8410630">
    <ele>813.1</ele>
    <time>2024-07-09T20:46:32Z</time>
   </trkpt>
   <trkpt lat="51.5403110" lon="-112.8410530">
    <ele>813.2</ele>
    <time>2024-07-09T20:46:33Z</time>
   </trkpt>
   <trkpt lat="51.5403630" lon="-112.8410590">
    <ele>813.3</ele>
    <time>2024-07-09T20:46:34Z</time>
   </trkpt>
   <trkpt lat="51.5404160" lon="-112.8410640">
    <ele>813.4</ele>
    <time>2024-07-09T20:46:35Z</time>
   </trkpt>
   <trkpt lat="51.5404690" lon="-112.8410650">
    <ele>813.4</ele>
    <time>2024-07-09T20:46:36Z</time>
   </trkpt>
   <trkpt lat="51.5405230" lon="-112.8410660">
    <ele>813.5</ele>
    <time>2024-07-09T20:46:37Z</time>
   </trkpt>
   <trkpt lat="51.5405840" lon="-112.8410600">
    <ele>813.7</ele>
    <time>2024-07-09T20:46:38Z</time>
   </trkpt>
   <trkpt lat="51.5406410" lon="-112.8410600">
    <ele>813.8</ele>
    <time>2024-07-09T20:46:39Z</time>
   </trkpt>
   <trkpt lat="51.5407010" lon="-112.8410640">
    <ele>813.9</ele>
    <time>2024-07-09T20:46:40Z</time>
   </trkpt>
   <trkpt lat="51.5407610" lon="-112.8410640">
    <ele>814.0</ele>
    <time>2024-07-09T20:46:41Z</time>
   </trkpt>
   <trkpt lat="51.5408180" lon="-112.8410640">
    <ele>814.1</ele>
    <time>2024-07-09T20:46:42Z</time>
   </trkpt>
   <trkpt lat="51.5408770" lon="-112.8410630">
    <ele>814.2</ele>
    <time>2024-07-09T20:46:43Z</time>
   </trkpt>
   <trkpt lat="51.5409320" lon="-112.8410720">
    <ele>814.3</ele>
    <time>2024-07-09T20:46:44Z</time>
   </trkpt>
   <trkpt lat="51.5409930" lon="-112.8410630">
    <ele>814.4</ele>
    <time>2024-07-09T20:46:45Z</time>
   </trkpt>
   <trkpt lat="51.5410510" lon="-112.8410660">
    <ele>814.5</ele>
    <time>2024-07-09T20:46:46Z</time>
   </trkpt>
   <trkpt lat="51.5411090" lon="-112.8410650">
    <ele>814.6</ele>
    <time>2024-07-09T20:46:47Z</time>
   </trkpt>
   <trkpt lat="51.5411680" lon="-112.8410660">
    <ele>814.8</ele>
    <time>2024-07-09T20:46:48Z</time>
   </trkpt>
   <trkpt lat="51.5412250" lon="-112.8410630">
    <ele>814.9</ele>
    <time>2024-07-09T20:46:49Z</time>
   </trkpt>
   <trkpt lat="51.5412840" lon="-112.8410630">
    <ele>815.0</ele>
    <time>2024-07-09T20:46:50Z</time>
   </trkpt>
   <trkpt lat="51.5413390" lon="-112.8410640">
    <ele>815.1</ele>
    <time>2024-07-09T20:46:51Z</time>
   </trkpt>
   <trkpt lat="51.5413980" lon="-112.8410660">
    <ele>815.2</ele>
    <time>2024-07-09T20:46:52Z</time>
   </trkpt>
   <trkpt lat="51.5414520" lon="-112.8410740">
    <ele>815.2</ele>
    <time>2024-07-09T20:46:53Z</time>
   </trkpt>
   <trkpt lat="51.5415090" lon="-112.8410690">
    <ele>815.3</ele>
    <time>2024-07-09T20:46:54Z</time>
   </trkpt>
   <trkpt lat="51.5415710" lon="-112.8410630">
    <ele>815.4</ele>
    <time>2024-07-09T20:46:55Z</time>
   </trkpt>
   <trkpt lat="51.5416330" lon="-112.8410590">
    <ele>815.5</ele>
    <time>2024-07-09T20:46:56Z</time>
   </trkpt>
   <trkpt lat="51.5416940" lon="-112.8410620">
    <ele>815.6</ele>
    <time>2024-07-09T20:46:57Z</time>
   </trkpt>
   <trkpt lat="51.5417560" lon="-112.8410610">
    <ele>815.7</ele>
    <time>2024-07-09T20:46:58Z</time>
   </trkpt>
   <trkpt lat="51.5418160" lon="-112.8410630">
    <ele>815.8</ele>
    <time>2024-07-09T20:46:59Z</time>
   </trkpt>
   <trkpt lat="51.5418800" lon="-112.8410590">
    <ele>815.9</ele>
    <time>2024-07-09T20:47:00Z</time>
   </trkpt>
   <trkpt lat="51.5419410" lon="-112.8410640">
    <ele>816.0</ele>
    <time>2024-07-09T20:47:01Z</time>
   </trkpt>
   <trkpt lat="51.5420070" lon="-112.8410720">
    <ele>816.1</ele>
    <time>2024-07-09T20:47:02Z</time>
   </trkpt>
   <trkpt lat="51.5420660" lon="-112.8410620">
    <ele>816.2</ele>
    <time>2024-07-09T20:47:03Z</time>
   </trkpt>
   <trkpt lat="51.5421270" lon="-112.8410640">
    <ele>816.3</ele>
    <time>2024-07-09T20:47:04Z</time>
   </trkpt>
   <trkpt lat="51.5421920" lon="-112.8410630">
    <ele>816.4</ele>
    <time>2024-07-09T20:47:05Z</time>
   </trkpt>
   <trkpt lat="51.5422520" lon="-112.8410630">
    <ele>816.5</ele>
    <time>2024-07-09T20:47:06Z</time>
   </trkpt>
   <trkpt lat="51.5423140" lon="-112.8410630">
    <ele>816.5</ele>
    <time>2024-07-09T20:47:07Z</time>
   </trkpt>
   <trkpt lat="51.5423730" lon="-112.8410680">
    <ele>816.6</ele>
    <time>2024-07-09T20:47:08Z</time>
   </trkpt>
   <trkpt lat="51.5424390" lon="-112.8410680">
    <ele>816.7</ele>
    <time>2024-07-09T20:47:09Z</time>
   </trkpt>
   <trkpt lat="51.5424970" lon="-112.8410600">
    <ele>816.8</ele>
    <time>2024-07-09T20:47:10Z</time>
   </trkpt>
   <trkpt lat="51.5425570" lon="-112.8410610">
    <ele>816.8</ele>
    <time>2024-07-09T20:47:11Z</time>
   </trkpt>
   <trkpt lat="51.5426200" lon="-112.8410620">
    <ele>816.9</ele>
    <time>2024-07-09T20:47:12Z</time>
   </trkpt>
   <trkpt lat="51.5426840" lon="-112.8410630">
    <ele>817.0</ele>
    <time>2024-07-09T20:47:13Z</time>
   </trkpt>
   <trkpt lat="51.5427490" lon="-112.8410690">
    <ele>817.1</ele>
    <time>2024-07-09T20:47:14Z</time>
   </trkpt>
   <trkpt lat="51.5428220" lon="-112.8410580">
    <ele>817.2</ele>
    <time>2024-07-09T20:47:15Z</time>
   </trkpt>
   <trkpt lat="51.5428870" lon="-112.8410600">
    <ele>817.2</ele>
    <time>2024-07-09T20:47:16Z</time>
   </trkpt>
   <trkpt lat="51.5429550" lon="-112.8410620">
    <ele>817.3</ele>
    <time>2024-07-09T20:47:17Z</time>
   </trkpt>
   <trkpt lat="51.5430240" lon="-112.8410610">
    <ele>817.4</ele>
    <time>2024-07-09T20:47:18Z</time>
   </trkpt>
   <trkpt lat="51.5430930" lon="-112.8410600">
    <ele>817.5</ele>
    <time>2024-07-09T20:47:19Z</time>
   </trkpt>
   <trkpt lat="51.5431620" lon="-112.8410650">
    <ele>817.6</ele>
    <time>2024-07-09T20:47:20Z</time>
   </trkpt>
   <trkpt lat="51.5432310" lon="-112.8410640">
    <ele>817.7</ele>
    <time>2024-07-09T20:47:21Z</time>
   </trkpt>
   <trkpt lat="51.5433020" lon="-112.8410620">
    <ele>817.7</ele>
    <time>2024-07-09T20:47:22Z</time>
   </trkpt>
   <trkpt lat="51.5433720" lon="-112.8410570">
    <ele>817.8</ele>
    <time>2024-07-09T20:47:23Z</time>
   </trkpt>
   <trkpt lat="51.5434420" lon="-112.8410590">
    <ele>817.9</ele>
    <time>2024-07-09T20:47:24Z</time>
   </trkpt>
   <trkpt lat="51.5435120" lon="-112.8410600">
    <ele>817.9</ele>
    <time>2024-07-09T20:47:25Z</time>
   </trkpt>
   <trkpt lat="51.5435880" lon="-112.8410600">
    <ele>818.0</ele>
    <time>2024-07-09T20:47:26Z</time>
   </trkpt>
   <trkpt lat="51.5436560" lon="-112.8410560">
    <ele>818.1</ele>
    <time>2024-07-09T20:47:27Z</time>
   </trkpt>
   <trkpt lat="51.5437260" lon="-112.8410620">
    <ele>818.1</ele>
    <time>2024-07-09T20:47:28Z</time>
   </trkpt>
   <trkpt lat="51.5438000" lon="-112.8410570">
    <ele>818.2</ele>
    <time>2024-07-09T20:47:29Z</time>
   </trkpt>
   <trkpt lat="51.5438700" lon="-112.8410650">
    <ele>818.2</ele>
    <time>2024-07-09T20:47:30Z</time>
   </trkpt>
   <trkpt lat="51.5439460" lon="-112.8410570">
    <ele>818.3</ele>
    <time>2024-07-09T20:47:31Z</time>
   </trkpt>
   <trkpt lat="51.5440160" lon="-112.8410750">
    <ele>818.3</ele>
    <time>2024-07-09T20:47:32Z</time>
   </trkpt>
   <trkpt lat="51.5440900" lon="-112.8410620">
    <ele>818.4</ele>
    <time>2024-07-09T20:47:33Z</time>
   </trkpt>
   <trkpt lat="51.5441640" lon="-112.8410590">
    <ele>818.5</ele>
    <time>2024-07-09T20:47:34Z</time>
   </trkpt>
   <trkpt lat="51.5442370" lon="-112.8410550">
    <ele>818.5</ele>
    <time>2024-07-09T20:47:35Z</time>
   </trkpt>
   <trkpt lat="51.5443080" lon="-112.8410630">
    <ele>818.6</ele>
    <time>2024-07-09T20:47:36Z</time>
   </trkpt>
   <trkpt lat="51.5443840" lon="-112.8410550">
    <ele>818.6</ele>
    <time>2024-07-09T20:47:37Z</time>
   </trkpt>
   <trkpt lat="51.5444580" lon="-112.8410540">
    <ele>818.7</ele>
    <time>2024-07-09T20:47:38Z</time>
   </trkpt>
   <trkpt lat="51.5445320" lon="-112.8410530">
    <ele>818.7</ele>
    <time>2024-07-09T20:47:39Z</time>
   </trkpt>
   <trkpt lat="51.5446080" lon="-112.8410470">
    <ele>818.7</ele>
    <time>2024-07-09T20:47:40Z</time>
   </trkpt>
   <trkpt lat="51.5446790" lon="-112.8410540">
    <ele>818.8</ele>
    <time>2024-07-09T20:47:41Z</time>
   </trkpt>
   <trkpt lat="51.5447550" lon="-112.8410500">
    <ele>818.9</ele>
    <time>2024-07-09T20:47:42Z</time>
   </trkpt>
   <trkpt lat="51.5448310" lon="-112.8410530">
    <ele>819.0</ele>
    <time>2024-07-09T20:47:43Z</time>
   </trkpt>
   <trkpt lat="51.5449050" lon="-112.8410570">
    <ele>819.0</ele>
    <time>2024-07-09T20:47:44Z</time>
   </trkpt>
   <trkpt lat="51.5449800" lon="-112.8410550">
    <ele>819.1</ele>
    <time>2024-07-09T20:47:45Z</time>
   </trkpt>
   <trkpt lat="51.5450560" lon="-112.8410510">
    <ele>819.1</ele>
    <time>2024-07-09T20:47:46Z</time>
   </trkpt>
   <trkpt lat="51.5451310" lon="-112.8410500">
    <ele>819.1</ele>
    <time>2024-07-09T20:47:47Z</time>
   </trkpt>
   <trkpt lat="51.5452050" lon="-112.8410480">
    <ele>819.2</ele>
    <time>2024-07-09T20:47:48Z</time>
   </trkpt>
   <trkpt lat="51.5452830" lon="-112.8410410">
    <ele>819.2</ele>
    <time>2024-07-09T20:47:49Z</time>
   </trkpt>
   <trkpt lat="51.5453550" lon="-112.8410460">
    <ele>819.3</ele>
    <time>2024-07-09T20:47:50Z</time>
   </trkpt>
   <trkpt lat="51.5454270" lon="-112.8410480">
    <ele>819.3</ele>
    <time>2024-07-09T20:47:51Z</time>
   </trkpt>
   <trkpt lat="51.5454990" lon="-112.8410510">
    <ele>819.4</ele>
    <time>2024-07-09T20:47:52Z</time>
   </trkpt>
   <trkpt lat="51.5455720" lon="-112.8410510">
    <ele>819.4</ele>
    <time>2024-07-09T20:47:53Z</time>
   </trkpt>
   <trkpt lat="51.5456420" lon="-112.8410440">
    <ele>819.5</ele>
    <time>2024-07-09T20:47:54Z</time>
   </trkpt>
   <trkpt lat="51.5457140" lon="-112.8410470">
    <ele>819.5</ele>
    <time>2024-07-09T20:47:55Z</time>
   </trkpt>
   <trkpt lat="51.5457830" lon="-112.8410490">
    <ele>819.6</ele>
    <time>2024-07-09T20:47:56Z</time>
   </trkpt>
   <trkpt lat="51.5458500" lon="-112.8410480">
    <ele>819.6</ele>
    <time>2024-07-09T20:47:57Z</time>
   </trkpt>
   <trkpt lat="51.5459220" lon="-112.8410370">
    <ele>819.6</ele>
    <time>2024-07-09T20:47:58Z</time>
   </trkpt>
   <trkpt lat="51.5459990" lon="-112.8410380">
    <ele>819.7</ele>
    <time>2024-07-09T20:47:59Z</time>
   </trkpt>
   <trkpt lat="51.5460660" lon="-112.8410450">
    <ele>819.7</ele>
    <time>2024-07-09T20:48:00Z</time>
   </trkpt>
   <trkpt lat="51.5461350" lon="-112.8410450">
    <ele>819.7</ele>
    <time>2024-07-09T20:48:01Z</time>
   </trkpt>
   <trkpt lat="51.5462030" lon="-112.8410420">
    <ele>819.8</ele>
    <time>2024-07-09T20:48:02Z</time>
   </trkpt>
   <trkpt lat="51.5462710" lon="-112.8410460">
    <ele>819.8</ele>
    <time>2024-07-09T20:48:03Z</time>
   </trkpt>
   <trkpt lat="51.5463390" lon="-112.8410440">
    <ele>819.9</ele>
    <time>2024-07-09T20:48:04Z</time>
   </trkpt>
   <trkpt lat="51.5464100" lon="-112.8410390">
    <ele>819.9</ele>
    <time>2024-07-09T20:48:05Z</time>
   </trkpt>
   <trkpt lat="51.5464780" lon="-112.8410390">
    <ele>820.0</ele>
    <time>2024-07-09T20:48:06Z</time>
   </trkpt>
   <trkpt lat="51.5465450" lon="-112.8410440">
    <ele>820.0</ele>
    <time>2024-07-09T20:48:07Z</time>
   </trkpt>
   <trkpt lat="51.5466150" lon="-112.8410380">
    <ele>820.1</ele>
    <time>2024-07-09T20:48:08Z</time>
   </trkpt>
   <trkpt lat="51.5466840" lon="-112.8410420">
    <ele>820.2</ele>
    <time>2024-07-09T20:48:09Z</time>
   </trkpt>
   <trkpt lat="51.5467530" lon="-112.8410470">
    <ele>820.2</ele>
    <time>2024-07-09T20:48:10Z</time>
   </trkpt>
   <trkpt lat="51.5468230" lon="-112.8410440">
    <ele>820.2</ele>
    <time>2024-07-09T20:48:11Z</time>
   </trkpt>
   <trkpt lat="51.5468880" lon="-112.8410460">
    <ele>820.3</ele>
    <time>2024-07-09T20:48:12Z</time>
   </trkpt>
   <trkpt lat="51.5469600" lon="-112.8410470">
    <ele>820.3</ele>
    <time>2024-07-09T20:48:13Z</time>
   </trkpt>
   <trkpt lat="51.5470290" lon="-112.8410560">
    <ele>820.4</ele>
    <time>2024-07-09T20:48:14Z</time>
   </trkpt>
   <trkpt lat="51.5470980" lon="-112.8410510">
    <ele>820.4</ele>
    <time>2024-07-09T20:48:15Z</time>
   </trkpt>
   <trkpt lat="51.5471670" lon="-112.8410520">
    <ele>820.4</ele>
    <time>2024-07-09T20:48:16Z</time>
   </trkpt>
   <trkpt lat="51.5472440" lon="-112.8410390">
    <ele>820.5</ele>
    <time>2024-07-09T20:48:17Z</time>
   </trkpt>
   <trkpt lat="51.5473110" lon="-112.8410440">
    <ele>820.5</ele>
    <time>2024-07-09T20:48:18Z</time>
   </trkpt>
   <trkpt lat="51.5473780" lon="-112.8410480">
    <ele>820.5</ele>
    <time>2024-07-09T20:48:19Z</time>
   </trkpt>
   <trkpt lat="51.5474470" lon="-112.8410470">
    <ele>820.6</ele>
    <time>2024-07-09T20:48:20Z</time>
   </trkpt>
   <trkpt lat="51.5475180" lon="-112.8410470">
    <ele>820.6</ele>
    <time>2024-07-09T20:48:21Z</time>
   </trkpt>
   <trkpt lat="51.5475870" lon="-112.8410450">
    <ele>820.6</ele>
    <time>2024-07-09T20:48:22Z</time>
   </trkpt>
   <trkpt lat="51.5476570" lon="-112.8410460">
    <ele>820.6</ele>
    <time>2024-07-09T20:48:23Z</time>
   </trkpt>
   <trkpt lat="51.5477280" lon="-112.8410590">
    <ele>820.6</ele>
    <time>2024-07-09T20:48:24Z</time>
   </trkpt>
   <trkpt lat="51.5477940" lon="-112.8410490">
    <ele>820.6</ele>
    <time>2024-07-09T20:48:25Z</time>
   </trkpt>
   <trkpt lat="51.5478660" lon="-112.8410430">
    <ele>820.6</ele>
    <time>2024-07-09T20:48:26Z</time>
   </trkpt>
   <trkpt lat="51.5479380" lon="-112.8410420">
    <ele>820.6</ele>
    <time>2024-07-09T20:48:27Z</time>
   </trkpt>
   <trkpt lat="51.5480040" lon="-112.8410510">
    <ele>820.6</ele>
    <time>2024-07-09T20:48:28Z</time>
   </trkpt>
   <trkpt lat="51.5480750" lon="-112.8410570">
    <ele>820.6</ele>
    <time>2024-07-09T20:48:29Z</time>
   </trkpt>
   <trkpt lat="51.5481440" lon="-112.8410560">
    <ele>820.6</ele>
    <time>2024-07-09T20:48:30Z</time>
   </trkpt>
   <trkpt lat="51.5482160" lon="-112.8410550">
    <ele>820.6</ele>
    <time>2024-07-09T20:48:31Z</time>
   </trkpt>
   <trkpt lat="51.5482870" lon="-112.8410550">
    <ele>820.6</ele>
    <time>2024-07-09T20:48:32Z</time>
   </trkpt>
   <trkpt lat="51.5483580" lon="-112.8410600">
    <ele>820.6</ele>
    <time>2024-07-09T20:48:33Z</time>
   </trkpt>
   <trkpt lat="51.5484320" lon="-112.8410590">
    <ele>820.6</ele>
    <time>2024-07-09T20:48:34Z</time>
   </trkpt>
   <trkpt lat="51.5485040" lon="-112.8410580">
    <ele>820.6</ele>
    <time>2024-07-09T20:48:35Z</time>
   </trkpt>
   <trkpt lat="51.5485800" lon="-112.8410510">
    <ele>820.6</ele>
    <time>2024-07-09T20:48:36Z</time>
   </trkpt>
   <trkpt lat="51.5486540" lon="-112.8410600">
    <ele>820.6</ele>
    <time>2024-07-09T20:48:37Z</time>
   </trkpt>
   <trkpt lat="51.5487320" lon="-112.8410490">
    <ele>820.5</ele>
    <time>2024-07-09T20:48:38Z</time>
   </trkpt>
   <trkpt lat="51.5488080" lon="-112.8410580">
    <ele>820.5</ele>
    <time>2024-07-09T20:48:39Z</time>
   </trkpt>
   <trkpt lat="51.5488880" lon="-112.8410550">
    <ele>820.4</ele>
    <time>2024-07-09T20:48:40Z</time>
   </trkpt>
   <trkpt lat="51.5489640" lon="-112.8410550">
    <ele>820.4</ele>
    <time>2024-07-09T20:48:41Z</time>
   </trkpt>
   <trkpt lat="51.5490460" lon="-112.8410540">
    <ele>820.3</ele>
    <time>2024-07-09T20:48:42Z</time>
   </trkpt>
   <trkpt lat="51.5491260" lon="-112.8410540">
    <ele>820.3</ele>
    <time>2024-07-09T20:48:43Z</time>
   </trkpt>
   <trkpt lat="51.5492120" lon="-112.8410500">
    <ele>820.2</ele>
    <time>2024-07-09T20:48:44Z</time>
   </trkpt>
   <trkpt lat="51.5492990" lon="-112.8410400">
    <ele>820.1</ele>
    <time>2024-07-09T20:48:45Z</time>
   </trkpt>
   <trkpt lat="51.5493790" lon="-112.8410480">
    <ele>820.1</ele>
    <time>2024-07-09T20:48:46Z</time>
   </trkpt>
   <trkpt lat="51.5494640" lon="-112.8410430">
    <ele>820.0</ele>
    <time>2024-07-09T20:48:47Z</time>
   </trkpt>
   <trkpt lat="51.5495480" lon="-112.8410450">
    <ele>819.9</ele>
    <time>2024-07-09T20:48:48Z</time>
   </trkpt>
   <trkpt lat="51.5496360" lon="-112.8410450">
    <ele>819.8</ele>
    <time>2024-07-09T20:48:49Z</time>
   </trkpt>
   <trkpt lat="51.5497220" lon="-112.8410420">
    <ele>819.6</ele>
    <time>2024-07-09T20:48:50Z</time>
   </trkpt>
   <trkpt lat="51.5498070" lon="-112.8410480">
    <ele>819.5</ele>
    <time>2024-07-09T20:48:51Z</time>
   </trkpt>
   <trkpt lat="51.5498950" lon="-112.8410410">
    <ele>819.3</ele>
    <time>2024-07-09T20:48:52Z</time>
   </trkpt>
   <trkpt lat="51.5499820" lon="-112.8410460">
    <ele>819.1</ele>
    <time>2024-07-09T20:48:53Z</time>
   </trkpt>
   <trkpt lat="51.5500680" lon="-112.8410560">
    <ele>819.0</ele>
    <time>2024-07-09T20:48:54Z</time>
   </trkpt>
   <trkpt lat="51.5501590" lon="-112.8410510">
    <ele>818.8</ele>
    <time>2024-07-09T20:48:55Z</time>
   </trkpt>
   <trkpt lat="51.5502480" lon="-112.8410510">
    <ele>818.6</ele>
    <time>2024-07-09T20:48:56Z</time>
   </trkpt>
   <trkpt lat="51.5503390" lon="-112.8410440">
    <ele>818.5</ele>
    <time>2024-07-09T20:48:57Z</time>
   </trkpt>
   <trkpt lat="51.5504270" lon="-112.8410460">
    <ele>818.3</ele>
    <time>2024-07-09T20:48:58Z</time>
   </trkpt>
   <trkpt lat="51.5505190" lon="-112.8410320">
    <ele>818.2</ele>
    <time>2024-07-09T20:48:59Z</time>
   </trkpt>
   <trkpt lat="51.5506070" lon="-112.8410400">
    <ele>818.1</ele>
    <time>2024-07-09T20:49:00Z</time>
   </trkpt>
   <trkpt lat="51.5506950" lon="-112.8410440">
    <ele>817.9</ele>
    <time>2024-07-09T20:49:01Z</time>
   </trkpt>
   <trkpt lat="51.5507820" lon="-112.8410510">
    <ele>817.8</ele>
    <time>2024-07-09T20:49:02Z</time>
   </trkpt>
   <trkpt lat="51.5508710" lon="-112.8410460">
    <ele>817.7</ele>
    <time>2024-07-09T20:49:03Z</time>
   </trkpt>
   <trkpt lat="51.5509690" lon="-112.8410400">
    <ele>817.6</ele>
    <time>2024-07-09T20:49:04Z</time>
   </trkpt>
   <trkpt lat="51.5510540" lon="-112.8410400">
    <ele>817.5</ele>
    <time>2024-07-09T20:49:05Z</time>
   </trkpt>
   <trkpt lat="51.5511420" lon="-112.8410420">
    <ele>817.5</ele>
    <time>2024-07-09T20:49:06Z</time>
   </trkpt>
   <trkpt lat="51.5512300" lon="-112.8410470">
    <ele>817.4</ele>
    <time>2024-07-09T20:49:07Z</time>
   </trkpt>
   <trkpt lat="51.5513160" lon="-112.8410470">
    <ele>817.4</ele>
    <time>2024-07-09T20:49:08Z</time>
   </trkpt>
   <trkpt lat="51.5514030" lon="-112.8410460">
    <ele>817.3</ele>
    <time>2024-07-09T20:49:09Z</time>
   </trkpt>
   <trkpt lat="51.5514870" lon="-112.8410540">
    <ele>817.3</ele>
    <time>2024-07-09T20:49:10Z</time>
   </trkpt>
   <trkpt lat="51.5515750" lon="-112.8410490">
    <ele>817.3</ele>
    <time>2024-07-09T20:49:11Z</time>
   </trkpt>
   <trkpt lat="51.5516600" lon="-112.8410500">
    <ele>817.3</ele>
    <time>2024-07-09T20:49:12Z</time>
   </trkpt>
   <trkpt lat="51.5517460" lon="-112.8410490">
    <ele>817.3</ele>
    <time>2024-07-09T20:49:13Z</time>
   </trkpt>
   <trkpt lat="51.5518310" lon="-112.8410510">
    <ele>817.3</ele>
    <time>2024-07-09T20:49:14Z</time>
   </trkpt>
   <trkpt lat="51.5519160" lon="-112.8410390">
    <ele>817.3</ele>
    <time>2024-07-09T20:49:15Z</time>
   </trkpt>
   <trkpt lat="51.5520020" lon="-112.8410390">
    <ele>817.3</ele>
    <time>2024-07-09T20:49:16Z</time>
   </trkpt>
   <trkpt lat="51.5520860" lon="-112.8410420">
    <ele>817.4</ele>
    <time>2024-07-09T20:49:17Z</time>
   </trkpt>
   <trkpt lat="51.5521710" lon="-112.8410380">
    <ele>817.4</ele>
    <time>2024-07-09T20:49:18Z</time>
   </trkpt>
   <trkpt lat="51.5522550" lon="-112.8410390">
    <ele>817.4</ele>
    <time>2024-07-09T20:49:19Z</time>
   </trkpt>
   <trkpt lat="51.5523380" lon="-112.8410380">
    <ele>817.4</ele>
    <time>2024-07-09T20:49:20Z</time>
   </trkpt>
   <trkpt lat="51.5524220" lon="-112.8410380">
    <ele>817.4</ele>
    <time>2024-07-09T20:49:21Z</time>
   </trkpt>
   <trkpt lat="51.5525060" lon="-112.8410440">
    <ele>817.4</ele>
    <time>2024-07-09T20:49:22Z</time>
   </trkpt>
   <trkpt lat="51.5525920" lon="-112.8410420">
    <ele>817.4</ele>
    <time>2024-07-09T20:49:23Z</time>
   </trkpt>
   <trkpt lat="51.5526760" lon="-112.8410420">
    <ele>817.3</ele>
    <time>2024-07-09T20:49:24Z</time>
   </trkpt>
   <trkpt lat="51.5527600" lon="-112.8410350">
    <ele>817.3</ele>
    <time>2024-07-09T20:49:25Z</time>
   </trkpt>
   <trkpt lat="51.5528450" lon="-112.8410320">
    <ele>817.3</ele>
    <time>2024-07-09T20:49:26Z</time>
   </trkpt>
   <trkpt lat="51.5529280" lon="-112.8410410">
    <ele>817.3</ele>
    <time>2024-07-09T20:49:27Z</time>
   </trkpt>
   <trkpt lat="51.5530170" lon="-112.8410500">
    <ele>817.3</ele>
    <time>2024-07-09T20:49:28Z</time>
   </trkpt>
   <trkpt lat="51.5530960" lon="-112.8410480">
    <ele>817.3</ele>
    <time>2024-07-09T20:49:29Z</time>
   </trkpt>
   <trkpt lat="51.5531810" lon="-112.8410430">
    <ele>817.3</ele>
    <time>2024-07-09T20:49:30Z</time>
   </trkpt>
   <trkpt lat="51.5532650" lon="-112.8410470">
    <ele>817.2</ele>
    <time>2024-07-09T20:49:31Z</time>
   </trkpt>
   <trkpt lat="51.5533480" lon="-112.8410490">
    <ele>817.2</ele>
    <time>2024-07-09T20:49:32Z</time>
   </trkpt>
   <trkpt lat="51.5534330" lon="-112.8410460">
    <ele>817.2</ele>
    <time>2024-07-09T20:49:33Z</time>
   </trkpt>
   <trkpt lat="51.5535160" lon="-112.8410500">
    <ele>817.2</ele>
    <time>2024-07-09T20:49:34Z</time>
   </trkpt>
   <trkpt lat="51.5536000" lon="-112.8410480">
    <ele>817.2</ele>
    <time>2024-07-09T20:49:35Z</time>
   </trkpt>
   <trkpt lat="51.5536850" lon="-112.8410470">
    <ele>817.2</ele>
    <time>2024-07-09T20:49:36Z</time>
   </trkpt>
   <trkpt lat="51.5537710" lon="-112.8410490">
    <ele>817.2</ele>
    <time>2024-07-09T20:49:37Z</time>
   </trkpt>
   <trkpt lat="51.5538520" lon="-112.8410560">
    <ele>817.2</ele>
    <time>2024-07-09T20:49:38Z</time>
   </trkpt>
   <trkpt lat="51.5539360" lon="-112.8410480">
    <ele>817.3</ele>
    <time>2024-07-09T20:49:39Z</time>
   </trkpt>
   <trkpt lat="51.5540190" lon="-112.8410450">
    <ele>817.3</ele>
    <time>2024-07-09T20:49:40Z</time>
   </trkpt>
   <trkpt lat="51.5541040" lon="-112.8410430">
    <ele>817.3</ele>
    <time>2024-07-09T20:49:41Z</time>
   </trkpt>
   <trkpt lat="51.5541880" lon="-112.8410440">
    <ele>817.3</ele>
    <time>2024-07-09T20:49:42Z</time>
   </trkpt>
   <trkpt lat="51.5542730" lon="-112.8410430">
    <ele>817.3</ele>
    <time>2024-07-09T20:49:43Z</time>
   </trkpt>
   <trkpt lat="51.5543570" lon="-112.8410430">
    <ele>817.3</ele>
    <time>2024-07-09T20:49:44Z</time>
   </trkpt>
   <trkpt lat="51.5544380" lon="-112.8410530">
    <ele>817.3</ele>
    <time>2024-07-09T20:49:45Z</time>
   </trkpt>
   <trkpt lat="51.5545220" lon="-112.8410510">
    <ele>817.3</ele>
    <time>2024-07-09T20:49:46Z</time>
   </trkpt>
   <trkpt lat="51.5546030" lon="-112.8410510">
    <ele>817.3</ele>
    <time>2024-07-09T20:49:47Z</time>
   </trkpt>
   <trkpt lat="51.5546860" lon="-112.8410500">
    <ele>817.3</ele>
    <time>2024-07-09T20:49:48Z</time>
   </trkpt>
   <trkpt lat="51.5547670" lon="-112.8410500">
    <ele>817.3</ele>
    <time>2024-07-09T20:49:49Z</time>
   </trkpt>
   <trkpt lat="51.5548500" lon="-112.8410450">
    <ele>817.3</ele>
    <time>2024-07-09T20:49:50Z</time>
   </trkpt>
   <trkpt lat="51.5549320" lon="-112.8410420">
    <ele>817.4</ele>
    <time>2024-07-09T20:49:51Z</time>
   </trkpt>
   <trkpt lat="51.5550120" lon="-112.8410390">
    <ele>817.4</ele>
    <time>2024-07-09T20:49:52Z</time>
   </trkpt>
   <trkpt lat="51.5550920" lon="-112.8410380">
    <ele>817.5</ele>
    <time>2024-07-09T20:49:53Z</time>
   </trkpt>
   <trkpt lat="51.5551690" lon="-112.8410420">
    <ele>817.5</ele>
    <time>2024-07-09T20:49:54Z</time>
   </trkpt>
   <trkpt lat="51.5552490" lon="-112.8410400">
    <ele>817.6</ele>
    <time>2024-07-09T20:49:55Z</time>
   </trkpt>
   <trkpt lat="51.5553280" lon="-112.8410370">
    <ele>817.7</ele>
    <time>2024-07-09T20:49:56Z</time>
   </trkpt>
   <trkpt lat="51.5554040" lon="-112.8410420">
    <ele>817.7</ele>
    <time>2024-07-09T20:49:57Z</time>
   </trkpt>
   <trkpt lat="51.5554830" lon="-112.8410340">
    <ele>817.8</ele>
    <time>2024-07-09T20:49:58Z</time>
   </trkpt>
   <trkpt lat="51.5555570" lon="-112.8410380">
    <ele>817.9</ele>
    <time>2024-07-09T20:49:59Z</time>
   </trkpt>
   <trkpt lat="51.5556320" lon="-112.8410490">
    <ele>818.0</ele>
    <time>2024-07-09T20:50:00Z</time>
   </trkpt>
   <trkpt lat="51.5557090" lon="-112.8410410">
    <ele>818.1</ele>
    <time>2024-07-09T20:50:01Z</time>
   </trkpt>
   <trkpt lat="51.5557840" lon="-112.8410420">
    <ele>818.2</ele>
    <time>2024-07-09T20:50:02Z</time>
   </trkpt>
   <trkpt lat="51.5558580" lon="-112.8410380">
    <ele>818.4</ele>
    <time>2024-07-09T20:50:03Z</time>
   </trkpt>
   <trkpt lat="51.5559330" lon="-112.8410420">
    <ele>818.5</ele>
    <time>2024-07-09T20:50:04Z</time>
   </trkpt>
   <trkpt lat="51.5560060" lon="-112.8410450">
    <ele>818.6</ele>
    <time>2024-07-09T20:50:05Z</time>
   </trkpt>
   <trkpt lat="51.5560810" lon="-112.8410560">
    <ele>818.7</ele>
    <time>2024-07-09T20:50:06Z</time>
   </trkpt>
   <trkpt lat="51.5561570" lon="-112.8410490">
    <ele>818.8</ele>
    <time>2024-07-09T20:50:07Z</time>
   </trkpt>
   <trkpt lat="51.5562330" lon="-112.8410500">
    <ele>818.9</ele>
    <time>2024-07-09T20:50:08Z</time>
   </trkpt>
   <trkpt lat="51.5563090" lon="-112.8410490">
    <ele>819.0</ele>
    <time>2024-07-09T20:50:09Z</time>
   </trkpt>
   <trkpt lat="51.5563870" lon="-112.8410500">
    <ele>819.1</ele>
    <time>2024-07-09T20:50:10Z</time>
   </trkpt>
   <trkpt lat="51.5564620" lon="-112.8410490">
    <ele>819.2</ele>
    <time>2024-07-09T20:50:11Z</time>
   </trkpt>
   <trkpt lat="51.5565380" lon="-112.8410520">
    <ele>819.3</ele>
    <time>2024-07-09T20:50:12Z</time>
   </trkpt>
   <trkpt lat="51.5566150" lon="-112.8410520">
    <ele>819.4</ele>
    <time>2024-07-09T20:50:13Z</time>
   </trkpt>
   <trkpt lat="51.5566910" lon="-112.8410490">
    <ele>819.6</ele>
    <time>2024-07-09T20:50:14Z</time>
   </trkpt>
   <trkpt lat="51.5567690" lon="-112.8410500">
    <ele>819.7</ele>
    <time>2024-07-09T20:50:15Z</time>
   </trkpt>
   <trkpt lat="51.5568460" lon="-112.8410510">
    <ele>819.8</ele>
    <time>2024-07-09T20:50:16Z</time>
   </trkpt>
   <trkpt lat="51.5569230" lon="-112.8410550">
    <ele>819.9</ele>
    <time>2024-07-09T20:50:17Z</time>
   </trkpt>
   <trkpt lat="51.5570010" lon="-112.8410510">
    <ele>820.0</ele>
    <time>2024-07-09T20:50:18Z</time>
   </trkpt>
   <trkpt lat="51.5570780" lon="-112.8410520">
    <ele>820.1</ele>
    <time>2024-07-09T20:50:19Z</time>
   </trkpt>
   <trkpt lat="51.5571530" lon="-112.8410560">
    <ele>820.2</ele>
    <time>2024-07-09T20:50:20Z</time>
   </trkpt>
   <trkpt lat="51.5572280" lon="-112.8410570">
    <ele>820.3</ele>
    <time>2024-07-09T20:50:21Z</time>
   </trkpt>
   <trkpt lat="51.5573040" lon="-112.8410510">
    <ele>820.4</ele>
    <time>2024-07-09T20:50:22Z</time>
   </trkpt>
   <trkpt lat="51.5573790" lon="-112.8410520">
    <ele>820.4</ele>
    <time>2024-07-09T20:50:23Z</time>
   </trkpt>
   <trkpt lat="51.5574570" lon="-112.8410480">
    <ele>820.5</ele>
    <time>2024-07-09T20:50:24Z</time>
   </trkpt>
   <trkpt lat="51.5575340" lon="-112.8410440">
    <ele>820.6</ele>
    <time>2024-07-09T20:50:25Z</time>
   </trkpt>
   <trkpt lat="51.5576090" lon="-112.8410460">
    <ele>820.7</ele>
    <time>2024-07-09T20:50:26Z</time>
   </trkpt>
   <trkpt lat="51.5576840" lon="-112.8410510">
    <ele>820.8</ele>
    <time>2024-07-09T20:50:27Z</time>
   </trkpt>
   <trkpt lat="51.5577580" lon="-112.8410520">
    <ele>820.9</ele>
    <time>2024-07-09T20:50:28Z</time>
   </trkpt>
   <trkpt lat="51.5578350" lon="-112.8410470">
    <ele>821.0</ele>
    <time>2024-07-09T20:50:29Z</time>
   </trkpt>
   <trkpt lat="51.5579100" lon="-112.8410430">
    <ele>821.1</ele>
    <time>2024-07-09T20:50:30Z</time>
   </trkpt>
   <trkpt lat="51.5579850" lon="-112.8410410">
    <ele>821.2</ele>
    <time>2024-07-09T20:50:31Z</time>
   </trkpt>
   <trkpt lat="51.5580590" lon="-112.8410460">
    <ele>821.3</ele>
    <time>2024-07-09T20:50:32Z</time>
   </trkpt>
   <trkpt lat="51.5581310" lon="-112.8410480">
    <ele>821.4</ele>
    <time>2024-07-09T20:50:33Z</time>
   </trkpt>
   <trkpt lat="51.5582050" lon="-112.8410490">
    <ele>821.5</ele>
    <time>2024-07-09T20:50:34Z</time>
   </trkpt>
   <trkpt lat="51.5582800" lon="-112.8410360">
    <ele>821.6</ele>
    <time>2024-07-09T20:50:35Z</time>
   </trkpt>
   <trkpt lat="51.5583530" lon="-112.8410470">
    <ele>821.6</ele>
    <time>2024-07-09T20:50:36Z</time>
   </trkpt>
   <trkpt lat="51.5584230" lon="-112.8410480">
    <ele>821.7</ele>
    <time>2024-07-09T20:50:37Z</time>
   </trkpt>
   <trkpt lat="51.5584940" lon="-112.8410510">
    <ele>821.8</ele>
    <time>2024-07-09T20:50:38Z</time>
   </trkpt>
   <trkpt lat="51.5585660" lon="-112.8410510">
    <ele>821.9</ele>
    <time>2024-07-09T20:50:39Z</time>
   </trkpt>
   <trkpt lat="51.5586370" lon="-112.8410530">
    <ele>822.0</ele>
    <time>2024-07-09T20:50:40Z</time>
   </trkpt>
   <trkpt lat="51.5587080" lon="-112.8410500">
    <ele>822.1</ele>
    <time>2024-07-09T20:50:41Z</time>
   </trkpt>
   <trkpt lat="51.5587790" lon="-112.8410470">
    <ele>822.2</ele>
    <time>2024-07-09T20:50:42Z</time>
   </trkpt>
   <trkpt lat="51.5588480" lon="-112.8410490">
    <ele>822.3</ele>
    <time>2024-07-09T20:50:43Z</time>
   </trkpt>
   <trkpt lat="51.5589170" lon="-112.8410440">
    <ele>822.4</ele>
    <time>2024-07-09T20:50:44Z</time>
   </trkpt>
   <trkpt lat="51.5589860" lon="-112.8410490">
    <ele>822.5</ele>
    <time>2024-07-09T20:50:45Z</time>
   </trkpt>
   <trkpt lat="51.5590550" lon="-112.8410500">
    <ele>822.6</ele>
    <time>2024-07-09T20:50:46Z</time>
   </trkpt>
   <trkpt lat="51.5591230" lon="-112.8410500">
    <ele>822.6</ele>
    <time>2024-07-09T20:50:47Z</time>
   </trkpt>
   <trkpt lat="51.5591900" lon="-112.8410500">
    <ele>822.7</ele>
    <time>2024-07-09T20:50:48Z</time>
   </trkpt>
   <trkpt lat="51.5592560" lon="-112.8410520">
    <ele>822.8</ele>
    <time>2024-07-09T20:50:49Z</time>
   </trkpt>
   <trkpt lat="51.5593220" lon="-112.8410570">
    <ele>822.9</ele>
    <time>2024-07-09T20:50:50Z</time>
   </trkpt>
   <trkpt lat="51.5593890" lon="-112.8410550">
    <ele>823.0</ele>
    <time>2024-07-09T20:50:51Z</time>
   </trkpt>
   <trkpt lat="51.5594540" lon="-112.8410570">
    <ele>823.1</ele>
    <time>2024-07-09T20:50:52Z</time>
   </trkpt>
   <trkpt lat="51.5595190" lon="-112.8410520">
    <ele>823.2</ele>
    <time>2024-07-09T20:50:53Z</time>
   </trkpt>
   <trkpt lat="51.5595820" lon="-112.8410620">
    <ele>823.3</ele>
    <time>2024-07-09T20:50:54Z</time>
   </trkpt>
   <trkpt lat="51.5596500" lon="-112.8410580">
    <ele>823.4</ele>
    <time>2024-07-09T20:50:55Z</time>
   </trkpt>
   <trkpt lat="51.5597170" lon="-112.8410550">
    <ele>823.5</ele>
    <time>2024-07-09T20:50:56Z</time>
   </trkpt>
   <trkpt lat="51.5597800" lon="-112.8410470">
    <ele>823.6</ele>
    <time>2024-07-09T20:50:57Z</time>
   </trkpt>
   <trkpt lat="51.5598420" lon="-112.8410300">
    <ele>823.7</ele>
    <time>2024-07-09T20:50:58Z</time>
   </trkpt>
   <trkpt lat="51.5599120" lon="-112.8410400">
    <ele>823.8</ele>
    <time>2024-07-09T20:50:59Z</time>
   </trkpt>
   <trkpt lat="51.5599780" lon="-112.8410400">
    <ele>823.9</ele>
    <time>2024-07-09T20:51:00Z</time>
   </trkpt>
   <trkpt lat="51.5600440" lon="-112.8410430">
    <ele>823.9</ele>
    <time>2024-07-09T20:51:01Z</time>
   </trkpt>
   <trkpt lat="51.5601040" lon="-112.8410560">
    <ele>824.0</ele>
    <time>2024-07-09T20:51:02Z</time>
   </trkpt>
   <trkpt lat="51.5601710" lon="-112.8410490">
    <ele>824.1</ele>
    <time>2024-07-09T20:51:03Z</time>
   </trkpt>
   <trkpt lat="51.5602350" lon="-112.8410510">
    <ele>824.2</ele>
    <time>2024-07-09T20:51:04Z</time>
   </trkpt>
   <trkpt lat="51.5602990" lon="-112.8410500">
    <ele>824.2</ele>
    <time>2024-07-09T20:51:05Z</time>
   </trkpt>
   <trkpt lat="51.5603600" lon="-112.8410580">
    <ele>824.3</ele>
    <time>2024-07-09T20:51:06Z</time>
   </trkpt>
   <trkpt lat="51.5604250" lon="-112.8410580">
    <ele>824.4</ele>
    <time>2024-07-09T20:51:07Z</time>
   </trkpt>
   <trkpt lat="51.5604880" lon="-112.8410630">
    <ele>824.5</ele>
    <time>2024-07-09T20:51:08Z</time>
   </trkpt>
   <trkpt lat="51.5605520" lon="-112.8410640">
    <ele>824.6</ele>
    <time>2024-07-09T20:51:09Z</time>
   </trkpt>
   <trkpt lat="51.5606160" lon="-112.8410710">
    <ele>824.7</ele>
    <time>2024-07-09T20:51:10Z</time>
   </trkpt>
   <trkpt lat="51.5606780" lon="-112.8410770">
    <ele>824.8</ele>
    <time>2024-07-09T20:51:11Z</time>
   </trkpt>
   <trkpt lat="51.5607460" lon="-112.8410830">
    <ele>824.9</ele>
    <time>2024-07-09T20:51:12Z</time>
   </trkpt>
   <trkpt lat="51.5608070" lon="-112.8410970">
    <ele>824.9</ele>
    <time>2024-07-09T20:51:13Z</time>
   </trkpt>
   <trkpt lat="51.5608720" lon="-112.8411010">
    <ele>825.0</ele>
    <time>2024-07-09T20:51:14Z</time>
   </trkpt>
   <trkpt lat="51.5609350" lon="-112.8410990">
    <ele>825.1</ele>
    <time>2024-07-09T20:51:15Z</time>
   </trkpt>
   <trkpt lat="51.5610020" lon="-112.8410920">
    <ele>825.2</ele>
    <time>2024-07-09T20:51:16Z</time>
   </trkpt>
   <trkpt lat="51.5610660" lon="-112.8410960">
    <ele>825.3</ele>
    <time>2024-07-09T20:51:17Z</time>
   </trkpt>
   <trkpt lat="51.5611280" lon="-112.8410990">
    <ele>825.4</ele>
    <time>2024-07-09T20:51:18Z</time>
   </trkpt>
   <trkpt lat="51.5611890" lon="-112.8411040">
    <ele>825.5</ele>
    <time>2024-07-09T20:51:19Z</time>
   </trkpt>
   <trkpt lat="51.5612530" lon="-112.8411310">
    <ele>825.6</ele>
    <time>2024-07-09T20:51:20Z</time>
   </trkpt>
   <trkpt lat="51.5613020" lon="-112.8411850">
    <ele>825.7</ele>
    <time>2024-07-09T20:51:21Z</time>
   </trkpt>
   <trkpt lat="51.5613550" lon="-112.8412600">
    <ele>825.7</ele>
    <time>2024-07-09T20:51:22Z</time>
   </trkpt>
   <trkpt lat="51.5613970" lon="-112.8413460">
    <ele>825.7</ele>
    <time>2024-07-09T20:51:23Z</time>
   </trkpt>
   <trkpt lat="51.5614280" lon="-112.8414450">
    <ele>825.7</ele>
    <time>2024-07-09T20:51:24Z</time>
   </trkpt>
   <trkpt lat="51.5614460" lon="-112.8415470">
    <ele>825.7</ele>
    <time>2024-07-09T20:51:25Z</time>
   </trkpt>
   <trkpt lat="51.5614560" lon="-112.8416550">
    <ele>825.7</ele>
    <time>2024-07-09T20:51:26Z</time>
   </trkpt>
   <trkpt lat="51.5614610" lon="-112.8417640">
    <ele>825.7</ele>
    <time>2024-07-09T20:51:27Z</time>
   </trkpt>
   <trkpt lat="51.5614600" lon="-112.8418730">
    <ele>825.8</ele>
    <time>2024-07-09T20:51:28Z</time>
   </trkpt>
   <trkpt lat="51.5614620" lon="-112.8419800">
    <ele>825.8</ele>
    <time>2024-07-09T20:51:29Z</time>
   </trkpt>
   <trkpt lat="51.5614640" lon="-112.8420900">
    <ele>825.9</ele>
    <time>2024-07-09T20:51:30Z</time>
   </trkpt>
   <trkpt lat="51.5614660" lon="-112.8421990">
    <ele>826.0</ele>
    <time>2024-07-09T20:51:31Z</time>
   </trkpt>
   <trkpt lat="51.5614690" lon="-112.8423080">
    <ele>826.0</ele>
    <time>2024-07-09T20:51:32Z</time>
   </trkpt>
   <trkpt lat="51.5614690" lon="-112.8424170">
    <ele>826.1</ele>
    <time>2024-07-09T20:51:33Z</time>
   </trkpt>
   <trkpt lat="51.5614660" lon="-112.8425250">
    <ele>826.2</ele>
    <time>2024-07-09T20:51:34Z</time>
   </trkpt>
   <trkpt lat="51.5614620" lon="-112.8426340">
    <ele>826.2</ele>
    <time>2024-07-09T20:51:35Z</time>
   </trkpt>
   <trkpt lat="51.5614650" lon="-112.8427430">
    <ele>826.3</ele>
    <time>2024-07-09T20:51:36Z</time>
   </trkpt>
   <trkpt lat="51.5614690" lon="-112.8428580">
    <ele>826.4</ele>
    <time>2024-07-09T20:51:37Z</time>
   </trkpt>
   <trkpt lat="51.5614700" lon="-112.8429700">
    <ele>826.5</ele>
    <time>2024-07-09T20:51:38Z</time>
   </trkpt>
   <trkpt lat="51.5614690" lon="-112.8430790">
    <ele>826.6</ele>
    <time>2024-07-09T20:51:39Z</time>
   </trkpt>
   <trkpt lat="51.5614700" lon="-112.8431900">
    <ele>826.7</ele>
    <time>2024-07-09T20:51:40Z</time>
   </trkpt>
   <trkpt lat="51.5614730" lon="-112.8432990">
    <ele>826.8</ele>
    <time>2024-07-09T20:51:41Z</time>
   </trkpt>
   <trkpt lat="51.5614750" lon="-112.8434060">
    <ele>826.8</ele>
    <time>2024-07-09T20:51:42Z</time>
   </trkpt>
   <trkpt lat="51.5614760" lon="-112.8435150">
    <ele>826.9</ele>
    <time>2024-07-09T20:51:43Z</time>
   </trkpt>
   <trkpt lat="51.5614830" lon="-112.8436250">
    <ele>826.9</ele>
    <time>2024-07-09T20:51:44Z</time>
   </trkpt>
   <trkpt lat="51.5614800" lon="-112.8437340">
    <ele>827.0</ele>
    <time>2024-07-09T20:51:45Z</time>
   </trkpt>
   <trkpt lat="51.5614790" lon="-112.8438440">
    <ele>827.0</ele>
    <time>2024-07-09T20:51:46Z</time>
   </trkpt>
   <trkpt lat="51.5614790" lon="-112.8439530">
    <ele>827.0</ele>
    <time>2024-07-09T20:51:47Z</time>
   </trkpt>
   <trkpt lat="51.5614800" lon="-112.8440640">
    <ele>827.0</ele>
    <time>2024-07-09T20:51:48Z</time>
   </trkpt>
   <trkpt lat="51.5614790" lon="-112.8441740">
    <ele>827.0</ele>
    <time>2024-07-09T20:51:49Z</time>
   </trkpt>
   <trkpt lat="51.5614790" lon="-112.8442860">
    <ele>827.0</ele>
    <time>2024-07-09T20:51:50Z</time>
   </trkpt>
   <trkpt lat="51.5614780" lon="-112.8443960">
    <ele>827.0</ele>
    <time>2024-07-09T20:51:51Z</time>
   </trkpt>
   <trkpt lat="51.5614820" lon="-112.8445090">
    <ele>827.0</ele>
    <time>2024-07-09T20:51:52Z</time>
   </trkpt>
   <trkpt lat="51.5614820" lon="-112.8446190">
    <ele>827.0</ele>
    <time>2024-07-09T20:51:53Z</time>
   </trkpt>
   <trkpt lat="51.5614860" lon="-112.8447330">
    <ele>827.0</ele>
    <time>2024-07-09T20:51:54Z</time>
   </trkpt>
   <trkpt lat="51.5614850" lon="-112.8448450">
    <ele>827.0</ele>
    <time>2024-07-09T20:51:55Z</time>
   </trkpt>
   <trkpt lat="51.5614840" lon="-112.8449630">
    <ele>827.0</ele>
    <time>2024-07-09T20:51:56Z</time>
   </trkpt>
   <trkpt lat="51.5614780" lon="-112.8450790">
    <ele>827.0</ele>
    <time>2024-07-09T20:51:57Z</time>
   </trkpt>
   <trkpt lat="51.5614810" lon="-112.8451960">
    <ele>826.9</ele>
    <time>2024-07-09T20:51:58Z</time>
   </trkpt>
   <trkpt lat="51.5614810" lon="-112.8453160">
    <ele>826.9</ele>
    <time>2024-07-09T20:51:59Z</time>
   </trkpt>
   <trkpt lat="51.5614850" lon="-112.8454340">
    <ele>826.9</ele>
    <time>2024-07-09T20:52:00Z</time>
   </trkpt>
   <trkpt lat="51.5614850" lon="-112.8455550">
    <ele>826.8</ele>
    <time>2024-07-09T20:52:01Z</time>
   </trkpt>
   <trkpt lat="51.5614860" lon="-112.8456810">
    <ele>826.8</ele>
    <time>2024-07-09T20:52:02Z</time>
   </trkpt>
   <trkpt lat="51.5614790" lon="-112.8457960">
    <ele>826.7</ele>
    <time>2024-07-09T20:52:03Z</time>
   </trkpt>
   <trkpt lat="51.5614810" lon="-112.8459180">
    <ele>826.6</ele>
    <time>2024-07-09T20:52:04Z</time>
   </trkpt>
   <trkpt lat="51.5614880" lon="-112.8460450">
    <ele>826.5</ele>
    <time>2024-07-09T20:52:05Z</time>
   </trkpt>
   <trkpt lat="51.5614870" lon="-112.8461670">
    <ele>826.4</ele>
    <time>2024-07-09T20:52:06Z</time>
   </trkpt>
   <trkpt lat="51.5614870" lon="-112.8462930">
    <ele>826.3</ele>
    <time>2024-07-09T20:52:07Z</time>
   </trkpt>
   <trkpt lat="51.5614830" lon="-112.8464180">
    <ele>826.2</ele>
    <time>2024-07-09T20:52:08Z</time>
   </trkpt>
   <trkpt lat="51.5614820" lon="-112.8465440">
    <ele>826.1</ele>
    <time>2024-07-09T20:52:09Z</time>
   </trkpt>
   <trkpt lat="51.5614820" lon="-112.8466740">
    <ele>826.0</ele>
    <time>2024-07-09T20:52:10Z</time>
   </trkpt>
   <trkpt lat="51.5614820" lon="-112.8468040">
    <ele>825.9</ele>
    <time>2024-07-09T20:52:11Z</time>
   </trkpt>
   <trkpt lat="51.5614880" lon="-112.8469370">
    <ele>825.7</ele>
    <time>2024-07-09T20:52:12Z</time>
   </trkpt>
   <trkpt lat="51.5614860" lon="-112.8470750">
    <ele>825.6</ele>
    <time>2024-07-09T20:52:13Z</time>
   </trkpt>
   <trkpt lat="51.5614880" lon="-112.8472110">
    <ele>825.4</ele>
    <time>2024-07-09T20:52:14Z</time>
   </trkpt>
   <trkpt lat="51.5614940" lon="-112.8473490">
    <ele>825.3</ele>
    <time>2024-07-09T20:52:15Z</time>
   </trkpt>
   <trkpt lat="51.5614930" lon="-112.8474850">
    <ele>825.1</ele>
    <time>2024-07-09T20:52:16Z</time>
   </trkpt>
   <trkpt lat="51.5614920" lon="-112.8476250">
    <ele>824.9</ele>
    <time>2024-07-09T20:52:17Z</time>
   </trkpt>
   <trkpt lat="51.5614920" lon="-112.8477630">
    <ele>824.7</ele>
    <time>2024-07-09T20:52:18Z</time>
   </trkpt>
   <trkpt lat="51.5614930" lon="-112.8479080">
    <ele>824.5</ele>
    <time>2024-07-09T20:52:19Z</time>
   </trkpt>
   <trkpt lat="51.5614920" lon="-112.8480520">
    <ele>824.3</ele>
    <time>2024-07-09T20:52:20Z</time>
   </trkpt>
   <trkpt lat="51.5614930" lon="-112.8481950">
    <ele>824.1</ele>
    <time>2024-07-09T20:52:21Z</time>
   </trkpt>
   <trkpt lat="51.5614920" lon="-112.8483420">
    <ele>823.9</ele>
    <time>2024-07-09T20:52:22Z</time>
   </trkpt>
   <trkpt lat="51.5614940" lon="-112.8484920">
    <ele>823.7</ele>
    <time>2024-07-09T20:52:23Z</time>
   </trkpt>
   <trkpt lat="51.5614940" lon="-112.8486370">
    <ele>823.5</ele>
    <time>2024-07-09T20:52:24Z</time>
   </trkpt>
   <trkpt lat="51.5614910" lon="-112.8487920">
    <ele>823.2</ele>
    <time>2024-07-09T20:52:25Z</time>
   </trkpt>
   <trkpt lat="51.5614940" lon="-112.8489410">
    <ele>823.0</ele>
    <time>2024-07-09T20:52:26Z</time>
   </trkpt>
   <trkpt lat="51.5614940" lon="-112.8490930">
    <ele>822.7</ele>
    <time>2024-07-09T20:52:27Z</time>
   </trkpt>
   <trkpt lat="51.5614920" lon="-112.8492440">
    <ele>822.5</ele>
    <time>2024-07-09T20:52:28Z</time>
   </trkpt>
   <trkpt lat="51.5614910" lon="-112.8493920">
    <ele>822.2</ele>
    <time>2024-07-09T20:52:29Z</time>
   </trkpt>
   <trkpt lat="51.5614900" lon="-112.8495410">
    <ele>821.9</ele>
    <time>2024-07-09T20:52:30Z</time>
   </trkpt>
   <trkpt lat="51.5614880" lon="-112.8496880">
    <ele>821.7</ele>
    <time>2024-07-09T20:52:31Z</time>
   </trkpt>
   <trkpt lat="51.5614860" lon="-112.8498350">
    <ele>821.4</ele>
    <time>2024-07-09T20:52:32Z</time>
   </trkpt>
   <trkpt lat="51.5614970" lon="-112.8499780">
    <ele>821.2</ele>
    <time>2024-07-09T20:52:33Z</time>
   </trkpt>
   <trkpt lat="51.5614930" lon="-112.8501280">
    <ele>820.9</ele>
    <time>2024-07-09T20:52:34Z</time>
   </trkpt>
   <trkpt lat="51.5614930" lon="-112.8502770">
    <ele>820.6</ele>
    <time>2024-07-09T20:52:35Z</time>
   </trkpt>
   <trkpt lat="51.5614960" lon="-112.8504250">
    <ele>820.4</ele>
    <time>2024-07-09T20:52:36Z</time>
   </trkpt>
   <trkpt lat="51.5614950" lon="-112.8505720">
    <ele>820.2</ele>
    <time>2024-07-09T20:52:37Z</time>
   </trkpt>
   <trkpt lat="51.5614950" lon="-112.8507200">
    <ele>819.9</ele>
    <time>2024-07-09T20:52:38Z</time>
   </trkpt>
   <trkpt lat="51.5614980" lon="-112.8508650">
    <ele>819.7</ele>
    <time>2024-07-09T20:52:39Z</time>
   </trkpt>
   <trkpt lat="51.5614960" lon="-112.8510150">
    <ele>819.5</ele>
    <time>2024-07-09T20:52:40Z</time>
   </trkpt>
   <trkpt lat="51.5614970" lon="-112.8511700">
    <ele>819.2</ele>
    <time>2024-07-09T20:52:41Z</time>
   </trkpt>
   <trkpt lat="51.5614980" lon="-112.8513260">
    <ele>818.9</ele>
    <time>2024-07-09T20:52:42Z</time>
   </trkpt>
   <trkpt lat="51.5615010" lon="-112.8514810">
    <ele>818.7</ele>
    <time>2024-07-09T20:52:43Z</time>
   </trkpt>
   <trkpt lat="51.5615000" lon="-112.8516380">
    <ele>818.4</ele>
    <time>2024-07-09T20:52:44Z</time>
   </trkpt>
   <trkpt lat="51.5615000" lon="-112.8517960">
    <ele>818.2</ele>
    <time>2024-07-09T20:52:45Z</time>
   </trkpt>
   <trkpt lat="51.5614990" lon="-112.8519530">
    <ele>818.0</ele>
    <time>2024-07-09T20:52:46Z</time>
   </trkpt>
   <trkpt lat="51.5615000" lon="-112.8521130">
    <ele>817.7</ele>
    <time>2024-07-09T20:52:47Z</time>
   </trkpt>
   <trkpt lat="51.5615020" lon="-112.8522750">
    <ele>817.5</ele>
    <time>2024-07-09T20:52:48Z</time>
   </trkpt>
   <trkpt lat="51.5615020" lon="-112.8524340">
    <ele>817.2</ele>
    <time>2024-07-09T20:52:49Z</time>
   </trkpt>
   <trkpt lat="51.5615010" lon="-112.8525950">
    <ele>817.0</ele>
    <time>2024-07-09T20:52:50Z</time>
   </trkpt>
   <trkpt lat="51.5615000" lon="-112.8527550">
    <ele>816.7</ele>
    <time>2024-07-09T20:52:51Z</time>
   </trkpt>
   <trkpt lat="51.5614990" lon="-112.8529170">
    <ele>816.4</ele>
    <time>2024-07-09T20:52:52Z</time>
   </trkpt>
   <trkpt lat="51.5614990" lon="-112.8530780">
    <ele>816.2</ele>
    <time>2024-07-09T20:52:53Z</time>
   </trkpt>
   <trkpt lat="51.5615050" lon="-112.8532430">
    <ele>815.9</ele>
    <time>2024-07-09T20:52:54Z</time>
   </trkpt>
   <trkpt lat="51.5615030" lon="-112.8534040">
    <ele>815.6</ele>
    <time>2024-07-09T20:52:55Z</time>
   </trkpt>
   <trkpt lat="51.5615050" lon="-112.8535670">
    <ele>815.4</ele>
    <time>2024-07-09T20:52:56Z</time>
   </trkpt>
   <trkpt lat="51.5615070" lon="-112.8537310">
    <ele>815.2</ele>
    <time>2024-07-09T20:52:57Z</time>
   </trkpt>
   <trkpt lat="51.5615080" lon="-112.8538930">
    <ele>814.9</ele>
    <time>2024-07-09T20:52:58Z</time>
   </trkpt>
   <trkpt lat="51.5615100" lon="-112.8540570">
    <ele>814.7</ele>
    <time>2024-07-09T20:52:59Z</time>
   </trkpt>
   <trkpt lat="51.5615090" lon="-112.8542210">
    <ele>814.5</ele>
    <time>2024-07-09T20:53:00Z</time>
   </trkpt>
   <trkpt lat="51.5615090" lon="-112.8543840">
    <ele>814.3</ele>
    <time>2024-07-09T20:53:01Z</time>
   </trkpt>
   <trkpt lat="51.5615090" lon="-112.8545470">
    <ele>814.1</ele>
    <time>2024-07-09T20:53:02Z</time>
   </trkpt>
   <trkpt lat="51.5615110" lon="-112.8547100">
    <ele>813.9</ele>
    <time>2024-07-09T20:53:03Z</time>
   </trkpt>
   <trkpt lat="51.5615090" lon="-112.8548710">
    <ele>813.7</ele>
    <time>2024-07-09T20:53:04Z</time>
   </trkpt>
   <trkpt lat="51.5615090" lon="-112.8550330">
    <ele>813.5</ele>
    <time>2024-07-09T20:53:05Z</time>
   </trkpt>
   <trkpt lat="51.5615130" lon="-112.8551940">
    <ele>813.4</ele>
    <time>2024-07-09T20:53:06Z</time>
   </trkpt>
   <trkpt lat="51.5615150" lon="-112.8553540">
    <ele>813.2</ele>
    <time>2024-07-09T20:53:07Z</time>
   </trkpt>
   <trkpt lat="51.5615140" lon="-112.8555140">
    <ele>813.1</ele>
    <time>2024-07-09T20:53:08Z</time>
   </trkpt>
   <trkpt lat="51.5615150" lon="-112.8556710">
    <ele>813.0</ele>
    <time>2024-07-09T20:53:09Z</time>
   </trkpt>
   <trkpt lat="51.5615130" lon="-112.8558290">
    <ele>812.9</ele>
    <time>2024-07-09T20:53:10Z</time>
   </trkpt>
   <trkpt lat="51.5615150" lon="-112.8559850">
    <ele>812.8</ele>
    <time>2024-07-09T20:53:11Z</time>
   </trkpt>
   <trkpt lat="51.5615170" lon="-112.8561430">
    <ele>812.7</ele>
    <time>2024-07-09T20:53:12Z</time>
   </trkpt>
   <trkpt lat="51.5615180" lon="-112.8563010">
    <ele>812.6</ele>
    <time>2024-07-09T20:53:13Z</time>
   </trkpt>
   <trkpt lat="51.5615160" lon="-112.8564590">
    <ele>812.5</ele>
    <time>2024-07-09T20:53:14Z</time>
   </trkpt>
   <trkpt lat="51.5615180" lon="-112.8566140">
    <ele>812.4</ele>
    <time>2024-07-09T20:53:15Z</time>
   </trkpt>
   <trkpt lat="51.5615190" lon="-112.8567710">
    <ele>812.3</ele>
    <time>2024-07-09T20:53:16Z</time>
   </trkpt>
   <trkpt lat="51.5615190" lon="-112.8569270">
    <ele>812.2</ele>
    <time>2024-07-09T20:53:17Z</time>
   </trkpt>
   <trkpt lat="51.5615180" lon="-112.8570820">
    <ele>812.1</ele>
    <time>2024-07-09T20:53:18Z</time>
   </trkpt>
   <trkpt lat="51.5615180" lon="-112.8572370">
    <ele>812.0</ele>
    <time>2024-07-09T20:53:19Z</time>
   </trkpt>
   <trkpt lat="51.5615200" lon="-112.8573910">
    <ele>811.9</ele>
    <time>2024-07-09T20:53:20Z</time>
   </trkpt>
   <trkpt lat="51.5615210" lon="-112.8575440">
    <ele>811.8</ele>
    <time>2024-07-09T20:53:21Z</time>
   </trkpt>
   <trkpt lat="51.5615200" lon="-112.8576980">
    <ele>811.7</ele>
    <time>2024-07-09T20:53:22Z</time>
   </trkpt>
   <trkpt lat="51.5615220" lon="-112.8578530">
    <ele>811.6</ele>
    <time>2024-07-09T20:53:23Z</time>
   </trkpt>
   <trkpt lat="51.5615280" lon="-112.8580090">
    <ele>811.5</ele>
    <time>2024-07-09T20:53:24Z</time>
   </trkpt>
   <trkpt lat="51.5615250" lon="-112.8581600">
    <ele>811.4</ele>
    <time>2024-07-09T20:53:25Z</time>
   </trkpt>
   <trkpt lat="51.5615280" lon="-112.8583160">
    <ele>811.2</ele>
    <time>2024-07-09T20:53:26Z</time>
   </trkpt>
   <trkpt lat="51.5615280" lon="-112.8584690">
    <ele>811.1</ele>
    <time>2024-07-09T20:53:27Z</time>
   </trkpt>
   <trkpt lat="51.5615260" lon="-112.8586220">
    <ele>811.0</ele>
    <time>2024-07-09T20:53:28Z</time>
   </trkpt>
   <trkpt lat="51.5615270" lon="-112.8587800">
    <ele>810.8</ele>
    <time>2024-07-09T20:53:29Z</time>
   </trkpt>
   <trkpt lat="51.5615300" lon="-112.8589320">
    <ele>810.7</ele>
    <time>2024-07-09T20:53:30Z</time>
   </trkpt>
   <trkpt lat="51.5615310" lon="-112.8590870">
    <ele>810.5</ele>
    <time>2024-07-09T20:53:31Z</time>
   </trkpt>
   <trkpt lat="51.5615320" lon="-112.8592400">
    <ele>810.3</ele>
    <time>2024-07-09T20:53:32Z</time>
   </trkpt>
   <trkpt lat="51.5615310" lon="-112.8593960">
    <ele>810.2</ele>
    <time>2024-07-09T20:53:33Z</time>
   </trkpt>
   <trkpt lat="51.5615310" lon="-112.8595500">
    <ele>810.0</ele>
    <time>2024-07-09T20:53:34Z</time>
   </trkpt>
   <trkpt lat="51.5615300" lon="-112.8597020">
    <ele>809.9</ele>
    <time>2024-07-09T20:53:35Z</time>
   </trkpt>
   <trkpt lat="51.5615310" lon="-112.8598560">
    <ele>809.7</ele>
    <time>2024-07-09T20:53:36Z</time>
   </trkpt>
   <trkpt lat="51.5615300" lon="-112.8600130">
    <ele>809.6</ele>
    <time>2024-07-09T20:53:37Z</time>
   </trkpt>
   <trkpt lat="51.5615270" lon="-112.8601690">
    <ele>809.4</ele>
    <time>2024-07-09T20:53:38Z</time>
   </trkpt>
   <trkpt lat="51.5615290" lon="-112.8603240">
    <ele>809.2</ele>
    <time>2024-07-09T20:53:39Z</time>
   </trkpt>
   <trkpt lat="51.5615330" lon="-112.8604800">
    <ele>809.1</ele>
    <time>2024-07-09T20:53:40Z</time>
   </trkpt>
   <trkpt lat="51.5615370" lon="-112.8606340">
    <ele>808.9</ele>
    <time>2024-07-09T20:53:41Z</time>
   </trkpt>
   <trkpt lat="51.5615350" lon="-112.8607910">
    <ele>808.7</ele>
    <time>2024-07-09T20:53:42Z</time>
   </trkpt>
   <trkpt lat="51.5615360" lon="-112.8609460">
    <ele>808.5</ele>
    <time>2024-07-09T20:53:43Z</time>
   </trkpt>
   <trkpt lat="51.5615370" lon="-112.8610990">
    <ele>808.4</ele>
    <time>2024-07-09T20:53:44Z</time>
   </trkpt>
   <trkpt lat="51.5615340" lon="-112.8612550">
    <ele>808.3</ele>
    <time>2024-07-09T20:53:45Z</time>
   </trkpt>
   <trkpt lat="51.5615350" lon="-112.8614050">
    <ele>808.1</ele>
    <time>2024-07-09T20:53:46Z</time>
   </trkpt>
   <trkpt lat="51.5615370" lon="-112.8615590">
    <ele>808.0</ele>
    <time>2024-07-09T20:53:47Z</time>
   </trkpt>
   <trkpt lat="51.5615370" lon="-112.8617090">
    <ele>807.8</ele>
    <time>2024-07-09T20:53:48Z</time>
   </trkpt>
   <trkpt lat="51.5615360" lon="-112.8618620">
    <ele>807.7</ele>
    <time>2024-07-09T20:53:49Z</time>
   </trkpt>
   <trkpt lat="51.5615380" lon="-112.8620170">
    <ele>807.5</ele>
    <time>2024-07-09T20:53:50Z</time>
   </trkpt>
   <trkpt lat="51.5615410" lon="-112.8621690">
    <ele>807.4</ele>
    <time>2024-07-09T20:53:51Z</time>
   </trkpt>
   <trkpt lat="51.5615410" lon="-112.8623210">
    <ele>807.2</ele>
    <time>2024-07-09T20:53:52Z</time>
   </trkpt>
   <trkpt lat="51.5615380" lon="-112.8624710">
    <ele>807.0</ele>
    <time>2024-07-09T20:53:53Z</time>
   </trkpt>
   <trkpt lat="51.5615400" lon="-112.8626240">
    <ele>806.9</ele>
    <time>2024-07-09T20:53:54Z</time>
   </trkpt>
   <trkpt lat="51.5615380" lon="-112.8627750">
    <ele>806.7</ele>
    <time>2024-07-09T20:53:55Z</time>
   </trkpt>
   <trkpt lat="51.5615420" lon="-112.8629250">
    <ele>806.6</ele>
    <time>2024-07-09T20:53:56Z</time>
   </trkpt>
   <trkpt lat="51.5615390" lon="-112.8630750">
    <ele>806.4</ele>
    <time>2024-07-09T20:53:57Z</time>
   </trkpt>
   <trkpt lat="51.5615400" lon="-112.8632260">
    <ele>806.3</ele>
    <time>2024-07-09T20:53:58Z</time>
   </trkpt>
   <trkpt lat="51.5615380" lon="-112.8633770">
    <ele>806.1</ele>
    <time>2024-07-09T20:53:59Z</time>
   </trkpt>
   <trkpt lat="51.5615380" lon="-112.8635240">
    <ele>806.0</ele>
    <time>2024-07-09T20:54:00Z</time>
   </trkpt>
   <trkpt lat="51.5615450" lon="-112.8636810">
    <ele>805.8</ele>
    <time>2024-07-09T20:54:01Z</time>
   </trkpt>
   <trkpt lat="51.5615440" lon="-112.8638290">
    <ele>805.6</ele>
    <time>2024-07-09T20:54:02Z</time>
   </trkpt>
   <trkpt lat="51.5615470" lon="-112.8639800">
    <ele>805.4</ele>
    <time>2024-07-09T20:54:03Z</time>
   </trkpt>
   <trkpt lat="51.5615480" lon="-112.8641280">
    <ele>805.2</ele>
    <time>2024-07-09T20:54:04Z</time>
   </trkpt>
   <trkpt lat="51.5615470" lon="-112.8642830">
    <ele>805.0</ele>
    <time>2024-07-09T20:54:05Z</time>
   </trkpt>
   <trkpt lat="51.5615480" lon="-112.8644300">
    <ele>804.8</ele>
    <time>2024-07-09T20:54:06Z</time>
   </trkpt>
   <trkpt lat="51.5615480" lon="-112.8645790">
    <ele>804.7</ele>
    <time>2024-07-09T20:54:07Z</time>
   </trkpt>
   <trkpt lat="51.5615470" lon="-112.8647310">
    <ele>804.5</ele>
    <time>2024-07-09T20:54:08Z</time>
   </trkpt>
   <trkpt lat="51.5615500" lon="-112.8648810">
    <ele>804.3</ele>
    <time>2024-07-09T20:54:09Z</time>
   </trkpt>
   <trkpt lat="51.5615520" lon="-112.8650330">
    <ele>804.1</ele>
    <time>2024-07-09T20:54:10Z</time>
   </trkpt>
   <trkpt lat="51.5615560" lon="-112.8651850">
    <ele>803.9</ele>
    <time>2024-07-09T20:54:11Z</time>
   </trkpt>
   <trkpt lat="51.5615590" lon="-112.8653380">
    <ele>803.7</ele>
    <time>2024-07-09T20:54:12Z</time>
   </trkpt>
   <trkpt lat="51.5615630" lon="-112.8654900">
    <ele>803.6</ele>
    <time>2024-07-09T20:54:13Z</time>
   </trkpt>
   <trkpt lat="51.5615700" lon="-112.8656380">
    <ele>803.4</ele>
    <time>2024-07-09T20:54:14Z</time>
   </trkpt>
   <trkpt lat="51.5615820" lon="-112.8657950">
    <ele>803.2</ele>
    <time>2024-07-09T20:54:15Z</time>
   </trkpt>
   <trkpt lat="51.5615930" lon="-112.8659450">
    <ele>803.0</ele>
    <time>2024-07-09T20:54:16Z</time>
   </trkpt>
   <trkpt lat="51.5616110" lon="-112.8660940">
    <ele>802.9</ele>
    <time>2024-07-09T20:54:17Z</time>
   </trkpt>
   <trkpt lat="51.5616330" lon="-112.8662480">
    <ele>802.7</ele>
    <time>2024-07-09T20:54:18Z</time>
   </trkpt>
   <trkpt lat="51.5616540" lon="-112.8663980">
    <ele>802.5</ele>
    <time>2024-07-09T20:54:19Z</time>
   </trkpt>
   <trkpt lat="51.5616760" lon="-112.8665470">
    <ele>802.4</ele>
    <time>2024-07-09T20:54:20Z</time>
   </trkpt>
   <trkpt lat="51.5616980" lon="-112.8666940">
    <ele>802.3</ele>
    <time>2024-07-09T20:54:21Z</time>
   </trkpt>
   <trkpt lat="51.5617270" lon="-112.8668440">
    <ele>802.1</ele>
    <time>2024-07-09T20:54:22Z</time>
   </trkpt>
   <trkpt lat="51.5617620" lon="-112.8669810">
    <ele>802.0</ele>
    <time>2024-07-09T20:54:23Z</time>
   </trkpt>
   <trkpt lat="51.5617950" lon="-112.8671260">
    <ele>801.8</ele>
    <time>2024-07-09T20:54:24Z</time>
   </trkpt>
   <trkpt lat="51.5618300" lon="-112.8672680">
    <ele>801.6</ele>
    <time>2024-07-09T20:54:25Z</time>
   </trkpt>
   <trkpt lat="51.5618680" lon="-112.8674060">
    <ele>801.4</ele>
    <time>2024-07-09T20:54:26Z</time>
   </trkpt>
   <trkpt lat="51.5619120" lon="-112.8675440">
    <ele>801.2</ele>
    <time>2024-07-09T20:54:27Z</time>
   </trkpt>
   <trkpt lat="51.5619560" lon="-112.8676760">
    <ele>801.0</ele>
    <time>2024-07-09T20:54:28Z</time>
   </trkpt>
   <trkpt lat="51.5620010" lon="-112.8678170">
    <ele>800.8</ele>
    <time>2024-07-09T20:54:29Z</time>
   </trkpt>
   <trkpt lat="51.5620480" lon="-112.8679510">
    <ele>800.6</ele>
    <time>2024-07-09T20:54:30Z</time>
   </trkpt>
   <trkpt lat="51.5621010" lon="-112.8680790">
    <ele>800.4</ele>
    <time>2024-07-09T20:54:31Z</time>
   </trkpt>
   <trkpt lat="51.5621580" lon="-112.8682060">
    <ele>800.2</ele>
    <time>2024-07-09T20:54:32Z</time>
   </trkpt>
   <trkpt lat="51.5622160" lon="-112.8683340">
    <ele>800.0</ele>
    <time>2024-07-09T20:54:33Z</time>
   </trkpt>
   <trkpt lat="51.5622720" lon="-112.8684650">
    <ele>799.7</ele>
    <time>2024-07-09T20:54:34Z</time>
   </trkpt>
   <trkpt lat="51.5623300" lon="-112.8685910">
    <ele>799.5</ele>
    <time>2024-07-09T20:54:35Z</time>
   </trkpt>
   <trkpt lat="51.5623900" lon="-112.8687200">
    <ele>799.2</ele>
    <time>2024-07-09T20:54:36Z</time>
   </trkpt>
   <trkpt lat="51.5624530" lon="-112.8688450">
    <ele>798.9</ele>
    <time>2024-07-09T20:54:37Z</time>
   </trkpt>
   <trkpt lat="51.5625130" lon="-112.8689760">
    <ele>798.6</ele>
    <time>2024-07-09T20:54:38Z</time>
   </trkpt>
   <trkpt lat="51.5625770" lon="-112.8691090">
    <ele>798.2</ele>
    <time>2024-07-09T20:54:39Z</time>
   </trkpt>
   <trkpt lat="51.5626390" lon="-112.8692400">
    <ele>797.8</ele>
    <time>2024-07-09T20:54:40Z</time>
   </trkpt>
   <trkpt lat="51.5627030" lon="-112.8693800">
    <ele>797.3</ele>
    <time>2024-07-09T20:54:41Z</time>
   </trkpt>
   <trkpt lat="51.5627720" lon="-112.8695160">
    <ele>796.8</ele>
    <time>2024-07-09T20:54:42Z</time>
   </trkpt>
   <trkpt lat="51.5628380" lon="-112.8696560">
    <ele>796.3</ele>
    <time>2024-07-09T20:54:43Z</time>
   </trkpt>
   <trkpt lat="51.5629030" lon="-112.8697950">
    <ele>795.8</ele>
    <time>2024-07-09T20:54:44Z</time>
   </trkpt>
   <trkpt lat="51.5629740" lon="-112.8699480">
    <ele>795.3</ele>
    <time>2024-07-09T20:54:45Z</time>
   </trkpt>
   <trkpt lat="51.5630430" lon="-112.8700860">
    <ele>794.7</ele>
    <time>2024-07-09T20:54:46Z</time>
   </trkpt>
   <trkpt lat="51.5631120" lon="-112.8702350">
    <ele>794.1</ele>
    <time>2024-07-09T20:54:47Z</time>
   </trkpt>
   <trkpt lat="51.5631840" lon="-112.8703850">
    <ele>793.4</ele>
    <time>2024-07-09T20:54:48Z</time>
   </trkpt>
   <trkpt lat="51.5632580" lon="-112.8705330">
    <ele>792.7</ele>
    <time>2024-07-09T20:54:49Z</time>
   </trkpt>
   <trkpt lat="51.5633270" lon="-112.8706920">
    <ele>792.0</ele>
    <time>2024-07-09T20:54:50Z</time>
   </trkpt>
   <trkpt lat="51.5634040" lon="-112.8708390">
    <ele>791.2</ele>
    <time>2024-07-09T20:54:51Z</time>
   </trkpt>
   <trkpt lat="51.5634780" lon="-112.8710020">
    <ele>790.4</ele>
    <time>2024-07-09T20:54:52Z</time>
   </trkpt>
   <trkpt lat="51.5635530" lon="-112.8711600">
    <ele>789.5</ele>
    <time>2024-07-09T20:54:53Z</time>
   </trkpt>
   <trkpt lat="51.5636330" lon="-112.8713280">
    <ele>788.6</ele>
    <time>2024-07-09T20:54:54Z</time>
   </trkpt>
   <trkpt lat="51.5637140" lon="-112.8714900">
    <ele>787.7</ele>
    <time>2024-07-09T20:54:55Z</time>
   </trkpt>
   <trkpt lat="51.5637930" lon="-112.8716630">
    <ele>786.7</ele>
    <time>2024-07-09T20:54:56Z</time>
   </trkpt>
   <trkpt lat="51.5638760" lon="-112.8718400">
    <ele>785.6</ele>
    <time>2024-07-09T20:54:57Z</time>
   </trkpt>
   <trkpt lat="51.5639610" lon="-112.8720160">
    <ele>784.5</ele>
    <time>2024-07-09T20:54:58Z</time>
   </trkpt>
   <trkpt lat="51.5640460" lon="-112.8721980">
    <ele>783.4</ele>
    <time>2024-07-09T20:54:59Z</time>
   </trkpt>
   <trkpt lat="51.5641330" lon="-112.8723810">
    <ele>782.3</ele>
    <time>2024-07-09T20:55:00Z</time>
   </trkpt>
   <trkpt lat="51.5642210" lon="-112.8725700">
    <ele>781.0</ele>
    <time>2024-07-09T20:55:01Z</time>
   </trkpt>
   <trkpt lat="51.5643070" lon="-112.8727560">
    <ele>779.7</ele>
    <time>2024-07-09T20:55:02Z</time>
   </trkpt>
   <trkpt lat="51.5643960" lon="-112.8729330">
    <ele>778.4</ele>
    <time>2024-07-09T20:55:03Z</time>
   </trkpt>
   <trkpt lat="51.5644850" lon="-112.8731170">
    <ele>777.0</ele>
    <time>2024-07-09T20:55:04Z</time>
   </trkpt>
   <trkpt lat="51.5645730" lon="-112.8732990">
    <ele>775.6</ele>
    <time>2024-07-09T20:55:05Z</time>
   </trkpt>
   <trkpt lat="51.5646590" lon="-112.8734760">
    <ele>774.2</ele>
    <time>2024-07-09T20:55:06Z</time>
   </trkpt>
   <trkpt lat="51.5647420" lon="-112.8736500">
    <ele>772.9</ele>
    <time>2024-07-09T20:55:07Z</time>
   </trkpt>
   <trkpt lat="51.5648230" lon="-112.8738260">
    <ele>771.5</ele>
    <time>2024-07-09T20:55:08Z</time>
   </trkpt>
   <trkpt lat="51.5649060" lon="-112.8739990">
    <ele>770.1</ele>
    <time>2024-07-09T20:55:09Z</time>
   </trkpt>
   <trkpt lat="51.5649850" lon="-112.8741710">
    <ele>768.8</ele>
    <time>2024-07-09T20:55:10Z</time>
   </trkpt>
   <trkpt lat="51.5650600" lon="-112.8743440">
    <ele>767.5</ele>
    <time>2024-07-09T20:55:11Z</time>
   </trkpt>
   <trkpt lat="51.5651210" lon="-112.8745270">
    <ele>766.1</ele>
    <time>2024-07-09T20:55:12Z</time>
   </trkpt>
   <trkpt lat="51.5651930" lon="-112.8747000">
    <ele>764.6</ele>
    <time>2024-07-09T20:55:13Z</time>
   </trkpt>
   <trkpt lat="51.5652590" lon="-112.8748810">
    <ele>763.0</ele>
    <time>2024-07-09T20:55:14Z</time>
   </trkpt>
   <trkpt lat="51.5653210" lon="-112.8750630">
    <ele>761.4</ele>
    <time>2024-07-09T20:55:15Z</time>
   </trkpt>
   <trkpt lat="51.5653810" lon="-112.8752440">
    <ele>759.8</ele>
    <time>2024-07-09T20:55:16Z</time>
   </trkpt>
   <trkpt lat="51.5654380" lon="-112.8754310">
    <ele>758.1</ele>
    <time>2024-07-09T20:55:17Z</time>
   </trkpt>
   <trkpt lat="51.5654870" lon="-112.8756250">
    <ele>756.5</ele>
    <time>2024-07-09T20:55:18Z</time>
   </trkpt>
   <trkpt lat="51.5655280" lon="-112.8758160">
    <ele>755.0</ele>
    <time>2024-07-09T20:55:19Z</time>
   </trkpt>
   <trkpt lat="51.5655590" lon="-112.8760100">
    <ele>753.4</ele>
    <time>2024-07-09T20:55:20Z</time>
   </trkpt>
   <trkpt lat="51.5655920" lon="-112.8761950">
    <ele>751.8</ele>
    <time>2024-07-09T20:55:21Z</time>
   </trkpt>
   <trkpt lat="51.5656240" lon="-112.8763810">
    <ele>750.2</ele>
    <time>2024-07-09T20:55:22Z</time>
   </trkpt>
   <trkpt lat="51.5656460" lon="-112.8765720">
    <ele>748.6</ele>
    <time>2024-07-09T20:55:23Z</time>
   </trkpt>
   <trkpt lat="51.5656680" lon="-112.8767610">
    <ele>746.9</ele>
    <time>2024-07-09T20:55:24Z</time>
   </trkpt>
   <trkpt lat="51.5656830" lon="-112.8769590">
    <ele>745.3</ele>
    <time>2024-07-09T20:55:25Z</time>
   </trkpt>
   <trkpt lat="51.5656960" lon="-112.8771540">
    <ele>743.7</ele>
    <time>2024-07-09T20:55:26Z</time>
   </trkpt>
   <trkpt lat="51.5657080" lon="-112.8773460">
    <ele>742.2</ele>
    <time>2024-07-09T20:55:27Z</time>
   </trkpt>
   <trkpt lat="51.5657150" lon="-112.8775370">
    <ele>740.7</ele>
    <time>2024-07-09T20:55:28Z</time>
   </trkpt>
   <trkpt lat="51.5657120" lon="-112.8777240">
    <ele>739.3</ele>
    <time>2024-07-09T20:55:29Z</time>
   </trkpt>
   <trkpt lat="51.5657130" lon="-112.8779050">
    <ele>737.9</ele>
    <time>2024-07-09T20:55:30Z</time>
   </trkpt>
   <trkpt lat="51.5657090" lon="-112.8780820">
    <ele>736.5</ele>
    <time>2024-07-09T20:55:31Z</time>
   </trkpt>
   <trkpt lat="51.5657070" lon="-112.8782560">
    <ele>735.2</ele>
    <time>2024-07-09T20:55:32Z</time>
   </trkpt>
   <trkpt lat="51.5657110" lon="-112.8784290">
    <ele>733.8</ele>
    <time>2024-07-09T20:55:33Z</time>
   </trkpt>
   <trkpt lat="51.5657130" lon="-112.8786070">
    <ele>732.5</ele>
    <time>2024-07-09T20:55:34Z</time>
   </trkpt>
   <trkpt lat="51.5657160" lon="-112.8787860">
    <ele>731.2</ele>
    <time>2024-07-09T20:55:35Z</time>
   </trkpt>
   <trkpt lat="51.5657120" lon="-112.8789640">
    <ele>729.8</ele>
    <time>2024-07-09T20:55:36Z</time>
   </trkpt>
   <trkpt lat="51.5657070" lon="-112.8791420">
    <ele>728.5</ele>
    <time>2024-07-09T20:55:37Z</time>
   </trkpt>
   <trkpt lat="51.5657030" lon="-112.8793160">
    <ele>727.2</ele>
    <time>2024-07-09T20:55:38Z</time>
   </trkpt>
   <trkpt lat="51.5656910" lon="-112.8794870">
    <ele>725.8</ele>
    <time>2024-07-09T20:55:39Z</time>
   </trkpt>
   <trkpt lat="51.5656730" lon="-112.8796550">
    <ele>724.4</ele>
    <time>2024-07-09T20:55:40Z</time>
   </trkpt>
   <trkpt lat="51.5656440" lon="-112.8798220">
    <ele>722.9</ele>
    <time>2024-07-09T20:55:41Z</time>
   </trkpt>
   <trkpt lat="51.5656120" lon="-112.8799850">
    <ele>721.5</ele>
    <time>2024-07-09T20:55:42Z</time>
   </trkpt>
   <trkpt lat="51.5655670" lon="-112.8801480">
    <ele>720.0</ele>
    <time>2024-07-09T20:55:43Z</time>
   </trkpt>
   <trkpt lat="51.5655180" lon="-112.8803100">
    <ele>718.5</ele>
    <time>2024-07-09T20:55:44Z</time>
   </trkpt>
   <trkpt lat="51.5654570" lon="-112.8804670">
    <ele>717.0</ele>
    <time>2024-07-09T20:55:45Z</time>
   </trkpt>
   <trkpt lat="51.5653960" lon="-112.8806240">
    <ele>715.5</ele>
    <time>2024-07-09T20:55:46Z</time>
   </trkpt>
   <trkpt lat="51.5653350" lon="-112.8807820">
    <ele>714.0</ele>
    <time>2024-07-09T20:55:47Z</time>
   </trkpt>
   <trkpt lat="51.5652740" lon="-112.8809390">
    <ele>712.5</ele>
    <time>2024-07-09T20:55:48Z</time>
   </trkpt>
   <trkpt lat="51.5652160" lon="-112.8811030">
    <ele>710.9</ele>
    <time>2024-07-09T20:55:49Z</time>
   </trkpt>
   <trkpt lat="51.5651610" lon="-112.8812710">
    <ele>709.4</ele>
    <time>2024-07-09T20:55:50Z</time>
   </trkpt>
   <trkpt lat="51.5651200" lon="-112.8814520">
    <ele>707.8</ele>
    <time>2024-07-09T20:55:51Z</time>
   </trkpt>
   <trkpt lat="51.5650890" lon="-112.8816400">
    <ele>706.2</ele>
    <time>2024-07-09T20:55:52Z</time>
   </trkpt>
   <trkpt lat="51.5650680" lon="-112.8818280">
    <ele>704.7</ele>
    <time>2024-07-09T20:55:53Z</time>
   </trkpt>
   <trkpt lat="51.5650590" lon="-112.8820250">
    <ele>703.1</ele>
    <time>2024-07-09T20:55:54Z</time>
   </trkpt>
   <trkpt lat="51.5650680" lon="-112.8822290">
    <ele>701.6</ele>
    <time>2024-07-09T20:55:55Z</time>
   </trkpt>
   <trkpt lat="51.5650870" lon="-112.8824320">
    <ele>700.2</ele>
    <time>2024-07-09T20:55:56Z</time>
   </trkpt>
   <trkpt lat="51.5651240" lon="-112.8826370">
    <ele>698.9</ele>
    <time>2024-07-09T20:55:57Z</time>
   </trkpt>
   <trkpt lat="51.5651830" lon="-112.8828320">
    <ele>697.6</ele>
    <time>2024-07-09T20:55:58Z</time>
   </trkpt>
   <trkpt lat="51.5652550" lon="-112.8830220">
    <ele>696.3</ele>
    <time>2024-07-09T20:55:59Z</time>
   </trkpt>
   <trkpt lat="51.5653460" lon="-112.8831940">
    <ele>695.1</ele>
    <time>2024-07-09T20:56:00Z</time>
   </trkpt>
   <trkpt lat="51.5654510" lon="-112.8833450">
    <ele>694.1</ele>
    <time>2024-07-09T20:56:01Z</time>
   </trkpt>
   <trkpt lat="51.5655610" lon="-112.8834790">
    <ele>693.2</ele>
    <time>2024-07-09T20:56:02Z</time>
   </trkpt>
   <trkpt lat="51.5656860" lon="-112.8835840">
    <ele>692.5</ele>
    <time>2024-07-09T20:56:03Z</time>
   </trkpt>
   <trkpt lat="51.5658200" lon="-112.8836530">
    <ele>691.8</ele>
    <time>2024-07-09T20:56:04Z</time>
   </trkpt>
   <trkpt lat="51.5659590" lon="-112.8836960">
    <ele>691.4</ele>
    <time>2024-07-09T20:56:05Z</time>
   </trkpt>
   <trkpt lat="51.5660970" lon="-112.8837290">
    <ele>691.0</ele>
    <time>2024-07-09T20:56:06Z</time>
   </trkpt>
   <trkpt lat="51.5662350" lon="-112.8837330">
    <ele>690.6</ele>
    <time>2024-07-09T20:56:07Z</time>
   </trkpt>
   <trkpt lat="51.5663690" lon="-112.8837180">
    <ele>690.3</ele>
    <time>2024-07-09T20:56:08Z</time>
   </trkpt>
   <trkpt lat="51.5665010" lon="-112.8837000">
    <ele>690.2</ele>
    <time>2024-07-09T20:56:09Z</time>
   </trkpt>
   <trkpt lat="51.5666290" lon="-112.8836880">
    <ele>690.1</ele>
    <time>2024-07-09T20:56:10Z</time>
   </trkpt>
   <trkpt lat="51.5667540" lon="-112.8836740">
    <ele>690.0</ele>
    <time>2024-07-09T20:56:11Z</time>
   </trkpt>
   <trkpt lat="51.5668790" lon="-112.8836510">
    <ele>690.0</ele>
    <time>2024-07-09T20:56:12Z</time>
   </trkpt>
   <trkpt lat="51.5669980" lon="-112.8836410">
    <ele>690.0</ele>
    <time>2024-07-09T20:56:13Z</time>
   </trkpt>
   <trkpt lat="51.5671130" lon="-112.8836260">
    <ele>690.0</ele>
    <time>2024-07-09T20:56:14Z</time>
   </trkpt>
   <trkpt lat="51.5672250" lon="-112.8836170">
    <ele>690.1</ele>
    <time>2024-07-09T20:56:15Z</time>
   </trkpt>
   <trkpt lat="51.5673350" lon="-112.8836060">
    <ele>690.1</ele>
    <time>2024-07-09T20:56:16Z</time>
   </trkpt>
   <trkpt lat="51.5674420" lon="-112.8835970">
    <ele>690.2</ele>
    <time>2024-07-09T20:56:17Z</time>
   </trkpt>
   <trkpt lat="51.5675480" lon="-112.8835870">
    <ele>690.2</ele>
    <time>2024-07-09T20:56:18Z</time>
   </trkpt>
   <trkpt lat="51.5676540" lon="-112.8835790">
    <ele>690.2</ele>
    <time>2024-07-09T20:56:19Z</time>
   </trkpt>
   <trkpt lat="51.5677600" lon="-112.8835670">
    <ele>690.2</ele>
    <time>2024-07-09T20:56:20Z</time>
   </trkpt>
   <trkpt lat="51.5678660" lon="-112.8835540">
    <ele>690.2</ele>
    <time>2024-07-09T20:56:21Z</time>
   </trkpt>
   <trkpt lat="51.5679700" lon="-112.8835460">
    <ele>690.2</ele>
    <time>2024-07-09T20:56:22Z</time>
   </trkpt>
   <trkpt lat="51.5680730" lon="-112.8835340">
    <ele>690.3</ele>
    <time>2024-07-09T20:56:23Z</time>
   </trkpt>
   <trkpt lat="51.5681740" lon="-112.8835210">
    <ele>690.3</ele>
    <time>2024-07-09T20:56:24Z</time>
   </trkpt>
   <trkpt lat="51.5682760" lon="-112.8835110">
    <ele>690.3</ele>
    <time>2024-07-09T20:56:25Z</time>
   </trkpt>
   <trkpt lat="51.5683750" lon="-112.8835030">
    <ele>690.4</ele>
    <time>2024-07-09T20:56:26Z</time>
   </trkpt>
   <trkpt lat="51.5684710" lon="-112.8835000">
    <ele>690.4</ele>
    <time>2024-07-09T20:56:27Z</time>
   </trkpt>
   <trkpt lat="51.5685700" lon="-112.8834930">
    <ele>690.4</ele>
    <time>2024-07-09T20:56:28Z</time>
   </trkpt>
   <trkpt lat="51.5686680" lon="-112.8834880">
    <ele>690.4</ele>
    <time>2024-07-09T20:56:29Z</time>
   </trkpt>
   <trkpt lat="51.5687670" lon="-112.8834770">
    <ele>690.4</ele>
    <time>2024-07-09T20:56:30Z</time>
   </trkpt>
   <trkpt lat="51.5688580" lon="-112.8834960">
    <ele>690.4</ele>
    <time>2024-07-09T20:56:31Z</time>
   </trkpt>
   <trkpt lat="51.5689550" lon="-112.8834890">
    <ele>690.4</ele>
    <time>2024-07-09T20:56:32Z</time>
   </trkpt>
   <trkpt lat="51.5690540" lon="-112.8834720">
    <ele>690.4</ele>
    <time>2024-07-09T20:56:33Z</time>
   </trkpt>
   <trkpt lat="51.5691500" lon="-112.8834660">
    <ele>690.4</ele>
    <time>2024-07-09T20:56:34Z</time>
   </trkpt>
   <trkpt lat="51.5692450" lon="-112.8834610">
    <ele>690.4</ele>
    <time>2024-07-09T20:56:35Z</time>
   </trkpt>
   <trkpt lat="51.5693420" lon="-112.8834540">
    <ele>690.4</ele>
    <time>2024-07-09T20:56:36Z</time>
   </trkpt>
   <trkpt lat="51.5694380" lon="-112.8834490">
    <ele>690.4</ele>
    <time>2024-07-09T20:56:37Z</time>
   </trkpt>
   <trkpt lat="51.5695320" lon="-112.8834290">
    <ele>690.4</ele>
    <time>2024-07-09T20:56:38Z</time>
   </trkpt>
   <trkpt lat="51.5696270" lon="-112.8834020">
    <ele>690.4</ele>
    <time>2024-07-09T20:56:39Z</time>
   </trkpt>
   <trkpt lat="51.5697230" lon="-112.8833900">
    <ele>690.4</ele>
    <time>2024-07-09T20:56:40Z</time>
   </trkpt>
   <trkpt lat="51.5698170" lon="-112.8833930">
    <ele>690.4</ele>
    <time>2024-07-09T20:56:41Z</time>
   </trkpt>
   <trkpt lat="51.5699110" lon="-112.8833800">
    <ele>690.4</ele>
    <time>2024-07-09T20:56:42Z</time>
   </trkpt>
   <trkpt lat="51.5700030" lon="-112.8833640">
    <ele>690.4</ele>
    <time>2024-07-09T20:56:43Z</time>
   </trkpt>
   <trkpt lat="51.5700930" lon="-112.8833800">
    <ele>690.3</ele>
    <time>2024-07-09T20:56:44Z</time>
   </trkpt>
   <trkpt lat="51.5701840" lon="-112.8833700">
    <ele>690.3</ele>
    <time>2024-07-09T20:56:45Z</time>
   </trkpt>
   <trkpt lat="51.5702730" lon="-112.8833660">
    <ele>690.3</ele>
    <time>2024-07-09T20:56:46Z</time>
   </trkpt>
   <trkpt lat="51.5703630" lon="-112.8833610">
    <ele>690.3</ele>
    <time>2024-07-09T20:56:47Z</time>
   </trkpt>
   <trkpt lat="51.5704540" lon="-112.8833440">
    <ele>690.4</ele>
    <time>2024-07-09T20:56:48Z</time>
   </trkpt>
   <trkpt lat="51.5705430" lon="-112.8833440">
    <ele>690.4</ele>
    <time>2024-07-09T20:56:49Z</time>
   </trkpt>
   <trkpt lat="51.5706320" lon="-112.8833470">
    <ele>690.4</ele>
    <time>2024-07-09T20:56:50Z</time>
   </trkpt>
   <trkpt lat="51.5707200" lon="-112.8833470">
    <ele>690.4</ele>
    <time>2024-07-09T20:56:51Z</time>
   </trkpt>
   <trkpt lat="51.5708090" lon="-112.8833420">
    <ele>690.4</ele>
    <time>2024-07-09T20:56:52Z</time>
   </trkpt>
   <trkpt lat="51.5708980" lon="-112.8833320">
    <ele>690.4</ele>
    <time>2024-07-09T20:56:53Z</time>
   </trkpt>
   <trkpt lat="51.5709860" lon="-112.8833270">
    <ele>690.3</ele>
    <time>2024-07-09T20:56:54Z</time>
   </trkpt>
   <trkpt lat="51.5710730" lon="-112.8833290">
    <ele>690.3</ele>
    <time>2024-07-09T20:56:55Z</time>
   </trkpt>
   <trkpt lat="51.5711620" lon="-112.8833180">
    <ele>690.3</ele>
    <time>2024-07-09T20:56:56Z</time>
   </trkpt>
   <trkpt lat="51.5712510" lon="-112.8833130">
    <ele>690.3</ele>
    <time>2024-07-09T20:56:57Z</time>
   </trkpt>
   <trkpt lat="51.5713380" lon="-112.8833160">
    <ele>690.2</ele>
    <time>2024-07-09T20:56:58Z</time>
   </trkpt>
   <trkpt lat="51.5714260" lon="-112.8833160">
    <ele>690.2</ele>
    <time>2024-07-09T20:56:59Z</time>
   </trkpt>
   <trkpt lat="51.5715080" lon="-112.8833290">
    <ele>690.2</ele>
    <time>2024-07-09T20:57:00Z</time>
   </trkpt>
   <trkpt lat="51.5715950" lon="-112.8833180">
    <ele>690.2</ele>
    <time>2024-07-09T20:57:01Z</time>
   </trkpt>
   <trkpt lat="51.5716780" lon="-112.8833260">
    <ele>690.2</ele>
    <time>2024-07-09T20:57:02Z</time>
   </trkpt>
   <trkpt lat="51.5717620" lon="-112.8833220">
    <ele>690.2</ele>
    <time>2024-07-09T20:57:03Z</time>
   </trkpt>
   <trkpt lat="51.5718440" lon="-112.8833200">
    <ele>690.2</ele>
    <time>2024-07-09T20:57:04Z</time>
   </trkpt>
   <trkpt lat="51.5719240" lon="-112.8833210">
    <ele>690.2</ele>
    <time>2024-07-09T20:57:05Z</time>
   </trkpt>
   <trkpt lat="51.5719970" lon="-112.8833430">
    <ele>690.2</ele>
    <time>2024-07-09T20:57:06Z</time>
   </trkpt>
   <trkpt lat="51.5720780" lon="-112.8833400">
    <ele>690.2</ele>
    <time>2024-07-09T20:57:07Z</time>
   </trkpt>
   <trkpt lat="51.5721610" lon="-112.8833220">
    <ele>690.2</ele>
    <time>2024-07-09T20:57:08Z</time>
   </trkpt>
   <trkpt lat="51.5722370" lon="-112.8833260">
    <ele>690.2</ele>
    <time>2024-07-09T20:57:09Z</time>
   </trkpt>
   <trkpt lat="51.5723150" lon="-112.8833210">
    <ele>690.2</ele>
    <time>2024-07-09T20:57:10Z</time>
   </trkpt>
   <trkpt lat="51.5723910" lon="-112.8833200">
    <ele>690.3</ele>
    <time>2024-07-09T20:57:11Z</time>
   </trkpt>
   <trkpt lat="51.5724660" lon="-112.8833200">
    <ele>690.4</ele>
    <time>2024-07-09T20:57:12Z</time>
   </trkpt>
   <trkpt lat="51.5725400" lon="-112.8832930">
    <ele>690.5</ele>
    <time>2024-07-09T20:57:13Z</time>
   </trkpt>
   <trkpt lat="51.5725940" lon="-112.8833020">
    <ele>690.5</ele>
    <time>2024-07-09T20:57:14Z</time>
   </trkpt>
   <trkpt lat="51.5726470" lon="-112.8833110">
    <ele>690.6</ele>
    <time>2024-07-09T20:57:15Z</time>
   </trkpt>
   <trkpt lat="51.5727010" lon="-112.8833220">
    <ele>690.6</ele>
    <time>2024-07-09T20:57:16Z</time>
   </trkpt>
   <trkpt lat="51.5727550" lon="-112.8833370">
    <ele>690.7</ele>
    <time>2024-07-09T20:57:17Z</time>
   </trkpt>
   <trkpt lat="51.5728070" lon="-112.8833660">
    <ele>690.8</ele>
    <time>2024-07-09T20:57:18Z</time>
   </trkpt>
   <trkpt lat="51.5728570" lon="-112.8834020">
    <ele>690.8</ele>
    <time>2024-07-09T20:57:19Z</time>
   </trkpt>
   <trkpt lat="51.5728980" lon="-112.8834360">
    <ele>690.8</ele>
    <time>2024-07-09T20:57:20Z</time>
   </trkpt>
   <trkpt lat="51.5729320" lon="-112.8834670">
    <ele>690.8</ele>
    <time>2024-07-09T20:57:21Z</time>
   </trkpt>
   <trkpt lat="51.5729630" lon="-112.8834970">
    <ele>690.7</ele>
    <time>2024-07-09T20:57:22Z</time>
   </trkpt>
   <trkpt lat="51.5729940" lon="-112.8835140">
    <ele>690.7</ele>
    <time>2024-07-09T20:57:23Z</time>
   </trkpt>
   <trkpt lat="51.5730210" lon="-112.8835370">
    <ele>690.6</ele>
    <time>2024-07-09T20:57:24Z</time>
   </trkpt>
   <trkpt lat="51.5730410" lon="-112.8835670">
    <ele>690.6</ele>
    <time>2024-07-09T20:57:25Z</time>
   </trkpt>
   <trkpt lat="51.5730630" lon="-112.8836180">
    <ele>690.5</ele>
    <time>2024-07-09T20:57:26Z</time>
   </trkpt>
   <trkpt lat="51.5730690" lon="-112.8836360">
    <ele>690.5</ele>
    <time>2024-07-09T20:57:27Z</time>
   </trkpt>
   <trkpt lat="51.5730790" lon="-112.8836770">
    <ele>690.4</ele>
    <time>2024-07-09T20:57:28Z</time>
   </trkpt>
   <trkpt lat="51.5730780" lon="-112.8836950">
    <ele>690.3</ele>
    <time>2024-07-09T20:57:29Z</time>
   </trkpt>
   <trkpt lat="51.5730760" lon="-112.8837130">
    <ele>690.3</ele>
    <time>2024-07-09T20:57:30Z</time>
   </trkpt>
   <trkpt lat="51.5730750" lon="-112.8837300">
    <ele>690.3</ele>
    <time>2024-07-09T20:57:31Z</time>
   </trkpt>
   <trkpt lat="51.5730740" lon="-112.8837480">
    <ele>690.3</ele>
    <time>2024-07-09T20:57:32Z</time>
   </trkpt>
   <trkpt lat="51.5730730" lon="-112.8837660">
    <ele>690.2</ele>
    <time>2024-07-09T20:57:33Z</time>
   </trkpt>
   <trkpt lat="51.5730710" lon="-112.8837840">
    <ele>690.2</ele>
    <time>2024-07-09T20:57:34Z</time>
   </trkpt>
   <trkpt lat="51.5730700" lon="-112.8838020">
    <ele>690.1</ele>
    <time>2024-07-09T20:57:35Z</time>
   </trkpt>
   <trkpt lat="51.5730690" lon="-112.8838200">
    <ele>690.1</ele>
    <time>2024-07-09T20:57:36Z</time>
   </trkpt>
   <trkpt lat="51.5730680" lon="-112.8838380">
    <ele>690.1</ele>
    <time>2024-07-09T20:57:37Z</time>
   </trkpt>
   <trkpt lat="51.5730660" lon="-112.8838560">
    <ele>690.0</ele>
    <time>2024-07-09T20:57:38Z</time>
   </trkpt>
   <trkpt lat="51.5730650" lon="-112.8838730">
    <ele>690.0</ele>
    <time>2024-07-09T21:04:18Z</time>
   </trkpt>
   <trkpt lat="51.5730640" lon="-112.8838910">
    <ele>690.0</ele>
    <time>2024-07-09T21:04:19Z</time>
   </trkpt>
   <trkpt lat="51.5730720" lon="-112.8840140">
    <ele>689.7</ele>
    <time>2024-07-09T21:04:20Z</time>
   </trkpt>
   <trkpt lat="51.5730630" lon="-112.8840750">
    <ele>689.5</ele>
    <time>2024-07-09T21:04:21Z</time>
   </trkpt>
   <trkpt lat="51.5730590" lon="-112.8841390">
    <ele>689.3</ele>
    <time>2024-07-09T21:04:22Z</time>
   </trkpt>
   <trkpt lat="51.5730580" lon="-112.8841610">
    <ele>689.2</ele>
    <time>2024-07-09T21:04:23Z</time>
   </trkpt>
   <trkpt lat="51.5730520" lon="-112.8842180">
    <ele>689.0</ele>
    <time>2024-07-09T21:04:24Z</time>
   </trkpt>
   <trkpt lat="51.5730530" lon="-112.8842390">
    <ele>688.9</ele>
    <time>2024-07-09T21:04:25Z</time>
   </trkpt>
   <trkpt lat="51.5730570" lon="-112.8842820">
    <ele>688.7</ele>
    <time>2024-07-09T21:04:26Z</time>
   </trkpt>
   <trkpt lat="51.5730610" lon="-112.8843370">
    <ele>688.5</ele>
    <time>2024-07-09T21:04:27Z</time>
   </trkpt>
   <trkpt lat="51.5730570" lon="-112.8844000">
    <ele>688.2</ele>
    <time>2024-07-09T21:04:28Z</time>
   </trkpt>
   <trkpt lat="51.5730560" lon="-112.8844680">
    <ele>688.0</ele>
    <time>2024-07-09T21:04:29Z</time>
   </trkpt>
   <trkpt lat="51.5730710" lon="-112.8845310">
    <ele>687.7</ele>
    <time>2024-07-09T21:04:31Z</time>
   </trkpt>
   <trkpt lat="51.5730750" lon="-112.8845520">
    <ele>687.6</ele>
    <time>2024-07-09T21:04:32Z</time>
   </trkpt>
   <trkpt lat="51.5730790" lon="-112.8845730">
    <ele>687.6</ele>
    <time>2024-07-09T21:04:33Z</time>
   </trkpt>
   <trkpt lat="51.5730800" lon="-112.8846180">
    <ele>687.6</ele>
    <time>2024-07-09T21:04:34Z</time>
   </trkpt>
   <trkpt lat="51.5730790" lon="-112.8846360">
    <ele>687.6</ele>
    <time>2024-07-09T21:04:35Z</time>
   </trkpt>
   <trkpt lat="51.5730800" lon="-112.8846810">
    <ele>687.6</ele>
    <time>2024-07-09T21:04:36Z</time>
   </trkpt>
   <trkpt lat="51.5730800" lon="-112.8846950">
    <ele>687.6</ele>
    <time>2024-07-09T21:04:37Z</time>
   </trkpt>
   <trkpt lat="51.5730800" lon="-112.8847170">
    <ele>687.7</ele>
    <time>2024-07-09T21:04:38Z</time>
   </trkpt>
   <trkpt lat="51.5730790" lon="-112.8847400">
    <ele>687.7</ele>
    <time>2024-07-09T21:04:39Z</time>
   </trkpt>
   <trkpt lat="51.5730760" lon="-112.8847650">
    <ele>687.7</ele>
    <time>2024-07-09T21:04:40Z</time>
   </trkpt>
   <trkpt lat="51.5730700" lon="-112.8847840">
    <ele>687.7</ele>
    <time>2024-07-09T21:04:41Z</time>
   </trkpt>
   <trkpt lat="51.5730660" lon="-112.8848060">
    <ele>687.7</ele>
    <time>2024-07-09T21:04:42Z</time>
   </trkpt>
   <trkpt lat="51.5730630" lon="-112.8848190">
    <ele>687.7</ele>
    <time>2024-07-09T21:04:43Z</time>
   </trkpt>
   <trkpt lat="51.5730670" lon="-112.8848230">
    <ele>687.7</ele>
    <time>2024-07-09T21:04:44Z</time>
   </trkpt>
   <trkpt lat="51.5730680" lon="-112.8848180">
    <ele>687.7</ele>
    <time>2024-07-09T21:04:45Z</time>
   </trkpt>
   <trkpt lat="51.5730690" lon="-112.8848170">
    <ele>687.7</ele>
    <time>2024-07-09T21:04:46Z</time>
   </trkpt>
   <trkpt lat="51.5730680" lon="-112.8848200">
    <ele>687.7</ele>
    <time>2024-07-09T21:04:47Z</time>
   </trkpt>
   <trkpt lat="51.5730670" lon="-112.8848260">
    <ele>687.7</ele>
    <time>2024-07-09T21:04:48Z</time>
   </trkpt>
   <trkpt lat="51.5730660" lon="-112.8848310">
    <ele>687.7</ele>
    <time>2024-07-09T21:04:49Z</time>
   </trkpt>
   <trkpt lat="51.5730680" lon="-112.8848710">
    <ele>687.7</ele>
    <time>2024-07-09T21:04:50Z</time>
   </trkpt>
   <trkpt lat="51.5730660" lon="-112.8849240">
    <ele>687.7</ele>
    <time>2024-07-09T21:04:51Z</time>
   </trkpt>
   <trkpt lat="51.5730640" lon="-112.8849770">
    <ele>687.7</ele>
    <time>2024-07-09T21:04:52Z</time>
   </trkpt>
   <trkpt lat="51.5730630" lon="-112.8850300">
    <ele>687.7</ele>
    <time>2024-07-09T21:06:52Z</time>
   </trkpt>
   <trkpt lat="51.5730610" lon="-112.8850830">
    <ele>687.7</ele>
    <time>2024-07-09T21:06:53Z</time>
   </trkpt>
   <trkpt lat="51.5730590" lon="-112.8851370">
    <ele>687.7</ele>
    <time>2024-07-09T21:06:54Z</time>
   </trkpt>
   <trkpt lat="51.5730570" lon="-112.8851900">
    <ele>687.7</ele>
    <time>2024-07-09T21:06:55Z</time>
   </trkpt>
   <trkpt lat="51.5730550" lon="-112.8852430">
    <ele>687.7</ele>
    <time>2024-07-09T21:06:56Z</time>
   </trkpt>
   <trkpt lat="51.5730530" lon="-112.8852960">
    <ele>687.7</ele>
    <time>2024-07-09T21:06:57Z</time>
   </trkpt>
   <trkpt lat="51.5730510" lon="-112.8853490">
    <ele>687.6</ele>
    <time>2024-07-09T21:06:58Z</time>
   </trkpt>
   <trkpt lat="51.5730490" lon="-112.8854030">
    <ele>687.6</ele>
    <time>2024-07-09T21:06:59Z</time>
   </trkpt>
   <trkpt lat="51.5730470" lon="-112.8854560">
    <ele>687.6</ele>
    <time>2024-07-09T21:07:00Z</time>
   </trkpt>
   <trkpt lat="51.5730460" lon="-112.8855090">
    <ele>687.6</ele>
    <time>2024-07-09T21:07:01Z</time>
   </trkpt>
   <trkpt lat="51.5730440" lon="-112.8855620">
    <ele>687.6</ele>
    <time>2024-07-09T21:07:02Z</time>
   </trkpt>
   <trkpt lat="51.5730420" lon="-112.8856150">
    <ele>687.6</ele>
    <time>2024-07-09T21:08:43Z</time>
   </trkpt>
   <trkpt lat="51.5730400" lon="-112.8856690">
    <ele>687.6</ele>
    <time>2024-07-09T21:08:44Z</time>
   </trkpt>
   <trkpt lat="51.5730500" lon="-112.8857220">
    <ele>687.6</ele>
    <time>2024-07-09T21:08:45Z</time>
   </trkpt>
   <trkpt lat="51.5730550" lon="-112.8857380">
    <ele>687.6</ele>
    <time>2024-07-09T21:08:46Z</time>
   </trkpt>
   <trkpt lat="51.5730630" lon="-112.8857820">
    <ele>687.6</ele>
    <time>2024-07-09T21:08:47Z</time>
   </trkpt>
   <trkpt lat="51.5730720" lon="-112.8858380">
    <ele>687.6</ele>
    <time>2024-07-09T21:08:48Z</time>
   </trkpt>
   <trkpt lat="51.5730800" lon="-112.8859110">
    <ele>687.7</ele>
    <time>2024-07-09T21:08:49Z</time>
   </trkpt>
   <trkpt lat="51.5730850" lon="-112.8859870">
    <ele>687.9</ele>
    <time>2024-07-09T21:08:50Z</time>
   </trkpt>
   <trkpt lat="51.5730910" lon="-112.8860540">
    <ele>688.1</ele>
    <time>2024-07-09T21:08:51Z</time>
   </trkpt>
   <trkpt lat="51.5730930" lon="-112.8861190">
    <ele>688.3</ele>
    <time>2024-07-09T21:08:52Z</time>
   </trkpt>
   <trkpt lat="51.5730970" lon="-112.8861820">
    <ele>688.6</ele>
    <time>2024-07-09T21:08:53Z</time>
   </trkpt>
   <trkpt lat="51.5731000" lon="-112.8862500">
    <ele>688.9</ele>
    <time>2024-07-09T21:08:54Z</time>
   </trkpt>
   <trkpt lat="51.5731040" lon="-112.8863170">
    <ele>689.3</ele>
    <time>2024-07-09T21:08:55Z</time>
   </trkpt>
   <trkpt lat="51.5731070" lon="-112.8863810">
    <ele>689.6</ele>
    <time>2024-07-09T21:08:56Z</time>
   </trkpt>
   <trkpt lat="51.5731100" lon="-112.8864460">
    <ele>690.0</ele>
    <time>2024-07-09T21:08:57Z</time>
   </trkpt>
   <trkpt lat="51.5731090" lon="-112.8865020">
    <ele>690.3</ele>
    <time>2024-07-09T21:08:58Z</time>
   </trkpt>
   <trkpt lat="51.5731060" lon="-112.8865580">
    <ele>690.6</ele>
    <time>2024-07-09T21:08:59Z</time>
   </trkpt>
   <trkpt lat="51.5731020" lon="-112.8866100">
    <ele>690.9</ele>
    <time>2024-07-09T21:09:00Z</time>
   </trkpt>
   <trkpt lat="51.5730920" lon="-112.8866480">
    <ele>691.2</ele>
    <time>2024-07-09T21:09:01Z</time>
   </trkpt>
   <trkpt lat="51.5730890" lon="-112.8866670">
    <ele>691.3</ele>
    <time>2024-07-09T21:09:02Z</time>
   </trkpt>
   <trkpt lat="51.5730720" lon="-112.8867260">
    <ele>691.6</ele>
    <time>2024-07-09T21:09:03Z</time>
   </trkpt>
   <trkpt lat="51.5730660" lon="-112.8867460">
    <ele>691.7</ele>
    <time>2024-07-09T21:09:04Z</time>
   </trkpt>
   <trkpt lat="51.5730500" lon="-112.8867840">
    <ele>691.9</ele>
    <time>2024-07-09T21:09:05Z</time>
   </trkpt>
   <trkpt lat="51.5730270" lon="-112.8868400">
    <ele>692.1</ele>
    <time>2024-07-09T21:09:06Z</time>
   </trkpt>
   <trkpt lat="51.5730170" lon="-112.8868660">
    <ele>692.2</ele>
    <time>2024-07-09T21:09:07Z</time>
   </trkpt>
   <trkpt lat="51.5729940" lon="-112.8869110">
    <ele>692.4</ele>
    <time>2024-07-09T21:09:08Z</time>
   </trkpt>
   <trkpt lat="51.5729830" lon="-112.8869330">
    <ele>692.4</ele>
    <time>2024-07-09T21:09:09Z</time>
   </trkpt>
   <trkpt lat="51.5729630" lon="-112.8869800">
    <ele>692.5</ele>
    <time>2024-07-09T21:09:10Z</time>
   </trkpt>
   <trkpt lat="51.5729340" lon="-112.8870280">
    <ele>692.6</ele>
    <time>2024-07-09T21:09:11Z</time>
   </trkpt>
   <trkpt lat="51.5728850" lon="-112.8871290">
    <ele>692.8</ele>
    <time>2024-07-09T21:09:12Z</time>
   </trkpt>
   <trkpt lat="51.5728530" lon="-112.8871900">
    <ele>692.9</ele>
    <time>2024-07-09T21:09:13Z</time>
   </trkpt>
   <trkpt lat="51.5728230" lon="-112.8872370">
    <ele>693.0</ele>
    <time>2024-07-09T21:09:14Z</time>
   </trkpt>
   <trkpt lat="51.5727910" lon="-112.8872880">
    <ele>693.0</ele>
    <time>2024-07-09T21:09:15Z</time>
   </trkpt>
   <trkpt lat="51.5727560" lon="-112.8873390">
    <ele>693.1</ele>
    <time>2024-07-09T21:09:16Z</time>
   </trkpt>
   <trkpt lat="51.5727260" lon="-112.8873920">
    <ele>693.2</ele>
    <time>2024-07-09T21:09:17Z</time>
   </trkpt>
   <trkpt lat="51.5726960" lon="-112.8874510">
    <ele>693.2</ele>
    <time>2024-07-09T21:09:18Z</time>
   </trkpt>
   <trkpt lat="51.5726680" lon="-112.8875090">
    <ele>693.3</ele>
    <time>2024-07-09T21:09:19Z</time>
   </trkpt>
   <trkpt lat="51.5726380" lon="-112.8875630">
    <ele>693.4</ele>
    <time>2024-07-09T21:09:20Z</time>
   </trkpt>
   <trkpt lat="51.5726060" lon="-112.8876140">
    <ele>693.4</ele>
    <time>2024-07-09T21:09:21Z</time>
   </trkpt>
   <trkpt lat="51.5725720" lon="-112.8876640">
    <ele>693.5</ele>
    <time>2024-07-09T21:09:22Z</time>
   </trkpt>
   <trkpt lat="51.5725390" lon="-112.8877120">
    <ele>693.5</ele>
    <time>2024-07-09T21:09:24Z</time>
   </trkpt>
   <trkpt lat="51.5725060" lon="-112.8877600">
    <ele>693.6</ele>
    <time>2024-07-09T21:09:25Z</time>
   </trkpt>
   <trkpt lat="51.5724720" lon="-112.8878100">
    <ele>693.7</ele>
    <time>2024-07-09T21:09:26Z</time>
   </trkpt>
   <trkpt lat="51.5724370" lon="-112.8878630">
    <ele>693.7</ele>
    <time>2024-07-09T21:09:27Z</time>
   </trkpt>
   <trkpt lat="51.5724070" lon="-112.8879120">
    <ele>693.8</ele>
    <time>2024-07-09T21:09:28Z</time>
   </trkpt>
   <trkpt lat="51.5723740" lon="-112.8879640">
    <ele>693.8</ele>
    <time>2024-07-09T21:09:29Z</time>
   </trkpt>
   <trkpt lat="51.5723400" lon="-112.8880170">
    <ele>693.9</ele>
    <time>2024-07-09T21:09:30Z</time>
   </trkpt>
   <trkpt lat="51.5723080" lon="-112.8880740">
    <ele>694.0</ele>
    <time>2024-07-09T21:09:31Z</time>
   </trkpt>
   <trkpt lat="51.5722720" lon="-112.8881260">
    <ele>694.0</ele>
    <time>2024-07-09T21:09:32Z</time>
   </trkpt>
   <trkpt lat="51.5722380" lon="-112.8881770">
    <ele>694.1</ele>
    <time>2024-07-09T21:09:33Z</time>
   </trkpt>
   <trkpt lat="51.5722020" lon="-112.8882290">
    <ele>694.2</ele>
    <time>2024-07-09T21:09:34Z</time>
   </trkpt>
   <trkpt lat="51.5721700" lon="-112.8882880">
    <ele>694.3</ele>
    <time>2024-07-09T21:09:35Z</time>
   </trkpt>
   <trkpt lat="51.5721370" lon="-112.8883430">
    <ele>694.3</ele>
    <time>2024-07-09T21:09:36Z</time>
   </trkpt>
   <trkpt lat="51.5721030" lon="-112.8883950">
    <ele>694.4</ele>
    <time>2024-07-09T21:09:37Z</time>
   </trkpt>
   <trkpt lat="51.5720700" lon="-112.8884530">
    <ele>694.5</ele>
    <time>2024-07-09T21:09:38Z</time>
   </trkpt>
   <trkpt lat="51.5720380" lon="-112.8885050">
    <ele>694.5</ele>
    <time>2024-07-09T21:09:39Z</time>
   </trkpt>
   <trkpt lat="51.5720050" lon="-112.8885620">
    <ele>694.5</ele>
    <time>2024-07-09T21:09:40Z</time>
   </trkpt>
   <trkpt lat="51.5719720" lon="-112.8886180">
    <ele>694.5</ele>
    <time>2024-07-09T21:09:41Z</time>
   </trkpt>
   <trkpt lat="51.5719390" lon="-112.8886760">
    <ele>694.5</ele>
    <time>2024-07-09T21:09:42Z</time>
   </trkpt>
   <trkpt lat="51.5719070" lon="-112.8887340">
    <ele>694.5</ele>
    <time>2024-07-09T21:09:43Z</time>
   </trkpt>
   <trkpt lat="51.5718730" lon="-112.8887830">
    <ele>694.5</ele>
    <time>2024-07-09T21:09:44Z</time>
   </trkpt>
   <trkpt lat="51.5718410" lon="-112.8888430">
    <ele>694.4</ele>
    <time>2024-07-09T21:09:45Z</time>
   </trkpt>
   <trkpt lat="51.5718070" lon="-112.8888990">
    <ele>694.4</ele>
    <time>2024-07-09T21:09:46Z</time>
   </trkpt>
   <trkpt lat="51.5717770" lon="-112.8889540">
    <ele>694.4</ele>
    <time>2024-07-09T21:09:47Z</time>
   </trkpt>
   <trkpt lat="51.5717430" lon="-112.8890090">
    <ele>694.4</ele>
    <time>2024-07-09T21:09:48Z</time>
   </trkpt>
   <trkpt lat="51.5717110" lon="-112.8890660">
    <ele>694.4</ele>
    <time>2024-07-09T21:09:49Z</time>
   </trkpt>
   <trkpt lat="51.5716780" lon="-112.8891190">
    <ele>694.4</ele>
    <time>2024-07-09T21:09:50Z</time>
   </trkpt>
   <trkpt lat="51.5716440" lon="-112.8891770">
    <ele>694.4</ele>
    <time>2024-07-09T21:09:51Z</time>
   </trkpt>
   <trkpt lat="51.5716120" lon="-112.8892310">
    <ele>694.4</ele>
    <time>2024-07-09T21:09:52Z</time>
   </trkpt>
   <trkpt lat="51.5715780" lon="-112.8892840">
    <ele>694.4</ele>
    <time>2024-07-09T21:09:53Z</time>
   </trkpt>
   <trkpt lat="51.5715440" lon="-112.8893380">
    <ele>694.4</ele>
    <time>2024-07-09T21:09:54Z</time>
   </trkpt>
   <trkpt lat="51.5715110" lon="-112.8893900">
    <ele>694.4</ele>
    <time>2024-07-09T21:09:55Z</time>
   </trkpt>
   <trkpt lat="51.5714760" lon="-112.8894440">
    <ele>694.4</ele>
    <time>2024-07-09T21:09:56Z</time>
   </trkpt>
   <trkpt lat="51.5714430" lon="-112.8894950">
    <ele>694.4</ele>
    <time>2024-07-09T21:09:57Z</time>
   </trkpt>
   <trkpt lat="51.5714080" lon="-112.8895480">
    <ele>694.4</ele>
    <time>2024-07-09T21:09:58Z</time>
   </trkpt>
   <trkpt lat="51.5713750" lon="-112.8896010">
    <ele>694.4</ele>
    <time>2024-07-09T21:09:59Z</time>
   </trkpt>
   <trkpt lat="51.5713410" lon="-112.8896570">
    <ele>694.4</ele>
    <time>2024-07-09T21:10:00Z</time>
   </trkpt>
   <trkpt lat="51.5713070" lon="-112.8897110">
    <ele>694.3</ele>
    <time>2024-07-09T21:10:01Z</time>
   </trkpt>
   <trkpt lat="51.5712740" lon="-112.8897650">
    <ele>694.3</ele>
    <time>2024-07-09T21:10:02Z</time>
   </trkpt>
   <trkpt lat="51.5712410" lon="-112.8898200">
    <ele>694.3</ele>
    <time>2024-07-09T21:10:03Z</time>
   </trkpt>
   <trkpt lat="51.5712080" lon="-112.8898750">
    <ele>694.3</ele>
    <time>2024-07-09T21:10:04Z</time>
   </trkpt>
   <trkpt lat="51.5711750" lon="-112.8899310">
    <ele>694.3</ele>
    <time>2024-07-09T21:10:05Z</time>
   </trkpt>
   <trkpt lat="51.5711410" lon="-112.8899850">
    <ele>694.3</ele>
    <time>2024-07-09T21:10:06Z</time>
   </trkpt>
   <trkpt lat="51.5711050" lon="-112.8900390">
    <ele>694.3</ele>
    <time>2024-07-09T21:10:07Z</time>
   </trkpt>
   <trkpt lat="51.5710730" lon="-112.8900930">
    <ele>694.3</ele>
    <time>2024-07-09T21:10:08Z</time>
   </trkpt>
   <trkpt lat="51.5710410" lon="-112.8901500">
    <ele>694.3</ele>
    <time>2024-07-09T21:10:09Z</time>
   </trkpt>
   <trkpt lat="51.5710070" lon="-112.8901990">
    <ele>694.3</ele>
    <time>2024-07-09T21:10:10Z</time>
   </trkpt>
   <trkpt lat="51.5709740" lon="-112.8902510">
    <ele>694.3</ele>
    <time>2024-07-09T21:10:11Z</time>
   </trkpt>
   <trkpt lat="51.5709410" lon="-112.8903080">
    <ele>694.3</ele>
    <time>2024-07-09T21:10:12Z</time>
   </trkpt>
   <trkpt lat="51.5709090" lon="-112.8903640">
    <ele>694.3</ele>
    <time>2024-07-09T21:10:13Z</time>
   </trkpt>
   <trkpt lat="51.5708750" lon="-112.8904220">
    <ele>694.3</ele>
    <time>2024-07-09T21:10:14Z</time>
   </trkpt>
   <trkpt lat="51.5708420" lon="-112.8904770">
    <ele>694.3</ele>
    <time>2024-07-09T21:10:15Z</time>
   </trkpt>
   <trkpt lat="51.5708070" lon="-112.8905310">
    <ele>694.3</ele>
    <time>2024-07-09T21:10:16Z</time>
   </trkpt>
   <trkpt lat="51.5707730" lon="-112.8905840">
    <ele>694.3</ele>
    <time>2024-07-09T21:10:17Z</time>
   </trkpt>
   <trkpt lat="51.5707380" lon="-112.8906380">
    <ele>694.4</ele>
    <time>2024-07-09T21:10:18Z</time>
   </trkpt>
   <trkpt lat="51.5707040" lon="-112.8906920">
    <ele>694.4</ele>
    <time>2024-07-09T21:10:19Z</time>
   </trkpt>
   <trkpt lat="51.5706720" lon="-112.8907480">
    <ele>694.4</ele>
    <time>2024-07-09T21:10:20Z</time>
   </trkpt>
   <trkpt lat="51.5706400" lon="-112.8908020">
    <ele>694.4</ele>
    <time>2024-07-09T21:10:21Z</time>
   </trkpt>
   <trkpt lat="51.5706060" lon="-112.8908560">
    <ele>694.4</ele>
    <time>2024-07-09T21:10:22Z</time>
   </trkpt>
   <trkpt lat="51.5705730" lon="-112.8909080">
    <ele>694.4</ele>
    <time>2024-07-09T21:10:23Z</time>
   </trkpt>
   <trkpt lat="51.5705400" lon="-112.8909610">
    <ele>694.4</ele>
    <time>2024-07-09T21:10:24Z</time>
   </trkpt>
   <trkpt lat="51.5705060" lon="-112.8910150">
    <ele>694.4</ele>
    <time>2024-07-09T21:10:25Z</time>
   </trkpt>
   <trkpt lat="51.5704750" lon="-112.8910710">
    <ele>694.5</ele>
    <time>2024-07-09T21:10:26Z</time>
   </trkpt>
   <trkpt lat="51.5704410" lon="-112.8911280">
    <ele>694.5</ele>
    <time>2024-07-09T21:10:27Z</time>
   </trkpt>
   <trkpt lat="51.5704060" lon="-112.8911800">
    <ele>694.5</ele>
    <time>2024-07-09T21:10:28Z</time>
   </trkpt>
   <trkpt lat="51.5703720" lon="-112.8912340">
    <ele>694.5</ele>
    <time>2024-07-09T21:10:29Z</time>
   </trkpt>
   <trkpt lat="51.5703370" lon="-112.8912910">
    <ele>694.6</ele>
    <time>2024-07-09T21:10:30Z</time>
   </trkpt>
   <trkpt lat="51.5703060" lon="-112.8913470">
    <ele>694.6</ele>
    <time>2024-07-09T21:10:31Z</time>
   </trkpt>
   <trkpt lat="51.5702710" lon="-112.8914000">
    <ele>694.7</ele>
    <time>2024-07-09T21:10:32Z</time>
   </trkpt>
   <trkpt lat="51.5702350" lon="-112.8914490">
    <ele>694.7</ele>
    <time>2024-07-09T21:10:33Z</time>
   </trkpt>
   <trkpt lat="51.5702030" lon="-112.8915040">
    <ele>694.7</ele>
    <time>2024-07-09T21:10:34Z</time>
   </trkpt>
   <trkpt lat="51.5701680" lon="-112.8915590">
    <ele>694.8</ele>
    <time>2024-07-09T21:10:35Z</time>
   </trkpt>
   <trkpt lat="51.5701370" lon="-112.8916150">
    <ele>694.8</ele>
    <time>2024-07-09T21:10:36Z</time>
   </trkpt>
   <trkpt lat="51.5701030" lon="-112.8916690">
    <ele>694.9</ele>
    <time>2024-07-09T21:10:37Z</time>
   </trkpt>
   <trkpt lat="51.5700340" lon="-112.8917770">
    <ele>695.0</ele>
    <time>2024-07-09T21:10:38Z</time>
   </trkpt>
   <trkpt lat="51.5700010" lon="-112.8918380">
    <ele>695.0</ele>
    <time>2024-07-09T21:10:39Z</time>
   </trkpt>
   <trkpt lat="51.5699690" lon="-112.8918930">
    <ele>695.1</ele>
    <time>2024-07-09T21:10:40Z</time>
   </trkpt>
   <trkpt lat="51.5699380" lon="-112.8919530">
    <ele>695.1</ele>
    <time>2024-07-09T21:10:41Z</time>
   </trkpt>
   <trkpt lat="51.5699140" lon="-112.8920100">
    <ele>695.2</ele>
    <time>2024-07-09T21:10:42Z</time>
   </trkpt>
   <trkpt lat="51.5698740" lon="-112.8920570">
    <ele>695.3</ele>
    <time>2024-07-09T21:10:43Z</time>
   </trkpt>
   <trkpt lat="51.5698380" lon="-112.8921090">
    <ele>695.3</ele>
    <time>2024-07-09T21:10:44Z</time>
   </trkpt>
   <trkpt lat="51.5698060" lon="-112.8921710">
    <ele>695.4</ele>
    <time>2024-07-09T21:10:45Z</time>
   </trkpt>
   <trkpt lat="51.5697720" lon="-112.8922260">
    <ele>695.5</ele>
    <time>2024-07-09T21:10:46Z</time>
   </trkpt>
   <trkpt lat="51.5697370" lon="-112.8922790">
    <ele>695.5</ele>
    <time>2024-07-09T21:10:47Z</time>
   </trkpt>
   <trkpt lat="51.5697020" lon="-112.8923330">
    <ele>695.6</ele>
    <time>2024-07-09T21:10:48Z</time>
   </trkpt>
   <trkpt lat="51.5696700" lon="-112.8923900">
    <ele>695.6</ele>
    <time>2024-07-09T21:10:49Z</time>
   </trkpt>
   <trkpt lat="51.5696370" lon="-112.8924450">
    <ele>695.7</ele>
    <time>2024-07-09T21:10:50Z</time>
   </trkpt>
   <trkpt lat="51.5696030" lon="-112.8925020">
    <ele>695.8</ele>
    <time>2024-07-09T21:10:51Z</time>
   </trkpt>
   <trkpt lat="51.5695690" lon="-112.8925540">
    <ele>695.9</ele>
    <time>2024-07-09T21:10:52Z</time>
   </trkpt>
   <trkpt lat="51.5695330" lon="-112.8926090">
    <ele>695.9</ele>
    <time>2024-07-09T21:10:53Z</time>
   </trkpt>
   <trkpt lat="51.5694990" lon="-112.8926650">
    <ele>696.0</ele>
    <time>2024-07-09T21:10:54Z</time>
   </trkpt>
   <trkpt lat="51.5694650" lon="-112.8927190">
    <ele>696.1</ele>
    <time>2024-07-09T21:10:55Z</time>
   </trkpt>
   <trkpt lat="51.5694300" lon="-112.8927740">
    <ele>696.2</ele>
    <time>2024-07-09T21:10:56Z</time>
   </trkpt>
   <trkpt lat="51.5693960" lon="-112.8928290">
    <ele>696.3</ele>
    <time>2024-07-09T21:10:57Z</time>
   </trkpt>
   <trkpt lat="51.5693610" lon="-112.8928810">
    <ele>696.3</ele>
    <time>2024-07-09T21:10:58Z</time>
   </trkpt>
   <trkpt lat="51.5693280" lon="-112.8929360">
    <ele>696.4</ele>
    <time>2024-07-09T21:10:59Z</time>
   </trkpt>
   <trkpt lat="51.5692940" lon="-112.8929920">
    <ele>696.5</ele>
    <time>2024-07-09T21:11:00Z</time>
   </trkpt>
   <trkpt lat="51.5692600" lon="-112.8930440">
    <ele>696.5</ele>
    <time>2024-07-09T21:11:01Z</time>
   </trkpt>
   <trkpt lat="51.5692270" lon="-112.8930990">
    <ele>696.6</ele>
    <time>2024-07-09T21:11:02Z</time>
   </trkpt>
   <trkpt lat="51.5691950" lon="-112.8931520">
    <ele>696.7</ele>
    <time>2024-07-09T21:11:03Z</time>
   </trkpt>
   <trkpt lat="51.5691630" lon="-112.8932050">
    <ele>696.7</ele>
    <time>2024-07-09T21:11:04Z</time>
   </trkpt>
   <trkpt lat="51.5691310" lon="-112.8932600">
    <ele>696.8</ele>
    <time>2024-07-09T21:11:05Z</time>
   </trkpt>
   <trkpt lat="51.5690990" lon="-112.8933110">
    <ele>696.9</ele>
    <time>2024-07-09T21:11:06Z</time>
   </trkpt>
   <trkpt lat="51.5690660" lon="-112.8933650">
    <ele>696.9</ele>
    <time>2024-07-09T21:11:07Z</time>
   </trkpt>
   <trkpt lat="51.5690320" lon="-112.8934160">
    <ele>697.0</ele>
    <time>2024-07-09T21:11:08Z</time>
   </trkpt>
   <trkpt lat="51.5690010" lon="-112.8934700">
    <ele>697.1</ele>
    <time>2024-07-09T21:11:09Z</time>
   </trkpt>
   <trkpt lat="51.5689680" lon="-112.8935220">
    <ele>697.1</ele>
    <time>2024-07-09T21:11:10Z</time>
   </trkpt>
   <trkpt lat="51.5689360" lon="-112.8935750">
    <ele>697.2</ele>
    <time>2024-07-09T21:11:11Z</time>
   </trkpt>
   <trkpt lat="51.5689030" lon="-112.8936300">
    <ele>697.2</ele>
    <time>2024-07-09T21:11:12Z</time>
   </trkpt>
   <trkpt lat="51.5688710" lon="-112.8936800">
    <ele>697.3</ele>
    <time>2024-07-09T21:11:13Z</time>
   </trkpt>
   <trkpt lat="51.5688380" lon="-112.8937320">
    <ele>697.3</ele>
    <time>2024-07-09T21:11:14Z</time>
   </trkpt>
   <trkpt lat="51.5688060" lon="-112.8937830">
    <ele>697.4</ele>
    <time>2024-07-09T21:11:15Z</time>
   </trkpt>
   <trkpt lat="51.5687730" lon="-112.8938340">
    <ele>697.4</ele>
    <time>2024-07-09T21:11:16Z</time>
   </trkpt>
   <trkpt lat="51.5687410" lon="-112.8938870">
    <ele>697.5</ele>
    <time>2024-07-09T21:11:17Z</time>
   </trkpt>
   <trkpt lat="51.5687080" lon="-112.8939420">
    <ele>697.6</ele>
    <time>2024-07-09T21:11:18Z</time>
   </trkpt>
   <trkpt lat="51.5686740" lon="-112.8939970">
    <ele>697.6</ele>
    <time>2024-07-09T21:11:19Z</time>
   </trkpt>
   <trkpt lat="51.5686430" lon="-112.8940540">
    <ele>697.7</ele>
    <time>2024-07-09T21:11:20Z</time>
   </trkpt>
   <trkpt lat="51.5686100" lon="-112.8941090">
    <ele>697.7</ele>
    <time>2024-07-09T21:11:21Z</time>
   </trkpt>
   <trkpt lat="51.5685760" lon="-112.8941600">
    <ele>697.8</ele>
    <time>2024-07-09T21:11:22Z</time>
   </trkpt>
   <trkpt lat="51.5685420" lon="-112.8942100">
    <ele>697.9</ele>
    <time>2024-07-09T21:11:23Z</time>
   </trkpt>
   <trkpt lat="51.5685090" lon="-112.8942650">
    <ele>697.9</ele>
    <time>2024-07-09T21:11:25Z</time>
   </trkpt>
   <trkpt lat="51.5684770" lon="-112.8943180">
    <ele>698.0</ele>
    <time>2024-07-09T21:11:26Z</time>
   </trkpt>
   <trkpt lat="51.5684450" lon="-112.8943740">
    <ele>698.1</ele>
    <time>2024-07-09T21:11:27Z</time>
   </trkpt>
   <trkpt lat="51.5684130" lon="-112.8944260">
    <ele>698.2</ele>
    <time>2024-07-09T21:11:28Z</time>
   </trkpt>
   <trkpt lat="51.5683810" lon="-112.8944810">
    <ele>698.2</ele>
    <time>2024-07-09T21:11:29Z</time>
   </trkpt>
   <trkpt lat="51.5683480" lon="-112.8945330">
    <ele>698.3</ele>
    <time>2024-07-09T21:11:30Z</time>
   </trkpt>
   <trkpt lat="51.5683160" lon="-112.8945870">
    <ele>698.4</ele>
    <time>2024-07-09T21:11:31Z</time>
   </trkpt>
   <trkpt lat="51.5682820" lon="-112.8946360">
    <ele>698.5</ele>
    <time>2024-07-09T21:11:32Z</time>
   </trkpt>
   <trkpt lat="51.5682490" lon="-112.8946870">
    <ele>698.5</ele>
    <time>2024-07-09T21:11:33Z</time>
   </trkpt>
   <trkpt lat="51.5682250" lon="-112.8947590">
    <ele>698.6</ele>
    <time>2024-07-09T21:11:34Z</time>
   </trkpt>
   <trkpt lat="51.5681960" lon="-112.8948050">
    <ele>698.7</ele>
    <time>2024-07-09T21:11:35Z</time>
   </trkpt>
   <trkpt lat="51.5681680" lon="-112.8948670">
    <ele>698.7</ele>
    <time>2024-07-09T21:11:36Z</time>
   </trkpt>
   <trkpt lat="51.5681290" lon="-112.8949050">
    <ele>698.8</ele>
    <time>2024-07-09T21:11:37Z</time>
   </trkpt>
   <trkpt lat="51.5680910" lon="-112.8949610">
    <ele>698.8</ele>
    <time>2024-07-09T21:11:38Z</time>
   </trkpt>
   <trkpt lat="51.5680590" lon="-112.8950200">
    <ele>698.9</ele>
    <time>2024-07-09T21:11:39Z</time>
   </trkpt>
   <trkpt lat="51.5680260" lon="-112.8950760">
    <ele>699.0</ele>
    <time>2024-07-09T21:11:40Z</time>
   </trkpt>
   <trkpt lat="51.5679910" lon="-112.8951310">
    <ele>699.0</ele>
    <time>2024-07-09T21:11:41Z</time>
   </trkpt>
   <trkpt lat="51.5679560" lon="-112.8951840">
    <ele>699.1</ele>
    <time>2024-07-09T21:11:42Z</time>
   </trkpt>
   <trkpt lat="51.5679220" lon="-112.8952380">
    <ele>699.2</ele>
    <time>2024-07-09T21:11:43Z</time>
   </trkpt>
   <trkpt lat="51.5678870" lon="-112.8952930">
    <ele>699.2</ele>
    <time>2024-07-09T21:11:44Z</time>
   </trkpt>
   <trkpt lat="51.5678540" lon="-112.8953480">
    <ele>699.3</ele>
    <time>2024-07-09T21:11:45Z</time>
   </trkpt>
   <trkpt lat="51.5678190" lon="-112.8953980">
    <ele>699.3</ele>
    <time>2024-07-09T21:11:46Z</time>
   </trkpt>
   <trkpt lat="51.5677850" lon="-112.8954530">
    <ele>699.4</ele>
    <time>2024-07-09T21:11:47Z</time>
   </trkpt>
   <trkpt lat="51.5677530" lon="-112.8955060">
    <ele>699.5</ele>
    <time>2024-07-09T21:11:48Z</time>
   </trkpt>
   <trkpt lat="51.5677210" lon="-112.8955620">
    <ele>699.5</ele>
    <time>2024-07-09T21:11:49Z</time>
   </trkpt>
   <trkpt lat="51.5676880" lon="-112.8956180">
    <ele>699.6</ele>
    <time>2024-07-09T21:11:50Z</time>
   </trkpt>
   <trkpt lat="51.5676580" lon="-112.8956670">
    <ele>699.7</ele>
    <time>2024-07-09T21:11:51Z</time>
   </trkpt>
   <trkpt lat="51.5676220" lon="-112.8957250">
    <ele>699.7</ele>
    <time>2024-07-09T21:11:52Z</time>
   </trkpt>
   <trkpt lat="51.5675840" lon="-112.8957840">
    <ele>699.8</ele>
    <time>2024-07-09T21:11:53Z</time>
   </trkpt>
   <trkpt lat="51.5675560" lon="-112.8958410">
    <ele>699.9</ele>
    <time>2024-07-09T21:11:54Z</time>
   </trkpt>
   <trkpt lat="51.5675250" lon="-112.8958980">
    <ele>700.0</ele>
    <time>2024-07-09T21:11:55Z</time>
   </trkpt>
   <trkpt lat="51.5674910" lon="-112.8959530">
    <ele>700.1</ele>
    <time>2024-07-09T21:11:56Z</time>
   </trkpt>
   <trkpt lat="51.5674590" lon="-112.8960080">
    <ele>700.2</ele>
    <time>2024-07-09T21:11:57Z</time>
   </trkpt>
   <trkpt lat="51.5674270" lon="-112.8960670">
    <ele>700.3</ele>
    <time>2024-07-09T21:11:58Z</time>
   </trkpt>
   <trkpt lat="51.5673960" lon="-112.8961250">
    <ele>700.4</ele>
    <time>2024-07-09T21:11:59Z</time>
   </trkpt>
   <trkpt lat="51.5673700" lon="-112.8961880">
    <ele>700.5</ele>
    <time>2024-07-09T21:12:00Z</time>
   </trkpt>
   <trkpt lat="51.5673440" lon="-112.8962550">
    <ele>700.6</ele>
    <time>2024-07-09T21:12:01Z</time>
   </trkpt>
   <trkpt lat="51.5673210" lon="-112.8963220">
    <ele>700.8</ele>
    <time>2024-07-09T21:12:02Z</time>
   </trkpt>
   <trkpt lat="51.5672960" lon="-112.8963880">
    <ele>700.9</ele>
    <time>2024-07-09T21:12:03Z</time>
   </trkpt>
   <trkpt lat="51.5672730" lon="-112.8964550">
    <ele>701.0</ele>
    <time>2024-07-09T21:12:04Z</time>
   </trkpt>
   <trkpt lat="51.5672480" lon="-112.8965180">
    <ele>701.2</ele>
    <time>2024-07-09T21:12:05Z</time>
   </trkpt>
   <trkpt lat="51.5672280" lon="-112.8965810">
    <ele>701.3</ele>
    <time>2024-07-09T21:12:06Z</time>
   </trkpt>
   <trkpt lat="51.5672070" lon="-112.8966400">
    <ele>701.5</ele>
    <time>2024-07-09T21:12:07Z</time>
   </trkpt>
   <trkpt lat="51.5671890" lon="-112.8966960">
    <ele>701.7</ele>
    <time>2024-07-09T21:12:08Z</time>
   </trkpt>
   <trkpt lat="51.5671700" lon="-112.8967630">
    <ele>701.8</ele>
    <time>2024-07-09T21:12:09Z</time>
   </trkpt>
   <trkpt lat="51.5671560" lon="-112.8968230">
    <ele>702.0</ele>
    <time>2024-07-09T21:12:10Z</time>
   </trkpt>
   <trkpt lat="51.5671530" lon="-112.8968690">
    <ele>702.2</ele>
    <time>2024-07-09T21:12:11Z</time>
   </trkpt>
   <trkpt lat="51.5671400" lon="-112.8969280">
    <ele>702.4</ele>
    <time>2024-07-09T21:12:12Z</time>
   </trkpt>
   <trkpt lat="51.5671240" lon="-112.8969910">
    <ele>702.6</ele>
    <time>2024-07-09T21:12:13Z</time>
   </trkpt>
   <trkpt lat="51.5671030" lon="-112.8970490">
    <ele>702.8</ele>
    <time>2024-07-09T21:12:14Z</time>
   </trkpt>
   <trkpt lat="51.5671010" lon="-112.8971070">
    <ele>703.0</ele>
    <time>2024-07-09T21:12:15Z</time>
   </trkpt>
   <trkpt lat="51.5670940" lon="-112.8971670">
    <ele>703.3</ele>
    <time>2024-07-09T21:12:16Z</time>
   </trkpt>
   <trkpt lat="51.5670870" lon="-112.8972170">
    <ele>703.4</ele>
    <time>2024-07-09T21:12:17Z</time>
   </trkpt>
   <trkpt lat="51.5670750" lon="-112.8972680">
    <ele>703.6</ele>
    <time>2024-07-09T21:12:18Z</time>
   </trkpt>
   <trkpt lat="51.5670640" lon="-112.8973190">
    <ele>703.8</ele>
    <time>2024-07-09T21:12:19Z</time>
   </trkpt>
   <trkpt lat="51.5670590" lon="-112.8973730">
    <ele>704.0</ele>
    <time>2024-07-09T21:12:20Z</time>
   </trkpt>
   <trkpt lat="51.5670660" lon="-112.8974220">
    <ele>704.2</ele>
    <time>2024-07-09T21:12:21Z</time>
   </trkpt>
   <trkpt lat="51.5670660" lon="-112.8974780">
    <ele>704.5</ele>
    <time>2024-07-09T21:12:22Z</time>
   </trkpt>
   <trkpt lat="51.5670570" lon="-112.8975330">
    <ele>704.7</ele>
    <time>2024-07-09T21:12:23Z</time>
   </trkpt>
   <trkpt lat="51.5670500" lon="-112.8975900">
    <ele>704.9</ele>
    <time>2024-07-09T21:12:24Z</time>
   </trkpt>
   <trkpt lat="51.5670470" lon="-112.8976410">
    <ele>705.2</ele>
    <time>2024-07-09T21:12:25Z</time>
   </trkpt>
   <trkpt lat="51.5670460" lon="-112.8976940">
    <ele>705.4</ele>
    <time>2024-07-09T21:12:26Z</time>
   </trkpt>
   <trkpt lat="51.5670450" lon="-112.8977530">
    <ele>705.7</ele>
    <time>2024-07-09T21:12:27Z</time>
   </trkpt>
   <trkpt lat="51.5670460" lon="-112.8978070">
    <ele>705.9</ele>
    <time>2024-07-09T21:12:28Z</time>
   </trkpt>
   <trkpt lat="51.5670500" lon="-112.8978650">
    <ele>706.2</ele>
    <time>2024-07-09T21:12:29Z</time>
   </trkpt>
   <trkpt lat="51.5670510" lon="-112.8979170">
    <ele>706.5</ele>
    <time>2024-07-09T21:12:30Z</time>
   </trkpt>
   <trkpt lat="51.5670490" lon="-112.8979750">
    <ele>706.8</ele>
    <time>2024-07-09T21:12:31Z</time>
   </trkpt>
   <trkpt lat="51.5670500" lon="-112.8980280">
    <ele>707.0</ele>
    <time>2024-07-09T21:12:32Z</time>
   </trkpt>
   <trkpt lat="51.5670520" lon="-112.8980760">
    <ele>707.3</ele>
    <time>2024-07-09T21:12:33Z</time>
   </trkpt>
   <trkpt lat="51.5670640" lon="-112.8981330">
    <ele>707.5</ele>
    <time>2024-07-09T21:12:34Z</time>
   </trkpt>
   <trkpt lat="51.5670690" lon="-112.8981820">
    <ele>707.8</ele>
    <time>2024-07-09T21:12:35Z</time>
   </trkpt>
   <trkpt lat="51.5670690" lon="-112.8982390">
    <ele>708.1</ele>
    <time>2024-07-09T21:12:36Z</time>
   </trkpt>
   <trkpt lat="51.5670700" lon="-112.8982890">
    <ele>708.3</ele>
    <time>2024-07-09T21:12:37Z</time>
   </trkpt>
   <trkpt lat="51.5670780" lon="-112.8983410">
    <ele>708.6</ele>
    <time>2024-07-09T21:12:38Z</time>
   </trkpt>
   <trkpt lat="51.5670860" lon="-112.8983860">
    <ele>708.9</ele>
    <time>2024-07-09T21:12:39Z</time>
   </trkpt>
   <trkpt lat="51.5670970" lon="-112.8984470">
    <ele>709.2</ele>
    <time>2024-07-09T21:12:40Z</time>
   </trkpt>
   <trkpt lat="51.5670990" lon="-112.8984660">
    <ele>709.3</ele>
    <time>2024-07-09T21:12:41Z</time>
   </trkpt>
   <trkpt lat="51.5671040" lon="-112.8985280">
    <ele>709.7</ele>
    <time>2024-07-09T21:12:42Z</time>
   </trkpt>
   <trkpt lat="51.5671030" lon="-112.8985490">
    <ele>709.8</ele>
    <time>2024-07-09T21:12:43Z</time>
   </trkpt>
   <trkpt lat="51.5671140" lon="-112.8986050">
    <ele>710.1</ele>
    <time>2024-07-09T21:12:44Z</time>
   </trkpt>
   <trkpt lat="51.5671210" lon="-112.8986240">
    <ele>710.2</ele>
    <time>2024-07-09T21:12:45Z</time>
   </trkpt>
   <trkpt lat="51.5671160" lon="-112.8986770">
    <ele>710.6</ele>
    <time>2024-07-09T21:12:46Z</time>
   </trkpt>
   <trkpt lat="51.5671270" lon="-112.8987210">
    <ele>710.8</ele>
    <time>2024-07-09T21:12:47Z</time>
   </trkpt>
   <trkpt lat="51.5671530" lon="-112.8987720">
    <ele>711.2</ele>
    <time>2024-07-09T21:12:48Z</time>
   </trkpt>
   <trkpt lat="51.5671600" lon="-112.8987910">
    <ele>711.4</ele>
    <time>2024-07-09T21:12:49Z</time>
   </trkpt>
   <trkpt lat="51.5671700" lon="-112.8988360">
    <ele>711.6</ele>
    <time>2024-07-09T21:12:50Z</time>
   </trkpt>
   <trkpt lat="51.5671770" lon="-112.8988810">
    <ele>711.9</ele>
    <time>2024-07-09T21:12:51Z</time>
   </trkpt>
   <trkpt lat="51.5671900" lon="-112.8989400">
    <ele>712.3</ele>
    <time>2024-07-09T21:12:52Z</time>
   </trkpt>
   <trkpt lat="51.5671950" lon="-112.8989590">
    <ele>712.4</ele>
    <time>2024-07-09T21:12:53Z</time>
   </trkpt>
   <trkpt lat="51.5672090" lon="-112.8990140">
    <ele>712.8</ele>
    <time>2024-07-09T21:12:54Z</time>
   </trkpt>
   <trkpt lat="51.5672130" lon="-112.8990330">
    <ele>712.9</ele>
    <time>2024-07-09T21:12:55Z</time>
   </trkpt>
   <trkpt lat="51.5672240" lon="-112.8990780">
    <ele>713.3</ele>
    <time>2024-07-09T21:12:56Z</time>
   </trkpt>
   <trkpt lat="51.5672300" lon="-112.8990900">
    <ele>713.4</ele>
    <time>2024-07-09T21:12:57Z</time>
   </trkpt>
   <trkpt lat="51.5672460" lon="-112.8991380">
    <ele>713.7</ele>
    <time>2024-07-09T21:12:58Z</time>
   </trkpt>
   <trkpt lat="51.5672520" lon="-112.8991510">
    <ele>713.8</ele>
    <time>2024-07-09T21:12:59Z</time>
   </trkpt>
   <trkpt lat="51.5672630" lon="-112.8991920">
    <ele>714.2</ele>
    <time>2024-07-09T21:13:00Z</time>
   </trkpt>
   <trkpt lat="51.5672660" lon="-112.8992040">
    <ele>714.2</ele>
    <time>2024-07-09T21:13:01Z</time>
   </trkpt>
   <trkpt lat="51.5672720" lon="-112.8992300">
    <ele>714.4</ele>
    <time>2024-07-09T21:13:02Z</time>
   </trkpt>
   <trkpt lat="51.5672760" lon="-112.8992530">
    <ele>714.6</ele>
    <time>2024-07-09T21:13:03Z</time>
   </trkpt>
   <trkpt lat="51.5672890" lon="-112.8992710">
    <ele>714.8</ele>
    <time>2024-07-09T21:13:04Z</time>
   </trkpt>
   <trkpt lat="51.5673010" lon="-112.8992900">
    <ele>715.0</ele>
    <time>2024-07-09T21:13:05Z</time>
   </trkpt>
   <trkpt lat="51.5673080" lon="-112.8993110">
    <ele>715.2</ele>
    <time>2024-07-09T21:13:06Z</time>
   </trkpt>
   <trkpt lat="51.5673170" lon="-112.8993370">
    <ele>715.4</ele>
    <time>2024-07-09T21:13:07Z</time>
   </trkpt>
   <trkpt lat="51.5673250" lon="-112.8993590">
    <ele>715.6</ele>
    <time>2024-07-09T21:13:08Z</time>
   </trkpt>
   <trkpt lat="51.5673360" lon="-112.8993780">
    <ele>715.7</ele>
    <time>2024-07-09T21:13:09Z</time>
   </trkpt>
   <trkpt lat="51.5673460" lon="-112.8993970">
    <ele>715.9</ele>
    <time>2024-07-09T21:13:10Z</time>
   </trkpt>
   <trkpt lat="51.5673540" lon="-112.8994160">
    <ele>716.1</ele>
    <time>2024-07-09T21:13:11Z</time>
   </trkpt>
   <trkpt lat="51.5673700" lon="-112.8994540">
    <ele>716.4</ele>
    <time>2024-07-09T21:13:12Z</time>
   </trkpt>
   <trkpt lat="51.5673770" lon="-112.8994660">
    <ele>716.5</ele>
    <time>2024-07-09T21:13:13Z</time>
   </trkpt>
   <trkpt lat="51.5673950" lon="-112.8995030">
    <ele>716.9</ele>
    <time>2024-07-09T21:13:14Z</time>
   </trkpt>
   <trkpt lat="51.5674010" lon="-112.8995180">
    <ele>717.0</ele>
    <time>2024-07-09T21:13:15Z</time>
   </trkpt>
   <trkpt lat="51.5674210" lon="-112.8995530">
    <ele>717.3</ele>
    <time>2024-07-09T21:13:16Z</time>
   </trkpt>
   <trkpt lat="51.5674280" lon="-112.8995640">
    <ele>717.5</ele>
    <time>2024-07-09T21:13:17Z</time>
   </trkpt>
   <trkpt lat="51.5674470" lon="-112.8996050">
    <ele>717.8</ele>
    <time>2024-07-09T21:13:18Z</time>
   </trkpt>
   <trkpt lat="51.5674510" lon="-112.8996170">
    <ele>717.9</ele>
    <time>2024-07-09T21:13:19Z</time>
   </trkpt>
   <trkpt lat="51.5674580" lon="-112.8996380">
    <ele>718.1</ele>
    <time>2024-07-09T21:13:20Z</time>
   </trkpt>
   <trkpt lat="51.5674720" lon="-112.8996620">
    <ele>718.4</ele>
    <time>2024-07-09T21:13:21Z</time>
   </trkpt>
   <trkpt lat="51.5674950" lon="-112.8996950">
    <ele>718.7</ele>
    <time>2024-07-09T21:13:22Z</time>
   </trkpt>
   <trkpt lat="51.5675040" lon="-112.8997070">
    <ele>718.9</ele>
    <time>2024-07-09T21:13:23Z</time>
   </trkpt>
   <trkpt lat="51.5675230" lon="-112.8997450">
    <ele>719.2</ele>
    <time>2024-07-09T21:13:24Z</time>
   </trkpt>
   <trkpt lat="51.5675330" lon="-112.8997590">
    <ele>719.4</ele>
    <time>2024-07-09T21:13:25Z</time>
   </trkpt>
   <trkpt lat="51.5675580" lon="-112.8997980">
    <ele>719.8</ele>
    <time>2024-07-09T21:13:26Z</time>
   </trkpt>
   <trkpt lat="51.5675670" lon="-112.8998110">
    <ele>719.9</ele>
    <time>2024-07-09T21:13:27Z</time>
   </trkpt>
   <trkpt lat="51.5675860" lon="-112.8998500">
    <ele>720.3</ele>
    <time>2024-07-09T21:13:28Z</time>
   </trkpt>
   <trkpt lat="51.5675920" lon="-112.8998630">
    <ele>720.4</ele>
    <time>2024-07-09T21:13:29Z</time>
   </trkpt>
   <trkpt lat="51.5676190" lon="-112.8998950">
    <ele>720.8</ele>
    <time>2024-07-09T21:13:30Z</time>
   </trkpt>
   <trkpt lat="51.5676280" lon="-112.8999080">
    <ele>721.0</ele>
    <time>2024-07-09T21:13:31Z</time>
   </trkpt>
   <trkpt lat="51.5676530" lon="-112.8999450">
    <ele>721.4</ele>
    <time>2024-07-09T21:13:32Z</time>
   </trkpt>
   <trkpt lat="51.5676610" lon="-112.8999590">
    <ele>721.5</ele>
    <time>2024-07-09T21:13:33Z</time>
   </trkpt>
   <trkpt lat="51.5676860" lon="-112.8999890">
    <ele>721.9</ele>
    <time>2024-07-09T21:13:34Z</time>
   </trkpt>
   <trkpt lat="51.5676930" lon="-112.9000000">
    <ele>722.0</ele>
    <time>2024-07-09T21:13:35Z</time>
   </trkpt>
   <trkpt lat="51.5677140" lon="-112.9000330">
    <ele>722.4</ele>
    <time>2024-07-09T21:13:36Z</time>
   </trkpt>
   <trkpt lat="51.5677200" lon="-112.9000420">
    <ele>722.5</ele>
    <time>2024-07-09T21:13:37Z</time>
   </trkpt>
   <trkpt lat="51.5677440" lon="-112.9000780">
    <ele>722.9</ele>
    <time>2024-07-09T21:13:38Z</time>
   </trkpt>
   <trkpt lat="51.5677510" lon="-112.9000900">
    <ele>723.0</ele>
    <time>2024-07-09T21:13:39Z</time>
   </trkpt>
   <trkpt lat="51.5677720" lon="-112.9001190">
    <ele>723.4</ele>
    <time>2024-07-09T21:13:40Z</time>
   </trkpt>
   <trkpt lat="51.5677790" lon="-112.9001270">
    <ele>723.5</ele>
    <time>2024-07-09T21:13:41Z</time>
   </trkpt>
   <trkpt lat="51.5677910" lon="-112.9001440">
    <ele>723.7</ele>
    <time>2024-07-09T21:13:42Z</time>
   </trkpt>
   <trkpt lat="51.5678050" lon="-112.9001580">
    <ele>723.9</ele>
    <time>2024-07-09T21:13:43Z</time>
   </trkpt>
   <trkpt lat="51.5678170" lon="-112.9001730">
    <ele>724.1</ele>
    <time>2024-07-09T21:13:44Z</time>
   </trkpt>
   <trkpt lat="51.5678280" lon="-112.9001940">
    <ele>724.3</ele>
    <time>2024-07-09T21:13:45Z</time>
   </trkpt>
   <trkpt lat="51.5678420" lon="-112.9002040">
    <ele>724.5</ele>
    <time>2024-07-09T21:13:46Z</time>
   </trkpt>
   <trkpt lat="51.5678560" lon="-112.9002160">
    <ele>724.7</ele>
    <time>2024-07-09T21:13:47Z</time>
   </trkpt>
   <trkpt lat="51.5678680" lon="-112.9002390">
    <ele>725.0</ele>
    <time>2024-07-09T21:13:48Z</time>
   </trkpt>
   <trkpt lat="51.5678800" lon="-112.9002560">
    <ele>725.2</ele>
    <time>2024-07-09T21:13:49Z</time>
   </trkpt>
   <trkpt lat="51.5678900" lon="-112.9002770">
    <ele>725.4</ele>
    <time>2024-07-09T21:13:50Z</time>
   </trkpt>
   <trkpt lat="51.5679000" lon="-112.9002970">
    <ele>725.6</ele>
    <time>2024-07-09T21:13:51Z</time>
   </trkpt>
   <trkpt lat="51.5679140" lon="-112.9003130">
    <ele>725.8</ele>
    <time>2024-07-09T21:13:52Z</time>
   </trkpt>
   <trkpt lat="51.5679300" lon="-112.9003280">
    <ele>726.1</ele>
    <time>2024-07-09T21:13:53Z</time>
   </trkpt>
   <trkpt lat="51.5679410" lon="-112.9003480">
    <ele>726.3</ele>
    <time>2024-07-09T21:13:54Z</time>
   </trkpt>
   <trkpt lat="51.5679500" lon="-112.9003740">
    <ele>726.5</ele>
    <time>2024-07-09T21:13:55Z</time>
   </trkpt>
   <trkpt lat="51.5679610" lon="-112.9003970">
    <ele>726.8</ele>
    <time>2024-07-09T21:13:56Z</time>
   </trkpt>
   <trkpt lat="51.5679770" lon="-112.9004100">
    <ele>727.0</ele>
    <time>2024-07-09T21:13:57Z</time>
   </trkpt>
   <trkpt lat="51.5679910" lon="-112.9004210">
    <ele>727.2</ele>
    <time>2024-07-09T21:13:58Z</time>
   </trkpt>
   <trkpt lat="51.5680030" lon="-112.9004380">
    <ele>727.4</ele>
    <time>2024-07-09T21:13:59Z</time>
   </trkpt>
   <trkpt lat="51.5680120" lon="-112.9004600">
    <ele>727.7</ele>
    <time>2024-07-09T21:14:00Z</time>
   </trkpt>
   <trkpt lat="51.5680190" lon="-112.9004800">
    <ele>727.9</ele>
    <time>2024-07-09T21:14:01Z</time>
   </trkpt>
   <trkpt lat="51.5680300" lon="-112.9005190">
    <ele>728.2</ele>
    <time>2024-07-09T21:14:02Z</time>
   </trkpt>
   <trkpt lat="51.5680350" lon="-112.9005330">
    <ele>728.3</ele>
    <time>2024-07-09T21:14:03Z</time>
   </trkpt>
   <trkpt lat="51.5680480" lon="-112.9005470">
    <ele>728.5</ele>
    <time>2024-07-09T21:14:04Z</time>
   </trkpt>
   <trkpt lat="51.5680650" lon="-112.9005530">
    <ele>728.8</ele>
    <time>2024-07-09T21:14:05Z</time>
   </trkpt>
   <trkpt lat="51.5680800" lon="-112.9005510">
    <ele>728.9</ele>
    <time>2024-07-09T21:14:06Z</time>
   </trkpt>
   <trkpt lat="51.5680960" lon="-112.9005630">
    <ele>729.2</ele>
    <time>2024-07-09T21:14:07Z</time>
   </trkpt>
   <trkpt lat="51.5680990" lon="-112.9005830">
    <ele>729.3</ele>
    <time>2024-07-09T21:14:08Z</time>
   </trkpt>
   <trkpt lat="51.5681020" lon="-112.9006150">
    <ele>729.6</ele>
    <time>2024-07-09T21:14:09Z</time>
   </trkpt>
   <trkpt lat="51.5681070" lon="-112.9006450">
    <ele>729.8</ele>
    <time>2024-07-09T21:14:10Z</time>
   </trkpt>
   <trkpt lat="51.5681150" lon="-112.9006630">
    <ele>730.0</ele>
    <time>2024-07-09T21:14:11Z</time>
   </trkpt>
   <trkpt lat="51.5681360" lon="-112.9006950">
    <ele>730.4</ele>
    <time>2024-07-09T21:14:12Z</time>
   </trkpt>
   <trkpt lat="51.5681440" lon="-112.9006990">
    <ele>730.5</ele>
    <time>2024-07-09T21:14:13Z</time>
   </trkpt>
   <trkpt lat="51.5681580" lon="-112.9007090">
    <ele>730.7</ele>
    <time>2024-07-09T21:14:14Z</time>
   </trkpt>
   <trkpt lat="51.5681720" lon="-112.9007340">
    <ele>730.9</ele>
    <time>2024-07-09T21:14:15Z</time>
   </trkpt>
   <trkpt lat="51.5681830" lon="-112.9007270">
    <ele>731.1</ele>
    <time>2024-07-09T21:14:16Z</time>
   </trkpt>
   <trkpt lat="51.5681980" lon="-112.9007390">
    <ele>731.3</ele>
    <time>2024-07-09T21:14:17Z</time>
   </trkpt>
   <trkpt lat="51.5682020" lon="-112.9007520">
    <ele>731.4</ele>
    <time>2024-07-09T21:14:18Z</time>
   </trkpt>
   <trkpt lat="51.5682240" lon="-112.9007840">
    <ele>731.8</ele>
    <time>2024-07-09T21:14:19Z</time>
   </trkpt>
   <trkpt lat="51.5682290" lon="-112.9007940">
    <ele>731.9</ele>
    <time>2024-07-09T21:14:20Z</time>
   </trkpt>
   <trkpt lat="51.5682430" lon="-112.9008300">
    <ele>732.2</ele>
    <time>2024-07-09T21:14:21Z</time>
   </trkpt>
   <trkpt lat="51.5682470" lon="-112.9008490">
    <ele>732.4</ele>
    <time>2024-07-09T21:14:22Z</time>
   </trkpt>
   <trkpt lat="51.5682510" lon="-112.9008830">
    <ele>732.7</ele>
    <time>2024-07-09T21:14:23Z</time>
   </trkpt>
   <trkpt lat="51.5682650" lon="-112.9008920">
    <ele>732.9</ele>
    <time>2024-07-09T21:14:24Z</time>
   </trkpt>
   <trkpt lat="51.5682780" lon="-112.9009150">
    <ele>733.1</ele>
    <time>2024-07-09T21:14:25Z</time>
   </trkpt>
   <trkpt lat="51.5682860" lon="-112.9009350">
    <ele>733.3</ele>
    <time>2024-07-09T21:14:26Z</time>
   </trkpt>
   <trkpt lat="51.5682980" lon="-112.9009540">
    <ele>733.5</ele>
    <time>2024-07-09T21:14:27Z</time>
   </trkpt>
   <trkpt lat="51.5683130" lon="-112.9009650">
    <ele>733.7</ele>
    <time>2024-07-09T21:14:28Z</time>
   </trkpt>
   <trkpt lat="51.5683270" lon="-112.9010070">
    <ele>734.1</ele>
    <time>2024-07-09T21:14:29Z</time>
   </trkpt>
   <trkpt lat="51.5683300" lon="-112.9010190">
    <ele>734.2</ele>
    <time>2024-07-09T21:14:30Z</time>
   </trkpt>
   <trkpt lat="51.5683360" lon="-112.9010470">
    <ele>734.5</ele>
    <time>2024-07-09T21:14:31Z</time>
   </trkpt>
   <trkpt lat="51.5683450" lon="-112.9010700">
    <ele>734.7</ele>
    <time>2024-07-09T21:14:32Z</time>
   </trkpt>
   <trkpt lat="51.5683590" lon="-112.9010850">
    <ele>734.9</ele>
    <time>2024-07-09T21:14:33Z</time>
   </trkpt>
   <trkpt lat="51.5683680" lon="-112.9011030">
    <ele>735.1</ele>
    <time>2024-07-09T21:14:34Z</time>
   </trkpt>
   <trkpt lat="51.5683800" lon="-112.9011360">
    <ele>735.4</ele>
    <time>2024-07-09T21:14:35Z</time>
   </trkpt>
   <trkpt lat="51.5683830" lon="-112.9011530">
    <ele>735.5</ele>
    <time>2024-07-09T21:14:36Z</time>
   </trkpt>
   <trkpt lat="51.5683870" lon="-112.9011700">
    <ele>735.7</ele>
    <time>2024-07-09T21:14:37Z</time>
   </trkpt>
   <trkpt lat="51.5684010" lon="-112.9012120">
    <ele>736.1</ele>
    <time>2024-07-09T21:14:38Z</time>
   </trkpt>
   <trkpt lat="51.5684050" lon="-112.9012240">
    <ele>736.2</ele>
    <time>2024-07-09T21:14:39Z</time>
   </trkpt>
   <trkpt lat="51.5684160" lon="-112.9012450">
    <ele>736.4</ele>
    <time>2024-07-09T21:14:40Z</time>
   </trkpt>
   <trkpt lat="51.5684250" lon="-112.9012710">
    <ele>736.6</ele>
    <time>2024-07-09T21:14:41Z</time>
   </trkpt>
   <trkpt lat="51.5684290" lon="-112.9012900">
    <ele>736.8</ele>
    <time>2024-07-09T21:14:42Z</time>
   </trkpt>
   <trkpt lat="51.5684360" lon="-112.9013110">
    <ele>737.0</ele>
    <time>2024-07-09T21:14:43Z</time>
   </trkpt>
   <trkpt lat="51.5684390" lon="-112.9013320">
    <ele>737.2</ele>
    <time>2024-07-09T21:14:44Z</time>
   </trkpt>
   <trkpt lat="51.5684430" lon="-112.9013540">
    <ele>737.3</ele>
    <time>2024-07-09T21:14:45Z</time>
   </trkpt>
   <trkpt lat="51.5684470" lon="-112.9013810">
    <ele>737.6</ele>
    <time>2024-07-09T21:14:46Z</time>
   </trkpt>
   <trkpt lat="51.5684500" lon="-112.9014010">
    <ele>737.7</ele>
    <time>2024-07-09T21:14:47Z</time>
   </trkpt>
   <trkpt lat="51.5684550" lon="-112.9014280">
    <ele>737.9</ele>
    <time>2024-07-09T21:14:48Z</time>
   </trkpt>
   <trkpt lat="51.5684640" lon="-112.9014450">
    <ele>738.1</ele>
    <time>2024-07-09T21:14:49Z</time>
   </trkpt>
   <trkpt lat="51.5684670" lon="-112.9014670">
    <ele>738.3</ele>
    <time>2024-07-09T21:14:50Z</time>
   </trkpt>
   <trkpt lat="51.5684690" lon="-112.9014910">
    <ele>738.5</ele>
    <time>2024-07-09T21:14:51Z</time>
   </trkpt>
   <trkpt lat="51.5684690" lon="-112.9015340">
    <ele>738.8</ele>
    <time>2024-07-09T21:14:52Z</time>
   </trkpt>
   <trkpt lat="51.5684690" lon="-112.9015510">
    <ele>738.9</ele>
    <time>2024-07-09T21:14:53Z</time>
   </trkpt>
   <trkpt lat="51.5684740" lon="-112.9015720">
    <ele>739.1</ele>
    <time>2024-07-09T21:14:54Z</time>
   </trkpt>
   <trkpt lat="51.5684810" lon="-112.9015940">
    <ele>739.3</ele>
    <time>2024-07-09T21:14:55Z</time>
   </trkpt>
   <trkpt lat="51.5684960" lon="-112.9016350">
    <ele>739.7</ele>
    <time>2024-07-09T21:14:56Z</time>
   </trkpt>
   <trkpt lat="51.5685000" lon="-112.9016450">
    <ele>739.8</ele>
    <time>2024-07-09T21:14:57Z</time>
   </trkpt>
   <trkpt lat="51.5685070" lon="-112.9016700">
    <ele>740.0</ele>
    <time>2024-07-09T21:14:58Z</time>
   </trkpt>
   <trkpt lat="51.5685070" lon="-112.9016990">
    <ele>740.2</ele>
    <time>2024-07-09T21:14:59Z</time>
   </trkpt>
   <trkpt lat="51.5685090" lon="-112.9017280">
    <ele>740.4</ele>
    <time>2024-07-09T21:15:00Z</time>
   </trkpt>
   <trkpt lat="51.5685120" lon="-112.9017520">
    <ele>740.6</ele>
    <time>2024-07-09T21:15:01Z</time>
   </trkpt>
   <trkpt lat="51.5685140" lon="-112.9017840">
    <ele>740.9</ele>
    <time>2024-07-09T21:15:02Z</time>
   </trkpt>
   <trkpt lat="51.5685180" lon="-112.9018090">
    <ele>741.1</ele>
    <time>2024-07-09T21:15:03Z</time>
   </trkpt>
   <trkpt lat="51.5685200" lon="-112.9018330">
    <ele>741.3</ele>
    <time>2024-07-09T21:15:04Z</time>
   </trkpt>
   <trkpt lat="51.5685230" lon="-112.9018640">
    <ele>741.5</ele>
    <time>2024-07-09T21:15:05Z</time>
   </trkpt>
   <trkpt lat="51.5685230" lon="-112.9018900">
    <ele>741.7</ele>
    <time>2024-07-09T21:15:06Z</time>
   </trkpt>
   <trkpt lat="51.5685250" lon="-112.9019140">
    <ele>741.9</ele>
    <time>2024-07-09T21:15:07Z</time>
   </trkpt>
   <trkpt lat="51.5685230" lon="-112.9019390">
    <ele>742.1</ele>
    <time>2024-07-09T21:15:08Z</time>
   </trkpt>
   <trkpt lat="51.5685250" lon="-112.9019650">
    <ele>742.3</ele>
    <time>2024-07-09T21:15:09Z</time>
   </trkpt>
   <trkpt lat="51.5685270" lon="-112.9019860">
    <ele>742.5</ele>
    <time>2024-07-09T21:15:10Z</time>
   </trkpt>
   <trkpt lat="51.5685300" lon="-112.9020150">
    <ele>742.7</ele>
    <time>2024-07-09T21:15:11Z</time>
   </trkpt>
   <trkpt lat="51.5685370" lon="-112.9020370">
    <ele>742.9</ele>
    <time>2024-07-09T21:15:12Z</time>
   </trkpt>
   <trkpt lat="51.5685420" lon="-112.9020560">
    <ele>743.1</ele>
    <time>2024-07-09T21:15:13Z</time>
   </trkpt>
   <trkpt lat="51.5685380" lon="-112.9020840">
    <ele>743.3</ele>
    <time>2024-07-09T21:15:14Z</time>
   </trkpt>
   <trkpt lat="51.5685320" lon="-112.9021080">
    <ele>743.5</ele>
    <time>2024-07-09T21:15:15Z</time>
   </trkpt>
   <trkpt lat="51.5685290" lon="-112.9021380">
    <ele>743.8</ele>
    <time>2024-07-09T21:15:16Z</time>
   </trkpt>
   <trkpt lat="51.5685240" lon="-112.9021640">
    <ele>744.0</ele>
    <time>2024-07-09T21:15:17Z</time>
   </trkpt>
   <trkpt lat="51.5685250" lon="-112.9021940">
    <ele>744.2</ele>
    <time>2024-07-09T21:15:18Z</time>
   </trkpt>
   <trkpt lat="51.5685290" lon="-112.9022180">
    <ele>744.4</ele>
    <time>2024-07-09T21:15:19Z</time>
   </trkpt>
   <trkpt lat="51.5685290" lon="-112.9022490">
    <ele>744.6</ele>
    <time>2024-07-09T21:15:20Z</time>
   </trkpt>
   <trkpt lat="51.5685270" lon="-112.9022680">
    <ele>744.8</ele>
    <time>2024-07-09T21:15:21Z</time>
   </trkpt>
   <trkpt lat="51.5685250" lon="-112.9022870">
    <ele>744.9</ele>
    <time>2024-07-09T21:15:22Z</time>
   </trkpt>
   <trkpt lat="51.5685070" lon="-112.9022950">
    <ele>745.2</ele>
    <time>2024-07-09T21:15:23Z</time>
   </trkpt>
   <trkpt lat="51.5685000" lon="-112.9023190">
    <ele>745.4</ele>
    <time>2024-07-09T21:15:24Z</time>
   </trkpt>
   <trkpt lat="51.5685020" lon="-112.9023680">
    <ele>745.8</ele>
    <time>2024-07-09T21:15:25Z</time>
   </trkpt>
   <trkpt lat="51.5685060" lon="-112.9023830">
    <ele>745.9</ele>
    <time>2024-07-09T21:15:26Z</time>
   </trkpt>
   <trkpt lat="51.5685080" lon="-112.9023990">
    <ele>746.0</ele>
    <time>2024-07-09T21:15:27Z</time>
   </trkpt>
   <trkpt lat="51.5685180" lon="-112.9024150">
    <ele>746.2</ele>
    <time>2024-07-09T21:15:28Z</time>
   </trkpt>
   <trkpt lat="51.5685210" lon="-112.9024350">
    <ele>746.4</ele>
    <time>2024-07-09T21:15:29Z</time>
   </trkpt>
   <trkpt lat="51.5685070" lon="-112.9024690">
    <ele>746.7</ele>
    <time>2024-07-09T21:15:30Z</time>
   </trkpt>
   <trkpt lat="51.5684950" lon="-112.9024800">
    <ele>746.9</ele>
    <time>2024-07-09T21:15:31Z</time>
   </trkpt>
   <trkpt lat="51.5684830" lon="-112.9025240">
    <ele>747.3</ele>
    <time>2024-07-09T21:15:32Z</time>
   </trkpt>
   <trkpt lat="51.5684830" lon="-112.9025560">
    <ele>747.5</ele>
    <time>2024-07-09T21:15:33Z</time>
   </trkpt>
   <trkpt lat="51.5684800" lon="-112.9025750">
    <ele>747.6</ele>
    <time>2024-07-09T21:15:34Z</time>
   </trkpt>
   <trkpt lat="51.5684780" lon="-112.9025950">
    <ele>747.8</ele>
    <time>2024-07-09T21:15:35Z</time>
   </trkpt>
   <trkpt lat="51.5684640" lon="-112.9026160">
    <ele>748.0</ele>
    <time>2024-07-09T21:15:36Z</time>
   </trkpt>
   <trkpt lat="51.5684560" lon="-112.9026330">
    <ele>748.2</ele>
    <time>2024-07-09T21:15:37Z</time>
   </trkpt>
   <trkpt lat="51.5684480" lon="-112.9026500">
    <ele>748.4</ele>
    <time>2024-07-09T21:15:38Z</time>
   </trkpt>
   <trkpt lat="51.5684340" lon="-112.9026950">
    <ele>748.8</ele>
    <time>2024-07-09T21:15:39Z</time>
   </trkpt>
   <trkpt lat="51.5684390" lon="-112.9027450">
    <ele>749.1</ele>
    <time>2024-07-09T21:15:40Z</time>
   </trkpt>
   <trkpt lat="51.5684410" lon="-112.9027600">
    <ele>749.3</ele>
    <time>2024-07-09T21:15:41Z</time>
   </trkpt>
   <trkpt lat="51.5684410" lon="-112.9028040">
    <ele>749.6</ele>
    <time>2024-07-09T21:15:42Z</time>
   </trkpt>
   <trkpt lat="51.5684400" lon="-112.9028190">
    <ele>749.7</ele>
    <time>2024-07-09T21:15:43Z</time>
   </trkpt>
   <trkpt lat="51.5684250" lon="-112.9028650">
    <ele>750.1</ele>
    <time>2024-07-09T21:15:44Z</time>
   </trkpt>
   <trkpt lat="51.5684220" lon="-112.9028790">
    <ele>750.2</ele>
    <time>2024-07-09T21:15:45Z</time>
   </trkpt>
   <trkpt lat="51.5684120" lon="-112.9029120">
    <ele>750.5</ele>
    <time>2024-07-09T21:15:46Z</time>
   </trkpt>
   <trkpt lat="51.5684120" lon="-112.9029200">
    <ele>750.6</ele>
    <time>2024-07-09T21:15:47Z</time>
   </trkpt>
   <trkpt lat="51.5683990" lon="-112.9029450">
    <ele>750.8</ele>
    <time>2024-07-09T21:15:48Z</time>
   </trkpt>
   <trkpt lat="51.5684050" lon="-112.9029700">
    <ele>751.0</ele>
    <time>2024-07-09T21:15:49Z</time>
   </trkpt>
   <trkpt lat="51.5684000" lon="-112.9030020">
    <ele>751.3</ele>
    <time>2024-07-09T21:15:50Z</time>
   </trkpt>
   <trkpt lat="51.5683930" lon="-112.9030120">
    <ele>751.4</ele>
    <time>2024-07-09T21:15:51Z</time>
   </trkpt>
   <trkpt lat="51.5683860" lon="-112.9030230">
    <ele>751.5</ele>
    <time>2024-07-09T21:15:52Z</time>
   </trkpt>
   <trkpt lat="51.5683800" lon="-112.9030510">
    <ele>751.7</ele>
    <time>2024-07-09T21:15:53Z</time>
   </trkpt>
   <trkpt lat="51.5683790" lon="-112.9030760">
    <ele>751.9</ele>
    <time>2024-07-09T21:15:54Z</time>
   </trkpt>
   <trkpt lat="51.5683780" lon="-112.9031010">
    <ele>752.1</ele>
    <time>2024-07-09T21:15:55Z</time>
   </trkpt>
   <trkpt lat="51.5683740" lon="-112.9031230">
    <ele>752.3</ele>
    <time>2024-07-09T21:15:56Z</time>
   </trkpt>
   <trkpt lat="51.5683670" lon="-112.9031440">
    <ele>752.5</ele>
    <time>2024-07-09T21:15:57Z</time>
   </trkpt>
   <trkpt lat="51.5683580" lon="-112.9031600">
    <ele>752.7</ele>
    <time>2024-07-09T21:15:58Z</time>
   </trkpt>
   <trkpt lat="51.5683450" lon="-112.9031840">
    <ele>752.9</ele>
    <time>2024-07-09T21:15:59Z</time>
   </trkpt>
   <trkpt lat="51.5683390" lon="-112.9031950">
    <ele>753.0</ele>
    <time>2024-07-09T21:16:00Z</time>
   </trkpt>
   <trkpt lat="51.5683340" lon="-112.9032060">
    <ele>753.1</ele>
    <time>2024-07-09T21:16:01Z</time>
   </trkpt>
   <trkpt lat="51.5683290" lon="-112.9032300">
    <ele>753.3</ele>
    <time>2024-07-09T21:16:02Z</time>
   </trkpt>
   <trkpt lat="51.5683260" lon="-112.9032520">
    <ele>753.5</ele>
    <time>2024-07-09T21:16:03Z</time>
   </trkpt>
   <trkpt lat="51.5683310" lon="-112.9032770">
    <ele>753.7</ele>
    <time>2024-07-09T21:16:04Z</time>
   </trkpt>
   <trkpt lat="51.5683360" lon="-112.9032920">
    <ele>753.8</ele>
    <time>2024-07-09T21:16:05Z</time>
   </trkpt>
   <trkpt lat="51.5683290" lon="-112.9033080">
    <ele>754.0</ele>
    <time>2024-07-09T21:16:06Z</time>
   </trkpt>
   <trkpt lat="51.5683110" lon="-112.9033180">
    <ele>754.2</ele>
    <time>2024-07-09T21:16:07Z</time>
   </trkpt>
   <trkpt lat="51.5682990" lon="-112.9033310">
    <ele>754.4</ele>
    <time>2024-07-09T21:16:08Z</time>
   </trkpt>
   <trkpt lat="51.5682910" lon="-112.9033630">
    <ele>754.7</ele>
    <time>2024-07-09T21:16:09Z</time>
   </trkpt>
   <trkpt lat="51.5682910" lon="-112.9033790">
    <ele>754.8</ele>
    <time>2024-07-09T21:16:10Z</time>
   </trkpt>
   <trkpt lat="51.5682910" lon="-112.9033960">
    <ele>755.0</ele>
    <time>2024-07-09T21:16:11Z</time>
   </trkpt>
   <trkpt lat="51.5682940" lon="-112.9034240">
    <ele>755.2</ele>
    <time>2024-07-09T21:16:12Z</time>
   </trkpt>
   <trkpt lat="51.5682930" lon="-112.9034480">
    <ele>755.4</ele>
    <time>2024-07-09T21:16:13Z</time>
   </trkpt>
   <trkpt lat="51.5682880" lon="-112.9034680">
    <ele>755.5</ele>
    <time>2024-07-09T21:16:14Z</time>
   </trkpt>
   <trkpt lat="51.5682730" lon="-112.9034820">
    <ele>755.8</ele>
    <time>2024-07-09T21:16:15Z</time>
   </trkpt>
   <trkpt lat="51.5682620" lon="-112.9034980">
    <ele>755.9</ele>
    <time>2024-07-09T21:16:16Z</time>
   </trkpt>
   <trkpt lat="51.5682510" lon="-112.9035090">
    <ele>756.1</ele>
    <time>2024-07-09T21:16:17Z</time>
   </trkpt>
   <trkpt lat="51.5682460" lon="-112.9035340">
    <ele>756.3</ele>
    <time>2024-07-09T21:16:18Z</time>
   </trkpt>
   <trkpt lat="51.5682470" lon="-112.9035600">
    <ele>756.5</ele>
    <time>2024-07-09T21:16:19Z</time>
   </trkpt>
   <trkpt lat="51.5682470" lon="-112.9035880">
    <ele>756.7</ele>
    <time>2024-07-09T21:16:20Z</time>
   </trkpt>
   <trkpt lat="51.5682450" lon="-112.9036120">
    <ele>756.9</ele>
    <time>2024-07-09T21:16:21Z</time>
   </trkpt>
   <trkpt lat="51.5682400" lon="-112.9036480">
    <ele>757.2</ele>
    <time>2024-07-09T21:16:22Z</time>
   </trkpt>
   <trkpt lat="51.5682380" lon="-112.9036610">
    <ele>757.3</ele>
    <time>2024-07-09T21:16:23Z</time>
   </trkpt>
   <trkpt lat="51.5682360" lon="-112.9036750">
    <ele>757.4</ele>
    <time>2024-07-09T21:16:24Z</time>
   </trkpt>
   <trkpt lat="51.5682290" lon="-112.9036960">
    <ele>757.6</ele>
    <time>2024-07-09T21:16:25Z</time>
   </trkpt>
   <trkpt lat="51.5682220" lon="-112.9037150">
    <ele>757.8</ele>
    <time>2024-07-09T21:16:26Z</time>
   </trkpt>
   <trkpt lat="51.5682170" lon="-112.9037360">
    <ele>758.0</ele>
    <time>2024-07-09T21:16:27Z</time>
   </trkpt>
   <trkpt lat="51.5682130" lon="-112.9037570">
    <ele>758.2</ele>
    <time>2024-07-09T21:16:28Z</time>
   </trkpt>
   <trkpt lat="51.5682060" lon="-112.9037900">
    <ele>758.5</ele>
    <time>2024-07-09T21:16:29Z</time>
   </trkpt>
   <trkpt lat="51.5682030" lon="-112.9038030">
    <ele>758.6</ele>
    <time>2024-07-09T21:16:30Z</time>
   </trkpt>
   <trkpt lat="51.5682000" lon="-112.9038160">
    <ele>758.7</ele>
    <time>2024-07-09T21:16:31Z</time>
   </trkpt>
   <trkpt lat="51.5681900" lon="-112.9038380">
    <ele>758.9</ele>
    <time>2024-07-09T21:16:32Z</time>
   </trkpt>
   <trkpt lat="51.5681880" lon="-112.9038660">
    <ele>759.1</ele>
    <time>2024-07-09T21:16:33Z</time>
   </trkpt>
   <trkpt lat="51.5681810" lon="-112.9038930">
    <ele>759.4</ele>
    <time>2024-07-09T21:16:34Z</time>
   </trkpt>
   <trkpt lat="51.5681770" lon="-112.9039060">
    <ele>759.5</ele>
    <time>2024-07-09T21:16:35Z</time>
   </trkpt>
   <trkpt lat="51.5681730" lon="-112.9039190">
    <ele>759.6</ele>
    <time>2024-07-09T21:16:36Z</time>
   </trkpt>
   <trkpt lat="51.5681570" lon="-112.9039410">
    <ele>759.9</ele>
    <time>2024-07-09T21:16:37Z</time>
   </trkpt>
   <trkpt lat="51.5681510" lon="-112.9039490">
    <ele>760.0</ele>
    <time>2024-07-09T21:16:38Z</time>
   </trkpt>
   <trkpt lat="51.5681450" lon="-112.9039560">
    <ele>760.1</ele>
    <time>2024-07-09T21:16:39Z</time>
   </trkpt>
   <trkpt lat="51.5681380" lon="-112.9039930">
    <ele>760.4</ele>
    <time>2024-07-09T21:16:40Z</time>
   </trkpt>
   <trkpt lat="51.5681370" lon="-112.9040090">
    <ele>760.5</ele>
    <time>2024-07-09T21:16:41Z</time>
   </trkpt>
   <trkpt lat="51.5681360" lon="-112.9040240">
    <ele>760.7</ele>
    <time>2024-07-09T21:16:42Z</time>
   </trkpt>
   <trkpt lat="51.5681530" lon="-112.9040420">
    <ele>760.9</ele>
    <time>2024-07-09T21:16:43Z</time>
   </trkpt>
   <trkpt lat="51.5681490" lon="-112.9040640">
    <ele>761.1</ele>
    <time>2024-07-09T21:16:44Z</time>
   </trkpt>
   <trkpt lat="51.5681370" lon="-112.9041110">
    <ele>761.6</ele>
    <time>2024-07-09T21:16:45Z</time>
   </trkpt>
   <trkpt lat="51.5681360" lon="-112.9041220">
    <ele>761.7</ele>
    <time>2024-07-09T21:16:46Z</time>
   </trkpt>
   <trkpt lat="51.5681270" lon="-112.9041410">
    <ele>761.9</ele>
    <time>2024-07-09T21:16:47Z</time>
   </trkpt>
   <trkpt lat="51.5681160" lon="-112.9041510">
    <ele>762.0</ele>
    <time>2024-07-09T21:16:48Z</time>
   </trkpt>
   <trkpt lat="51.5681050" lon="-112.9041630">
    <ele>762.2</ele>
    <time>2024-07-09T21:16:49Z</time>
   </trkpt>
   <trkpt lat="51.5680940" lon="-112.9041810">
    <ele>762.4</ele>
    <time>2024-07-09T21:16:50Z</time>
   </trkpt>
   <trkpt lat="51.5680900" lon="-112.9042050">
    <ele>762.6</ele>
    <time>2024-07-09T21:16:51Z</time>
   </trkpt>
   <trkpt lat="51.5680910" lon="-112.9042280">
    <ele>762.8</ele>
    <time>2024-07-09T21:16:52Z</time>
   </trkpt>
   <trkpt lat="51.5680930" lon="-112.9042730">
    <ele>763.2</ele>
    <time>2024-07-09T21:16:53Z</time>
   </trkpt>
   <trkpt lat="51.5680940" lon="-112.9042870">
    <ele>763.3</ele>
    <time>2024-07-09T21:16:54Z</time>
   </trkpt>
   <trkpt lat="51.5680870" lon="-112.9043300">
    <ele>763.7</ele>
    <time>2024-07-09T21:16:55Z</time>
   </trkpt>
   <trkpt lat="51.5680840" lon="-112.9043440">
    <ele>763.8</ele>
    <time>2024-07-09T21:16:56Z</time>
   </trkpt>
   <trkpt lat="51.5680790" lon="-112.9043670">
    <ele>764.0</ele>
    <time>2024-07-09T21:16:57Z</time>
   </trkpt>
   <trkpt lat="51.5680640" lon="-112.9043850">
    <ele>764.2</ele>
    <time>2024-07-09T21:16:58Z</time>
   </trkpt>
   <trkpt lat="51.5680690" lon="-112.9044020">
    <ele>764.4</ele>
    <time>2024-07-09T21:16:59Z</time>
   </trkpt>
   <trkpt lat="51.5680630" lon="-112.9044240">
    <ele>764.6</ele>
    <time>2024-07-09T21:17:00Z</time>
   </trkpt>
   <trkpt lat="51.5680550" lon="-112.9044320">
    <ele>764.7</ele>
    <time>2024-07-09T21:17:01Z</time>
   </trkpt>
   <trkpt lat="51.5680460" lon="-112.9044430">
    <ele>764.9</ele>
    <time>2024-07-09T21:17:02Z</time>
   </trkpt>
   <trkpt lat="51.5680350" lon="-112.9044510">
    <ele>765.0</ele>
    <time>2024-07-09T21:17:03Z</time>
   </trkpt>
   <trkpt lat="51.5680270" lon="-112.9044670">
    <ele>765.2</ele>
    <time>2024-07-09T21:17:04Z</time>
   </trkpt>
   <trkpt lat="51.5680290" lon="-112.9044890">
    <ele>765.4</ele>
    <time>2024-07-09T21:17:05Z</time>
   </trkpt>
   <trkpt lat="51.5680310" lon="-112.9045170">
    <ele>765.6</ele>
    <time>2024-07-09T21:17:06Z</time>
   </trkpt>
   <trkpt lat="51.5680380" lon="-112.9045440">
    <ele>765.8</ele>
    <time>2024-07-09T21:17:07Z</time>
   </trkpt>
   <trkpt lat="51.5680370" lon="-112.9045720">
    <ele>766.1</ele>
    <time>2024-07-09T21:17:08Z</time>
   </trkpt>
   <trkpt lat="51.5680340" lon="-112.9045990">
    <ele>766.3</ele>
    <time>2024-07-09T21:17:09Z</time>
   </trkpt>
   <trkpt lat="51.5680330" lon="-112.9046220">
    <ele>766.5</ele>
    <time>2024-07-09T21:17:10Z</time>
   </trkpt>
   <trkpt lat="51.5680310" lon="-112.9046460">
    <ele>766.7</ele>
    <time>2024-07-09T21:17:11Z</time>
   </trkpt>
   <trkpt lat="51.5680270" lon="-112.9046720">
    <ele>766.9</ele>
    <time>2024-07-09T21:17:12Z</time>
   </trkpt>
   <trkpt lat="51.5680240" lon="-112.9046900">
    <ele>767.0</ele>
    <time>2024-07-09T21:17:13Z</time>
   </trkpt>
   <trkpt lat="51.5680190" lon="-112.9047130">
    <ele>767.2</ele>
    <time>2024-07-09T21:17:14Z</time>
   </trkpt>
   <trkpt lat="51.5680150" lon="-112.9047330">
    <ele>767.4</ele>
    <time>2024-07-09T21:17:15Z</time>
   </trkpt>
   <trkpt lat="51.5680090" lon="-112.9047520">
    <ele>767.6</ele>
    <time>2024-07-09T21:17:16Z</time>
   </trkpt>
   <trkpt lat="51.5680010" lon="-112.9047630">
    <ele>767.7</ele>
    <time>2024-07-09T21:17:17Z</time>
   </trkpt>
   <trkpt lat="51.5679890" lon="-112.9047920">
    <ele>768.0</ele>
    <time>2024-07-09T21:17:18Z</time>
   </trkpt>
   <trkpt lat="51.5679860" lon="-112.9048040">
    <ele>768.1</ele>
    <time>2024-07-09T21:17:19Z</time>
   </trkpt>
   <trkpt lat="51.5679820" lon="-112.9048160">
    <ele>768.2</ele>
    <time>2024-07-09T21:17:20Z</time>
   </trkpt>
   <trkpt lat="51.5679810" lon="-112.9048410">
    <ele>768.4</ele>
    <time>2024-07-09T21:17:21Z</time>
   </trkpt>
   <trkpt lat="51.5679800" lon="-112.9048700">
    <ele>768.6</ele>
    <time>2024-07-09T21:17:22Z</time>
   </trkpt>
   <trkpt lat="51.5679890" lon="-112.9049190">
    <ele>769.0</ele>
    <time>2024-07-09T21:17:23Z</time>
   </trkpt>
   <trkpt lat="51.5679930" lon="-112.9049350">
    <ele>769.2</ele>
    <time>2024-07-09T21:17:24Z</time>
   </trkpt>
   <trkpt lat="51.5679940" lon="-112.9049800">
    <ele>769.5</ele>
    <time>2024-07-09T21:17:25Z</time>
   </trkpt>
   <trkpt lat="51.5679940" lon="-112.9049960">
    <ele>769.7</ele>
    <time>2024-07-09T21:17:26Z</time>
   </trkpt>
   <trkpt lat="51.5679880" lon="-112.9050420">
    <ele>770.1</ele>
    <time>2024-07-09T21:17:27Z</time>
   </trkpt>
   <trkpt lat="51.5679860" lon="-112.9050570">
    <ele>770.2</ele>
    <time>2024-07-09T21:17:28Z</time>
   </trkpt>
   <trkpt lat="51.5679840" lon="-112.9050840">
    <ele>770.4</ele>
    <time>2024-07-09T21:17:29Z</time>
   </trkpt>
   <trkpt lat="51.5679820" lon="-112.9051140">
    <ele>770.6</ele>
    <time>2024-07-09T21:17:30Z</time>
   </trkpt>
   <trkpt lat="51.5679770" lon="-112.9051420">
    <ele>770.9</ele>
    <time>2024-07-09T21:17:31Z</time>
   </trkpt>
   <trkpt lat="51.5679740" lon="-112.9051680">
    <ele>771.1</ele>
    <time>2024-07-09T21:17:32Z</time>
   </trkpt>
   <trkpt lat="51.5679700" lon="-112.9052210">
    <ele>771.5</ele>
    <time>2024-07-09T21:17:33Z</time>
   </trkpt>
   <trkpt lat="51.5679690" lon="-112.9052370">
    <ele>771.6</ele>
    <time>2024-07-09T21:17:34Z</time>
   </trkpt>
   <trkpt lat="51.5679700" lon="-112.9052640">
    <ele>771.9</ele>
    <time>2024-07-09T21:17:35Z</time>
   </trkpt>
   <trkpt lat="51.5679710" lon="-112.9052890">
    <ele>772.1</ele>
    <time>2024-07-09T21:17:36Z</time>
   </trkpt>
   <trkpt lat="51.5679710" lon="-112.9053150">
    <ele>772.3</ele>
    <time>2024-07-09T21:17:37Z</time>
   </trkpt>
   <trkpt lat="51.5679670" lon="-112.9053370">
    <ele>772.5</ele>
    <time>2024-07-09T21:17:38Z</time>
   </trkpt>
   <trkpt lat="51.5679600" lon="-112.9053590">
    <ele>772.7</ele>
    <time>2024-07-09T21:17:39Z</time>
   </trkpt>
   <trkpt lat="51.5679550" lon="-112.9053780">
    <ele>772.8</ele>
    <time>2024-07-09T21:17:40Z</time>
   </trkpt>
   <trkpt lat="51.5679490" lon="-112.9054020">
    <ele>773.0</ele>
    <time>2024-07-09T21:17:41Z</time>
   </trkpt>
   <trkpt lat="51.5679460" lon="-112.9054200">
    <ele>773.2</ele>
    <time>2024-07-09T21:17:42Z</time>
   </trkpt>
   <trkpt lat="51.5679450" lon="-112.9054450">
    <ele>773.4</ele>
    <time>2024-07-09T21:17:43Z</time>
   </trkpt>
   <trkpt lat="51.5679480" lon="-112.9054680">
    <ele>773.6</ele>
    <time>2024-07-09T21:17:44Z</time>
   </trkpt>
   <trkpt lat="51.5679520" lon="-112.9054940">
    <ele>773.8</ele>
    <time>2024-07-09T21:17:45Z</time>
   </trkpt>
   <trkpt lat="51.5679570" lon="-112.9055160">
    <ele>774.0</ele>
    <time>2024-07-09T21:17:46Z</time>
   </trkpt>
   <trkpt lat="51.5679610" lon="-112.9055410">
    <ele>774.2</ele>
    <time>2024-07-09T21:17:47Z</time>
   </trkpt>
   <trkpt lat="51.5679580" lon="-112.9055690">
    <ele>774.4</ele>
    <time>2024-07-09T21:17:48Z</time>
   </trkpt>
   <trkpt lat="51.5679550" lon="-112.9055890">
    <ele>774.6</ele>
    <time>2024-07-09T21:17:49Z</time>
   </trkpt>
   <trkpt lat="51.5679530" lon="-112.9056060">
    <ele>774.7</ele>
    <time>2024-07-09T21:17:50Z</time>
   </trkpt>
   <trkpt lat="51.5679530" lon="-112.9056240">
    <ele>774.9</ele>
    <time>2024-07-09T21:17:51Z</time>
   </trkpt>
   <trkpt lat="51.5679570" lon="-112.9056430">
    <ele>775.0</ele>
    <time>2024-07-09T21:17:52Z</time>
   </trkpt>
   <trkpt lat="51.5679630" lon="-112.9056570">
    <ele>775.2</ele>
    <time>2024-07-09T21:17:53Z</time>
   </trkpt>
   <trkpt lat="51.5679680" lon="-112.9056760">
    <ele>775.3</ele>
    <time>2024-07-09T21:17:54Z</time>
   </trkpt>
   <trkpt lat="51.5679700" lon="-112.9056930">
    <ele>775.5</ele>
    <time>2024-07-09T21:17:55Z</time>
   </trkpt>
   <trkpt lat="51.5679690" lon="-112.9057150">
    <ele>775.6</ele>
    <time>2024-07-09T21:17:56Z</time>
   </trkpt>
   <trkpt lat="51.5679690" lon="-112.9057320">
    <ele>775.8</ele>
    <time>2024-07-09T21:17:57Z</time>
   </trkpt>
   <trkpt lat="51.5679690" lon="-112.9057670">
    <ele>776.1</ele>
    <time>2024-07-09T21:17:58Z</time>
   </trkpt>
   <trkpt lat="51.5679690" lon="-112.9057800">
    <ele>776.2</ele>
    <time>2024-07-09T21:17:59Z</time>
   </trkpt>
   <trkpt lat="51.5679690" lon="-112.9057920">
    <ele>776.3</ele>
    <time>2024-07-09T21:18:00Z</time>
   </trkpt>
   <trkpt lat="51.5679670" lon="-112.9058130">
    <ele>776.4</ele>
    <time>2024-07-09T21:18:01Z</time>
   </trkpt>
   <trkpt lat="51.5679680" lon="-112.9058290">
    <ele>776.6</ele>
    <time>2024-07-09T21:18:02Z</time>
   </trkpt>
   <trkpt lat="51.5679720" lon="-112.9058500">
    <ele>776.7</ele>
    <time>2024-07-09T21:18:03Z</time>
   </trkpt>
   <trkpt lat="51.5679770" lon="-112.9058800">
    <ele>777.0</ele>
    <time>2024-07-09T21:18:04Z</time>
   </trkpt>
   <trkpt lat="51.5679760" lon="-112.9058940">
    <ele>777.1</ele>
    <time>2024-07-09T21:18:05Z</time>
   </trkpt>
   <trkpt lat="51.5679740" lon="-112.9059090">
    <ele>777.2</ele>
    <time>2024-07-09T21:18:06Z</time>
   </trkpt>
   <trkpt lat="51.5679630" lon="-112.9059310">
    <ele>777.4</ele>
    <time>2024-07-09T21:18:07Z</time>
   </trkpt>
   <trkpt lat="51.5679570" lon="-112.9059480">
    <ele>777.6</ele>
    <time>2024-07-09T21:18:08Z</time>
   </trkpt>
   <trkpt lat="51.5679570" lon="-112.9059690">
    <ele>777.8</ele>
    <time>2024-07-09T21:18:09Z</time>
   </trkpt>
   <trkpt lat="51.5679650" lon="-112.9059930">
    <ele>778.0</ele>
    <time>2024-07-09T21:18:10Z</time>
   </trkpt>
   <trkpt lat="51.5679740" lon="-112.9060150">
    <ele>778.2</ele>
    <time>2024-07-09T21:18:11Z</time>
   </trkpt>
   <trkpt lat="51.5679860" lon="-112.9060390">
    <ele>778.4</ele>
    <time>2024-07-09T21:18:12Z</time>
   </trkpt>
   <trkpt lat="51.5679960" lon="-112.9060610">
    <ele>778.6</ele>
    <time>2024-07-09T21:18:13Z</time>
   </trkpt>
   <trkpt lat="51.5679980" lon="-112.9060860">
    <ele>778.8</ele>
    <time>2024-07-09T21:18:14Z</time>
   </trkpt>
   <trkpt lat="51.5679970" lon="-112.9061120">
    <ele>779.0</ele>
    <time>2024-07-09T21:18:15Z</time>
   </trkpt>
   <trkpt lat="51.5679950" lon="-112.9061340">
    <ele>779.2</ele>
    <time>2024-07-09T21:18:16Z</time>
   </trkpt>
   <trkpt lat="51.5679910" lon="-112.9061580">
    <ele>779.4</ele>
    <time>2024-07-09T21:18:17Z</time>
   </trkpt>
   <trkpt lat="51.5679870" lon="-112.9061770">
    <ele>779.6</ele>
    <time>2024-07-09T21:18:18Z</time>
   </trkpt>
   <trkpt lat="51.5679830" lon="-112.9061960">
    <ele>779.7</ele>
    <time>2024-07-09T21:18:19Z</time>
   </trkpt>
   <trkpt lat="51.5679800" lon="-112.9062130">
    <ele>779.9</ele>
    <time>2024-07-09T21:18:20Z</time>
   </trkpt>
   <trkpt lat="51.5679780" lon="-112.9062300">
    <ele>780.0</ele>
    <time>2024-07-09T21:18:21Z</time>
   </trkpt>
   <trkpt lat="51.5679860" lon="-112.9062650">
    <ele>780.3</ele>
    <time>2024-07-09T21:18:22Z</time>
   </trkpt>
   <trkpt lat="51.5679930" lon="-112.9062780">
    <ele>780.4</ele>
    <time>2024-07-09T21:18:23Z</time>
   </trkpt>
   <trkpt lat="51.5680000" lon="-112.9062920">
    <ele>780.6</ele>
    <time>2024-07-09T21:18:24Z</time>
   </trkpt>
   <trkpt lat="51.5680120" lon="-112.9063090">
    <ele>780.8</ele>
    <time>2024-07-09T21:18:25Z</time>
   </trkpt>
   <trkpt lat="51.5680210" lon="-112.9063310">
    <ele>781.0</ele>
    <time>2024-07-09T21:18:26Z</time>
   </trkpt>
   <trkpt lat="51.5680250" lon="-112.9063540">
    <ele>781.1</ele>
    <time>2024-07-09T21:18:27Z</time>
   </trkpt>
   <trkpt lat="51.5680280" lon="-112.9063790">
    <ele>781.3</ele>
    <time>2024-07-09T21:18:28Z</time>
   </trkpt>
   <trkpt lat="51.5680310" lon="-112.9064010">
    <ele>781.5</ele>
    <time>2024-07-09T21:18:29Z</time>
   </trkpt>
   <trkpt lat="51.5680310" lon="-112.9064230">
    <ele>781.7</ele>
    <time>2024-07-09T21:18:30Z</time>
   </trkpt>
   <trkpt lat="51.5680270" lon="-112.9064440">
    <ele>781.9</ele>
    <time>2024-07-09T21:18:31Z</time>
   </trkpt>
   <trkpt lat="51.5680250" lon="-112.9064650">
    <ele>782.0</ele>
    <time>2024-07-09T21:18:32Z</time>
   </trkpt>
   <trkpt lat="51.5680280" lon="-112.9064860">
    <ele>782.2</ele>
    <time>2024-07-09T21:18:33Z</time>
   </trkpt>
   <trkpt lat="51.5680370" lon="-112.9065070">
    <ele>782.4</ele>
    <time>2024-07-09T21:18:34Z</time>
   </trkpt>
   <trkpt lat="51.5680470" lon="-112.9065290">
    <ele>782.6</ele>
    <time>2024-07-09T21:18:35Z</time>
   </trkpt>
   <trkpt lat="51.5680550" lon="-112.9065500">
    <ele>782.8</ele>
    <time>2024-07-09T21:18:36Z</time>
   </trkpt>
   <trkpt lat="51.5680550" lon="-112.9065720">
    <ele>782.9</ele>
    <time>2024-07-09T21:18:37Z</time>
   </trkpt>
   <trkpt lat="51.5680520" lon="-112.9065980">
    <ele>783.1</ele>
    <time>2024-07-09T21:18:38Z</time>
   </trkpt>
   <trkpt lat="51.5680510" lon="-112.9066210">
    <ele>783.3</ele>
    <time>2024-07-09T21:18:39Z</time>
   </trkpt>
   <trkpt lat="51.5680500" lon="-112.9066460">
    <ele>783.5</ele>
    <time>2024-07-09T21:18:40Z</time>
   </trkpt>
   <trkpt lat="51.5680550" lon="-112.9066710">
    <ele>783.7</ele>
    <time>2024-07-09T21:18:41Z</time>
   </trkpt>
   <trkpt lat="51.5680630" lon="-112.9066950">
    <ele>783.9</ele>
    <time>2024-07-09T21:18:42Z</time>
   </trkpt>
   <trkpt lat="51.5680720" lon="-112.9067190">
    <ele>784.1</ele>
    <time>2024-07-09T21:18:43Z</time>
   </trkpt>
   <trkpt lat="51.5680830" lon="-112.9067410">
    <ele>784.3</ele>
    <time>2024-07-09T21:18:44Z</time>
   </trkpt>
   <trkpt lat="51.5680900" lon="-112.9067650">
    <ele>784.5</ele>
    <time>2024-07-09T21:18:45Z</time>
   </trkpt>
   <trkpt lat="51.5680930" lon="-112.9067920">
    <ele>784.8</ele>
    <time>2024-07-09T21:18:46Z</time>
   </trkpt>
   <trkpt lat="51.5680930" lon="-112.9068270">
    <ele>785.0</ele>
    <time>2024-07-09T21:18:47Z</time>
   </trkpt>
   <trkpt lat="51.5680940" lon="-112.9068400">
    <ele>785.1</ele>
    <time>2024-07-09T21:18:48Z</time>
   </trkpt>
   <trkpt lat="51.5680950" lon="-112.9068540">
    <ele>785.2</ele>
    <time>2024-07-09T21:18:49Z</time>
   </trkpt>
   <trkpt lat="51.5680970" lon="-112.9068870">
    <ele>785.4</ele>
    <time>2024-07-09T21:18:50Z</time>
   </trkpt>
   <trkpt lat="51.5680980" lon="-112.9069030">
    <ele>785.6</ele>
    <time>2024-07-09T21:18:51Z</time>
   </trkpt>
   <trkpt lat="51.5680990" lon="-112.9069180">
    <ele>785.7</ele>
    <time>2024-07-09T21:18:52Z</time>
   </trkpt>
   <trkpt lat="51.5681040" lon="-112.9069370">
    <ele>785.8</ele>
    <time>2024-07-09T21:18:53Z</time>
   </trkpt>
   <trkpt lat="51.5681120" lon="-112.9069560">
    <ele>786.0</ele>
    <time>2024-07-09T21:18:54Z</time>
   </trkpt>
   <trkpt lat="51.5681230" lon="-112.9069760">
    <ele>786.2</ele>
    <time>2024-07-09T21:18:55Z</time>
   </trkpt>
   <trkpt lat="51.5681290" lon="-112.9070030">
    <ele>786.4</ele>
    <time>2024-07-09T21:18:56Z</time>
   </trkpt>
   <trkpt lat="51.5681370" lon="-112.9070290">
    <ele>786.6</ele>
    <time>2024-07-09T21:18:57Z</time>
   </trkpt>
   <trkpt lat="51.5681450" lon="-112.9070550">
    <ele>786.8</ele>
    <time>2024-07-09T21:18:58Z</time>
   </trkpt>
   <trkpt lat="51.5681550" lon="-112.9070980">
    <ele>787.1</ele>
    <time>2024-07-09T21:18:59Z</time>
   </trkpt>
   <trkpt lat="51.5681580" lon="-112.9071110">
    <ele>787.2</ele>
    <time>2024-07-09T21:19:00Z</time>
   </trkpt>
   <trkpt lat="51.5681630" lon="-112.9071370">
    <ele>787.4</ele>
    <time>2024-07-09T21:19:01Z</time>
   </trkpt>
   <trkpt lat="51.5681660" lon="-112.9071650">
    <ele>787.6</ele>
    <time>2024-07-09T21:19:02Z</time>
   </trkpt>
   <trkpt lat="51.5681730" lon="-112.9072050">
    <ele>787.9</ele>
    <time>2024-07-09T21:19:03Z</time>
   </trkpt>
   <trkpt lat="51.5681770" lon="-112.9072200">
    <ele>788.0</ele>
    <time>2024-07-09T21:19:04Z</time>
   </trkpt>
   <trkpt lat="51.5681860" lon="-112.9072650">
    <ele>788.3</ele>
    <time>2024-07-09T21:19:05Z</time>
   </trkpt>
   <trkpt lat="51.5681880" lon="-112.9072830">
    <ele>788.4</ele>
    <time>2024-07-09T21:19:06Z</time>
   </trkpt>
   <trkpt lat="51.5682020" lon="-112.9073310">
    <ele>788.7</ele>
    <time>2024-07-09T21:19:07Z</time>
   </trkpt>
   <trkpt lat="51.5682060" lon="-112.9073490">
    <ele>788.9</ele>
    <time>2024-07-09T21:19:08Z</time>
   </trkpt>
   <trkpt lat="51.5682200" lon="-112.9073950">
    <ele>789.2</ele>
    <time>2024-07-09T21:19:09Z</time>
   </trkpt>
   <trkpt lat="51.5682240" lon="-112.9074110">
    <ele>789.3</ele>
    <time>2024-07-09T21:19:10Z</time>
   </trkpt>
   <trkpt lat="51.5682340" lon="-112.9074610">
    <ele>789.6</ele>
    <time>2024-07-09T21:19:11Z</time>
   </trkpt>
   <trkpt lat="51.5682360" lon="-112.9074760">
    <ele>789.7</ele>
    <time>2024-07-09T21:19:12Z</time>
   </trkpt>
   <trkpt lat="51.5682470" lon="-112.9075220">
    <ele>790.0</ele>
    <time>2024-07-09T21:19:13Z</time>
   </trkpt>
   <trkpt lat="51.5682510" lon="-112.9075350">
    <ele>790.1</ele>
    <time>2024-07-09T21:19:14Z</time>
   </trkpt>
   <trkpt lat="51.5682600" lon="-112.9075570">
    <ele>790.3</ele>
    <time>2024-07-09T21:19:15Z</time>
   </trkpt>
   <trkpt lat="51.5682670" lon="-112.9075860">
    <ele>790.4</ele>
    <time>2024-07-09T21:19:16Z</time>
   </trkpt>
   <trkpt lat="51.5682700" lon="-112.9076120">
    <ele>790.6</ele>
    <time>2024-07-09T21:19:17Z</time>
   </trkpt>
   <trkpt lat="51.5682730" lon="-112.9076380">
    <ele>790.8</ele>
    <time>2024-07-09T21:19:18Z</time>
   </trkpt>
   <trkpt lat="51.5682840" lon="-112.9076800">
    <ele>791.0</ele>
    <time>2024-07-09T21:19:19Z</time>
   </trkpt>
   <trkpt lat="51.5682860" lon="-112.9076930">
    <ele>791.1</ele>
    <time>2024-07-09T21:19:20Z</time>
   </trkpt>
   <trkpt lat="51.5682920" lon="-112.9077150">
    <ele>791.3</ele>
    <time>2024-07-09T21:19:21Z</time>
   </trkpt>
   <trkpt lat="51.5683010" lon="-112.9077340">
    <ele>791.4</ele>
    <time>2024-07-09T21:19:22Z</time>
   </trkpt>
   <trkpt lat="51.5683070" lon="-112.9077600">
    <ele>791.6</ele>
    <time>2024-07-09T21:19:23Z</time>
   </trkpt>
   <trkpt lat="51.5683090" lon="-112.9077860">
    <ele>791.7</ele>
    <time>2024-07-09T21:19:24Z</time>
   </trkpt>
   <trkpt lat="51.5683100" lon="-112.9078070">
    <ele>791.8</ele>
    <time>2024-07-09T21:19:25Z</time>
   </trkpt>
   <trkpt lat="51.5683080" lon="-112.9078320">
    <ele>792.0</ele>
    <time>2024-07-09T21:19:26Z</time>
   </trkpt>
   <trkpt lat="51.5683060" lon="-112.9078590">
    <ele>792.1</ele>
    <time>2024-07-09T21:19:27Z</time>
   </trkpt>
   <trkpt lat="51.5683080" lon="-112.9078880">
    <ele>792.3</ele>
    <time>2024-07-09T21:19:28Z</time>
   </trkpt>
   <trkpt lat="51.5683210" lon="-112.9079270">
    <ele>792.5</ele>
    <time>2024-07-09T21:19:29Z</time>
   </trkpt>
   <trkpt lat="51.5683250" lon="-112.9079420">
    <ele>792.6</ele>
    <time>2024-07-09T21:19:30Z</time>
   </trkpt>
   <trkpt lat="51.5683390" lon="-112.9079790">
    <ele>792.9</ele>
    <time>2024-07-09T21:19:31Z</time>
   </trkpt>
   <trkpt lat="51.5683450" lon="-112.9079900">
    <ele>793.0</ele>
    <time>2024-07-09T21:19:32Z</time>
   </trkpt>
   <trkpt lat="51.5683540" lon="-112.9080120">
    <ele>793.1</ele>
    <time>2024-07-09T21:19:33Z</time>
   </trkpt>
   <trkpt lat="51.5683610" lon="-112.9080380">
    <ele>793.3</ele>
    <time>2024-07-09T21:19:34Z</time>
   </trkpt>
   <trkpt lat="51.5683680" lon="-112.9080820">
    <ele>793.5</ele>
    <time>2024-07-09T21:19:35Z</time>
   </trkpt>
   <trkpt lat="51.5683720" lon="-112.9080970">
    <ele>793.6</ele>
    <time>2024-07-09T21:19:36Z</time>
   </trkpt>
   <trkpt lat="51.5683850" lon="-112.9081380">
    <ele>793.9</ele>
    <time>2024-07-09T21:19:37Z</time>
   </trkpt>
   <trkpt lat="51.5683910" lon="-112.9081520">
    <ele>793.9</ele>
    <time>2024-07-09T21:19:38Z</time>
   </trkpt>
   <trkpt lat="51.5684010" lon="-112.9081920">
    <ele>794.2</ele>
    <time>2024-07-09T21:19:39Z</time>
   </trkpt>
   <trkpt lat="51.5684040" lon="-112.9082080">
    <ele>794.3</ele>
    <time>2024-07-09T21:19:40Z</time>
   </trkpt>
   <trkpt lat="51.5684090" lon="-112.9082580">
    <ele>794.5</ele>
    <time>2024-07-09T21:19:41Z</time>
   </trkpt>
   <trkpt lat="51.5684100" lon="-112.9082740">
    <ele>794.6</ele>
    <time>2024-07-09T21:19:42Z</time>
   </trkpt>
   <trkpt lat="51.5684170" lon="-112.9083190">
    <ele>794.9</ele>
    <time>2024-07-09T21:19:43Z</time>
   </trkpt>
   <trkpt lat="51.5684200" lon="-112.9083350">
    <ele>794.9</ele>
    <time>2024-07-09T21:19:44Z</time>
   </trkpt>
   <trkpt lat="51.5684320" lon="-112.9083790">
    <ele>795.2</ele>
    <time>2024-07-09T21:19:45Z</time>
   </trkpt>
   <trkpt lat="51.5684370" lon="-112.9083940">
    <ele>795.3</ele>
    <time>2024-07-09T21:19:46Z</time>
   </trkpt>
   <trkpt lat="51.5684410" lon="-112.9084370">
    <ele>795.5</ele>
    <time>2024-07-09T21:19:47Z</time>
   </trkpt>
   <trkpt lat="51.5684420" lon="-112.9084520">
    <ele>795.6</ele>
    <time>2024-07-09T21:19:48Z</time>
   </trkpt>
   <trkpt lat="51.5684420" lon="-112.9085060">
    <ele>795.8</ele>
    <time>2024-07-09T21:19:49Z</time>
   </trkpt>
   <trkpt lat="51.5684420" lon="-112.9085240">
    <ele>795.9</ele>
    <time>2024-07-09T21:19:50Z</time>
   </trkpt>
   <trkpt lat="51.5684510" lon="-112.9085710">
    <ele>796.1</ele>
    <time>2024-07-09T21:19:51Z</time>
   </trkpt>
   <trkpt lat="51.5684560" lon="-112.9085880">
    <ele>796.2</ele>
    <time>2024-07-09T21:19:52Z</time>
   </trkpt>
   <trkpt lat="51.5684740" lon="-112.9086320">
    <ele>796.5</ele>
    <time>2024-07-09T21:19:53Z</time>
   </trkpt>
   <trkpt lat="51.5684810" lon="-112.9086450">
    <ele>796.5</ele>
    <time>2024-07-09T21:19:54Z</time>
   </trkpt>
   <trkpt lat="51.5684890" lon="-112.9087000">
    <ele>796.8</ele>
    <time>2024-07-09T21:19:55Z</time>
   </trkpt>
   <trkpt lat="51.5684900" lon="-112.9087190">
    <ele>796.8</ele>
    <time>2024-07-09T21:19:56Z</time>
   </trkpt>
   <trkpt lat="51.5684930" lon="-112.9087730">
    <ele>797.1</ele>
    <time>2024-07-09T21:19:57Z</time>
   </trkpt>
   <trkpt lat="51.5684950" lon="-112.9087940">
    <ele>797.2</ele>
    <time>2024-07-09T21:19:58Z</time>
   </trkpt>
   <trkpt lat="51.5685040" lon="-112.9088500">
    <ele>797.4</ele>
    <time>2024-07-09T21:19:59Z</time>
   </trkpt>
   <trkpt lat="51.5685070" lon="-112.9088690">
    <ele>797.5</ele>
    <time>2024-07-09T21:20:00Z</time>
   </trkpt>
   <trkpt lat="51.5685130" lon="-112.9089240">
    <ele>797.7</ele>
    <time>2024-07-09T21:20:01Z</time>
   </trkpt>
   <trkpt lat="51.5685140" lon="-112.9089430">
    <ele>797.8</ele>
    <time>2024-07-09T21:20:02Z</time>
   </trkpt>
   <trkpt lat="51.5685170" lon="-112.9089870">
    <ele>798.0</ele>
    <time>2024-07-09T21:20:03Z</time>
   </trkpt>
   <trkpt lat="51.5685240" lon="-112.9090320">
    <ele>798.2</ele>
    <time>2024-07-09T21:20:04Z</time>
   </trkpt>
   <trkpt lat="51.5685300" lon="-112.9090750">
    <ele>798.3</ele>
    <time>2024-07-09T21:20:05Z</time>
   </trkpt>
   <trkpt lat="51.5685280" lon="-112.9091280">
    <ele>798.5</ele>
    <time>2024-07-09T21:20:06Z</time>
   </trkpt>
   <trkpt lat="51.5685330" lon="-112.9091770">
    <ele>798.7</ele>
    <time>2024-07-09T21:20:07Z</time>
   </trkpt>
   <trkpt lat="51.5685350" lon="-112.9092590">
    <ele>799.0</ele>
    <time>2024-07-09T21:20:08Z</time>
   </trkpt>
   <trkpt lat="51.5685480" lon="-112.9093250">
    <ele>799.2</ele>
    <time>2024-07-09T21:20:09Z</time>
   </trkpt>
   <trkpt lat="51.5685460" lon="-112.9093540">
    <ele>799.3</ele>
    <time>2024-07-09T21:20:10Z</time>
   </trkpt>
   <trkpt lat="51.5685420" lon="-112.9093810">
    <ele>799.4</ele>
    <time>2024-07-09T21:20:11Z</time>
   </trkpt>
   <trkpt lat="51.5685490" lon="-112.9094420">
    <ele>799.6</ele>
    <time>2024-07-09T21:20:12Z</time>
   </trkpt>
   <trkpt lat="51.5685500" lon="-112.9094640">
    <ele>799.7</ele>
    <time>2024-07-09T21:20:13Z</time>
   </trkpt>
   <trkpt lat="51.5685510" lon="-112.9095130">
    <ele>799.9</ele>
    <time>2024-07-09T21:20:14Z</time>
   </trkpt>
   <trkpt lat="51.5685570" lon="-112.9095740">
    <ele>800.1</ele>
    <time>2024-07-09T21:20:15Z</time>
   </trkpt>
   <trkpt lat="51.5685570" lon="-112.9095990">
    <ele>800.2</ele>
    <time>2024-07-09T21:20:16Z</time>
   </trkpt>
   <trkpt lat="51.5685580" lon="-112.9096430">
    <ele>800.3</ele>
    <time>2024-07-09T21:20:17Z</time>
   </trkpt>
   <trkpt lat="51.5685580" lon="-112.9097100">
    <ele>800.6</ele>
    <time>2024-07-09T21:20:18Z</time>
   </trkpt>
   <trkpt lat="51.5685580" lon="-112.9097330">
    <ele>800.6</ele>
    <time>2024-07-09T21:20:19Z</time>
   </trkpt>
   <trkpt lat="51.5685560" lon="-112.9097980">
    <ele>800.8</ele>
    <time>2024-07-09T21:20:20Z</time>
   </trkpt>
   <trkpt lat="51.5685550" lon="-112.9098220">
    <ele>800.9</ele>
    <time>2024-07-09T21:20:21Z</time>
   </trkpt>
   <trkpt lat="51.5685560" lon="-112.9098690">
    <ele>801.1</ele>
    <time>2024-07-09T21:20:22Z</time>
   </trkpt>
   <trkpt lat="51.5685610" lon="-112.9099140">
    <ele>801.2</ele>
    <time>2024-07-09T21:20:23Z</time>
   </trkpt>
   <trkpt lat="51.5685650" lon="-112.9099610">
    <ele>801.4</ele>
    <time>2024-07-09T21:20:24Z</time>
   </trkpt>
   <trkpt lat="51.5685690" lon="-112.9100060">
    <ele>801.5</ele>
    <time>2024-07-09T21:20:25Z</time>
   </trkpt>
   <trkpt lat="51.5685690" lon="-112.9100550">
    <ele>801.7</ele>
    <time>2024-07-09T21:20:26Z</time>
   </trkpt>
   <trkpt lat="51.5685680" lon="-112.9101000">
    <ele>801.8</ele>
    <time>2024-07-09T21:20:27Z</time>
   </trkpt>
   <trkpt lat="51.5685620" lon="-112.9101460">
    <ele>801.9</ele>
    <time>2024-07-09T21:20:28Z</time>
   </trkpt>
   <trkpt lat="51.5685590" lon="-112.9101910">
    <ele>802.0</ele>
    <time>2024-07-09T21:20:29Z</time>
   </trkpt>
   <trkpt lat="51.5685590" lon="-112.9102390">
    <ele>802.1</ele>
    <time>2024-07-09T21:20:30Z</time>
   </trkpt>
   <trkpt lat="51.5685590" lon="-112.9102860">
    <ele>802.3</ele>
    <time>2024-07-09T21:20:31Z</time>
   </trkpt>
   <trkpt lat="51.5685610" lon="-112.9103330">
    <ele>802.4</ele>
    <time>2024-07-09T21:20:32Z</time>
   </trkpt>
   <trkpt lat="51.5685630" lon="-112.9103850">
    <ele>802.5</ele>
    <time>2024-07-09T21:20:33Z</time>
   </trkpt>
   <trkpt lat="51.5685660" lon="-112.9104360">
    <ele>802.6</ele>
    <time>2024-07-09T21:20:34Z</time>
   </trkpt>
   <trkpt lat="51.5685620" lon="-112.9104870">
    <ele>802.7</ele>
    <time>2024-07-09T21:20:35Z</time>
   </trkpt>
   <trkpt lat="51.5685620" lon="-112.9105350">
    <ele>802.8</ele>
    <time>2024-07-09T21:20:36Z</time>
   </trkpt>
   <trkpt lat="51.5685540" lon="-112.9105840">
    <ele>802.9</ele>
    <time>2024-07-09T21:20:37Z</time>
   </trkpt>
   <trkpt lat="51.5685530" lon="-112.9106370">
    <ele>803.0</ele>
    <time>2024-07-09T21:20:38Z</time>
   </trkpt>
   <trkpt lat="51.5685520" lon="-112.9106890">
    <ele>803.1</ele>
    <time>2024-07-09T21:20:39Z</time>
   </trkpt>
   <trkpt lat="51.5685550" lon="-112.9107360">
    <ele>803.2</ele>
    <time>2024-07-09T21:20:40Z</time>
   </trkpt>
   <trkpt lat="51.5685530" lon="-112.9107840">
    <ele>803.3</ele>
    <time>2024-07-09T21:20:41Z</time>
   </trkpt>
   <trkpt lat="51.5685470" lon="-112.9108310">
    <ele>803.4</ele>
    <time>2024-07-09T21:20:42Z</time>
   </trkpt>
   <trkpt lat="51.5685420" lon="-112.9108790">
    <ele>803.5</ele>
    <time>2024-07-09T21:20:43Z</time>
   </trkpt>
   <trkpt lat="51.5685330" lon="-112.9109250">
    <ele>803.6</ele>
    <time>2024-07-09T21:20:44Z</time>
   </trkpt>
   <trkpt lat="51.5685350" lon="-112.9109910">
    <ele>803.7</ele>
    <time>2024-07-09T21:20:45Z</time>
   </trkpt>
   <trkpt lat="51.5685380" lon="-112.9110150">
    <ele>803.8</ele>
    <time>2024-07-09T21:20:46Z</time>
   </trkpt>
   <trkpt lat="51.5685400" lon="-112.9110620">
    <ele>803.9</ele>
    <time>2024-07-09T21:20:47Z</time>
   </trkpt>
   <trkpt lat="51.5685430" lon="-112.9111080">
    <ele>803.9</ele>
    <time>2024-07-09T21:20:48Z</time>
   </trkpt>
   <trkpt lat="51.5685390" lon="-112.9111520">
    <ele>804.0</ele>
    <time>2024-07-09T21:20:49Z</time>
   </trkpt>
   <trkpt lat="51.5685350" lon="-112.9112150">
    <ele>804.1</ele>
    <time>2024-07-09T21:20:50Z</time>
   </trkpt>
   <trkpt lat="51.5685330" lon="-112.9112340">
    <ele>804.1</ele>
    <time>2024-07-09T21:20:51Z</time>
   </trkpt>
   <trkpt lat="51.5685340" lon="-112.9112850">
    <ele>804.2</ele>
    <time>2024-07-09T21:20:52Z</time>
   </trkpt>
   <trkpt lat="51.5685350" lon="-112.9112980">
    <ele>804.2</ele>
    <time>2024-07-09T21:20:53Z</time>
   </trkpt>
   <trkpt lat="51.5685380" lon="-112.9113200">
    <ele>804.3</ele>
    <time>2024-07-09T21:20:54Z</time>
   </trkpt>
   <trkpt lat="51.5685390" lon="-112.9113270">
    <ele>804.3</ele>
    <time>2024-07-09T21:20:55Z</time>
   </trkpt>
   <trkpt lat="51.5685410" lon="-112.9113340">
    <ele>804.3</ele>
    <time>2024-07-09T21:20:56Z</time>
   </trkpt>
   <trkpt lat="51.5685420" lon="-112.9113410">
    <ele>804.3</ele>
    <time>2024-07-09T21:20:57Z</time>
   </trkpt>
   <trkpt lat="51.5685440" lon="-112.9113480">
    <ele>804.3</ele>
    <time>2024-07-09T21:20:58Z</time>
   </trkpt>
   <trkpt lat="51.5685450" lon="-112.9113550">
    <ele>804.3</ele>
    <time>2024-07-09T21:20:59Z</time>
   </trkpt>
   <trkpt lat="51.5685460" lon="-112.9113610">
    <ele>804.4</ele>
    <time>2024-07-09T21:21:00Z</time>
   </trkpt>
   <trkpt lat="51.5685480" lon="-112.9113680">
    <ele>804.4</ele>
    <time>2024-07-09T21:21:01Z</time>
   </trkpt>
   <trkpt lat="51.5685490" lon="-112.9113750">
    <ele>804.4</ele>
    <time>2024-07-09T21:21:02Z</time>
   </trkpt>
   <trkpt lat="51.5685500" lon="-112.9113820">
    <ele>804.4</ele>
    <time>2024-07-09T21:21:03Z</time>
   </trkpt>
   <trkpt lat="51.5685520" lon="-112.9113890">
    <ele>804.4</ele>
    <time>2024-07-09T21:21:04Z</time>
   </trkpt>
   <trkpt lat="51.5685530" lon="-112.9113960">
    <ele>804.4</ele>
    <time>2024-07-09T21:21:31Z</time>
   </trkpt>
   <trkpt lat="51.5685540" lon="-112.9114030">
    <ele>804.4</ele>
    <time>2024-07-09T21:21:32Z</time>
   </trkpt>
   <trkpt lat="51.5685560" lon="-112.9114100">
    <ele>804.4</ele>
    <time>2024-07-09T21:21:33Z</time>
   </trkpt>
   <trkpt lat="51.5685290" lon="-112.9114650">
    <ele>804.5</ele>
    <time>2024-07-09T21:21:34Z</time>
   </trkpt>
   <trkpt lat="51.5685160" lon="-112.9114850">
    <ele>804.6</ele>
    <time>2024-07-09T21:21:35Z</time>
   </trkpt>
   <trkpt lat="51.5684820" lon="-112.9115110">
    <ele>804.6</ele>
    <time>2024-07-09T21:21:36Z</time>
   </trkpt>
   <trkpt lat="51.5684410" lon="-112.9115250">
    <ele>804.6</ele>
    <time>2024-07-09T21:21:37Z</time>
   </trkpt>
   <trkpt lat="51.5683980" lon="-112.9115290">
    <ele>804.6</ele>
    <time>2024-07-09T21:21:38Z</time>
   </trkpt>
   <trkpt lat="51.5683520" lon="-112.9115400">
    <ele>804.6</ele>
    <time>2024-07-09T21:21:39Z</time>
   </trkpt>
   <trkpt lat="51.5683060" lon="-112.9115480">
    <ele>804.6</ele>
    <time>2024-07-09T21:21:40Z</time>
   </trkpt>
   <trkpt lat="51.5682610" lon="-112.9115480">
    <ele>804.6</ele>
    <time>2024-07-09T21:21:41Z</time>
   </trkpt>
   <trkpt lat="51.5682150" lon="-112.9115480">
    <ele>804.6</ele>
    <time>2024-07-09T21:21:42Z</time>
   </trkpt>
   <trkpt lat="51.5681660" lon="-112.9115490">
    <ele>804.6</ele>
    <time>2024-07-09T21:21:43Z</time>
   </trkpt>
   <trkpt lat="51.5681200" lon="-112.9115480">
    <ele>804.6</ele>
    <time>2024-07-09T21:21:44Z</time>
   </trkpt>
   <trkpt lat="51.5680690" lon="-112.9115490">
    <ele>804.5</ele>
    <time>2024-07-09T21:21:45Z</time>
   </trkpt>
   <trkpt lat="51.5680210" lon="-112.9115500">
    <ele>804.5</ele>
    <time>2024-07-09T21:21:46Z</time>
   </trkpt>
   <trkpt lat="51.5679730" lon="-112.9115430">
    <ele>804.5</ele>
    <time>2024-07-09T21:21:47Z</time>
   </trkpt>
   <trkpt lat="51.5679220" lon="-112.9115410">
    <ele>804.5</ele>
    <time>2024-07-09T21:21:48Z</time>
   </trkpt>
   <trkpt lat="51.5678710" lon="-112.9115400">
    <ele>804.5</ele>
    <time>2024-07-09T21:21:49Z</time>
   </trkpt>
   <trkpt lat="51.5678190" lon="-112.9115390">
    <ele>804.5</ele>
    <time>2024-07-09T21:21:50Z</time>
   </trkpt>
   <trkpt lat="51.5677650" lon="-112.9115400">
    <ele>804.6</ele>
    <time>2024-07-09T21:21:51Z</time>
   </trkpt>
   <trkpt lat="51.5677120" lon="-112.9115360">
    <ele>804.6</ele>
    <time>2024-07-09T21:21:52Z</time>
   </trkpt>
   <trkpt lat="51.5676590" lon="-112.9115360">
    <ele>804.6</ele>
    <time>2024-07-09T21:21:53Z</time>
   </trkpt>
   <trkpt lat="51.5676040" lon="-112.9115360">
    <ele>804.6</ele>
    <time>2024-07-09T21:21:54Z</time>
   </trkpt>
   <trkpt lat="51.5675520" lon="-112.9115350">
    <ele>804.7</ele>
    <time>2024-07-09T21:21:55Z</time>
   </trkpt>
   <trkpt lat="51.5675000" lon="-112.9115370">
    <ele>804.7</ele>
    <time>2024-07-09T21:21:56Z</time>
   </trkpt>
   <trkpt lat="51.5674460" lon="-112.9115390">
    <ele>804.8</ele>
    <time>2024-07-09T21:21:57Z</time>
   </trkpt>
   <trkpt lat="51.5673890" lon="-112.9115430">
    <ele>804.9</ele>
    <time>2024-07-09T21:21:58Z</time>
   </trkpt>
   <trkpt lat="51.5673320" lon="-112.9115420">
    <ele>804.9</ele>
    <time>2024-07-09T21:21:59Z</time>
   </trkpt>
   <trkpt lat="51.5672750" lon="-112.9115430">
    <ele>805.0</ele>
    <time>2024-07-09T21:22:00Z</time>
   </trkpt>
   <trkpt lat="51.5672190" lon="-112.9115400">
    <ele>805.0</ele>
    <time>2024-07-09T21:22:01Z</time>
   </trkpt>
   <trkpt lat="51.5671630" lon="-112.9115390">
    <ele>805.1</ele>
    <time>2024-07-09T21:22:02Z</time>
   </trkpt>
   <trkpt lat="51.5671060" lon="-112.9115390">
    <ele>805.1</ele>
    <time>2024-07-09T21:22:03Z</time>
   </trkpt>
   <trkpt lat="51.5670490" lon="-112.9115410">
    <ele>805.1</ele>
    <time>2024-07-09T21:22:04Z</time>
   </trkpt>
   <trkpt lat="51.5669950" lon="-112.9115410">
    <ele>805.2</ele>
    <time>2024-07-09T21:22:05Z</time>
   </trkpt>
   <trkpt lat="51.5669370" lon="-112.9115420">
    <ele>805.2</ele>
    <time>2024-07-09T21:22:06Z</time>
   </trkpt>
   <trkpt lat="51.5668830" lon="-112.9115420">
    <ele>805.3</ele>
    <time>2024-07-09T21:22:07Z</time>
   </trkpt>
   <trkpt lat="51.5668260" lon="-112.9115410">
    <ele>805.3</ele>
    <time>2024-07-09T21:22:08Z</time>
   </trkpt>
   <trkpt lat="51.5667720" lon="-112.9115350">
    <ele>805.3</ele>
    <time>2024-07-09T21:22:09Z</time>
   </trkpt>
   <trkpt lat="51.5667160" lon="-112.9115370">
    <ele>805.4</ele>
    <time>2024-07-09T21:22:10Z</time>
   </trkpt>
   <trkpt lat="51.5666600" lon="-112.9115390">
    <ele>805.5</ele>
    <time>2024-07-09T21:22:11Z</time>
   </trkpt>
   <trkpt lat="51.5666070" lon="-112.9115380">
    <ele>805.5</ele>
    <time>2024-07-09T21:22:12Z</time>
   </trkpt>
   <trkpt lat="51.5665560" lon="-112.9115320">
    <ele>805.6</ele>
    <time>2024-07-09T21:22:13Z</time>
   </trkpt>
   <trkpt lat="51.5665000" lon="-112.9115280">
    <ele>805.7</ele>
    <time>2024-07-09T21:22:14Z</time>
   </trkpt>
   <trkpt lat="51.5664460" lon="-112.9115270">
    <ele>805.8</ele>
    <time>2024-07-09T21:22:15Z</time>
   </trkpt>
   <trkpt lat="51.5663900" lon="-112.9115300">
    <ele>805.8</ele>
    <time>2024-07-09T21:22:16Z</time>
   </trkpt>
   <trkpt lat="51.5663360" lon="-112.9115310">
    <ele>805.9</ele>
    <time>2024-07-09T21:22:17Z</time>
   </trkpt>
   <trkpt lat="51.5662810" lon="-112.9115370">
    <ele>806.0</ele>
    <time>2024-07-09T21:22:18Z</time>
   </trkpt>
   <trkpt lat="51.5662300" lon="-112.9115400">
    <ele>806.0</ele>
    <time>2024-07-09T21:22:19Z</time>
   </trkpt>
   <trkpt lat="51.5661740" lon="-112.9115410">
    <ele>806.1</ele>
    <time>2024-07-09T21:22:20Z</time>
   </trkpt>
   <trkpt lat="51.5661190" lon="-112.9115420">
    <ele>806.2</ele>
    <time>2024-07-09T21:22:21Z</time>
   </trkpt>
   <trkpt lat="51.5660640" lon="-112.9115420">
    <ele>806.2</ele>
    <time>2024-07-09T21:22:22Z</time>
   </trkpt>
   <trkpt lat="51.5660090" lon="-112.9115390">
    <ele>806.3</ele>
    <time>2024-07-09T21:22:23Z</time>
   </trkpt>
   <trkpt lat="51.5659540" lon="-112.9115390">
    <ele>806.4</ele>
    <time>2024-07-09T21:22:24Z</time>
   </trkpt>
   <trkpt lat="51.5658990" lon="-112.9115400">
    <ele>806.4</ele>
    <time>2024-07-09T21:22:25Z</time>
   </trkpt>
   <trkpt lat="51.5658450" lon="-112.9115420">
    <ele>806.5</ele>
    <time>2024-07-09T21:22:26Z</time>
   </trkpt>
   <trkpt lat="51.5657920" lon="-112.9115400">
    <ele>806.6</ele>
    <time>2024-07-09T21:22:27Z</time>
   </trkpt>
   <trkpt lat="51.5657370" lon="-112.9115360">
    <ele>806.6</ele>
    <time>2024-07-09T21:22:28Z</time>
   </trkpt>
   <trkpt lat="51.5656810" lon="-112.9115360">
    <ele>806.7</ele>
    <time>2024-07-09T21:22:29Z</time>
   </trkpt>
   <trkpt lat="51.5656280" lon="-112.9115360">
    <ele>806.8</ele>
    <time>2024-07-09T21:22:30Z</time>
   </trkpt>
   <trkpt lat="51.5655740" lon="-112.9115370">
    <ele>806.8</ele>
    <time>2024-07-09T21:22:31Z</time>
   </trkpt>
   <trkpt lat="51.5655200" lon="-112.9115350">
    <ele>806.9</ele>
    <time>2024-07-09T21:22:32Z</time>
   </trkpt>
   <trkpt lat="51.5654670" lon="-112.9115330">
    <ele>806.9</ele>
    <time>2024-07-09T21:22:33Z</time>
   </trkpt>
   <trkpt lat="51.5654130" lon="-112.9115360">
    <ele>807.0</ele>
    <time>2024-07-09T21:22:34Z</time>
   </trkpt>
   <trkpt lat="51.5653600" lon="-112.9115400">
    <ele>807.0</ele>
    <time>2024-07-09T21:22:35Z</time>
   </trkpt>
   <trkpt lat="51.5653050" lon="-112.9115410">
    <ele>807.1</ele>
    <time>2024-07-09T21:22:36Z</time>
   </trkpt>
   <trkpt lat="51.5652520" lon="-112.9115390">
    <ele>807.2</ele>
    <time>2024-07-09T21:22:37Z</time>
   </trkpt>
   <trkpt lat="51.5651970" lon="-112.9115380">
    <ele>807.2</ele>
    <time>2024-07-09T21:22:38Z</time>
   </trkpt>
   <trkpt lat="51.5651430" lon="-112.9115340">
    <ele>807.3</ele>
    <time>2024-07-09T21:22:39Z</time>
   </trkpt>
   <trkpt lat="51.5650890" lon="-112.9115350">
    <ele>807.3</ele>
    <time>2024-07-09T21:22:40Z</time>
   </trkpt>
   <trkpt lat="51.5650360" lon="-112.9115400">
    <ele>807.4</ele>
    <time>2024-07-09T21:22:41Z</time>
   </trkpt>
   <trkpt lat="51.5649840" lon="-112.9115370">
    <ele>807.4</ele>
    <time>2024-07-09T21:22:42Z</time>
   </trkpt>
   <trkpt lat="51.5649260" lon="-112.9115460">
    <ele>807.5</ele>
    <time>2024-07-09T21:22:43Z</time>
   </trkpt>
   <trkpt lat="51.5648740" lon="-112.9115420">
    <ele>807.5</ele>
    <time>2024-07-09T21:22:44Z</time>
   </trkpt>
   <trkpt lat="51.5648210" lon="-112.9115440">
    <ele>807.6</ele>
    <time>2024-07-09T21:22:45Z</time>
   </trkpt>
   <trkpt lat="51.5647660" lon="-112.9115470">
    <ele>807.7</ele>
    <time>2024-07-09T21:22:46Z</time>
   </trkpt>
   <trkpt lat="51.5647130" lon="-112.9115460">
    <ele>807.8</ele>
    <time>2024-07-09T21:22:47Z</time>
   </trkpt>
   <trkpt lat="51.5646600" lon="-112.9115450">
    <ele>807.8</ele>
    <time>2024-07-09T21:22:48Z</time>
   </trkpt>
   <trkpt lat="51.5646060" lon="-112.9115450">
    <ele>807.9</ele>
    <time>2024-07-09T21:22:49Z</time>
   </trkpt>
   <trkpt lat="51.5645510" lon="-112.9115440">
    <ele>808.0</ele>
    <time>2024-07-09T21:22:50Z</time>
   </trkpt>
   <trkpt lat="51.5645000" lon="-112.9115420">
    <ele>808.0</ele>
    <time>2024-07-09T21:22:51Z</time>
   </trkpt>
   <trkpt lat="51.5644460" lon="-112.9115390">
    <ele>808.1</ele>
    <time>2024-07-09T21:22:52Z</time>
   </trkpt>
   <trkpt lat="51.5643940" lon="-112.9115400">
    <ele>808.1</ele>
    <time>2024-07-09T21:22:53Z</time>
   </trkpt>
   <trkpt lat="51.5643390" lon="-112.9115430">
    <ele>808.2</ele>
    <time>2024-07-09T21:22:54Z</time>
   </trkpt>
   <trkpt lat="51.5642820" lon="-112.9115450">
    <ele>808.3</ele>
    <time>2024-07-09T21:22:55Z</time>
   </trkpt>
   <trkpt lat="51.5642280" lon="-112.9115430">
    <ele>808.3</ele>
    <time>2024-07-09T21:22:56Z</time>
   </trkpt>
   <trkpt lat="51.5641740" lon="-112.9115440">
    <ele>808.4</ele>
    <time>2024-07-09T21:22:57Z</time>
   </trkpt>
   <trkpt lat="51.5641190" lon="-112.9115420">
    <ele>808.5</ele>
    <time>2024-07-09T21:22:58Z</time>
   </trkpt>
   <trkpt lat="51.5640670" lon="-112.9115390">
    <ele>808.5</ele>
    <time>2024-07-09T21:22:59Z</time>
   </trkpt>
   <trkpt lat="51.5640130" lon="-112.9115370">
    <ele>808.6</ele>
    <time>2024-07-09T21:23:00Z</time>
   </trkpt>
   <trkpt lat="51.5639620" lon="-112.9115320">
    <ele>808.7</ele>
    <time>2024-07-09T21:23:01Z</time>
   </trkpt>
   <trkpt lat="51.5639100" lon="-112.9115300">
    <ele>808.7</ele>
    <time>2024-07-09T21:23:02Z</time>
   </trkpt>
   <trkpt lat="51.5638590" lon="-112.9115330">
    <ele>808.8</ele>
    <time>2024-07-09T21:23:03Z</time>
   </trkpt>
   <trkpt lat="51.5638060" lon="-112.9115390">
    <ele>808.8</ele>
    <time>2024-07-09T21:23:04Z</time>
   </trkpt>
   <trkpt lat="51.5637530" lon="-112.9115430">
    <ele>808.9</ele>
    <time>2024-07-09T21:23:05Z</time>
   </trkpt>
   <trkpt lat="51.5637020" lon="-112.9115440">
    <ele>808.9</ele>
    <time>2024-07-09T21:23:06Z</time>
   </trkpt>
   <trkpt lat="51.5636480" lon="-112.9115420">
    <ele>809.0</ele>
    <time>2024-07-09T21:23:07Z</time>
   </trkpt>
   <trkpt lat="51.5635950" lon="-112.9115410">
    <ele>809.0</ele>
    <time>2024-07-09T21:23:08Z</time>
   </trkpt>
   <trkpt lat="51.5635410" lon="-112.9115420">
    <ele>809.1</ele>
    <time>2024-07-09T21:23:09Z</time>
   </trkpt>
   <trkpt lat="51.5634880" lon="-112.9115410">
    <ele>809.2</ele>
    <time>2024-07-09T21:23:10Z</time>
   </trkpt>
   <trkpt lat="51.5634350" lon="-112.9115430">
    <ele>809.2</ele>
    <time>2024-07-09T21:23:11Z</time>
   </trkpt>
   <trkpt lat="51.5633850" lon="-112.9115430">
    <ele>809.3</ele>
    <time>2024-07-09T21:23:12Z</time>
   </trkpt>
   <trkpt lat="51.5633350" lon="-112.9115420">
    <ele>809.3</ele>
    <time>2024-07-09T21:23:13Z</time>
   </trkpt>
   <trkpt lat="51.5632820" lon="-112.9115440">
    <ele>809.4</ele>
    <time>2024-07-09T21:23:14Z</time>
   </trkpt>
   <trkpt lat="51.5632310" lon="-112.9115450">
    <ele>809.5</ele>
    <time>2024-07-09T21:23:15Z</time>
   </trkpt>
   <trkpt lat="51.5631790" lon="-112.9115420">
    <ele>809.5</ele>
    <time>2024-07-09T21:23:16Z</time>
   </trkpt>
   <trkpt lat="51.5631290" lon="-112.9115380">
    <ele>809.6</ele>
    <time>2024-07-09T21:23:17Z</time>
   </trkpt>
   <trkpt lat="51.5630800" lon="-112.9115400">
    <ele>809.7</ele>
    <time>2024-07-09T21:23:18Z</time>
   </trkpt>
   <trkpt lat="51.5630270" lon="-112.9115410">
    <ele>809.8</ele>
    <time>2024-07-09T21:23:19Z</time>
   </trkpt>
   <trkpt lat="51.5629760" lon="-112.9115420">
    <ele>809.8</ele>
    <time>2024-07-09T21:23:20Z</time>
   </trkpt>
   <trkpt lat="51.5629240" lon="-112.9115450">
    <ele>809.9</ele>
    <time>2024-07-09T21:23:21Z</time>
   </trkpt>
   <trkpt lat="51.5628730" lon="-112.9115390">
    <ele>810.0</ele>
    <time>2024-07-09T21:23:22Z</time>
   </trkpt>
   <trkpt lat="51.5628240" lon="-112.9115340">
    <ele>810.0</ele>
    <time>2024-07-09T21:23:23Z</time>
   </trkpt>
   <trkpt lat="51.5627700" lon="-112.9115360">
    <ele>810.1</ele>
    <time>2024-07-09T21:23:24Z</time>
   </trkpt>
   <trkpt lat="51.5627180" lon="-112.9115390">
    <ele>810.1</ele>
    <time>2024-07-09T21:23:25Z</time>
   </trkpt>
   <trkpt lat="51.5626660" lon="-112.9115410">
    <ele>810.2</ele>
    <time>2024-07-09T21:23:26Z</time>
   </trkpt>
   <trkpt lat="51.5626130" lon="-112.9115430">
    <ele>810.3</ele>
    <time>2024-07-09T21:23:27Z</time>
   </trkpt>
   <trkpt lat="51.5625600" lon="-112.9115410">
    <ele>810.3</ele>
    <time>2024-07-09T21:23:28Z</time>
   </trkpt>
   <trkpt lat="51.5625080" lon="-112.9115400">
    <ele>810.4</ele>
    <time>2024-07-09T21:23:29Z</time>
   </trkpt>
   <trkpt lat="51.5624560" lon="-112.9115400">
    <ele>810.5</ele>
    <time>2024-07-09T21:23:30Z</time>
   </trkpt>
   <trkpt lat="51.5624050" lon="-112.9115350">
    <ele>810.5</ele>
    <time>2024-07-09T21:23:31Z</time>
   </trkpt>
   <trkpt lat="51.5623550" lon="-112.9115360">
    <ele>810.6</ele>
    <time>2024-07-09T21:23:32Z</time>
   </trkpt>
   <trkpt lat="51.5623040" lon="-112.9115400">
    <ele>810.7</ele>
    <time>2024-07-09T21:23:33Z</time>
   </trkpt>
   <trkpt lat="51.5622530" lon="-112.9115430">
    <ele>810.7</ele>
    <time>2024-07-09T21:23:34Z</time>
   </trkpt>
   <trkpt lat="51.5622000" lon="-112.9115440">
    <ele>810.8</ele>
    <time>2024-07-09T21:23:35Z</time>
   </trkpt>
   <trkpt lat="51.5621470" lon="-112.9115450">
    <ele>810.9</ele>
    <time>2024-07-09T21:23:36Z</time>
   </trkpt>
   <trkpt lat="51.5620950" lon="-112.9115450">
    <ele>810.9</ele>
    <time>2024-07-09T21:23:37Z</time>
   </trkpt>
   <trkpt lat="51.5620410" lon="-112.9115430">
    <ele>811.0</ele>
    <time>2024-07-09T21:23:38Z</time>
   </trkpt>
   <trkpt lat="51.5619860" lon="-112.9115430">
    <ele>811.1</ele>
    <time>2024-07-09T21:23:39Z</time>
   </trkpt>
   <trkpt lat="51.5619320" lon="-112.9115410">
    <ele>811.1</ele>
    <time>2024-07-09T21:23:40Z</time>
   </trkpt>
   <trkpt lat="51.5618770" lon="-112.9115420">
    <ele>811.2</ele>
    <time>2024-07-09T21:23:41Z</time>
   </trkpt>
   <trkpt lat="51.5618240" lon="-112.9115410">
    <ele>811.3</ele>
    <time>2024-07-09T21:23:42Z</time>
   </trkpt>
   <trkpt lat="51.5617670" lon="-112.9115380">
    <ele>811.4</ele>
    <time>2024-07-09T21:23:43Z</time>
   </trkpt>
   <trkpt lat="51.5617120" lon="-112.9115400">
    <ele>811.4</ele>
    <time>2024-07-09T21:23:44Z</time>
   </trkpt>
   <trkpt lat="51.5616560" lon="-112.9115420">
    <ele>811.5</ele>
    <time>2024-07-09T21:23:45Z</time>
   </trkpt>
   <trkpt lat="51.5616010" lon="-112.9115460">
    <ele>811.6</ele>
    <time>2024-07-09T21:23:46Z</time>
   </trkpt>
   <trkpt lat="51.5615410" lon="-112.9115500">
    <ele>811.7</ele>
    <time>2024-07-09T21:23:47Z</time>
   </trkpt>
   <trkpt lat="51.5614810" lon="-112.9115450">
    <ele>811.7</ele>
    <time>2024-07-09T21:23:48Z</time>
   </trkpt>
   <trkpt lat="51.5614240" lon="-112.9115390">
    <ele>811.8</ele>
    <time>2024-07-09T21:23:49Z</time>
   </trkpt>
   <trkpt lat="51.5613650" lon="-112.9115340">
    <ele>811.9</ele>
    <time>2024-07-09T21:23:50Z</time>
   </trkpt>
   <trkpt lat="51.5613090" lon="-112.9115310">
    <ele>811.9</ele>
    <time>2024-07-09T21:23:51Z</time>
   </trkpt>
   <trkpt lat="51.5612510" lon="-112.9115330">
    <ele>812.0</ele>
    <time>2024-07-09T21:23:52Z</time>
   </trkpt>
   <trkpt lat="51.5611940" lon="-112.9115350">
    <ele>812.1</ele>
    <time>2024-07-09T21:23:53Z</time>
   </trkpt>
   <trkpt lat="51.5611350" lon="-112.9115380">
    <ele>812.1</ele>
    <time>2024-07-09T21:23:54Z</time>
   </trkpt>
   <trkpt lat="51.5610800" lon="-112.9115380">
    <ele>812.2</ele>
    <time>2024-07-09T21:23:55Z</time>
   </trkpt>
   <trkpt lat="51.5610230" lon="-112.9115390">
    <ele>812.3</ele>
    <time>2024-07-09T21:23:56Z</time>
   </trkpt>
   <trkpt lat="51.5609690" lon="-112.9115390">
    <ele>812.3</ele>
    <time>2024-07-09T21:23:57Z</time>
   </trkpt>
   <trkpt lat="51.5609150" lon="-112.9115360">
    <ele>812.4</ele>
    <time>2024-07-09T21:23:58Z</time>
   </trkpt>
   <trkpt lat="51.5608610" lon="-112.9115350">
    <ele>812.4</ele>
    <time>2024-07-09T21:23:59Z</time>
   </trkpt>
   <trkpt lat="51.5608070" lon="-112.9115370">
    <ele>812.5</ele>
    <time>2024-07-09T21:24:00Z</time>
   </trkpt>
   <trkpt lat="51.5607540" lon="-112.9115400">
    <ele>812.5</ele>
    <time>2024-07-09T21:24:01Z</time>
   </trkpt>
   <trkpt lat="51.5607010" lon="-112.9115400">
    <ele>812.6</ele>
    <time>2024-07-09T21:24:02Z</time>
   </trkpt>
   <trkpt lat="51.5606480" lon="-112.9115410">
    <ele>812.6</ele>
    <time>2024-07-09T21:24:03Z</time>
   </trkpt>
   <trkpt lat="51.5605960" lon="-112.9115390">
    <ele>812.6</ele>
    <time>2024-07-09T21:24:04Z</time>
   </trkpt>
   <trkpt lat="51.5605450" lon="-112.9115380">
    <ele>812.6</ele>
    <time>2024-07-09T21:24:05Z</time>
   </trkpt>
   <trkpt lat="51.5604910" lon="-112.9115380">
    <ele>812.7</ele>
    <time>2024-07-09T21:24:06Z</time>
   </trkpt>
   <trkpt lat="51.5604370" lon="-112.9115400">
    <ele>812.7</ele>
    <time>2024-07-09T21:24:07Z</time>
   </trkpt>
   <trkpt lat="51.5603840" lon="-112.9115450">
    <ele>812.7</ele>
    <time>2024-07-09T21:24:08Z</time>
   </trkpt>
   <trkpt lat="51.5603320" lon="-112.9115450">
    <ele>812.8</ele>
    <time>2024-07-09T21:24:09Z</time>
   </trkpt>
   <trkpt lat="51.5602800" lon="-112.9115450">
    <ele>812.8</ele>
    <time>2024-07-09T21:24:10Z</time>
   </trkpt>
   <trkpt lat="51.5602290" lon="-112.9115440">
    <ele>812.8</ele>
    <time>2024-07-09T21:24:11Z</time>
   </trkpt>
   <trkpt lat="51.5601750" lon="-112.9115430">
    <ele>812.9</ele>
    <time>2024-07-09T21:24:12Z</time>
   </trkpt>
   <trkpt lat="51.5601230" lon="-112.9115420">
    <ele>812.9</ele>
    <time>2024-07-09T21:24:13Z</time>
   </trkpt>
   <trkpt lat="51.5600690" lon="-112.9115430">
    <ele>813.0</ele>
    <time>2024-07-09T21:24:14Z</time>
   </trkpt>
   <trkpt lat="51.5600180" lon="-112.9115440">
    <ele>813.0</ele>
    <time>2024-07-09T21:24:15Z</time>
   </trkpt>
   <trkpt lat="51.5599670" lon="-112.9115460">
    <ele>813.0</ele>
    <time>2024-07-09T21:24:16Z</time>
   </trkpt>
   <trkpt lat="51.5599120" lon="-112.9115470">
    <ele>813.1</ele>
    <time>2024-07-09T21:24:17Z</time>
   </trkpt>
   <trkpt lat="51.5598600" lon="-112.9115480">
    <ele>813.1</ele>
    <time>2024-07-09T21:24:18Z</time>
   </trkpt>
   <trkpt lat="51.5598090" lon="-112.9115500">
    <ele>813.1</ele>
    <time>2024-07-09T21:24:19Z</time>
   </trkpt>
   <trkpt lat="51.5597570" lon="-112.9115470">
    <ele>813.2</ele>
    <time>2024-07-09T21:24:20Z</time>
   </trkpt>
   <trkpt lat="51.5597060" lon="-112.9115440">
    <ele>813.2</ele>
    <time>2024-07-09T21:24:21Z</time>
   </trkpt>
   <trkpt lat="51.5596530" lon="-112.9115420">
    <ele>813.3</ele>
    <time>2024-07-09T21:24:22Z</time>
   </trkpt>
   <trkpt lat="51.5596020" lon="-112.9115420">
    <ele>813.3</ele>
    <time>2024-07-09T21:24:23Z</time>
   </trkpt>
   <trkpt lat="51.5595500" lon="-112.9115440">
    <ele>813.4</ele>
    <time>2024-07-09T21:24:24Z</time>
   </trkpt>
   <trkpt lat="51.5594960" lon="-112.9115430">
    <ele>813.4</ele>
    <time>2024-07-09T21:24:25Z</time>
   </trkpt>
   <trkpt lat="51.5594440" lon="-112.9115450">
    <ele>813.4</ele>
    <time>2024-07-09T21:24:26Z</time>
   </trkpt>
   <trkpt lat="51.5593930" lon="-112.9115440">
    <ele>813.5</ele>
    <time>2024-07-09T21:24:27Z</time>
   </trkpt>
   <trkpt lat="51.5593410" lon="-112.9115420">
    <ele>813.5</ele>
    <time>2024-07-09T21:24:28Z</time>
   </trkpt>
   <trkpt lat="51.5592850" lon="-112.9115420">
    <ele>813.6</ele>
    <time>2024-07-09T21:24:29Z</time>
   </trkpt>
   <trkpt lat="51.5592320" lon="-112.9115390">
    <ele>813.6</ele>
    <time>2024-07-09T21:24:30Z</time>
   </trkpt>
   <trkpt lat="51.5591760" lon="-112.9115440">
    <ele>813.7</ele>
    <time>2024-07-09T21:24:31Z</time>
   </trkpt>
   <trkpt lat="51.5591240" lon="-112.9115400">
    <ele>813.7</ele>
    <time>2024-07-09T21:24:32Z</time>
   </trkpt>
   <trkpt lat="51.5590650" lon="-112.9115430">
    <ele>813.8</ele>
    <time>2024-07-09T21:24:33Z</time>
   </trkpt>
   <trkpt lat="51.5590130" lon="-112.9115400">
    <ele>813.8</ele>
    <time>2024-07-09T21:24:34Z</time>
   </trkpt>
   <trkpt lat="51.5589610" lon="-112.9115400">
    <ele>813.9</ele>
    <time>2024-07-09T21:24:35Z</time>
   </trkpt>
   <trkpt lat="51.5589100" lon="-112.9115400">
    <ele>814.0</ele>
    <time>2024-07-09T21:24:36Z</time>
   </trkpt>
   <trkpt lat="51.5588590" lon="-112.9115380">
    <ele>814.1</ele>
    <time>2024-07-09T21:24:37Z</time>
   </trkpt>
   <trkpt lat="51.5588070" lon="-112.9115410">
    <ele>814.2</ele>
    <time>2024-07-09T21:24:38Z</time>
   </trkpt>
   <trkpt lat="51.5587550" lon="-112.9115400">
    <ele>814.3</ele>
    <time>2024-07-09T21:24:39Z</time>
   </trkpt>
   <trkpt lat="51.5587010" lon="-112.9115400">
    <ele>814.3</ele>
    <time>2024-07-09T21:24:40Z</time>
   </trkpt>
   <trkpt lat="51.5586490" lon="-112.9115410">
    <ele>814.4</ele>
    <time>2024-07-09T21:24:41Z</time>
   </trkpt>
   <trkpt lat="51.5585930" lon="-112.9115430">
    <ele>814.4</ele>
    <time>2024-07-09T21:24:42Z</time>
   </trkpt>
   <trkpt lat="51.5585400" lon="-112.9115410">
    <ele>814.4</ele>
    <time>2024-07-09T21:24:43Z</time>
   </trkpt>
   <trkpt lat="51.5584760" lon="-112.9115410">
    <ele>814.5</ele>
    <time>2024-07-09T21:24:44Z</time>
   </trkpt>
   <trkpt lat="51.5584310" lon="-112.9115380">
    <ele>814.5</ele>
    <time>2024-07-09T21:24:45Z</time>
   </trkpt>
   <trkpt lat="51.5583790" lon="-112.9115370">
    <ele>814.5</ele>
    <time>2024-07-09T21:24:46Z</time>
   </trkpt>
   <trkpt lat="51.5583260" lon="-112.9115390">
    <ele>814.6</ele>
    <time>2024-07-09T21:24:47Z</time>
   </trkpt>
   <trkpt lat="51.5582720" lon="-112.9115410">
    <ele>814.6</ele>
    <time>2024-07-09T21:24:48Z</time>
   </trkpt>
   <trkpt lat="51.5582310" lon="-112.9115370">
    <ele>814.6</ele>
    <time>2024-07-09T21:24:49Z</time>
   </trkpt>
   <trkpt lat="51.5581760" lon="-112.9115330">
    <ele>814.6</ele>
    <time>2024-07-09T21:24:50Z</time>
   </trkpt>
   <trkpt lat="51.5581290" lon="-112.9115350">
    <ele>814.6</ele>
    <time>2024-07-09T21:24:51Z</time>
   </trkpt>
   <trkpt lat="51.5580730" lon="-112.9115390">
    <ele>814.7</ele>
    <time>2024-07-09T21:24:52Z</time>
   </trkpt>
   <trkpt lat="51.5580210" lon="-112.9115400">
    <ele>814.7</ele>
    <time>2024-07-09T21:24:53Z</time>
   </trkpt>
   <trkpt lat="51.5579720" lon="-112.9115400">
    <ele>814.7</ele>
    <time>2024-07-09T21:24:54Z</time>
   </trkpt>
   <trkpt lat="51.5579220" lon="-112.9115380">
    <ele>814.8</ele>
    <time>2024-07-09T21:24:55Z</time>
   </trkpt>
   <trkpt lat="51.5578650" lon="-112.9115370">
    <ele>814.9</ele>
    <time>2024-07-09T21:24:56Z</time>
   </trkpt>
   <trkpt lat="51.5578160" lon="-112.9115390">
    <ele>814.9</ele>
    <time>2024-07-09T21:24:57Z</time>
   </trkpt>
   <trkpt lat="51.5577670" lon="-112.9115430">
    <ele>815.0</ele>
    <time>2024-07-09T21:24:58Z</time>
   </trkpt>
   <trkpt lat="51.5577160" lon="-112.9115430">
    <ele>815.0</ele>
    <time>2024-07-09T21:24:59Z</time>
   </trkpt>
   <trkpt lat="51.5576650" lon="-112.9115400">
    <ele>815.1</ele>
    <time>2024-07-09T21:25:00Z</time>
   </trkpt>
   <trkpt lat="51.5576090" lon="-112.9115440">
    <ele>815.1</ele>
    <time>2024-07-09T21:25:01Z</time>
   </trkpt>
   <trkpt lat="51.5575560" lon="-112.9115440">
    <ele>815.2</ele>
    <time>2024-07-09T21:25:02Z</time>
   </trkpt>
   <trkpt lat="51.5574980" lon="-112.9115420">
    <ele>815.2</ele>
    <time>2024-07-09T21:25:03Z</time>
   </trkpt>
   <trkpt lat="51.5574450" lon="-112.9115430">
    <ele>815.3</ele>
    <time>2024-07-09T21:25:04Z</time>
   </trkpt>
   <trkpt lat="51.5573910" lon="-112.9115360">
    <ele>815.3</ele>
    <time>2024-07-09T21:25:05Z</time>
   </trkpt>
   <trkpt lat="51.5573380" lon="-112.9115360">
    <ele>815.4</ele>
    <time>2024-07-09T21:25:06Z</time>
   </trkpt>
   <trkpt lat="51.5572830" lon="-112.9115360">
    <ele>815.5</ele>
    <time>2024-07-09T21:25:07Z</time>
   </trkpt>
   <trkpt lat="51.5572230" lon="-112.9115350">
    <ele>815.5</ele>
    <time>2024-07-09T21:25:08Z</time>
   </trkpt>
   <trkpt lat="51.5571650" lon="-112.9115380">
    <ele>815.6</ele>
    <time>2024-07-09T21:25:09Z</time>
   </trkpt>
   <trkpt lat="51.5571200" lon="-112.9115410">
    <ele>815.6</ele>
    <time>2024-07-09T21:25:10Z</time>
   </trkpt>
   <trkpt lat="51.5570680" lon="-112.9115430">
    <ele>815.7</ele>
    <time>2024-07-09T21:25:11Z</time>
   </trkpt>
   <trkpt lat="51.5570140" lon="-112.9115430">
    <ele>815.7</ele>
    <time>2024-07-09T21:25:12Z</time>
   </trkpt>
   <trkpt lat="51.5569640" lon="-112.9115420">
    <ele>815.8</ele>
    <time>2024-07-09T21:25:13Z</time>
   </trkpt>
   <trkpt lat="51.5569110" lon="-112.9115420">
    <ele>815.9</ele>
    <time>2024-07-09T21:25:14Z</time>
   </trkpt>
   <trkpt lat="51.5568580" lon="-112.9115390">
    <ele>815.9</ele>
    <time>2024-07-09T21:25:15Z</time>
   </trkpt>
   <trkpt lat="51.5568020" lon="-112.9115380">
    <ele>816.0</ele>
    <time>2024-07-09T21:25:16Z</time>
   </trkpt>
   <trkpt lat="51.5567480" lon="-112.9115410">
    <ele>816.0</ele>
    <time>2024-07-09T21:25:17Z</time>
   </trkpt>
   <trkpt lat="51.5566950" lon="-112.9115460">
    <ele>816.1</ele>
    <time>2024-07-09T21:25:18Z</time>
   </trkpt>
   <trkpt lat="51.5566400" lon="-112.9115460">
    <ele>816.1</ele>
    <time>2024-07-09T21:25:19Z</time>
   </trkpt>
   <trkpt lat="51.5565840" lon="-112.9115390">
    <ele>816.2</ele>
    <time>2024-07-09T21:25:20Z</time>
   </trkpt>
   <trkpt lat="51.5565280" lon="-112.9115380">
    <ele>816.2</ele>
    <time>2024-07-09T21:25:21Z</time>
   </trkpt>
   <trkpt lat="51.5564720" lon="-112.9115390">
    <ele>816.2</ele>
    <time>2024-07-09T21:25:22Z</time>
   </trkpt>
   <trkpt lat="51.5564130" lon="-112.9115400">
    <ele>816.3</ele>
    <time>2024-07-09T21:25:23Z</time>
   </trkpt>
   <trkpt lat="51.5563610" lon="-112.9115400">
    <ele>816.3</ele>
    <time>2024-07-09T21:25:24Z</time>
   </trkpt>
   <trkpt lat="51.5563060" lon="-112.9115370">
    <ele>816.4</ele>
    <time>2024-07-09T21:25:25Z</time>
   </trkpt>
   <trkpt lat="51.5562480" lon="-112.9115370">
    <ele>816.4</ele>
    <time>2024-07-09T21:25:26Z</time>
   </trkpt>
   <trkpt lat="51.5561960" lon="-112.9115360">
    <ele>816.5</ele>
    <time>2024-07-09T21:25:27Z</time>
   </trkpt>
   <trkpt lat="51.5561380" lon="-112.9115380">
    <ele>816.5</ele>
    <time>2024-07-09T21:25:28Z</time>
   </trkpt>
   <trkpt lat="51.5560850" lon="-112.9115340">
    <ele>816.6</ele>
    <time>2024-07-09T21:25:29Z</time>
   </trkpt>
   <trkpt lat="51.5560280" lon="-112.9115360">
    <ele>816.6</ele>
    <time>2024-07-09T21:25:30Z</time>
   </trkpt>
   <trkpt lat="51.5559740" lon="-112.9115360">
    <ele>816.7</ele>
    <time>2024-07-09T21:25:31Z</time>
   </trkpt>
   <trkpt lat="51.5559200" lon="-112.9115360">
    <ele>816.7</ele>
    <time>2024-07-09T21:25:32Z</time>
   </trkpt>
   <trkpt lat="51.5558660" lon="-112.9115360">
    <ele>816.8</ele>
    <time>2024-07-09T21:25:33Z</time>
   </trkpt>
   <trkpt lat="51.5558120" lon="-112.9115350">
    <ele>816.8</ele>
    <time>2024-07-09T21:25:34Z</time>
   </trkpt>
   <trkpt lat="51.5557560" lon="-112.9115350">
    <ele>816.9</ele>
    <time>2024-07-09T21:25:35Z</time>
   </trkpt>
   <trkpt lat="51.5557030" lon="-112.9115330">
    <ele>816.9</ele>
    <time>2024-07-09T21:25:36Z</time>
   </trkpt>
   <trkpt lat="51.5556490" lon="-112.9115310">
    <ele>816.9</ele>
    <time>2024-07-09T21:25:37Z</time>
   </trkpt>
   <trkpt lat="51.5555940" lon="-112.9115300">
    <ele>817.0</ele>
    <time>2024-07-09T21:25:38Z</time>
   </trkpt>
   <trkpt lat="51.5555390" lon="-112.9115320">
    <ele>817.0</ele>
    <time>2024-07-09T21:25:39Z</time>
   </trkpt>
   <trkpt lat="51.5554840" lon="-112.9115330">
    <ele>817.0</ele>
    <time>2024-07-09T21:25:40Z</time>
   </trkpt>
   <trkpt lat="51.5554280" lon="-112.9115330">
    <ele>817.1</ele>
    <time>2024-07-09T21:25:41Z</time>
   </trkpt>
   <trkpt lat="51.5553730" lon="-112.9115320">
    <ele>817.1</ele>
    <time>2024-07-09T21:25:42Z</time>
   </trkpt>
   <trkpt lat="51.5553170" lon="-112.9115310">
    <ele>817.1</ele>
    <time>2024-07-09T21:25:43Z</time>
   </trkpt>
   <trkpt lat="51.5552600" lon="-112.9115350">
    <ele>817.1</ele>
    <time>2024-07-09T21:25:44Z</time>
   </trkpt>
   <trkpt lat="51.5552050" lon="-112.9115380">
    <ele>817.1</ele>
    <time>2024-07-09T21:25:45Z</time>
   </trkpt>
   <trkpt lat="51.5551490" lon="-112.9115400">
    <ele>817.2</ele>
    <time>2024-07-09T21:25:46Z</time>
   </trkpt>
   <trkpt lat="51.5550960" lon="-112.9115390">
    <ele>817.2</ele>
    <time>2024-07-09T21:25:47Z</time>
   </trkpt>
   <trkpt lat="51.5550430" lon="-112.9115390">
    <ele>817.2</ele>
    <time>2024-07-09T21:25:48Z</time>
   </trkpt>
   <trkpt lat="51.5549880" lon="-112.9115380">
    <ele>817.3</ele>
    <time>2024-07-09T21:25:49Z</time>
   </trkpt>
   <trkpt lat="51.5549350" lon="-112.9115370">
    <ele>817.3</ele>
    <time>2024-07-09T21:25:50Z</time>
   </trkpt>
   <trkpt lat="51.5548810" lon="-112.9115350">
    <ele>817.3</ele>
    <time>2024-07-09T21:25:51Z</time>
   </trkpt>
   <trkpt lat="51.5548260" lon="-112.9115340">
    <ele>817.3</ele>
    <time>2024-07-09T21:25:52Z</time>
   </trkpt>
   <trkpt lat="51.5547720" lon="-112.9115360">
    <ele>817.4</ele>
    <time>2024-07-09T21:25:53Z</time>
   </trkpt>
   <trkpt lat="51.5547190" lon="-112.9115390">
    <ele>817.4</ele>
    <time>2024-07-09T21:25:54Z</time>
   </trkpt>
   <trkpt lat="51.5546640" lon="-112.9115390">
    <ele>817.4</ele>
    <time>2024-07-09T21:25:55Z</time>
   </trkpt>
   <trkpt lat="51.5546060" lon="-112.9115410">
    <ele>817.4</ele>
    <time>2024-07-09T21:25:56Z</time>
   </trkpt>
   <trkpt lat="51.5545510" lon="-112.9115380">
    <ele>817.4</ele>
    <time>2024-07-09T21:25:57Z</time>
   </trkpt>
   <trkpt lat="51.5544950" lon="-112.9115370">
    <ele>817.4</ele>
    <time>2024-07-09T21:25:58Z</time>
   </trkpt>
   <trkpt lat="51.5544390" lon="-112.9115370">
    <ele>817.4</ele>
    <time>2024-07-09T21:25:59Z</time>
   </trkpt>
   <trkpt lat="51.5543840" lon="-112.9115380">
    <ele>817.4</ele>
    <time>2024-07-09T21:26:00Z</time>
   </trkpt>
   <trkpt lat="51.5543290" lon="-112.9115390">
    <ele>817.4</ele>
    <time>2024-07-09T21:26:01Z</time>
   </trkpt>
   <trkpt lat="51.5542730" lon="-112.9115380">
    <ele>817.4</ele>
    <time>2024-07-09T21:26:02Z</time>
   </trkpt>
   <trkpt lat="51.5542170" lon="-112.9115380">
    <ele>817.5</ele>
    <time>2024-07-09T21:26:03Z</time>
   </trkpt>
   <trkpt lat="51.5541610" lon="-112.9115340">
    <ele>817.5</ele>
    <time>2024-07-09T21:26:04Z</time>
   </trkpt>
   <trkpt lat="51.5541060" lon="-112.9115380">
    <ele>817.5</ele>
    <time>2024-07-09T21:26:05Z</time>
   </trkpt>
   <trkpt lat="51.5540490" lon="-112.9115400">
    <ele>817.5</ele>
    <time>2024-07-09T21:26:06Z</time>
   </trkpt>
   <trkpt lat="51.5539910" lon="-112.9115350">
    <ele>817.5</ele>
    <time>2024-07-09T21:26:07Z</time>
   </trkpt>
   <trkpt lat="51.5539340" lon="-112.9115340">
    <ele>817.5</ele>
    <time>2024-07-09T21:26:08Z</time>
   </trkpt>
   <trkpt lat="51.5538770" lon="-112.9115390">
    <ele>817.5</ele>
    <time>2024-07-09T21:26:09Z</time>
   </trkpt>
   <trkpt lat="51.5538220" lon="-112.9115360">
    <ele>817.5</ele>
    <time>2024-07-09T21:26:10Z</time>
   </trkpt>
   <trkpt lat="51.5537620" lon="-112.9115360">
    <ele>817.5</ele>
    <time>2024-07-09T21:26:11Z</time>
   </trkpt>
   <trkpt lat="51.5537040" lon="-112.9115310">
    <ele>817.5</ele>
    <time>2024-07-09T21:26:12Z</time>
   </trkpt>
   <trkpt lat="51.5536450" lon="-112.9115310">
    <ele>817.5</ele>
    <time>2024-07-09T21:26:13Z</time>
   </trkpt>
   <trkpt lat="51.5535900" lon="-112.9115300">
    <ele>817.5</ele>
    <time>2024-07-09T21:26:14Z</time>
   </trkpt>
   <trkpt lat="51.5535430" lon="-112.9115310">
    <ele>817.5</ele>
    <time>2024-07-09T21:26:15Z</time>
   </trkpt>
   <trkpt lat="51.5534890" lon="-112.9115290">
    <ele>817.5</ele>
    <time>2024-07-09T21:26:16Z</time>
   </trkpt>
   <trkpt lat="51.5534380" lon="-112.9115300">
    <ele>817.5</ele>
    <time>2024-07-09T21:26:17Z</time>
   </trkpt>
   <trkpt lat="51.5533910" lon="-112.9115310">
    <ele>817.5</ele>
    <time>2024-07-09T21:26:18Z</time>
   </trkpt>
   <trkpt lat="51.5533410" lon="-112.9115340">
    <ele>817.5</ele>
    <time>2024-07-09T21:26:19Z</time>
   </trkpt>
   <trkpt lat="51.5532950" lon="-112.9115410">
    <ele>817.4</ele>
    <time>2024-07-09T21:26:20Z</time>
   </trkpt>
   <trkpt lat="51.5532510" lon="-112.9115520">
    <ele>817.4</ele>
    <time>2024-07-09T21:26:21Z</time>
   </trkpt>
   <trkpt lat="51.5532020" lon="-112.9115520">
    <ele>817.4</ele>
    <time>2024-07-09T21:26:22Z</time>
   </trkpt>
   <trkpt lat="51.5531540" lon="-112.9115570">
    <ele>817.4</ele>
    <time>2024-07-09T21:26:23Z</time>
   </trkpt>
   <trkpt lat="51.5531020" lon="-112.9115640">
    <ele>817.4</ele>
    <time>2024-07-09T21:26:24Z</time>
   </trkpt>
   <trkpt lat="51.5530500" lon="-112.9115610">
    <ele>817.4</ele>
    <time>2024-07-09T21:26:25Z</time>
   </trkpt>
   <trkpt lat="51.5529970" lon="-112.9115550">
    <ele>817.4</ele>
    <time>2024-07-09T21:26:26Z</time>
   </trkpt>
   <trkpt lat="51.5529420" lon="-112.9115540">
    <ele>817.4</ele>
    <time>2024-07-09T21:26:27Z</time>
   </trkpt>
   <trkpt lat="51.5528860" lon="-112.9115600">
    <ele>817.3</ele>
    <time>2024-07-09T21:26:28Z</time>
   </trkpt>
   <trkpt lat="51.5528350" lon="-112.9115600">
    <ele>817.3</ele>
    <time>2024-07-09T21:26:29Z</time>
   </trkpt>
   <trkpt lat="51.5527790" lon="-112.9115570">
    <ele>817.3</ele>
    <time>2024-07-09T21:26:30Z</time>
   </trkpt>
   <trkpt lat="51.5527230" lon="-112.9115560">
    <ele>817.3</ele>
    <time>2024-07-09T21:26:31Z</time>
   </trkpt>
   <trkpt lat="51.5526660" lon="-112.9115570">
    <ele>817.3</ele>
    <time>2024-07-09T21:26:32Z</time>
   </trkpt>
   <trkpt lat="51.5526050" lon="-112.9115560">
    <ele>817.2</ele>
    <time>2024-07-09T21:26:33Z</time>
   </trkpt>
   <trkpt lat="51.5525450" lon="-112.9115490">
    <ele>817.2</ele>
    <time>2024-07-09T21:26:34Z</time>
   </trkpt>
   <trkpt lat="51.5524850" lon="-112.9115440">
    <ele>817.2</ele>
    <time>2024-07-09T21:26:35Z</time>
   </trkpt>
   <trkpt lat="51.5524240" lon="-112.9115420">
    <ele>817.2</ele>
    <time>2024-07-09T21:26:36Z</time>
   </trkpt>
   <trkpt lat="51.5523640" lon="-112.9115430">
    <ele>817.2</ele>
    <time>2024-07-09T21:26:37Z</time>
   </trkpt>
   <trkpt lat="51.5523090" lon="-112.9115420">
    <ele>817.2</ele>
    <time>2024-07-09T21:26:38Z</time>
   </trkpt>
   <trkpt lat="51.5522520" lon="-112.9115410">
    <ele>817.2</ele>
    <time>2024-07-09T21:26:39Z</time>
   </trkpt>
   <trkpt lat="51.5521920" lon="-112.9115410">
    <ele>817.1</ele>
    <time>2024-07-09T21:26:40Z</time>
   </trkpt>
   <trkpt lat="51.5521380" lon="-112.9115350">
    <ele>817.1</ele>
    <time>2024-07-09T21:26:41Z</time>
   </trkpt>
   <trkpt lat="51.5520780" lon="-112.9115360">
    <ele>817.1</ele>
    <time>2024-07-09T21:26:42Z</time>
   </trkpt>
   <trkpt lat="51.5520140" lon="-112.9115370">
    <ele>817.1</ele>
    <time>2024-07-09T21:26:43Z</time>
   </trkpt>
   <trkpt lat="51.5519540" lon="-112.9115370">
    <ele>817.0</ele>
    <time>2024-07-09T21:26:44Z</time>
   </trkpt>
   <trkpt lat="51.5518900" lon="-112.9115370">
    <ele>817.0</ele>
    <time>2024-07-09T21:26:45Z</time>
   </trkpt>
   <trkpt lat="51.5518280" lon="-112.9115370">
    <ele>817.0</ele>
    <time>2024-07-09T21:26:46Z</time>
   </trkpt>
   <trkpt lat="51.5517660" lon="-112.9115350">
    <ele>816.9</ele>
    <time>2024-07-09T21:26:47Z</time>
   </trkpt>
   <trkpt lat="51.5517050" lon="-112.9115350">
    <ele>816.9</ele>
    <time>2024-07-09T21:26:48Z</time>
   </trkpt>
   <trkpt lat="51.5516430" lon="-112.9115330">
    <ele>816.9</ele>
    <time>2024-07-09T21:26:49Z</time>
   </trkpt>
   <trkpt lat="51.5515790" lon="-112.9115360">
    <ele>816.8</ele>
    <time>2024-07-09T21:26:50Z</time>
   </trkpt>
   <trkpt lat="51.5515150" lon="-112.9115440">
    <ele>816.8</ele>
    <time>2024-07-09T21:26:51Z</time>
   </trkpt>
   <trkpt lat="51.5514490" lon="-112.9115420">
    <ele>816.8</ele>
    <time>2024-07-09T21:26:52Z</time>
   </trkpt>
   <trkpt lat="51.5513870" lon="-112.9115360">
    <ele>816.8</ele>
    <time>2024-07-09T21:26:53Z</time>
   </trkpt>
   <trkpt lat="51.5513260" lon="-112.9115330">
    <ele>816.8</ele>
    <time>2024-07-09T21:26:54Z</time>
   </trkpt>
   <trkpt lat="51.5512640" lon="-112.9115340">
    <ele>816.7</ele>
    <time>2024-07-09T21:26:55Z</time>
   </trkpt>
   <trkpt lat="51.5512020" lon="-112.9115360">
    <ele>816.7</ele>
    <time>2024-07-09T21:26:56Z</time>
   </trkpt>
   <trkpt lat="51.5511450" lon="-112.9115320">
    <ele>816.7</ele>
    <time>2024-07-09T21:26:57Z</time>
   </trkpt>
   <trkpt lat="51.5510810" lon="-112.9115350">
    <ele>816.7</ele>
    <time>2024-07-09T21:26:58Z</time>
   </trkpt>
   <trkpt lat="51.5510160" lon="-112.9115360">
    <ele>816.7</ele>
    <time>2024-07-09T21:26:59Z</time>
   </trkpt>
   <trkpt lat="51.5509520" lon="-112.9115400">
    <ele>816.7</ele>
    <time>2024-07-09T21:27:00Z</time>
   </trkpt>
   <trkpt lat="51.5509000" lon="-112.9115360">
    <ele>816.7</ele>
    <time>2024-07-09T21:27:01Z</time>
   </trkpt>
   <trkpt lat="51.5508330" lon="-112.9115340">
    <ele>816.7</ele>
    <time>2024-07-09T21:27:02Z</time>
   </trkpt>
   <trkpt lat="51.5507680" lon="-112.9115280">
    <ele>816.7</ele>
    <time>2024-07-09T21:27:03Z</time>
   </trkpt>
   <trkpt lat="51.5507010" lon="-112.9115260">
    <ele>816.7</ele>
    <time>2024-07-09T21:27:04Z</time>
   </trkpt>
   <trkpt lat="51.5506410" lon="-112.9115200">
    <ele>816.7</ele>
    <time>2024-07-09T21:27:05Z</time>
   </trkpt>
   <trkpt lat="51.5505870" lon="-112.9115090">
    <ele>816.6</ele>
    <time>2024-07-09T21:27:06Z</time>
   </trkpt>
   <trkpt lat="51.5505250" lon="-112.9114970">
    <ele>816.6</ele>
    <time>2024-07-09T21:27:07Z</time>
   </trkpt>
   <trkpt lat="51.5504590" lon="-112.9114880">
    <ele>816.6</ele>
    <time>2024-07-09T21:27:08Z</time>
   </trkpt>
   <trkpt lat="51.5503940" lon="-112.9114840">
    <ele>816.6</ele>
    <time>2024-07-09T21:27:09Z</time>
   </trkpt>
   <trkpt lat="51.5503340" lon="-112.9114740">
    <ele>816.5</ele>
    <time>2024-07-09T21:27:10Z</time>
   </trkpt>
   <trkpt lat="51.5502760" lon="-112.9114610">
    <ele>816.5</ele>
    <time>2024-07-09T21:27:11Z</time>
   </trkpt>
   <trkpt lat="51.5502150" lon="-112.9114460">
    <ele>816.5</ele>
    <time>2024-07-09T21:27:12Z</time>
   </trkpt>
   <trkpt lat="51.5501560" lon="-112.9114290">
    <ele>816.5</ele>
    <time>2024-07-09T21:27:13Z</time>
   </trkpt>
   <trkpt lat="51.5500920" lon="-112.9114090">
    <ele>816.6</ele>
    <time>2024-07-09T21:27:14Z</time>
   </trkpt>
   <trkpt lat="51.5500340" lon="-112.9113880">
    <ele>816.6</ele>
    <time>2024-07-09T21:27:15Z</time>
   </trkpt>
   <trkpt lat="51.5499730" lon="-112.9113530">
    <ele>816.6</ele>
    <time>2024-07-09T21:27:16Z</time>
   </trkpt>
   <trkpt lat="51.5499130" lon="-112.9113390">
    <ele>816.5</ele>
    <time>2024-07-09T21:27:17Z</time>
   </trkpt>
   <trkpt lat="51.5498530" lon="-112.9113210">
    <ele>816.5</ele>
    <time>2024-07-09T21:27:18Z</time>
   </trkpt>
   <trkpt lat="51.5497930" lon="-112.9112990">
    <ele>816.5</ele>
    <time>2024-07-09T21:27:19Z</time>
   </trkpt>
   <trkpt lat="51.5497360" lon="-112.9112690">
    <ele>816.4</ele>
    <time>2024-07-09T21:27:20Z</time>
   </trkpt>
   <trkpt lat="51.5496780" lon="-112.9112420">
    <ele>816.4</ele>
    <time>2024-07-09T21:27:21Z</time>
   </trkpt>
   <trkpt lat="51.5496190" lon="-112.9112170">
    <ele>816.3</ele>
    <time>2024-07-09T21:27:22Z</time>
   </trkpt>
   <trkpt lat="51.5495600" lon="-112.9111920">
    <ele>816.3</ele>
    <time>2024-07-09T21:27:23Z</time>
   </trkpt>
   <trkpt lat="51.5495020" lon="-112.9111600">
    <ele>816.3</ele>
    <time>2024-07-09T21:27:24Z</time>
   </trkpt>
   <trkpt lat="51.5494430" lon="-112.9111260">
    <ele>816.2</ele>
    <time>2024-07-09T21:27:25Z</time>
   </trkpt>
   <trkpt lat="51.5493860" lon="-112.9110940">
    <ele>816.2</ele>
    <time>2024-07-09T21:27:26Z</time>
   </trkpt>
   <trkpt lat="51.5493300" lon="-112.9110630">
    <ele>816.2</ele>
    <time>2024-07-09T21:27:27Z</time>
   </trkpt>
   <trkpt lat="51.5492740" lon="-112.9110300">
    <ele>816.1</ele>
    <time>2024-07-09T21:27:28Z</time>
   </trkpt>
   <trkpt lat="51.5492170" lon="-112.9109930">
    <ele>816.1</ele>
    <time>2024-07-09T21:27:29Z</time>
   </trkpt>
   <trkpt lat="51.5491620" lon="-112.9109580">
    <ele>816.1</ele>
    <time>2024-07-09T21:27:30Z</time>
   </trkpt>
   <trkpt lat="51.5491070" lon="-112.9109200">
    <ele>816.1</ele>
    <time>2024-07-09T21:27:31Z</time>
   </trkpt>
   <trkpt lat="51.5490540" lon="-112.9108780">
    <ele>816.0</ele>
    <time>2024-07-09T21:27:32Z</time>
   </trkpt>
   <trkpt lat="51.5490000" lon="-112.9108370">
    <ele>816.0</ele>
    <time>2024-07-09T21:27:33Z</time>
   </trkpt>
   <trkpt lat="51.5489460" lon="-112.9107980">
    <ele>816.0</ele>
    <time>2024-07-09T21:27:34Z</time>
   </trkpt>
   <trkpt lat="51.5488910" lon="-112.9107570">
    <ele>815.9</ele>
    <time>2024-07-09T21:27:35Z</time>
   </trkpt>
   <trkpt lat="51.5488340" lon="-112.9107140">
    <ele>815.9</ele>
    <time>2024-07-09T21:27:36Z</time>
   </trkpt>
   <trkpt lat="51.5487790" lon="-112.9106710">
    <ele>815.9</ele>
    <time>2024-07-09T21:27:37Z</time>
   </trkpt>
   <trkpt lat="51.5487260" lon="-112.9106240">
    <ele>815.9</ele>
    <time>2024-07-09T21:27:38Z</time>
   </trkpt>
   <trkpt lat="51.5486720" lon="-112.9105790">
    <ele>815.8</ele>
    <time>2024-07-09T21:27:39Z</time>
   </trkpt>
   <trkpt lat="51.5486190" lon="-112.9105320">
    <ele>815.8</ele>
    <time>2024-07-09T21:27:40Z</time>
   </trkpt>
   <trkpt lat="51.5485680" lon="-112.9104780">
    <ele>815.8</ele>
    <time>2024-07-09T21:27:41Z</time>
   </trkpt>
   <trkpt lat="51.5485170" lon="-112.9104270">
    <ele>815.8</ele>
    <time>2024-07-09T21:27:42Z</time>
   </trkpt>
   <trkpt lat="51.5484660" lon="-112.9103770">
    <ele>815.7</ele>
    <time>2024-07-09T21:27:43Z</time>
   </trkpt>
   <trkpt lat="51.5484180" lon="-112.9103230">
    <ele>815.7</ele>
    <time>2024-07-09T21:27:44Z</time>
   </trkpt>
   <trkpt lat="51.5483680" lon="-112.9102660">
    <ele>815.7</ele>
    <time>2024-07-09T21:27:45Z</time>
   </trkpt>
   <trkpt lat="51.5483140" lon="-112.9102140">
    <ele>815.7</ele>
    <time>2024-07-09T21:27:46Z</time>
   </trkpt>
   <trkpt lat="51.5482590" lon="-112.9101630">
    <ele>815.6</ele>
    <time>2024-07-09T21:27:47Z</time>
   </trkpt>
   <trkpt lat="51.5482120" lon="-112.9101060">
    <ele>815.6</ele>
    <time>2024-07-09T21:27:48Z</time>
   </trkpt>
   <trkpt lat="51.5481650" lon="-112.9100450">
    <ele>815.6</ele>
    <time>2024-07-09T21:27:49Z</time>
   </trkpt>
   <trkpt lat="51.5481180" lon="-112.9099860">
    <ele>815.5</ele>
    <time>2024-07-09T21:27:50Z</time>
   </trkpt>
   <trkpt lat="51.5480720" lon="-112.9099250">
    <ele>815.5</ele>
    <time>2024-07-09T21:27:51Z</time>
   </trkpt>
   <trkpt lat="51.5480260" lon="-112.9098660">
    <ele>815.5</ele>
    <time>2024-07-09T21:27:52Z</time>
   </trkpt>
   <trkpt lat="51.5479790" lon="-112.9098050">
    <ele>815.4</ele>
    <time>2024-07-09T21:27:53Z</time>
   </trkpt>
   <trkpt lat="51.5479340" lon="-112.9097420">
    <ele>815.4</ele>
    <time>2024-07-09T21:27:54Z</time>
   </trkpt>
   <trkpt lat="51.5478900" lon="-112.9096780">
    <ele>815.4</ele>
    <time>2024-07-09T21:27:55Z</time>
   </trkpt>
   <trkpt lat="51.5478470" lon="-112.9096210">
    <ele>815.3</ele>
    <time>2024-07-09T21:27:56Z</time>
   </trkpt>
   <trkpt lat="51.5478010" lon="-112.9095560">
    <ele>815.3</ele>
    <time>2024-07-09T21:27:57Z</time>
   </trkpt>
   <trkpt lat="51.5477590" lon="-112.9094850">
    <ele>815.3</ele>
    <time>2024-07-09T21:27:58Z</time>
   </trkpt>
   <trkpt lat="51.5477170" lon="-112.9094190">
    <ele>815.3</ele>
    <time>2024-07-09T21:27:59Z</time>
   </trkpt>
   <trkpt lat="51.5476780" lon="-112.9093500">
    <ele>815.2</ele>
    <time>2024-07-09T21:28:00Z</time>
   </trkpt>
   <trkpt lat="51.5476390" lon="-112.9092800">
    <ele>815.2</ele>
    <time>2024-07-09T21:28:01Z</time>
   </trkpt>
   <trkpt lat="51.5475970" lon="-112.9092080">
    <ele>815.2</ele>
    <time>2024-07-09T21:28:02Z</time>
   </trkpt>
   <trkpt lat="51.5475570" lon="-112.9091400">
    <ele>815.1</ele>
    <time>2024-07-09T21:28:03Z</time>
   </trkpt>
   <trkpt lat="51.5475130" lon="-112.9090630">
    <ele>815.1</ele>
    <time>2024-07-09T21:28:04Z</time>
   </trkpt>
   <trkpt lat="51.5474720" lon="-112.9089870">
    <ele>815.0</ele>
    <time>2024-07-09T21:28:05Z</time>
   </trkpt>
   <trkpt lat="51.5474320" lon="-112.9089080">
    <ele>815.0</ele>
    <time>2024-07-09T21:28:06Z</time>
   </trkpt>
   <trkpt lat="51.5474020" lon="-112.9088290">
    <ele>814.9</ele>
    <time>2024-07-09T21:28:07Z</time>
   </trkpt>
   <trkpt lat="51.5473550" lon="-112.9087480">
    <ele>814.9</ele>
    <time>2024-07-09T21:28:08Z</time>
   </trkpt>
   <trkpt lat="51.5473120" lon="-112.9086700">
    <ele>814.8</ele>
    <time>2024-07-09T21:28:09Z</time>
   </trkpt>
   <trkpt lat="51.5472730" lon="-112.9085930">
    <ele>814.7</ele>
    <time>2024-07-09T21:28:10Z</time>
   </trkpt>
   <trkpt lat="51.5472330" lon="-112.9085130">
    <ele>814.6</ele>
    <time>2024-07-09T21:28:11Z</time>
   </trkpt>
   <trkpt lat="51.5471960" lon="-112.9084290">
    <ele>814.5</ele>
    <time>2024-07-09T21:28:12Z</time>
   </trkpt>
   <trkpt lat="51.5471550" lon="-112.9083460">
    <ele>814.5</ele>
    <time>2024-07-09T21:28:13Z</time>
   </trkpt>
   <trkpt lat="51.5471170" lon="-112.9082650">
    <ele>814.4</ele>
    <time>2024-07-09T21:28:14Z</time>
   </trkpt>
   <trkpt lat="51.5470800" lon="-112.9081830">
    <ele>814.3</ele>
    <time>2024-07-09T21:28:15Z</time>
   </trkpt>
   <trkpt lat="51.5470420" lon="-112.9080980">
    <ele>814.1</ele>
    <time>2024-07-09T21:28:16Z</time>
   </trkpt>
   <trkpt lat="51.5470050" lon="-112.9080120">
    <ele>814.0</ele>
    <time>2024-07-09T21:28:17Z</time>
   </trkpt>
   <trkpt lat="51.5469620" lon="-112.9079290">
    <ele>813.9</ele>
    <time>2024-07-09T21:28:18Z</time>
   </trkpt>
   <trkpt lat="51.5469170" lon="-112.9078460">
    <ele>813.8</ele>
    <time>2024-07-09T21:28:19Z</time>
   </trkpt>
   <trkpt lat="51.5468890" lon="-112.9077590">
    <ele>813.7</ele>
    <time>2024-07-09T21:28:20Z</time>
   </trkpt>
   <trkpt lat="51.5468510" lon="-112.9076680">
    <ele>813.5</ele>
    <time>2024-07-09T21:28:21Z</time>
   </trkpt>
   <trkpt lat="51.5468120" lon="-112.9075800">
    <ele>813.4</ele>
    <time>2024-07-09T21:28:22Z</time>
   </trkpt>
   <trkpt lat="51.5467660" lon="-112.9074880">
    <ele>813.2</ele>
    <time>2024-07-09T21:28:23Z</time>
   </trkpt>
   <trkpt lat="51.5467270" lon="-112.9074010">
    <ele>813.1</ele>
    <time>2024-07-09T21:28:24Z</time>
   </trkpt>
   <trkpt lat="51.5466880" lon="-112.9073080">
    <ele>812.9</ele>
    <time>2024-07-09T21:28:25Z</time>
   </trkpt>
   <trkpt lat="51.5466400" lon="-112.9072180">
    <ele>812.8</ele>
    <time>2024-07-09T21:28:26Z</time>
   </trkpt>
   <trkpt lat="51.5465920" lon="-112.9071290">
    <ele>812.6</ele>
    <time>2024-07-09T21:28:27Z</time>
   </trkpt>
   <trkpt lat="51.5465530" lon="-112.9070380">
    <ele>812.5</ele>
    <time>2024-07-09T21:28:28Z</time>
   </trkpt>
   <trkpt lat="51.5465140" lon="-112.9069420">
    <ele>812.3</ele>
    <time>2024-07-09T21:28:29Z</time>
   </trkpt>
   <trkpt lat="51.5464700" lon="-112.9068500">
    <ele>812.1</ele>
    <time>2024-07-09T21:28:30Z</time>
   </trkpt>
   <trkpt lat="51.5464230" lon="-112.9067550">
    <ele>812.0</ele>
    <time>2024-07-09T21:28:31Z</time>
   </trkpt>
   <trkpt lat="51.5463810" lon="-112.9066580">
    <ele>811.7</ele>
    <time>2024-07-09T21:28:32Z</time>
   </trkpt>
   <trkpt lat="51.5463280" lon="-112.9065550">
    <ele>811.5</ele>
    <time>2024-07-09T21:28:33Z</time>
   </trkpt>
   <trkpt lat="51.5462770" lon="-112.9064520">
    <ele>811.3</ele>
    <time>2024-07-09T21:28:34Z</time>
   </trkpt>
   <trkpt lat="51.5462280" lon="-112.9063510">
    <ele>811.0</ele>
    <time>2024-07-09T21:28:35Z</time>
   </trkpt>
   <trkpt lat="51.5461780" lon="-112.9062450">
    <ele>810.8</ele>
    <time>2024-07-09T21:28:36Z</time>
   </trkpt>
   <trkpt lat="51.5461330" lon="-112.9061450">
    <ele>810.5</ele>
    <time>2024-07-09T21:28:37Z</time>
   </trkpt>
   <trkpt lat="51.5460830" lon="-112.9060370">
    <ele>810.2</ele>
    <time>2024-07-09T21:28:38Z</time>
   </trkpt>
   <trkpt lat="51.5460340" lon="-112.9059260">
    <ele>809.9</ele>
    <time>2024-07-09T21:28:39Z</time>
   </trkpt>
   <trkpt lat="51.5459820" lon="-112.9058250">
    <ele>809.6</ele>
    <time>2024-07-09T21:28:40Z</time>
   </trkpt>
   <trkpt lat="51.5459290" lon="-112.9057110">
    <ele>809.2</ele>
    <time>2024-07-09T21:28:41Z</time>
   </trkpt>
   <trkpt lat="51.5458770" lon="-112.9056050">
    <ele>808.8</ele>
    <time>2024-07-09T21:28:42Z</time>
   </trkpt>
   <trkpt lat="51.5458230" lon="-112.9054960">
    <ele>808.4</ele>
    <time>2024-07-09T21:28:43Z</time>
   </trkpt>
   <trkpt lat="51.5457710" lon="-112.9053810">
    <ele>808.0</ele>
    <time>2024-07-09T21:28:44Z</time>
   </trkpt>
   <trkpt lat="51.5457150" lon="-112.9052690">
    <ele>807.6</ele>
    <time>2024-07-09T21:28:45Z</time>
   </trkpt>
   <trkpt lat="51.5456610" lon="-112.9051560">
    <ele>807.2</ele>
    <time>2024-07-09T21:28:46Z</time>
   </trkpt>
   <trkpt lat="51.5456060" lon="-112.9050410">
    <ele>806.7</ele>
    <time>2024-07-09T21:28:47Z</time>
   </trkpt>
   <trkpt lat="51.5455520" lon="-112.9049270">
    <ele>806.3</ele>
    <time>2024-07-09T21:28:48Z</time>
   </trkpt>
   <trkpt lat="51.5454970" lon="-112.9048110">
    <ele>805.9</ele>
    <time>2024-07-09T21:28:49Z</time>
   </trkpt>
   <trkpt lat="51.5454410" lon="-112.9046920">
    <ele>805.4</ele>
    <time>2024-07-09T21:28:50Z</time>
   </trkpt>
   <trkpt lat="51.5453950" lon="-112.9045720">
    <ele>804.9</ele>
    <time>2024-07-09T21:28:51Z</time>
   </trkpt>
   <trkpt lat="51.5453320" lon="-112.9044500">
    <ele>804.4</ele>
    <time>2024-07-09T21:28:52Z</time>
   </trkpt>
   <trkpt lat="51.5452730" lon="-112.9043270">
    <ele>803.8</ele>
    <time>2024-07-09T21:28:53Z</time>
   </trkpt>
   <trkpt lat="51.5452090" lon="-112.9042000">
    <ele>803.3</ele>
    <time>2024-07-09T21:28:54Z</time>
   </trkpt>
   <trkpt lat="51.5451540" lon="-112.9040750">
    <ele>802.7</ele>
    <time>2024-07-09T21:28:55Z</time>
   </trkpt>
   <trkpt lat="51.5450870" lon="-112.9039440">
    <ele>802.1</ele>
    <time>2024-07-09T21:28:56Z</time>
   </trkpt>
   <trkpt lat="51.5450270" lon="-112.9038200">
    <ele>801.6</ele>
    <time>2024-07-09T21:28:57Z</time>
   </trkpt>
   <trkpt lat="51.5449640" lon="-112.9036930">
    <ele>801.0</ele>
    <time>2024-07-09T21:28:58Z</time>
   </trkpt>
   <trkpt lat="51.5449080" lon="-112.9035650">
    <ele>800.4</ele>
    <time>2024-07-09T21:28:59Z</time>
   </trkpt>
   <trkpt lat="51.5448460" lon="-112.9034380">
    <ele>799.8</ele>
    <time>2024-07-09T21:29:00Z</time>
   </trkpt>
   <trkpt lat="51.5447830" lon="-112.9033100">
    <ele>799.2</ele>
    <time>2024-07-09T21:29:01Z</time>
   </trkpt>
   <trkpt lat="51.5447290" lon="-112.9031940">
    <ele>798.6</ele>
    <time>2024-07-09T21:29:02Z</time>
   </trkpt>
   <trkpt lat="51.5446710" lon="-112.9030720">
    <ele>797.9</ele>
    <time>2024-07-09T21:29:03Z</time>
   </trkpt>
   <trkpt lat="51.5446150" lon="-112.9029470">
    <ele>797.3</ele>
    <time>2024-07-09T21:29:04Z</time>
   </trkpt>
   <trkpt lat="51.5445560" lon="-112.9028250">
    <ele>796.6</ele>
    <time>2024-07-09T21:29:05Z</time>
   </trkpt>
   <trkpt lat="51.5445050" lon="-112.9027010">
    <ele>796.0</ele>
    <time>2024-07-09T21:29:06Z</time>
   </trkpt>
   <trkpt lat="51.5444450" lon="-112.9025760">
    <ele>795.3</ele>
    <time>2024-07-09T21:29:07Z</time>
   </trkpt>
   <trkpt lat="51.5443900" lon="-112.9024460">
    <ele>794.6</ele>
    <time>2024-07-09T21:29:08Z</time>
   </trkpt>
   <trkpt lat="51.5443300" lon="-112.9023180">
    <ele>793.9</ele>
    <time>2024-07-09T21:29:09Z</time>
   </trkpt>
   <trkpt lat="51.5442650" lon="-112.9021890">
    <ele>793.2</ele>
    <time>2024-07-09T21:29:10Z</time>
   </trkpt>
   <trkpt lat="51.5441990" lon="-112.9020590">
    <ele>792.5</ele>
    <time>2024-07-09T21:29:11Z</time>
   </trkpt>
   <trkpt lat="51.5441360" lon="-112.9019290">
    <ele>791.7</ele>
    <time>2024-07-09T21:29:12Z</time>
   </trkpt>
   <trkpt lat="51.5440700" lon="-112.9017930">
    <ele>790.9</ele>
    <time>2024-07-09T21:29:13Z</time>
   </trkpt>
   <trkpt lat="51.5440150" lon="-112.9016590">
    <ele>790.2</ele>
    <time>2024-07-09T21:29:14Z</time>
   </trkpt>
   <trkpt lat="51.5439420" lon="-112.9015250">
    <ele>789.4</ele>
    <time>2024-07-09T21:29:15Z</time>
   </trkpt>
   <trkpt lat="51.5438780" lon="-112.9013870">
    <ele>788.5</ele>
    <time>2024-07-09T21:29:16Z</time>
   </trkpt>
   <trkpt lat="51.5438120" lon="-112.9012470">
    <ele>787.7</ele>
    <time>2024-07-09T21:29:17Z</time>
   </trkpt>
   <trkpt lat="51.5437440" lon="-112.9011090">
    <ele>786.8</ele>
    <time>2024-07-09T21:29:18Z</time>
   </trkpt>
   <trkpt lat="51.5436790" lon="-112.9009670">
    <ele>785.8</ele>
    <time>2024-07-09T21:29:19Z</time>
   </trkpt>
   <trkpt lat="51.5436100" lon="-112.9008220">
    <ele>784.8</ele>
    <time>2024-07-09T21:29:20Z</time>
   </trkpt>
   <trkpt lat="51.5435360" lon="-112.9006800">
    <ele>783.8</ele>
    <time>2024-07-09T21:29:21Z</time>
   </trkpt>
   <trkpt lat="51.5434680" lon="-112.9005410">
    <ele>782.8</ele>
    <time>2024-07-09T21:29:22Z</time>
   </trkpt>
   <trkpt lat="51.5433970" lon="-112.9003970">
    <ele>781.8</ele>
    <time>2024-07-09T21:29:23Z</time>
   </trkpt>
   <trkpt lat="51.5433210" lon="-112.9002650">
    <ele>780.8</ele>
    <time>2024-07-09T21:29:24Z</time>
   </trkpt>
   <trkpt lat="51.5432370" lon="-112.9001260">
    <ele>779.8</ele>
    <time>2024-07-09T21:29:25Z</time>
   </trkpt>
   <trkpt lat="51.5431540" lon="-112.8999960">
    <ele>778.7</ele>
    <time>2024-07-09T21:29:26Z</time>
   </trkpt>
   <trkpt lat="51.5430640" lon="-112.8998660">
    <ele>777.6</ele>
    <time>2024-07-09T21:29:27Z</time>
   </trkpt>
   <trkpt lat="51.5429760" lon="-112.8997320">
    <ele>776.5</ele>
    <time>2024-07-09T21:29:28Z</time>
   </trkpt>
   <trkpt lat="51.5428830" lon="-112.8996110">
    <ele>775.4</ele>
    <time>2024-07-09T21:29:29Z</time>
   </trkpt>
   <trkpt lat="51.5427860" lon="-112.8994930">
    <ele>774.3</ele>
    <time>2024-07-09T21:29:30Z</time>
   </trkpt>
   <trkpt lat="51.5426890" lon="-112.8993740">
    <ele>773.3</ele>
    <time>2024-07-09T21:29:31Z</time>
   </trkpt>
   <trkpt lat="51.5425910" lon="-112.8992520">
    <ele>772.2</ele>
    <time>2024-07-09T21:29:32Z</time>
   </trkpt>
   <trkpt lat="51.5424940" lon="-112.8991390">
    <ele>771.2</ele>
    <time>2024-07-09T21:29:33Z</time>
   </trkpt>
   <trkpt lat="51.5423920" lon="-112.8990380">
    <ele>770.1</ele>
    <time>2024-07-09T21:29:34Z</time>
   </trkpt>
   <trkpt lat="51.5422920" lon="-112.8989320">
    <ele>769.1</ele>
    <time>2024-07-09T21:29:35Z</time>
   </trkpt>
   <trkpt lat="51.5421920" lon="-112.8988310">
    <ele>768.0</ele>
    <time>2024-07-09T21:29:36Z</time>
   </trkpt>
   <trkpt lat="51.5420900" lon="-112.8987370">
    <ele>767.0</ele>
    <time>2024-07-09T21:29:37Z</time>
   </trkpt>
   <trkpt lat="51.5419850" lon="-112.8986410">
    <ele>766.0</ele>
    <time>2024-07-09T21:29:38Z</time>
   </trkpt>
   <trkpt lat="51.5418780" lon="-112.8985470">
    <ele>764.9</ele>
    <time>2024-07-09T21:29:39Z</time>
   </trkpt>
   <trkpt lat="51.5417730" lon="-112.8984530">
    <ele>763.8</ele>
    <time>2024-07-09T21:29:40Z</time>
   </trkpt>
   <trkpt lat="51.5416710" lon="-112.8983570">
    <ele>762.8</ele>
    <time>2024-07-09T21:29:41Z</time>
   </trkpt>
   <trkpt lat="51.5415670" lon="-112.8982640">
    <ele>761.7</ele>
    <time>2024-07-09T21:29:42Z</time>
   </trkpt>
   <trkpt lat="51.5414630" lon="-112.8981700">
    <ele>760.6</ele>
    <time>2024-07-09T21:29:43Z</time>
   </trkpt>
   <trkpt lat="51.5413580" lon="-112.8980750">
    <ele>759.4</ele>
    <time>2024-07-09T21:29:44Z</time>
   </trkpt>
   <trkpt lat="51.5412570" lon="-112.8979770">
    <ele>758.4</ele>
    <time>2024-07-09T21:29:45Z</time>
   </trkpt>
   <trkpt lat="51.5411510" lon="-112.8978810">
    <ele>757.3</ele>
    <time>2024-07-09T21:29:46Z</time>
   </trkpt>
   <trkpt lat="51.5410460" lon="-112.8977840">
    <ele>756.2</ele>
    <time>2024-07-09T21:29:47Z</time>
   </trkpt>
   <trkpt lat="51.5409390" lon="-112.8976830">
    <ele>755.2</ele>
    <time>2024-07-09T21:29:48Z</time>
   </trkpt>
   <trkpt lat="51.5408350" lon="-112.8975780">
    <ele>754.1</ele>
    <time>2024-07-09T21:29:49Z</time>
   </trkpt>
   <trkpt lat="51.5407360" lon="-112.8974650">
    <ele>753.0</ele>
    <time>2024-07-09T21:29:50Z</time>
   </trkpt>
   <trkpt lat="51.5406320" lon="-112.8973570">
    <ele>751.9</ele>
    <time>2024-07-09T21:29:51Z</time>
   </trkpt>
   <trkpt lat="51.5405360" lon="-112.8972360">
    <ele>750.7</ele>
    <time>2024-07-09T21:29:52Z</time>
   </trkpt>
   <trkpt lat="51.5404380" lon="-112.8971100">
    <ele>749.6</ele>
    <time>2024-07-09T21:29:53Z</time>
   </trkpt>
   <trkpt lat="51.5403430" lon="-112.8969880">
    <ele>748.5</ele>
    <time>2024-07-09T21:29:54Z</time>
   </trkpt>
   <trkpt lat="51.5402530" lon="-112.8968550">
    <ele>747.4</ele>
    <time>2024-07-09T21:29:55Z</time>
   </trkpt>
   <trkpt lat="51.5401570" lon="-112.8967370">
    <ele>746.4</ele>
    <time>2024-07-09T21:29:56Z</time>
   </trkpt>
   <trkpt lat="51.5400760" lon="-112.8965970">
    <ele>745.4</ele>
    <time>2024-07-09T21:29:57Z</time>
   </trkpt>
   <trkpt lat="51.5399880" lon="-112.8964510">
    <ele>744.2</ele>
    <time>2024-07-09T21:29:58Z</time>
   </trkpt>
   <trkpt lat="51.5399040" lon="-112.8963110">
    <ele>743.2</ele>
    <time>2024-07-09T21:29:59Z</time>
   </trkpt>
   <trkpt lat="51.5398190" lon="-112.8961640">
    <ele>742.1</ele>
    <time>2024-07-09T21:30:00Z</time>
   </trkpt>
   <trkpt lat="51.5397320" lon="-112.8960110">
    <ele>740.9</ele>
    <time>2024-07-09T21:30:01Z</time>
   </trkpt>
   <trkpt lat="51.5396560" lon="-112.8958440">
    <ele>739.8</ele>
    <time>2024-07-09T21:30:02Z</time>
   </trkpt>
   <trkpt lat="51.5395750" lon="-112.8956850">
    <ele>738.7</ele>
    <time>2024-07-09T21:30:03Z</time>
   </trkpt>
   <trkpt lat="51.5394940" lon="-112.8955270">
    <ele>737.7</ele>
    <time>2024-07-09T21:30:04Z</time>
   </trkpt>
   <trkpt lat="51.5394100" lon="-112.8953740">
    <ele>736.6</ele>
    <time>2024-07-09T21:30:05Z</time>
   </trkpt>
   <trkpt lat="51.5393290" lon="-112.8952170">
    <ele>735.5</ele>
    <time>2024-07-09T21:30:06Z</time>
   </trkpt>
   <trkpt lat="51.5392480" lon="-112.8950600">
    <ele>734.5</ele>
    <time>2024-07-09T21:30:07Z</time>
   </trkpt>
   <trkpt lat="51.5391700" lon="-112.8949000">
    <ele>733.5</ele>
    <time>2024-07-09T21:30:08Z</time>
   </trkpt>
   <trkpt lat="51.5390920" lon="-112.8947450">
    <ele>732.5</ele>
    <time>2024-07-09T21:30:09Z</time>
   </trkpt>
   <trkpt lat="51.5390100" lon="-112.8945900">
    <ele>731.4</ele>
    <time>2024-07-09T21:30:10Z</time>
   </trkpt>
   <trkpt lat="51.5389350" lon="-112.8944280">
    <ele>730.3</ele>
    <time>2024-07-09T21:30:11Z</time>
   </trkpt>
   <trkpt lat="51.5388560" lon="-112.8942720">
    <ele>729.2</ele>
    <time>2024-07-09T21:30:12Z</time>
   </trkpt>
   <trkpt lat="51.5387780" lon="-112.8941180">
    <ele>728.1</ele>
    <time>2024-07-09T21:30:13Z</time>
   </trkpt>
   <trkpt lat="51.5387000" lon="-112.8939590">
    <ele>726.9</ele>
    <time>2024-07-09T21:30:14Z</time>
   </trkpt>
   <trkpt lat="51.5386210" lon="-112.8938000">
    <ele>725.8</ele>
    <time>2024-07-09T21:30:15Z</time>
   </trkpt>
   <trkpt lat="51.5385420" lon="-112.8936390">
    <ele>724.7</ele>
    <time>2024-07-09T21:30:16Z</time>
   </trkpt>
   <trkpt lat="51.5384600" lon="-112.8934760">
    <ele>723.5</ele>
    <time>2024-07-09T21:30:17Z</time>
   </trkpt>
   <trkpt lat="51.5383780" lon="-112.8933140">
    <ele>722.4</ele>
    <time>2024-07-09T21:30:18Z</time>
   </trkpt>
   <trkpt lat="51.5382940" lon="-112.8931570">
    <ele>721.2</ele>
    <time>2024-07-09T21:30:19Z</time>
   </trkpt>
   <trkpt lat="51.5382090" lon="-112.8929980">
    <ele>720.0</ele>
    <time>2024-07-09T21:30:20Z</time>
   </trkpt>
   <trkpt lat="51.5381260" lon="-112.8928380">
    <ele>718.8</ele>
    <time>2024-07-09T21:30:21Z</time>
   </trkpt>
   <trkpt lat="51.5380430" lon="-112.8926750">
    <ele>717.6</ele>
    <time>2024-07-09T21:30:22Z</time>
   </trkpt>
   <trkpt lat="51.5379570" lon="-112.8925120">
    <ele>716.4</ele>
    <time>2024-07-09T21:30:23Z</time>
   </trkpt>
   <trkpt lat="51.5378720" lon="-112.8923540">
    <ele>715.2</ele>
    <time>2024-07-09T21:30:24Z</time>
   </trkpt>
   <trkpt lat="51.5377790" lon="-112.8922020">
    <ele>713.9</ele>
    <time>2024-07-09T21:30:25Z</time>
   </trkpt>
   <trkpt lat="51.5376840" lon="-112.8920560">
    <ele>712.8</ele>
    <time>2024-07-09T21:30:26Z</time>
   </trkpt>
   <trkpt lat="51.5375870" lon="-112.8919130">
    <ele>711.6</ele>
    <time>2024-07-09T21:30:27Z</time>
   </trkpt>
   <trkpt lat="51.5374910" lon="-112.8917690">
    <ele>710.4</ele>
    <time>2024-07-09T21:30:28Z</time>
   </trkpt>
   <trkpt lat="51.5373900" lon="-112.8916350">
    <ele>709.3</ele>
    <time>2024-07-09T21:30:29Z</time>
   </trkpt>
   <trkpt lat="51.5372840" lon="-112.8915080">
    <ele>708.2</ele>
    <time>2024-07-09T21:30:30Z</time>
   </trkpt>
   <trkpt lat="51.5371810" lon="-112.8913790">
    <ele>707.2</ele>
    <time>2024-07-09T21:30:31Z</time>
   </trkpt>
   <trkpt lat="51.5370730" lon="-112.8912620">
    <ele>706.1</ele>
    <time>2024-07-09T21:30:32Z</time>
   </trkpt>
   <trkpt lat="51.5369630" lon="-112.8911520">
    <ele>705.1</ele>
    <time>2024-07-09T21:30:33Z</time>
   </trkpt>
   <trkpt lat="51.5368550" lon="-112.8910430">
    <ele>704.2</ele>
    <time>2024-07-09T21:30:34Z</time>
   </trkpt>
   <trkpt lat="51.5367460" lon="-112.8909410">
    <ele>703.3</ele>
    <time>2024-07-09T21:30:35Z</time>
   </trkpt>
   <trkpt lat="51.5366370" lon="-112.8908440">
    <ele>702.4</ele>
    <time>2024-07-09T21:30:36Z</time>
   </trkpt>
   <trkpt lat="51.5365230" lon="-112.8907540">
    <ele>701.5</ele>
    <time>2024-07-09T21:30:37Z</time>
   </trkpt>
   <trkpt lat="51.5364080" lon="-112.8906720">
    <ele>700.6</ele>
    <time>2024-07-09T21:30:38Z</time>
   </trkpt>
   <trkpt lat="51.5362930" lon="-112.8905940">
    <ele>699.8</ele>
    <time>2024-07-09T21:30:39Z</time>
   </trkpt>
   <trkpt lat="51.5361800" lon="-112.8905170">
    <ele>699.1</ele>
    <time>2024-07-09T21:30:40Z</time>
   </trkpt>
   <trkpt lat="51.5360680" lon="-112.8904530">
    <ele>698.5</ele>
    <time>2024-07-09T21:30:41Z</time>
   </trkpt>
   <trkpt lat="51.5359540" lon="-112.8903920">
    <ele>697.9</ele>
    <time>2024-07-09T21:30:42Z</time>
   </trkpt>
   <trkpt lat="51.5358430" lon="-112.8903320">
    <ele>697.2</ele>
    <time>2024-07-09T21:30:43Z</time>
   </trkpt>
   <trkpt lat="51.5357320" lon="-112.8902820">
    <ele>696.7</ele>
    <time>2024-07-09T21:30:44Z</time>
   </trkpt>
   <trkpt lat="51.5356210" lon="-112.8902400">
    <ele>696.2</ele>
    <time>2024-07-09T21:30:45Z</time>
   </trkpt>
   <trkpt lat="51.5355130" lon="-112.8901950">
    <ele>695.8</ele>
    <time>2024-07-09T21:30:46Z</time>
   </trkpt>
   <trkpt lat="51.5354060" lon="-112.8901560">
    <ele>695.4</ele>
    <time>2024-07-09T21:30:47Z</time>
   </trkpt>
   <trkpt lat="51.5353010" lon="-112.8901120">
    <ele>695.0</ele>
    <time>2024-07-09T21:30:48Z</time>
   </trkpt>
   <trkpt lat="51.5351950" lon="-112.8900740">
    <ele>694.7</ele>
    <time>2024-07-09T21:30:49Z</time>
   </trkpt>
   <trkpt lat="51.5350910" lon="-112.8900360">
    <ele>694.3</ele>
    <time>2024-07-09T21:30:50Z</time>
   </trkpt>
   <trkpt lat="51.5349900" lon="-112.8899950">
    <ele>694.0</ele>
    <time>2024-07-09T21:30:51Z</time>
   </trkpt>
   <trkpt lat="51.5348920" lon="-112.8899530">
    <ele>693.7</ele>
    <time>2024-07-09T21:30:52Z</time>
   </trkpt>
   <trkpt lat="51.5347930" lon="-112.8899180">
    <ele>693.5</ele>
    <time>2024-07-09T21:30:53Z</time>
   </trkpt>
   <trkpt lat="51.5346980" lon="-112.8898810">
    <ele>693.3</ele>
    <time>2024-07-09T21:30:54Z</time>
   </trkpt>
   <trkpt lat="51.5346030" lon="-112.8898470">
    <ele>693.2</ele>
    <time>2024-07-09T21:30:55Z</time>
   </trkpt>
   <trkpt lat="51.5345140" lon="-112.8898110">
    <ele>693.0</ele>
    <time>2024-07-09T21:30:56Z</time>
   </trkpt>
   <trkpt lat="51.5344240" lon="-112.8897790">
    <ele>692.8</ele>
    <time>2024-07-09T21:30:57Z</time>
   </trkpt>
   <trkpt lat="51.5343390" lon="-112.8897340">
    <ele>692.7</ele>
    <time>2024-07-09T21:30:58Z</time>
   </trkpt>
   <trkpt lat="51.5342580" lon="-112.8896940">
    <ele>692.6</ele>
    <time>2024-07-09T21:30:59Z</time>
   </trkpt>
   <trkpt lat="51.5341730" lon="-112.8896690">
    <ele>692.5</ele>
    <time>2024-07-09T21:31:00Z</time>
   </trkpt>
   <trkpt lat="51.5340930" lon="-112.8896410">
    <ele>692.4</ele>
    <time>2024-07-09T21:31:01Z</time>
   </trkpt>
   <trkpt lat="51.5340110" lon="-112.8896170">
    <ele>692.3</ele>
    <time>2024-07-09T21:31:02Z</time>
   </trkpt>
   <trkpt lat="51.5339320" lon="-112.8895880">
    <ele>692.3</ele>
    <time>2024-07-09T21:31:03Z</time>
   </trkpt>
   <trkpt lat="51.5338540" lon="-112.8895590">
    <ele>692.2</ele>
    <time>2024-07-09T21:31:04Z</time>
   </trkpt>
   <trkpt lat="51.5337780" lon="-112.8895290">
    <ele>692.2</ele>
    <time>2024-07-09T21:31:05Z</time>
   </trkpt>
   <trkpt lat="51.5336980" lon="-112.8895040">
    <ele>692.1</ele>
    <time>2024-07-09T21:31:06Z</time>
   </trkpt>
   <trkpt lat="51.5336190" lon="-112.8894770">
    <ele>692.1</ele>
    <time>2024-07-09T21:31:07Z</time>
   </trkpt>
   <trkpt lat="51.5335410" lon="-112.8894460">
    <ele>692.1</ele>
    <time>2024-07-09T21:31:08Z</time>
   </trkpt>
   <trkpt lat="51.5334640" lon="-112.8894100">
    <ele>692.1</ele>
    <time>2024-07-09T21:31:09Z</time>
   </trkpt>
   <trkpt lat="51.5333860" lon="-112.8893800">
    <ele>692.1</ele>
    <time>2024-07-09T21:31:10Z</time>
   </trkpt>
   <trkpt lat="51.5333090" lon="-112.8893480">
    <ele>692.0</ele>
    <time>2024-07-09T21:31:11Z</time>
   </trkpt>
   <trkpt lat="51.5332320" lon="-112.8893170">
    <ele>692.0</ele>
    <time>2024-07-09T21:31:12Z</time>
   </trkpt>
   <trkpt lat="51.5331540" lon="-112.8892970">
    <ele>692.0</ele>
    <time>2024-07-09T21:31:13Z</time>
   </trkpt>
   <trkpt lat="51.5330730" lon="-112.8892770">
    <ele>692.1</ele>
    <time>2024-07-09T21:31:14Z</time>
   </trkpt>
   <trkpt lat="51.5329970" lon="-112.8892490">
    <ele>692.1</ele>
    <time>2024-07-09T21:31:15Z</time>
   </trkpt>
   <trkpt lat="51.5329210" lon="-112.8892220">
    <ele>692.2</ele>
    <time>2024-07-09T21:31:16Z</time>
   </trkpt>
   <trkpt lat="51.5328420" lon="-112.8891890">
    <ele>692.2</ele>
    <time>2024-07-09T21:31:17Z</time>
   </trkpt>
   <trkpt lat="51.5327700" lon="-112.8891540">
    <ele>692.3</ele>
    <time>2024-07-09T21:31:18Z</time>
   </trkpt>
   <trkpt lat="51.5326990" lon="-112.8891220">
    <ele>692.3</ele>
    <time>2024-07-09T21:31:19Z</time>
   </trkpt>
   <trkpt lat="51.5326280" lon="-112.8890940">
    <ele>692.3</ele>
    <time>2024-07-09T21:31:20Z</time>
   </trkpt>
   <trkpt lat="51.5325550" lon="-112.8890670">
    <ele>692.3</ele>
    <time>2024-07-09T21:31:21Z</time>
   </trkpt>
   <trkpt lat="51.5324840" lon="-112.8890390">
    <ele>692.3</ele>
    <time>2024-07-09T21:31:22Z</time>
   </trkpt>
   <trkpt lat="51.5324130" lon="-112.8890160">
    <ele>692.3</ele>
    <time>2024-07-09T21:31:23Z</time>
   </trkpt>
   <trkpt lat="51.5323440" lon="-112.8889890">
    <ele>692.3</ele>
    <time>2024-07-09T21:31:24Z</time>
   </trkpt>
   <trkpt lat="51.5322780" lon="-112.8889570">
    <ele>692.2</ele>
    <time>2024-07-09T21:31:25Z</time>
   </trkpt>
   <trkpt lat="51.5322140" lon="-112.8889330">
    <ele>692.1</ele>
    <time>2024-07-09T21:31:26Z</time>
   </trkpt>
   <trkpt lat="51.5321500" lon="-112.8889060">
    <ele>692.0</ele>
    <time>2024-07-09T21:31:27Z</time>
   </trkpt>
   <trkpt lat="51.5320850" lon="-112.8888830">
    <ele>692.1</ele>
    <time>2024-07-09T21:31:28Z</time>
   </trkpt>
   <trkpt lat="51.5320210" lon="-112.8888580">
    <ele>692.1</ele>
    <time>2024-07-09T21:31:29Z</time>
   </trkpt>
   <trkpt lat="51.5319560" lon="-112.8888360">
    <ele>692.2</ele>
    <time>2024-07-09T21:31:30Z</time>
   </trkpt>
   <trkpt lat="51.5318910" lon="-112.8888110">
    <ele>692.2</ele>
    <time>2024-07-09T21:31:31Z</time>
   </trkpt>
   <trkpt lat="51.5318290" lon="-112.8887900">
    <ele>692.3</ele>
    <time>2024-07-09T21:31:32Z</time>
   </trkpt>
   <trkpt lat="51.5317650" lon="-112.8887650">
    <ele>692.4</ele>
    <time>2024-07-09T21:31:33Z</time>
   </trkpt>
   <trkpt lat="51.5317000" lon="-112.8887440">
    <ele>692.5</ele>
    <time>2024-07-09T21:31:34Z</time>
   </trkpt>
   <trkpt lat="51.5316350" lon="-112.8887210">
    <ele>692.6</ele>
    <time>2024-07-09T21:31:35Z</time>
   </trkpt>
   <trkpt lat="51.5315720" lon="-112.8886950">
    <ele>692.6</ele>
    <time>2024-07-09T21:31:36Z</time>
   </trkpt>
   <trkpt lat="51.5315100" lon="-112.8886730">
    <ele>692.7</ele>
    <time>2024-07-09T21:31:37Z</time>
   </trkpt>
   <trkpt lat="51.5314510" lon="-112.8886520">
    <ele>692.8</ele>
    <time>2024-07-09T21:31:38Z</time>
   </trkpt>
   <trkpt lat="51.5313910" lon="-112.8886280">
    <ele>692.9</ele>
    <time>2024-07-09T21:31:39Z</time>
   </trkpt>
   <trkpt lat="51.5313350" lon="-112.8886040">
    <ele>693.0</ele>
    <time>2024-07-09T21:31:40Z</time>
   </trkpt>
   <trkpt lat="51.5312770" lon="-112.8885820">
    <ele>693.0</ele>
    <time>2024-07-09T21:31:41Z</time>
   </trkpt>
   <trkpt lat="51.5312200" lon="-112.8885590">
    <ele>693.1</ele>
    <time>2024-07-09T21:31:42Z</time>
   </trkpt>
   <trkpt lat="51.5311630" lon="-112.8885330">
    <ele>693.2</ele>
    <time>2024-07-09T21:31:43Z</time>
   </trkpt>
   <trkpt lat="51.5311070" lon="-112.8885110">
    <ele>693.3</ele>
    <time>2024-07-09T21:31:44Z</time>
   </trkpt>
   <trkpt lat="51.5310480" lon="-112.8884910">
    <ele>693.4</ele>
    <time>2024-07-09T21:31:45Z</time>
   </trkpt>
   <trkpt lat="51.5309900" lon="-112.8884740">
    <ele>693.4</ele>
    <time>2024-07-09T21:31:46Z</time>
   </trkpt>
   <trkpt lat="51.5309330" lon="-112.8884500">
    <ele>693.5</ele>
    <time>2024-07-09T21:31:47Z</time>
   </trkpt>
   <trkpt lat="51.5308790" lon="-112.8884180">
    <ele>693.6</ele>
    <time>2024-07-09T21:31:48Z</time>
   </trkpt>
   <trkpt lat="51.5308250" lon="-112.8883880">
    <ele>693.7</ele>
    <time>2024-07-09T21:31:49Z</time>
   </trkpt>
   <trkpt lat="51.5307710" lon="-112.8883640">
    <ele>693.8</ele>
    <time>2024-07-09T21:31:50Z</time>
   </trkpt>
   <trkpt lat="51.5307180" lon="-112.8883430">
    <ele>693.9</ele>
    <time>2024-07-09T21:31:51Z</time>
   </trkpt>
   <trkpt lat="51.5306660" lon="-112.8883140">
    <ele>694.0</ele>
    <time>2024-07-09T21:31:52Z</time>
   </trkpt>
   <trkpt lat="51.5306150" lon="-112.8882870">
    <ele>694.1</ele>
    <time>2024-07-09T21:31:53Z</time>
   </trkpt>
   <trkpt lat="51.5305640" lon="-112.8882510">
    <ele>694.2</ele>
    <time>2024-07-09T21:31:54Z</time>
   </trkpt>
   <trkpt lat="51.5305110" lon="-112.8882230">
    <ele>694.3</ele>
    <time>2024-07-09T21:31:55Z</time>
   </trkpt>
   <trkpt lat="51.5304610" lon="-112.8882070">
    <ele>694.4</ele>
    <time>2024-07-09T21:31:56Z</time>
   </trkpt>
   <trkpt lat="51.5304130" lon="-112.8881770">
    <ele>694.4</ele>
    <time>2024-07-09T21:31:57Z</time>
   </trkpt>
   <trkpt lat="51.5303620" lon="-112.8881540">
    <ele>694.5</ele>
    <time>2024-07-09T21:31:58Z</time>
   </trkpt>
   <trkpt lat="51.5303140" lon="-112.8881270">
    <ele>694.6</ele>
    <time>2024-07-09T21:31:59Z</time>
   </trkpt>
   <trkpt lat="51.5302650" lon="-112.8880970">
    <ele>694.7</ele>
    <time>2024-07-09T21:32:00Z</time>
   </trkpt>
   <trkpt lat="51.5302160" lon="-112.8880700">
    <ele>694.8</ele>
    <time>2024-07-09T21:32:01Z</time>
   </trkpt>
   <trkpt lat="51.5301700" lon="-112.8880430">
    <ele>694.9</ele>
    <time>2024-07-09T21:32:02Z</time>
   </trkpt>
   <trkpt lat="51.5301240" lon="-112.8880130">
    <ele>695.0</ele>
    <time>2024-07-09T21:32:03Z</time>
   </trkpt>
   <trkpt lat="51.5300760" lon="-112.8879900">
    <ele>695.1</ele>
    <time>2024-07-09T21:32:04Z</time>
   </trkpt>
   <trkpt lat="51.5300290" lon="-112.8879590">
    <ele>695.2</ele>
    <time>2024-07-09T21:32:05Z</time>
   </trkpt>
   <trkpt lat="51.5299850" lon="-112.8879300">
    <ele>695.3</ele>
    <time>2024-07-09T21:32:06Z</time>
   </trkpt>
   <trkpt lat="51.5299390" lon="-112.8879040">
    <ele>695.3</ele>
    <time>2024-07-09T21:32:07Z</time>
   </trkpt>
   <trkpt lat="51.5298940" lon="-112.8878770">
    <ele>695.4</ele>
    <time>2024-07-09T21:32:08Z</time>
   </trkpt>
   <trkpt lat="51.5298460" lon="-112.8878550">
    <ele>695.5</ele>
    <time>2024-07-09T21:32:09Z</time>
   </trkpt>
   <trkpt lat="51.5297990" lon="-112.8878290">
    <ele>695.6</ele>
    <time>2024-07-09T21:32:10Z</time>
   </trkpt>
   <trkpt lat="51.5297510" lon="-112.8877970">
    <ele>695.7</ele>
    <time>2024-07-09T21:32:11Z</time>
   </trkpt>
   <trkpt lat="51.5297030" lon="-112.8877650">
    <ele>695.8</ele>
    <time>2024-07-09T21:32:12Z</time>
   </trkpt>
   <trkpt lat="51.5296550" lon="-112.8877320">
    <ele>695.8</ele>
    <time>2024-07-09T21:32:13Z</time>
   </trkpt>
   <trkpt lat="51.5296050" lon="-112.8877030">
    <ele>695.9</ele>
    <time>2024-07-09T21:32:14Z</time>
   </trkpt>
   <trkpt lat="51.5295600" lon="-112.8876710">
    <ele>696.0</ele>
    <time>2024-07-09T21:32:15Z</time>
   </trkpt>
   <trkpt lat="51.5295120" lon="-112.8876490">
    <ele>696.0</ele>
    <time>2024-07-09T21:32:16Z</time>
   </trkpt>
   <trkpt lat="51.5294640" lon="-112.8876200">
    <ele>696.1</ele>
    <time>2024-07-09T21:32:17Z</time>
   </trkpt>
   <trkpt lat="51.5294170" lon="-112.8875840">
    <ele>696.2</ele>
    <time>2024-07-09T21:32:18Z</time>
   </trkpt>
   <trkpt lat="51.5293720" lon="-112.8875510">
    <ele>696.2</ele>
    <time>2024-07-09T21:32:19Z</time>
   </trkpt>
   <trkpt lat="51.5293270" lon="-112.8875240">
    <ele>696.3</ele>
    <time>2024-07-09T21:32:20Z</time>
   </trkpt>
   <trkpt lat="51.5292790" lon="-112.8874940">
    <ele>696.3</ele>
    <time>2024-07-09T21:32:21Z</time>
   </trkpt>
   <trkpt lat="51.5292330" lon="-112.8874560">
    <ele>696.4</ele>
    <time>2024-07-09T21:32:22Z</time>
   </trkpt>
   <trkpt lat="51.5291840" lon="-112.8874250">
    <ele>696.5</ele>
    <time>2024-07-09T21:32:23Z</time>
   </trkpt>
   <trkpt lat="51.5291390" lon="-112.8873930">
    <ele>696.5</ele>
    <time>2024-07-09T21:32:24Z</time>
   </trkpt>
   <trkpt lat="51.5290910" lon="-112.8873600">
    <ele>696.6</ele>
    <time>2024-07-09T21:32:25Z</time>
   </trkpt>
   <trkpt lat="51.5290460" lon="-112.8873270">
    <ele>696.6</ele>
    <time>2024-07-09T21:32:26Z</time>
   </trkpt>
   <trkpt lat="51.5289980" lon="-112.8872930">
    <ele>696.7</ele>
    <time>2024-07-09T21:32:27Z</time>
   </trkpt>
   <trkpt lat="51.5289480" lon="-112.8872590">
    <ele>696.8</ele>
    <time>2024-07-09T21:32:28Z</time>
   </trkpt>
   <trkpt lat="51.5289030" lon="-112.8872240">
    <ele>696.9</ele>
    <time>2024-07-09T21:32:29Z</time>
   </trkpt>
   <trkpt lat="51.5288550" lon="-112.8871970">
    <ele>696.9</ele>
    <time>2024-07-09T21:32:30Z</time>
   </trkpt>
   <trkpt lat="51.5288090" lon="-112.8871670">
    <ele>697.0</ele>
    <time>2024-07-09T21:32:31Z</time>
   </trkpt>
   <trkpt lat="51.5287630" lon="-112.8871370">
    <ele>697.1</ele>
    <time>2024-07-09T21:32:32Z</time>
   </trkpt>
   <trkpt lat="51.5287200" lon="-112.8871060">
    <ele>697.1</ele>
    <time>2024-07-09T21:32:33Z</time>
   </trkpt>
   <trkpt lat="51.5286740" lon="-112.8870680">
    <ele>697.2</ele>
    <time>2024-07-09T21:32:34Z</time>
   </trkpt>
   <trkpt lat="51.5286300" lon="-112.8870360">
    <ele>697.2</ele>
    <time>2024-07-09T21:32:35Z</time>
   </trkpt>
   <trkpt lat="51.5285880" lon="-112.8870070">
    <ele>697.3</ele>
    <time>2024-07-09T21:32:36Z</time>
   </trkpt>
   <trkpt lat="51.5285460" lon="-112.8869730">
    <ele>697.3</ele>
    <time>2024-07-09T21:32:37Z</time>
   </trkpt>
   <trkpt lat="51.5285040" lon="-112.8869360">
    <ele>697.4</ele>
    <time>2024-07-09T21:32:38Z</time>
   </trkpt>
   <trkpt lat="51.5284590" lon="-112.8869060">
    <ele>697.5</ele>
    <time>2024-07-09T21:32:39Z</time>
   </trkpt>
   <trkpt lat="51.5284180" lon="-112.8868750">
    <ele>697.5</ele>
    <time>2024-07-09T21:32:40Z</time>
   </trkpt>
   <trkpt lat="51.5283790" lon="-112.8868450">
    <ele>697.6</ele>
    <time>2024-07-09T21:32:41Z</time>
   </trkpt>
   <trkpt lat="51.5283400" lon="-112.8868180">
    <ele>697.6</ele>
    <time>2024-07-09T21:32:42Z</time>
   </trkpt>
   <trkpt lat="51.5283020" lon="-112.8867880">
    <ele>697.7</ele>
    <time>2024-07-09T21:32:43Z</time>
   </trkpt>
   <trkpt lat="51.5282620" lon="-112.8867600">
    <ele>697.8</ele>
    <time>2024-07-09T21:32:44Z</time>
   </trkpt>
   <trkpt lat="51.5282240" lon="-112.8867320">
    <ele>697.8</ele>
    <time>2024-07-09T21:32:45Z</time>
   </trkpt>
   <trkpt lat="51.5281890" lon="-112.8867050">
    <ele>697.9</ele>
    <time>2024-07-09T21:32:46Z</time>
   </trkpt>
   <trkpt lat="51.5281510" lon="-112.8866850">
    <ele>697.9</ele>
    <time>2024-07-09T21:32:47Z</time>
   </trkpt>
   <trkpt lat="51.5281130" lon="-112.8866580">
    <ele>698.0</ele>
    <time>2024-07-09T21:32:48Z</time>
   </trkpt>
   <trkpt lat="51.5280770" lon="-112.8866260">
    <ele>698.0</ele>
    <time>2024-07-09T21:32:49Z</time>
   </trkpt>
   <trkpt lat="51.5280410" lon="-112.8865950">
    <ele>698.1</ele>
    <time>2024-07-09T21:32:50Z</time>
   </trkpt>
   <trkpt lat="51.5280020" lon="-112.8865690">
    <ele>698.2</ele>
    <time>2024-07-09T21:32:51Z</time>
   </trkpt>
   <trkpt lat="51.5279640" lon="-112.8865410">
    <ele>698.2</ele>
    <time>2024-07-09T21:32:52Z</time>
   </trkpt>
   <trkpt lat="51.5279240" lon="-112.8865150">
    <ele>698.3</ele>
    <time>2024-07-09T21:32:53Z</time>
   </trkpt>
   <trkpt lat="51.5278830" lon="-112.8864860">
    <ele>698.3</ele>
    <time>2024-07-09T21:32:54Z</time>
   </trkpt>
   <trkpt lat="51.5278450" lon="-112.8864560">
    <ele>698.4</ele>
    <time>2024-07-09T21:32:55Z</time>
   </trkpt>
   <trkpt lat="51.5278060" lon="-112.8864280">
    <ele>698.5</ele>
    <time>2024-07-09T21:32:56Z</time>
   </trkpt>
   <trkpt lat="51.5277670" lon="-112.8864010">
    <ele>698.5</ele>
    <time>2024-07-09T21:32:57Z</time>
   </trkpt>
   <trkpt lat="51.5277280" lon="-112.8863720">
    <ele>698.6</ele>
    <time>2024-07-09T21:32:58Z</time>
   </trkpt>
   <trkpt lat="51.5276900" lon="-112.8863460">
    <ele>698.6</ele>
    <time>2024-07-09T21:32:59Z</time>
   </trkpt>
   <trkpt lat="51.5276520" lon="-112.8863190">
    <ele>698.7</ele>
    <time>2024-07-09T21:33:00Z</time>
   </trkpt>
   <trkpt lat="51.5276120" lon="-112.8862920">
    <ele>698.8</ele>
    <time>2024-07-09T21:33:01Z</time>
   </trkpt>
   <trkpt lat="51.5275730" lon="-112.8862630">
    <ele>698.8</ele>
    <time>2024-07-09T21:33:02Z</time>
   </trkpt>
   <trkpt lat="51.5275340" lon="-112.8862340">
    <ele>698.9</ele>
    <time>2024-07-09T21:33:03Z</time>
   </trkpt>
   <trkpt lat="51.5274950" lon="-112.8862040">
    <ele>698.9</ele>
    <time>2024-07-09T21:33:04Z</time>
   </trkpt>
   <trkpt lat="51.5274580" lon="-112.8861760">
    <ele>699.0</ele>
    <time>2024-07-09T21:33:05Z</time>
   </trkpt>
   <trkpt lat="51.5274170" lon="-112.8861470">
    <ele>699.1</ele>
    <time>2024-07-09T21:33:06Z</time>
   </trkpt>
   <trkpt lat="51.5273790" lon="-112.8861160">
    <ele>699.1</ele>
    <time>2024-07-09T21:33:07Z</time>
   </trkpt>
   <trkpt lat="51.5273370" lon="-112.8860870">
    <ele>699.2</ele>
    <time>2024-07-09T21:33:08Z</time>
   </trkpt>
   <trkpt lat="51.5272970" lon="-112.8860550">
    <ele>699.3</ele>
    <time>2024-07-09T21:33:09Z</time>
   </trkpt>
   <trkpt lat="51.5272550" lon="-112.8860290">
    <ele>699.3</ele>
    <time>2024-07-09T21:33:10Z</time>
   </trkpt>
   <trkpt lat="51.5272130" lon="-112.8859990">
    <ele>699.4</ele>
    <time>2024-07-09T21:33:11Z</time>
   </trkpt>
   <trkpt lat="51.5271310" lon="-112.8859440">
    <ele>699.5</ele>
    <time>2024-07-09T21:33:12Z</time>
   </trkpt>
   <trkpt lat="51.5270900" lon="-112.8859130">
    <ele>699.5</ele>
    <time>2024-07-09T21:33:13Z</time>
   </trkpt>
   <trkpt lat="51.5270470" lon="-112.8858840">
    <ele>699.6</ele>
    <time>2024-07-09T21:33:14Z</time>
   </trkpt>
   <trkpt lat="51.5270060" lon="-112.8858550">
    <ele>699.7</ele>
    <time>2024-07-09T21:33:15Z</time>
   </trkpt>
   <trkpt lat="51.5269670" lon="-112.8858270">
    <ele>699.7</ele>
    <time>2024-07-09T21:33:16Z</time>
   </trkpt>
   <trkpt lat="51.5269290" lon="-112.8857950">
    <ele>699.7</ele>
    <time>2024-07-09T21:33:17Z</time>
   </trkpt>
   <trkpt lat="51.5268890" lon="-112.8857670">
    <ele>699.8</ele>
    <time>2024-07-09T21:33:18Z</time>
   </trkpt>
   <trkpt lat="51.5268490" lon="-112.8857400">
    <ele>699.8</ele>
    <time>2024-07-09T21:33:19Z</time>
   </trkpt>
   <trkpt lat="51.5268100" lon="-112.8857100">
    <ele>699.9</ele>
    <time>2024-07-09T21:33:20Z</time>
   </trkpt>
   <trkpt lat="51.5267710" lon="-112.8856790">
    <ele>699.9</ele>
    <time>2024-07-09T21:33:21Z</time>
   </trkpt>
   <trkpt lat="51.5267320" lon="-112.8856510">
    <ele>699.9</ele>
    <time>2024-07-09T21:33:22Z</time>
   </trkpt>
   <trkpt lat="51.5266900" lon="-112.8856240">
    <ele>700.0</ele>
    <time>2024-07-09T21:33:23Z</time>
   </trkpt>
   <trkpt lat="51.5266490" lon="-112.8855970">
    <ele>700.0</ele>
    <time>2024-07-09T21:33:24Z</time>
   </trkpt>
   <trkpt lat="51.5266160" lon="-112.8855690">
    <ele>700.0</ele>
    <time>2024-07-09T21:33:25Z</time>
   </trkpt>
   <trkpt lat="51.5265770" lon="-112.8855360">
    <ele>700.1</ele>
    <time>2024-07-09T21:33:26Z</time>
   </trkpt>
   <trkpt lat="51.5265390" lon="-112.8855040">
    <ele>700.1</ele>
    <time>2024-07-09T21:33:27Z</time>
   </trkpt>
   <trkpt lat="51.5264990" lon="-112.8854760">
    <ele>700.2</ele>
    <time>2024-07-09T21:33:28Z</time>
   </trkpt>
   <trkpt lat="51.5264590" lon="-112.8854520">
    <ele>700.2</ele>
    <time>2024-07-09T21:33:29Z</time>
   </trkpt>
   <trkpt lat="51.5264200" lon="-112.8854260">
    <ele>700.3</ele>
    <time>2024-07-09T21:33:30Z</time>
   </trkpt>
   <trkpt lat="51.5263810" lon="-112.8853960">
    <ele>700.3</ele>
    <time>2024-07-09T21:33:31Z</time>
   </trkpt>
   <trkpt lat="51.5263430" lon="-112.8853690">
    <ele>700.4</ele>
    <time>2024-07-09T21:33:32Z</time>
   </trkpt>
   <trkpt lat="51.5263050" lon="-112.8853390">
    <ele>700.4</ele>
    <time>2024-07-09T21:33:33Z</time>
   </trkpt>
   <trkpt lat="51.5262670" lon="-112.8853110">
    <ele>700.5</ele>
    <time>2024-07-09T21:33:34Z</time>
   </trkpt>
   <trkpt lat="51.5262310" lon="-112.8852820">
    <ele>700.5</ele>
    <time>2024-07-09T21:33:35Z</time>
   </trkpt>
   <trkpt lat="51.5261950" lon="-112.8852520">
    <ele>700.6</ele>
    <time>2024-07-09T21:33:36Z</time>
   </trkpt>
   <trkpt lat="51.5261560" lon="-112.8852260">
    <ele>700.6</ele>
    <time>2024-07-09T21:33:37Z</time>
   </trkpt>
   <trkpt lat="51.5261170" lon="-112.8852000">
    <ele>700.7</ele>
    <time>2024-07-09T21:33:38Z</time>
   </trkpt>
   <trkpt lat="51.5260760" lon="-112.8851720">
    <ele>700.8</ele>
    <time>2024-07-09T21:33:39Z</time>
   </trkpt>
   <trkpt lat="51.5260370" lon="-112.8851460">
    <ele>700.8</ele>
    <time>2024-07-09T21:33:40Z</time>
   </trkpt>
   <trkpt lat="51.5259960" lon="-112.8851170">
    <ele>700.9</ele>
    <time>2024-07-09T21:33:41Z</time>
   </trkpt>
   <trkpt lat="51.5259560" lon="-112.8850880">
    <ele>700.9</ele>
    <time>2024-07-09T21:33:42Z</time>
   </trkpt>
   <trkpt lat="51.5259180" lon="-112.8850620">
    <ele>700.9</ele>
    <time>2024-07-09T21:33:43Z</time>
   </trkpt>
   <trkpt lat="51.5258800" lon="-112.8850310">
    <ele>701.0</ele>
    <time>2024-07-09T21:33:45Z</time>
   </trkpt>
   <trkpt lat="51.5258420" lon="-112.8850010">
    <ele>701.0</ele>
    <time>2024-07-09T21:33:46Z</time>
   </trkpt>
   <trkpt lat="51.5258020" lon="-112.8849710">
    <ele>701.1</ele>
    <time>2024-07-09T21:33:47Z</time>
   </trkpt>
   <trkpt lat="51.5257630" lon="-112.8849440">
    <ele>701.1</ele>
    <time>2024-07-09T21:33:48Z</time>
   </trkpt>
   <trkpt lat="51.5257230" lon="-112.8849120">
    <ele>701.1</ele>
    <time>2024-07-09T21:33:49Z</time>
   </trkpt>
   <trkpt lat="51.5256830" lon="-112.8848810">
    <ele>701.2</ele>
    <time>2024-07-09T21:33:50Z</time>
   </trkpt>
   <trkpt lat="51.5256440" lon="-112.8848520">
    <ele>701.2</ele>
    <time>2024-07-09T21:33:51Z</time>
   </trkpt>
   <trkpt lat="51.5256030" lon="-112.8848240">
    <ele>701.3</ele>
    <time>2024-07-09T21:33:52Z</time>
   </trkpt>
   <trkpt lat="51.5255640" lon="-112.8847950">
    <ele>701.3</ele>
    <time>2024-07-09T21:33:53Z</time>
   </trkpt>
   <trkpt lat="51.5255220" lon="-112.8847650">
    <ele>701.4</ele>
    <time>2024-07-09T21:33:54Z</time>
   </trkpt>
   <trkpt lat="51.5254830" lon="-112.8847370">
    <ele>701.4</ele>
    <time>2024-07-09T21:33:55Z</time>
   </trkpt>
   <trkpt lat="51.5254420" lon="-112.8847090">
    <ele>701.5</ele>
    <time>2024-07-09T21:33:56Z</time>
   </trkpt>
   <trkpt lat="51.5254050" lon="-112.8846800">
    <ele>701.5</ele>
    <time>2024-07-09T21:33:57Z</time>
   </trkpt>
   <trkpt lat="51.5253630" lon="-112.8846530">
    <ele>701.6</ele>
    <time>2024-07-09T21:33:58Z</time>
   </trkpt>
   <trkpt lat="51.5253220" lon="-112.8846240">
    <ele>701.6</ele>
    <time>2024-07-09T21:33:59Z</time>
   </trkpt>
   <trkpt lat="51.5252810" lon="-112.8845940">
    <ele>701.7</ele>
    <time>2024-07-09T21:34:00Z</time>
   </trkpt>
   <trkpt lat="51.5252400" lon="-112.8845660">
    <ele>701.7</ele>
    <time>2024-07-09T21:34:01Z</time>
   </trkpt>
   <trkpt lat="51.5252010" lon="-112.8845360">
    <ele>701.8</ele>
    <time>2024-07-09T21:34:02Z</time>
   </trkpt>
   <trkpt lat="51.5251620" lon="-112.8845070">
    <ele>701.8</ele>
    <time>2024-07-09T21:34:03Z</time>
   </trkpt>
   <trkpt lat="51.5251210" lon="-112.8844770">
    <ele>701.9</ele>
    <time>2024-07-09T21:34:04Z</time>
   </trkpt>
   <trkpt lat="51.5250820" lon="-112.8844500">
    <ele>701.9</ele>
    <time>2024-07-09T21:34:05Z</time>
   </trkpt>
   <trkpt lat="51.5250410" lon="-112.8844200">
    <ele>702.0</ele>
    <time>2024-07-09T21:34:06Z</time>
   </trkpt>
   <trkpt lat="51.5250000" lon="-112.8843910">
    <ele>702.0</ele>
    <time>2024-07-09T21:34:07Z</time>
   </trkpt>
   <trkpt lat="51.5249590" lon="-112.8843620">
    <ele>702.1</ele>
    <time>2024-07-09T21:34:08Z</time>
   </trkpt>
   <trkpt lat="51.5249190" lon="-112.8843360">
    <ele>702.1</ele>
    <time>2024-07-09T21:34:09Z</time>
   </trkpt>
   <trkpt lat="51.5248790" lon="-112.8843050">
    <ele>702.1</ele>
    <time>2024-07-09T21:34:10Z</time>
   </trkpt>
   <trkpt lat="51.5248360" lon="-112.8842710">
    <ele>702.2</ele>
    <time>2024-07-09T21:34:11Z</time>
   </trkpt>
   <trkpt lat="51.5247920" lon="-112.8842350">
    <ele>702.2</ele>
    <time>2024-07-09T21:34:12Z</time>
   </trkpt>
   <trkpt lat="51.5247470" lon="-112.8842020">
    <ele>702.3</ele>
    <time>2024-07-09T21:34:13Z</time>
   </trkpt>
   <trkpt lat="51.5247000" lon="-112.8841690">
    <ele>702.3</ele>
    <time>2024-07-09T21:34:14Z</time>
   </trkpt>
   <trkpt lat="51.5246540" lon="-112.8841340">
    <ele>702.3</ele>
    <time>2024-07-09T21:34:15Z</time>
   </trkpt>
   <trkpt lat="51.5246070" lon="-112.8841020">
    <ele>702.3</ele>
    <time>2024-07-09T21:34:16Z</time>
   </trkpt>
   <trkpt lat="51.5245610" lon="-112.8840680">
    <ele>702.3</ele>
    <time>2024-07-09T21:34:17Z</time>
   </trkpt>
   <trkpt lat="51.5245160" lon="-112.8840350">
    <ele>702.4</ele>
    <time>2024-07-09T21:34:18Z</time>
   </trkpt>
   <trkpt lat="51.5244690" lon="-112.8840030">
    <ele>702.4</ele>
    <time>2024-07-09T21:34:19Z</time>
   </trkpt>
   <trkpt lat="51.5244210" lon="-112.8839700">
    <ele>702.4</ele>
    <time>2024-07-09T21:34:20Z</time>
   </trkpt>
   <trkpt lat="51.5243750" lon="-112.8839400">
    <ele>702.4</ele>
    <time>2024-07-09T21:34:21Z</time>
   </trkpt>
   <trkpt lat="51.5243280" lon="-112.8839030">
    <ele>702.4</ele>
    <time>2024-07-09T21:34:22Z</time>
   </trkpt>
   <trkpt lat="51.5242830" lon="-112.8838680">
    <ele>702.3</ele>
    <time>2024-07-09T21:34:23Z</time>
   </trkpt>
   <trkpt lat="51.5242380" lon="-112.8838390">
    <ele>702.3</ele>
    <time>2024-07-09T21:34:24Z</time>
   </trkpt>
   <trkpt lat="51.5241890" lon="-112.8838090">
    <ele>702.3</ele>
    <time>2024-07-09T21:34:25Z</time>
   </trkpt>
   <trkpt lat="51.5241430" lon="-112.8837730">
    <ele>702.3</ele>
    <time>2024-07-09T21:34:26Z</time>
   </trkpt>
   <trkpt lat="51.5240950" lon="-112.8837410">
    <ele>702.3</ele>
    <time>2024-07-09T21:34:27Z</time>
   </trkpt>
   <trkpt lat="51.5240460" lon="-112.8837130">
    <ele>702.2</ele>
    <time>2024-07-09T21:34:28Z</time>
   </trkpt>
   <trkpt lat="51.5239960" lon="-112.8836790">
    <ele>702.2</ele>
    <time>2024-07-09T21:34:29Z</time>
   </trkpt>
   <trkpt lat="51.5239510" lon="-112.8836450">
    <ele>702.2</ele>
    <time>2024-07-09T21:34:30Z</time>
   </trkpt>
   <trkpt lat="51.5239030" lon="-112.8836120">
    <ele>702.1</ele>
    <time>2024-07-09T21:34:31Z</time>
   </trkpt>
   <trkpt lat="51.5238560" lon="-112.8835800">
    <ele>702.1</ele>
    <time>2024-07-09T21:34:32Z</time>
   </trkpt>
   <trkpt lat="51.5238100" lon="-112.8835450">
    <ele>702.1</ele>
    <time>2024-07-09T21:34:33Z</time>
   </trkpt>
   <trkpt lat="51.5237630" lon="-112.8835110">
    <ele>702.0</ele>
    <time>2024-07-09T21:34:34Z</time>
   </trkpt>
   <trkpt lat="51.5237160" lon="-112.8834800">
    <ele>702.0</ele>
    <time>2024-07-09T21:34:35Z</time>
   </trkpt>
   <trkpt lat="51.5236690" lon="-112.8834480">
    <ele>702.0</ele>
    <time>2024-07-09T21:34:36Z</time>
   </trkpt>
   <trkpt lat="51.5236230" lon="-112.8834140">
    <ele>701.9</ele>
    <time>2024-07-09T21:34:37Z</time>
   </trkpt>
   <trkpt lat="51.5235770" lon="-112.8833810">
    <ele>701.9</ele>
    <time>2024-07-09T21:34:38Z</time>
   </trkpt>
   <trkpt lat="51.5235300" lon="-112.8833460">
    <ele>701.8</ele>
    <time>2024-07-09T21:34:39Z</time>
   </trkpt>
   <trkpt lat="51.5234340" lon="-112.8832770">
    <ele>701.8</ele>
    <time>2024-07-09T21:34:40Z</time>
   </trkpt>
   <trkpt lat="51.5233850" lon="-112.8832430">
    <ele>701.7</ele>
    <time>2024-07-09T21:34:41Z</time>
   </trkpt>
   <trkpt lat="51.5233360" lon="-112.8832090">
    <ele>701.7</ele>
    <time>2024-07-09T21:34:42Z</time>
   </trkpt>
   <trkpt lat="51.5232870" lon="-112.8831750">
    <ele>701.6</ele>
    <time>2024-07-09T21:34:43Z</time>
   </trkpt>
   <trkpt lat="51.5232350" lon="-112.8831430">
    <ele>701.6</ele>
    <time>2024-07-09T21:34:44Z</time>
   </trkpt>
   <trkpt lat="51.5231840" lon="-112.8831080">
    <ele>701.5</ele>
    <time>2024-07-09T21:34:45Z</time>
   </trkpt>
   <trkpt lat="51.5231320" lon="-112.8830710">
    <ele>701.5</ele>
    <time>2024-07-09T21:34:46Z</time>
   </trkpt>
   <trkpt lat="51.5230800" lon="-112.8830330">
    <ele>701.4</ele>
    <time>2024-07-09T21:34:47Z</time>
   </trkpt>
   <trkpt lat="51.5230290" lon="-112.8830000">
    <ele>701.4</ele>
    <time>2024-07-09T21:34:48Z</time>
   </trkpt>
   <trkpt lat="51.5229770" lon="-112.8829630">
    <ele>701.3</ele>
    <time>2024-07-09T21:34:49Z</time>
   </trkpt>
   <trkpt lat="51.5229230" lon="-112.8829270">
    <ele>701.2</ele>
    <time>2024-07-09T21:34:50Z</time>
   </trkpt>
   <trkpt lat="51.5228710" lon="-112.8828910">
    <ele>701.2</ele>
    <time>2024-07-09T21:34:51Z</time>
   </trkpt>
   <trkpt lat="51.5228180" lon="-112.8828530">
    <ele>701.1</ele>
    <time>2024-07-09T21:34:52Z</time>
   </trkpt>
   <trkpt lat="51.5227630" lon="-112.8828150">
    <ele>701.1</ele>
    <time>2024-07-09T21:34:53Z</time>
   </trkpt>
   <trkpt lat="51.5227110" lon="-112.8827770">
    <ele>701.0</ele>
    <time>2024-07-09T21:34:54Z</time>
   </trkpt>
   <trkpt lat="51.5226550" lon="-112.8827440">
    <ele>700.9</ele>
    <time>2024-07-09T21:34:55Z</time>
   </trkpt>
   <trkpt lat="51.5225990" lon="-112.8827070">
    <ele>700.9</ele>
    <time>2024-07-09T21:34:56Z</time>
   </trkpt>
   <trkpt lat="51.5225470" lon="-112.8826720">
    <ele>700.8</ele>
    <time>2024-07-09T21:34:57Z</time>
   </trkpt>
   <trkpt lat="51.5224920" lon="-112.8826350">
    <ele>700.7</ele>
    <time>2024-07-09T21:34:58Z</time>
   </trkpt>
   <trkpt lat="51.5224370" lon="-112.8825970">
    <ele>700.7</ele>
    <time>2024-07-09T21:34:59Z</time>
   </trkpt>
   <trkpt lat="51.5223830" lon="-112.8825630">
    <ele>700.6</ele>
    <time>2024-07-09T21:35:00Z</time>
   </trkpt>
   <trkpt lat="51.5223260" lon="-112.8825260">
    <ele>700.6</ele>
    <time>2024-07-09T21:35:01Z</time>
   </trkpt>
   <trkpt lat="51.5222710" lon="-112.8824890">
    <ele>700.5</ele>
    <time>2024-07-09T21:35:02Z</time>
   </trkpt>
   <trkpt lat="51.5222150" lon="-112.8824510">
    <ele>700.5</ele>
    <time>2024-07-09T21:35:03Z</time>
   </trkpt>
   <trkpt lat="51.5221560" lon="-112.8824140">
    <ele>700.4</ele>
    <time>2024-07-09T21:35:04Z</time>
   </trkpt>
   <trkpt lat="51.5220960" lon="-112.8823760">
    <ele>700.3</ele>
    <time>2024-07-09T21:35:05Z</time>
   </trkpt>
   <trkpt lat="51.5220380" lon="-112.8823340">
    <ele>700.2</ele>
    <time>2024-07-09T21:35:06Z</time>
   </trkpt>
   <trkpt lat="51.5219790" lon="-112.8822940">
    <ele>700.2</ele>
    <time>2024-07-09T21:35:07Z</time>
   </trkpt>
   <trkpt lat="51.5219180" lon="-112.8822580">
    <ele>700.1</ele>
    <time>2024-07-09T21:35:08Z</time>
   </trkpt>
   <trkpt lat="51.5218570" lon="-112.8822190">
    <ele>699.9</ele>
    <time>2024-07-09T21:35:09Z</time>
   </trkpt>
   <trkpt lat="51.5217980" lon="-112.8821790">
    <ele>699.8</ele>
    <time>2024-07-09T21:35:10Z</time>
   </trkpt>
   <trkpt lat="51.5217360" lon="-112.8821420">
    <ele>699.7</ele>
    <time>2024-07-09T21:35:11Z</time>
   </trkpt>
   <trkpt lat="51.5216760" lon="-112.8821000">
    <ele>699.6</ele>
    <time>2024-07-09T21:35:12Z</time>
   </trkpt>
   <trkpt lat="51.5216150" lon="-112.8820610">
    <ele>699.4</ele>
    <time>2024-07-09T21:35:13Z</time>
   </trkpt>
   <trkpt lat="51.5215540" lon="-112.8820210">
    <ele>699.3</ele>
    <time>2024-07-09T21:35:14Z</time>
   </trkpt>
   <trkpt lat="51.5214930" lon="-112.8819810">
    <ele>699.2</ele>
    <time>2024-07-09T21:35:15Z</time>
   </trkpt>
   <trkpt lat="51.5214320" lon="-112.8819430">
    <ele>699.0</ele>
    <time>2024-07-09T21:35:16Z</time>
   </trkpt>
   <trkpt lat="51.5213720" lon="-112.8819020">
    <ele>698.9</ele>
    <time>2024-07-09T21:35:17Z</time>
   </trkpt>
   <trkpt lat="51.5213120" lon="-112.8818640">
    <ele>698.8</ele>
    <time>2024-07-09T21:35:18Z</time>
   </trkpt>
   <trkpt lat="51.5212510" lon="-112.8818240">
    <ele>698.6</ele>
    <time>2024-07-09T21:35:19Z</time>
   </trkpt>
   <trkpt lat="51.5211890" lon="-112.8817880">
    <ele>698.5</ele>
    <time>2024-07-09T21:35:20Z</time>
   </trkpt>
   <trkpt lat="51.5211270" lon="-112.8817500">
    <ele>698.4</ele>
    <time>2024-07-09T21:35:21Z</time>
   </trkpt>
   <trkpt lat="51.5210660" lon="-112.8817130">
    <ele>698.2</ele>
    <time>2024-07-09T21:35:22Z</time>
   </trkpt>
   <trkpt lat="51.5210050" lon="-112.8816770">
    <ele>698.1</ele>
    <time>2024-07-09T21:35:23Z</time>
   </trkpt>
   <trkpt lat="51.5209450" lon="-112.8816390">
    <ele>698.0</ele>
    <time>2024-07-09T21:35:24Z</time>
   </trkpt>
   <trkpt lat="51.5208860" lon="-112.8815980">
    <ele>697.9</ele>
    <time>2024-07-09T21:35:25Z</time>
   </trkpt>
   <trkpt lat="51.5208250" lon="-112.8815630">
    <ele>697.7</ele>
    <time>2024-07-09T21:35:26Z</time>
   </trkpt>
   <trkpt lat="51.5207650" lon="-112.8815260">
    <ele>697.6</ele>
    <time>2024-07-09T21:35:27Z</time>
   </trkpt>
   <trkpt lat="51.5207030" lon="-112.8814860">
    <ele>697.5</ele>
    <time>2024-07-09T21:35:28Z</time>
   </trkpt>
   <trkpt lat="51.5206410" lon="-112.8814500">
    <ele>697.4</ele>
    <time>2024-07-09T21:35:29Z</time>
   </trkpt>
   <trkpt lat="51.5205800" lon="-112.8814130">
    <ele>697.2</ele>
    <time>2024-07-09T21:35:30Z</time>
   </trkpt>
   <trkpt lat="51.5205160" lon="-112.8813780">
    <ele>697.1</ele>
    <time>2024-07-09T21:35:31Z</time>
   </trkpt>
   <trkpt lat="51.5204520" lon="-112.8813380">
    <ele>697.0</ele>
    <time>2024-07-09T21:35:32Z</time>
   </trkpt>
   <trkpt lat="51.5203910" lon="-112.8813010">
    <ele>696.8</ele>
    <time>2024-07-09T21:35:33Z</time>
   </trkpt>
   <trkpt lat="51.5203280" lon="-112.8812650">
    <ele>696.7</ele>
    <time>2024-07-09T21:35:34Z</time>
   </trkpt>
   <trkpt lat="51.5202680" lon="-112.8812270">
    <ele>696.6</ele>
    <time>2024-07-09T21:35:35Z</time>
   </trkpt>
   <trkpt lat="51.5202070" lon="-112.8811870">
    <ele>696.5</ele>
    <time>2024-07-09T21:35:36Z</time>
   </trkpt>
   <trkpt lat="51.5201450" lon="-112.8811500">
    <ele>696.4</ele>
    <time>2024-07-09T21:35:37Z</time>
   </trkpt>
   <trkpt lat="51.5200850" lon="-112.8811130">
    <ele>696.3</ele>
    <time>2024-07-09T21:35:38Z</time>
   </trkpt>
   <trkpt lat="51.5200230" lon="-112.8810750">
    <ele>696.1</ele>
    <time>2024-07-09T21:35:39Z</time>
   </trkpt>
   <trkpt lat="51.5199600" lon="-112.8810390">
    <ele>696.0</ele>
    <time>2024-07-09T21:35:40Z</time>
   </trkpt>
   <trkpt lat="51.5198970" lon="-112.8810030">
    <ele>695.9</ele>
    <time>2024-07-09T21:35:41Z</time>
   </trkpt>
   <trkpt lat="51.5198330" lon="-112.8809660">
    <ele>695.8</ele>
    <time>2024-07-09T21:35:42Z</time>
   </trkpt>
   <trkpt lat="51.5197740" lon="-112.8809260">
    <ele>695.7</ele>
    <time>2024-07-09T21:35:43Z</time>
   </trkpt>
   <trkpt lat="51.5197110" lon="-112.8808870">
    <ele>695.6</ele>
    <time>2024-07-09T21:35:44Z</time>
   </trkpt>
   <trkpt lat="51.5196500" lon="-112.8808490">
    <ele>695.5</ele>
    <time>2024-07-09T21:35:45Z</time>
   </trkpt>
   <trkpt lat="51.5195890" lon="-112.8808140">
    <ele>695.4</ele>
    <time>2024-07-09T21:35:46Z</time>
   </trkpt>
   <trkpt lat="51.5195260" lon="-112.8807780">
    <ele>695.3</ele>
    <time>2024-07-09T21:35:47Z</time>
   </trkpt>
   <trkpt lat="51.5194700" lon="-112.8807420">
    <ele>695.2</ele>
    <time>2024-07-09T21:35:48Z</time>
   </trkpt>
   <trkpt lat="51.5194080" lon="-112.8807040">
    <ele>695.1</ele>
    <time>2024-07-09T21:35:49Z</time>
   </trkpt>
   <trkpt lat="51.5193460" lon="-112.8806660">
    <ele>695.0</ele>
    <time>2024-07-09T21:35:51Z</time>
   </trkpt>
   <trkpt lat="51.5192820" lon="-112.8806320">
    <ele>694.9</ele>
    <time>2024-07-09T21:35:52Z</time>
   </trkpt>
   <trkpt lat="51.5192200" lon="-112.8805990">
    <ele>694.8</ele>
    <time>2024-07-09T21:35:53Z</time>
   </trkpt>
   <trkpt lat="51.5191580" lon="-112.8805650">
    <ele>694.7</ele>
    <time>2024-07-09T21:35:54Z</time>
   </trkpt>
   <trkpt lat="51.5190950" lon="-112.8805270">
    <ele>694.6</ele>
    <time>2024-07-09T21:35:55Z</time>
   </trkpt>
   <trkpt lat="51.5190350" lon="-112.8804910">
    <ele>694.5</ele>
    <time>2024-07-09T21:35:56Z</time>
   </trkpt>
   <trkpt lat="51.5189700" lon="-112.8804560">
    <ele>694.4</ele>
    <time>2024-07-09T21:35:57Z</time>
   </trkpt>
   <trkpt lat="51.5189080" lon="-112.8804210">
    <ele>694.4</ele>
    <time>2024-07-09T21:35:58Z</time>
   </trkpt>
   <trkpt lat="51.5188450" lon="-112.8803890">
    <ele>694.3</ele>
    <time>2024-07-09T21:35:59Z</time>
   </trkpt>
   <trkpt lat="51.5187800" lon="-112.8803570">
    <ele>694.2</ele>
    <time>2024-07-09T21:36:00Z</time>
   </trkpt>
   <trkpt lat="51.5187170" lon="-112.8803190">
    <ele>694.1</ele>
    <time>2024-07-09T21:36:01Z</time>
   </trkpt>
   <trkpt lat="51.5186540" lon="-112.8802810">
    <ele>694.1</ele>
    <time>2024-07-09T21:36:02Z</time>
   </trkpt>
   <trkpt lat="51.5185910" lon="-112.8802490">
    <ele>694.0</ele>
    <time>2024-07-09T21:36:03Z</time>
   </trkpt>
   <trkpt lat="51.5185260" lon="-112.8802140">
    <ele>693.9</ele>
    <time>2024-07-09T21:36:04Z</time>
   </trkpt>
   <trkpt lat="51.5184630" lon="-112.8801790">
    <ele>693.8</ele>
    <time>2024-07-09T21:36:05Z</time>
   </trkpt>
   <trkpt lat="51.5184010" lon="-112.8801420">
    <ele>693.8</ele>
    <time>2024-07-09T21:36:06Z</time>
   </trkpt>
   <trkpt lat="51.5183400" lon="-112.8801100">
    <ele>693.7</ele>
    <time>2024-07-09T21:36:07Z</time>
   </trkpt>
   <trkpt lat="51.5182770" lon="-112.8800800">
    <ele>693.7</ele>
    <time>2024-07-09T21:36:08Z</time>
   </trkpt>
   <trkpt lat="51.5182140" lon="-112.8800420">
    <ele>693.6</ele>
    <time>2024-07-09T21:36:09Z</time>
   </trkpt>
   <trkpt lat="51.5181510" lon="-112.8800050">
    <ele>693.5</ele>
    <time>2024-07-09T21:36:10Z</time>
   </trkpt>
   <trkpt lat="51.5180900" lon="-112.8799700">
    <ele>693.4</ele>
    <time>2024-07-09T21:36:11Z</time>
   </trkpt>
   <trkpt lat="51.5180280" lon="-112.8799320">
    <ele>693.3</ele>
    <time>2024-07-09T21:36:12Z</time>
   </trkpt>
   <trkpt lat="51.5179660" lon="-112.8799000">
    <ele>693.2</ele>
    <time>2024-07-09T21:36:13Z</time>
   </trkpt>
   <trkpt lat="51.5179040" lon="-112.8798680">
    <ele>693.2</ele>
    <time>2024-07-09T21:36:14Z</time>
   </trkpt>
   <trkpt lat="51.5178420" lon="-112.8798360">
    <ele>693.1</ele>
    <time>2024-07-09T21:36:15Z</time>
   </trkpt>
   <trkpt lat="51.5177810" lon="-112.8798030">
    <ele>693.1</ele>
    <time>2024-07-09T21:36:16Z</time>
   </trkpt>
   <trkpt lat="51.5177210" lon="-112.8797700">
    <ele>693.0</ele>
    <time>2024-07-09T21:36:17Z</time>
   </trkpt>
   <trkpt lat="51.5176610" lon="-112.8797380">
    <ele>693.0</ele>
    <time>2024-07-09T21:36:18Z</time>
   </trkpt>
   <trkpt lat="51.5176010" lon="-112.8797040">
    <ele>693.0</ele>
    <time>2024-07-09T21:36:19Z</time>
   </trkpt>
   <trkpt lat="51.5175400" lon="-112.8796720">
    <ele>693.0</ele>
    <time>2024-07-09T21:36:20Z</time>
   </trkpt>
   <trkpt lat="51.5174800" lon="-112.8796370">
    <ele>693.0</ele>
    <time>2024-07-09T21:36:21Z</time>
   </trkpt>
   <trkpt lat="51.5174180" lon="-112.8796010">
    <ele>693.0</ele>
    <time>2024-07-09T21:36:22Z</time>
   </trkpt>
   <trkpt lat="51.5173580" lon="-112.8795690">
    <ele>692.9</ele>
    <time>2024-07-09T21:36:23Z</time>
   </trkpt>
   <trkpt lat="51.5172980" lon="-112.8795340">
    <ele>692.9</ele>
    <time>2024-07-09T21:36:24Z</time>
   </trkpt>
   <trkpt lat="51.5172380" lon="-112.8795030">
    <ele>692.9</ele>
    <time>2024-07-09T21:36:25Z</time>
   </trkpt>
   <trkpt lat="51.5171750" lon="-112.8794720">
    <ele>692.9</ele>
    <time>2024-07-09T21:36:26Z</time>
   </trkpt>
   <trkpt lat="51.5171130" lon="-112.8794410">
    <ele>692.9</ele>
    <time>2024-07-09T21:36:27Z</time>
   </trkpt>
   <trkpt lat="51.5170540" lon="-112.8794050">
    <ele>692.8</ele>
    <time>2024-07-09T21:36:28Z</time>
   </trkpt>
   <trkpt lat="51.5169950" lon="-112.8793680">
    <ele>692.8</ele>
    <time>2024-07-09T21:36:29Z</time>
   </trkpt>
   <trkpt lat="51.5168770" lon="-112.8793030">
    <ele>692.7</ele>
    <time>2024-07-09T21:36:30Z</time>
   </trkpt>
   <trkpt lat="51.5168160" lon="-112.8792790">
    <ele>692.7</ele>
    <time>2024-07-09T21:36:31Z</time>
   </trkpt>
   <trkpt lat="51.5167580" lon="-112.8792470">
    <ele>692.7</ele>
    <time>2024-07-09T21:36:32Z</time>
   </trkpt>
   <trkpt lat="51.5166980" lon="-112.8792130">
    <ele>692.6</ele>
    <time>2024-07-09T21:36:33Z</time>
   </trkpt>
   <trkpt lat="51.5166400" lon="-112.8791810">
    <ele>692.6</ele>
    <time>2024-07-09T21:36:34Z</time>
   </trkpt>
   <trkpt lat="51.5165810" lon="-112.8791500">
    <ele>692.6</ele>
    <time>2024-07-09T21:36:35Z</time>
   </trkpt>
   <trkpt lat="51.5165230" lon="-112.8791190">
    <ele>692.6</ele>
    <time>2024-07-09T21:36:36Z</time>
   </trkpt>
   <trkpt lat="51.5164640" lon="-112.8790930">
    <ele>692.5</ele>
    <time>2024-07-09T21:36:37Z</time>
   </trkpt>
   <trkpt lat="51.5164060" lon="-112.8790660">
    <ele>692.5</ele>
    <time>2024-07-09T21:36:38Z</time>
   </trkpt>
   <trkpt lat="51.5163480" lon="-112.8790340">
    <ele>692.4</ele>
    <time>2024-07-09T21:36:39Z</time>
   </trkpt>
   <trkpt lat="51.5162890" lon="-112.8789980">
    <ele>692.4</ele>
    <time>2024-07-09T21:36:40Z</time>
   </trkpt>
   <trkpt lat="51.5162290" lon="-112.8789680">
    <ele>692.3</ele>
    <time>2024-07-09T21:36:41Z</time>
   </trkpt>
   <trkpt lat="51.5161710" lon="-112.8789380">
    <ele>692.3</ele>
    <time>2024-07-09T21:36:42Z</time>
   </trkpt>
   <trkpt lat="51.5161120" lon="-112.8789090">
    <ele>692.3</ele>
    <time>2024-07-09T21:36:43Z</time>
   </trkpt>
   <trkpt lat="51.5160530" lon="-112.8788830">
    <ele>692.2</ele>
    <time>2024-07-09T21:36:44Z</time>
   </trkpt>
   <trkpt lat="51.5159940" lon="-112.8788560">
    <ele>692.2</ele>
    <time>2024-07-09T21:36:45Z</time>
   </trkpt>
   <trkpt lat="51.5159360" lon="-112.8788240">
    <ele>692.2</ele>
    <time>2024-07-09T21:36:46Z</time>
   </trkpt>
   <trkpt lat="51.5158770" lon="-112.8787950">
    <ele>692.2</ele>
    <time>2024-07-09T21:36:47Z</time>
   </trkpt>
   <trkpt lat="51.5158160" lon="-112.8787670">
    <ele>692.1</ele>
    <time>2024-07-09T21:36:48Z</time>
   </trkpt>
   <trkpt lat="51.5157570" lon="-112.8787370">
    <ele>692.1</ele>
    <time>2024-07-09T21:36:49Z</time>
   </trkpt>
   <trkpt lat="51.5156970" lon="-112.8787020">
    <ele>692.1</ele>
    <time>2024-07-09T21:36:50Z</time>
   </trkpt>
   <trkpt lat="51.5156380" lon="-112.8786700">
    <ele>692.0</ele>
    <time>2024-07-09T21:36:51Z</time>
   </trkpt>
   <trkpt lat="51.5155770" lon="-112.8786390">
    <ele>692.0</ele>
    <time>2024-07-09T21:36:52Z</time>
   </trkpt>
   <trkpt lat="51.5155190" lon="-112.8786030">
    <ele>692.0</ele>
    <time>2024-07-09T21:36:53Z</time>
   </trkpt>
   <trkpt lat="51.5154590" lon="-112.8785680">
    <ele>691.9</ele>
    <time>2024-07-09T21:36:54Z</time>
   </trkpt>
   <trkpt lat="51.5154000" lon="-112.8785420">
    <ele>691.9</ele>
    <time>2024-07-09T21:36:55Z</time>
   </trkpt>
   <trkpt lat="51.5153400" lon="-112.8785200">
    <ele>691.8</ele>
    <time>2024-07-09T21:36:56Z</time>
   </trkpt>
   <trkpt lat="51.5152810" lon="-112.8784890">
    <ele>691.8</ele>
    <time>2024-07-09T21:36:57Z</time>
   </trkpt>
   <trkpt lat="51.5152220" lon="-112.8784560">
    <ele>691.7</ele>
    <time>2024-07-09T21:36:58Z</time>
   </trkpt>
   <trkpt lat="51.5151630" lon="-112.8784230">
    <ele>691.6</ele>
    <time>2024-07-09T21:36:59Z</time>
   </trkpt>
   <trkpt lat="51.5151030" lon="-112.8783970">
    <ele>691.5</ele>
    <time>2024-07-09T21:37:00Z</time>
   </trkpt>
   <trkpt lat="51.5150440" lon="-112.8783660">
    <ele>691.4</ele>
    <time>2024-07-09T21:37:01Z</time>
   </trkpt>
   <trkpt lat="51.5149820" lon="-112.8783350">
    <ele>691.3</ele>
    <time>2024-07-09T21:37:02Z</time>
   </trkpt>
   <trkpt lat="51.5149190" lon="-112.8783020">
    <ele>691.1</ele>
    <time>2024-07-09T21:37:03Z</time>
   </trkpt>
   <trkpt lat="51.5148580" lon="-112.8782700">
    <ele>691.0</ele>
    <time>2024-07-09T21:37:04Z</time>
   </trkpt>
   <trkpt lat="51.5147930" lon="-112.8782380">
    <ele>690.8</ele>
    <time>2024-07-09T21:37:05Z</time>
   </trkpt>
   <trkpt lat="51.5147280" lon="-112.8782080">
    <ele>690.6</ele>
    <time>2024-07-09T21:37:06Z</time>
   </trkpt>
   <trkpt lat="51.5146610" lon="-112.8781810">
    <ele>690.4</ele>
    <time>2024-07-09T21:37:07Z</time>
   </trkpt>
   <trkpt lat="51.5145950" lon="-112.8781500">
    <ele>690.3</ele>
    <time>2024-07-09T21:37:08Z</time>
   </trkpt>
   <trkpt lat="51.5145300" lon="-112.8781180">
    <ele>690.1</ele>
    <time>2024-07-09T21:37:09Z</time>
   </trkpt>
   <trkpt lat="51.5144650" lon="-112.8780860">
    <ele>690.0</ele>
    <time>2024-07-09T21:37:10Z</time>
   </trkpt>
   <trkpt lat="51.5144030" lon="-112.8780510">
    <ele>689.8</ele>
    <time>2024-07-09T21:37:11Z</time>
   </trkpt>
   <trkpt lat="51.5143390" lon="-112.8780130">
    <ele>689.7</ele>
    <time>2024-07-09T21:37:12Z</time>
   </trkpt>
   <trkpt lat="51.5142780" lon="-112.8779780">
    <ele>689.6</ele>
    <time>2024-07-09T21:37:13Z</time>
   </trkpt>
   <trkpt lat="51.5142160" lon="-112.8779380">
    <ele>689.5</ele>
    <time>2024-07-09T21:37:14Z</time>
   </trkpt>
   <trkpt lat="51.5141580" lon="-112.8778910">
    <ele>689.5</ele>
    <time>2024-07-09T21:37:15Z</time>
   </trkpt>
   <trkpt lat="51.5140990" lon="-112.8778500">
    <ele>689.4</ele>
    <time>2024-07-09T21:37:16Z</time>
   </trkpt>
   <trkpt lat="51.5140400" lon="-112.8778030">
    <ele>689.3</ele>
    <time>2024-07-09T21:37:17Z</time>
   </trkpt>
   <trkpt lat="51.5139820" lon="-112.8777580">
    <ele>689.3</ele>
    <time>2024-07-09T21:37:18Z</time>
   </trkpt>
   <trkpt lat="51.5139230" lon="-112.8777180">
    <ele>689.3</ele>
    <time>2024-07-09T21:37:19Z</time>
   </trkpt>
   <trkpt lat="51.5138670" lon="-112.8776730">
    <ele>689.3</ele>
    <time>2024-07-09T21:37:20Z</time>
   </trkpt>
   <trkpt lat="51.5138090" lon="-112.8776280">
    <ele>689.4</ele>
    <time>2024-07-09T21:37:21Z</time>
   </trkpt>
   <trkpt lat="51.5137540" lon="-112.8775810">
    <ele>689.4</ele>
    <time>2024-07-09T21:37:22Z</time>
   </trkpt>
   <trkpt lat="51.5137010" lon="-112.8775340">
    <ele>689.4</ele>
    <time>2024-07-09T21:37:23Z</time>
   </trkpt>
   <trkpt lat="51.5136480" lon="-112.8774860">
    <ele>689.5</ele>
    <time>2024-07-09T21:37:24Z</time>
   </trkpt>
   <trkpt lat="51.5135960" lon="-112.8774390">
    <ele>689.6</ele>
    <time>2024-07-09T21:37:25Z</time>
   </trkpt>
   <trkpt lat="51.5135430" lon="-112.8773940">
    <ele>689.6</ele>
    <time>2024-07-09T21:37:26Z</time>
   </trkpt>
   <trkpt lat="51.5134920" lon="-112.8773470">
    <ele>689.7</ele>
    <time>2024-07-09T21:37:27Z</time>
   </trkpt>
   <trkpt lat="51.5134460" lon="-112.8772980">
    <ele>689.8</ele>
    <time>2024-07-09T21:37:28Z</time>
   </trkpt>
   <trkpt lat="51.5134000" lon="-112.8772470">
    <ele>689.9</ele>
    <time>2024-07-09T21:37:29Z</time>
   </trkpt>
   <trkpt lat="51.5133560" lon="-112.8772060">
    <ele>689.9</ele>
    <time>2024-07-09T21:37:30Z</time>
   </trkpt>
   <trkpt lat="51.5133110" lon="-112.8771560">
    <ele>690.0</ele>
    <time>2024-07-09T21:37:31Z</time>
   </trkpt>
   <trkpt lat="51.5132660" lon="-112.8771050">
    <ele>690.1</ele>
    <time>2024-07-09T21:37:32Z</time>
   </trkpt>
   <trkpt lat="51.5132200" lon="-112.8770510">
    <ele>690.2</ele>
    <time>2024-07-09T21:37:33Z</time>
   </trkpt>
   <trkpt lat="51.5131760" lon="-112.8769980">
    <ele>690.3</ele>
    <time>2024-07-09T21:37:34Z</time>
   </trkpt>
   <trkpt lat="51.5131310" lon="-112.8769450">
    <ele>690.4</ele>
    <time>2024-07-09T21:37:35Z</time>
   </trkpt>
   <trkpt lat="51.5130870" lon="-112.8768870">
    <ele>690.5</ele>
    <time>2024-07-09T21:37:36Z</time>
   </trkpt>
   <trkpt lat="51.5130430" lon="-112.8768320">
    <ele>690.6</ele>
    <time>2024-07-09T21:37:37Z</time>
   </trkpt>
   <trkpt lat="51.5129980" lon="-112.8767780">
    <ele>690.7</ele>
    <time>2024-07-09T21:37:38Z</time>
   </trkpt>
   <trkpt lat="51.5129520" lon="-112.8767260">
    <ele>690.8</ele>
    <time>2024-07-09T21:37:39Z</time>
   </trkpt>
   <trkpt lat="51.5129090" lon="-112.8766720">
    <ele>690.9</ele>
    <time>2024-07-09T21:37:40Z</time>
   </trkpt>
   <trkpt lat="51.5128650" lon="-112.8766180">
    <ele>691.1</ele>
    <time>2024-07-09T21:37:41Z</time>
   </trkpt>
   <trkpt lat="51.5128290" lon="-112.8765550">
    <ele>691.2</ele>
    <time>2024-07-09T21:37:42Z</time>
   </trkpt>
   <trkpt lat="51.5127860" lon="-112.8765000">
    <ele>691.3</ele>
    <time>2024-07-09T21:37:43Z</time>
   </trkpt>
   <trkpt lat="51.5127440" lon="-112.8764480">
    <ele>691.4</ele>
    <time>2024-07-09T21:37:44Z</time>
   </trkpt>
   <trkpt lat="51.5127030" lon="-112.8763910">
    <ele>691.6</ele>
    <time>2024-07-09T21:37:45Z</time>
   </trkpt>
   <trkpt lat="51.5126620" lon="-112.8763360">
    <ele>691.7</ele>
    <time>2024-07-09T21:37:46Z</time>
   </trkpt>
   <trkpt lat="51.5126220" lon="-112.8762800">
    <ele>691.9</ele>
    <time>2024-07-09T21:37:47Z</time>
   </trkpt>
   <trkpt lat="51.5125840" lon="-112.8762300">
    <ele>692.0</ele>
    <time>2024-07-09T21:37:48Z</time>
   </trkpt>
   <trkpt lat="51.5125500" lon="-112.8761780">
    <ele>692.2</ele>
    <time>2024-07-09T21:37:49Z</time>
   </trkpt>
   <trkpt lat="51.5125140" lon="-112.8761290">
    <ele>692.3</ele>
    <time>2024-07-09T21:37:50Z</time>
   </trkpt>
   <trkpt lat="51.5124790" lon="-112.8760810">
    <ele>692.5</ele>
    <time>2024-07-09T21:37:51Z</time>
   </trkpt>
   <trkpt lat="51.5124440" lon="-112.8760320">
    <ele>692.6</ele>
    <time>2024-07-09T21:37:52Z</time>
   </trkpt>
   <trkpt lat="51.5124100" lon="-112.8759820">
    <ele>692.8</ele>
    <time>2024-07-09T21:37:53Z</time>
   </trkpt>
   <trkpt lat="51.5123770" lon="-112.8759340">
    <ele>692.9</ele>
    <time>2024-07-09T21:37:54Z</time>
   </trkpt>
   <trkpt lat="51.5123410" lon="-112.8758870">
    <ele>693.1</ele>
    <time>2024-07-09T21:37:55Z</time>
   </trkpt>
   <trkpt lat="51.5123070" lon="-112.8758370">
    <ele>693.2</ele>
    <time>2024-07-09T21:37:57Z</time>
   </trkpt>
   <trkpt lat="51.5122750" lon="-112.8757840">
    <ele>693.3</ele>
    <time>2024-07-09T21:37:58Z</time>
   </trkpt>
   <trkpt lat="51.5122420" lon="-112.8757310">
    <ele>693.5</ele>
    <time>2024-07-09T21:37:59Z</time>
   </trkpt>
   <trkpt lat="51.5122090" lon="-112.8756790">
    <ele>693.6</ele>
    <time>2024-07-09T21:38:00Z</time>
   </trkpt>
   <trkpt lat="51.5121750" lon="-112.8756280">
    <ele>693.7</ele>
    <time>2024-07-09T21:38:01Z</time>
   </trkpt>
   <trkpt lat="51.5121420" lon="-112.8755750">
    <ele>693.8</ele>
    <time>2024-07-09T21:38:02Z</time>
   </trkpt>
   <trkpt lat="51.5121080" lon="-112.8755210">
    <ele>693.9</ele>
    <time>2024-07-09T21:38:03Z</time>
   </trkpt>
   <trkpt lat="51.5120760" lon="-112.8754670">
    <ele>694.0</ele>
    <time>2024-07-09T21:38:04Z</time>
   </trkpt>
   <trkpt lat="51.5120400" lon="-112.8754140">
    <ele>694.1</ele>
    <time>2024-07-09T21:38:05Z</time>
   </trkpt>
   <trkpt lat="51.5120030" lon="-112.8753640">
    <ele>694.1</ele>
    <time>2024-07-09T21:38:06Z</time>
   </trkpt>
   <trkpt lat="51.5119720" lon="-112.8753070">
    <ele>694.1</ele>
    <time>2024-07-09T21:38:07Z</time>
   </trkpt>
   <trkpt lat="51.5119390" lon="-112.8752450">
    <ele>694.1</ele>
    <time>2024-07-09T21:38:08Z</time>
   </trkpt>
   <trkpt lat="51.5119080" lon="-112.8751860">
    <ele>694.1</ele>
    <time>2024-07-09T21:38:09Z</time>
   </trkpt>
   <trkpt lat="51.5118730" lon="-112.8751240">
    <ele>694.1</ele>
    <time>2024-07-09T21:38:10Z</time>
   </trkpt>
   <trkpt lat="51.5118370" lon="-112.8750640">
    <ele>694.1</ele>
    <time>2024-07-09T21:38:11Z</time>
   </trkpt>
   <trkpt lat="51.5118020" lon="-112.8750010">
    <ele>694.0</ele>
    <time>2024-07-09T21:38:12Z</time>
   </trkpt>
   <trkpt lat="51.5117690" lon="-112.8749310">
    <ele>693.9</ele>
    <time>2024-07-09T21:38:13Z</time>
   </trkpt>
   <trkpt lat="51.5117300" lon="-112.8748650">
    <ele>693.8</ele>
    <time>2024-07-09T21:38:14Z</time>
   </trkpt>
   <trkpt lat="51.5116930" lon="-112.8747960">
    <ele>693.7</ele>
    <time>2024-07-09T21:38:15Z</time>
   </trkpt>
   <trkpt lat="51.5116550" lon="-112.8747240">
    <ele>693.6</ele>
    <time>2024-07-09T21:38:16Z</time>
   </trkpt>
   <trkpt lat="51.5116150" lon="-112.8746560">
    <ele>693.5</ele>
    <time>2024-07-09T21:38:17Z</time>
   </trkpt>
   <trkpt lat="51.5115790" lon="-112.8745800">
    <ele>693.3</ele>
    <time>2024-07-09T21:38:18Z</time>
   </trkpt>
   <trkpt lat="51.5115350" lon="-112.8745130">
    <ele>693.2</ele>
    <time>2024-07-09T21:38:19Z</time>
   </trkpt>
   <trkpt lat="51.5114910" lon="-112.8744430">
    <ele>693.1</ele>
    <time>2024-07-09T21:38:20Z</time>
   </trkpt>
   <trkpt lat="51.5114510" lon="-112.8743680">
    <ele>693.0</ele>
    <time>2024-07-09T21:38:21Z</time>
   </trkpt>
   <trkpt lat="51.5114090" lon="-112.8742940">
    <ele>692.9</ele>
    <time>2024-07-09T21:38:22Z</time>
   </trkpt>
   <trkpt lat="51.5113700" lon="-112.8742250">
    <ele>692.8</ele>
    <time>2024-07-09T21:38:23Z</time>
   </trkpt>
   <trkpt lat="51.5113360" lon="-112.8741540">
    <ele>692.7</ele>
    <time>2024-07-09T21:38:24Z</time>
   </trkpt>
   <trkpt lat="51.5112970" lon="-112.8740850">
    <ele>692.6</ele>
    <time>2024-07-09T21:38:25Z</time>
   </trkpt>
   <trkpt lat="51.5112600" lon="-112.8740170">
    <ele>692.4</ele>
    <time>2024-07-09T21:38:26Z</time>
   </trkpt>
   <trkpt lat="51.5112220" lon="-112.8739450">
    <ele>692.3</ele>
    <time>2024-07-09T21:38:27Z</time>
   </trkpt>
   <trkpt lat="51.5111860" lon="-112.8738720">
    <ele>692.2</ele>
    <time>2024-07-09T21:38:28Z</time>
   </trkpt>
   <trkpt lat="51.5111500" lon="-112.8737990">
    <ele>692.1</ele>
    <time>2024-07-09T21:38:29Z</time>
   </trkpt>
   <trkpt lat="51.5111110" lon="-112.8737270">
    <ele>692.0</ele>
    <time>2024-07-09T21:38:30Z</time>
   </trkpt>
   <trkpt lat="51.5110290" lon="-112.8735930">
    <ele>691.9</ele>
    <time>2024-07-09T21:38:31Z</time>
   </trkpt>
   <trkpt lat="51.5109870" lon="-112.8735260">
    <ele>691.8</ele>
    <time>2024-07-09T21:38:32Z</time>
   </trkpt>
   <trkpt lat="51.5109440" lon="-112.8734600">
    <ele>691.7</ele>
    <time>2024-07-09T21:38:33Z</time>
   </trkpt>
   <trkpt lat="51.5109000" lon="-112.8733950">
    <ele>691.6</ele>
    <time>2024-07-09T21:38:34Z</time>
   </trkpt>
   <trkpt lat="51.5108550" lon="-112.8733300">
    <ele>691.4</ele>
    <time>2024-07-09T21:38:35Z</time>
   </trkpt>
   <trkpt lat="51.5108100" lon="-112.8732690">
    <ele>691.3</ele>
    <time>2024-07-09T21:38:36Z</time>
   </trkpt>
   <trkpt lat="51.5107630" lon="-112.8732080">
    <ele>691.2</ele>
    <time>2024-07-09T21:38:37Z</time>
   </trkpt>
   <trkpt lat="51.5107150" lon="-112.8731480">
    <ele>691.1</ele>
    <time>2024-07-09T21:38:38Z</time>
   </trkpt>
   <trkpt lat="51.5106680" lon="-112.8730900">
    <ele>691.0</ele>
    <time>2024-07-09T21:38:39Z</time>
   </trkpt>
   <trkpt lat="51.5106230" lon="-112.8730290">
    <ele>690.9</ele>
    <time>2024-07-09T21:38:40Z</time>
   </trkpt>
   <trkpt lat="51.5105750" lon="-112.8729650">
    <ele>690.8</ele>
    <time>2024-07-09T21:38:41Z</time>
   </trkpt>
   <trkpt lat="51.5105280" lon="-112.8729080">
    <ele>690.6</ele>
    <time>2024-07-09T21:38:42Z</time>
   </trkpt>
   <trkpt lat="51.5104820" lon="-112.8728440">
    <ele>690.5</ele>
    <time>2024-07-09T21:38:43Z</time>
   </trkpt>
   <trkpt lat="51.5104360" lon="-112.8727720">
    <ele>690.3</ele>
    <time>2024-07-09T21:38:44Z</time>
   </trkpt>
   <trkpt lat="51.5103840" lon="-112.8727050">
    <ele>690.1</ele>
    <time>2024-07-09T21:38:45Z</time>
   </trkpt>
   <trkpt lat="51.5103370" lon="-112.8726370">
    <ele>690.0</ele>
    <time>2024-07-09T21:38:46Z</time>
   </trkpt>
   <trkpt lat="51.5102920" lon="-112.8725600">
    <ele>689.9</ele>
    <time>2024-07-09T21:38:47Z</time>
   </trkpt>
   <trkpt lat="51.5102440" lon="-112.8724850">
    <ele>689.7</ele>
    <time>2024-07-09T21:38:48Z</time>
   </trkpt>
   <trkpt lat="51.5102030" lon="-112.8724070">
    <ele>689.6</ele>
    <time>2024-07-09T21:38:49Z</time>
   </trkpt>
   <trkpt lat="51.5101570" lon="-112.8723280">
    <ele>689.5</ele>
    <time>2024-07-09T21:38:50Z</time>
   </trkpt>
   <trkpt lat="51.5101110" lon="-112.8722480">
    <ele>689.5</ele>
    <time>2024-07-09T21:38:51Z</time>
   </trkpt>
   <trkpt lat="51.5100680" lon="-112.8721660">
    <ele>689.5</ele>
    <time>2024-07-09T21:38:52Z</time>
   </trkpt>
   <trkpt lat="51.5100220" lon="-112.8720890">
    <ele>689.6</ele>
    <time>2024-07-09T21:38:53Z</time>
   </trkpt>
   <trkpt lat="51.5099780" lon="-112.8720140">
    <ele>689.7</ele>
    <time>2024-07-09T21:38:54Z</time>
   </trkpt>
   <trkpt lat="51.5099360" lon="-112.8719390">
    <ele>689.7</ele>
    <time>2024-07-09T21:38:55Z</time>
   </trkpt>
   <trkpt lat="51.5098960" lon="-112.8718570">
    <ele>689.9</ele>
    <time>2024-07-09T21:38:56Z</time>
   </trkpt>
   <trkpt lat="51.5098560" lon="-112.8717880">
    <ele>690.0</ele>
    <time>2024-07-09T21:38:57Z</time>
   </trkpt>
   <trkpt lat="51.5098170" lon="-112.8717160">
    <ele>690.1</ele>
    <time>2024-07-09T21:38:58Z</time>
   </trkpt>
   <trkpt lat="51.5097730" lon="-112.8716390">
    <ele>690.3</ele>
    <time>2024-07-09T21:38:59Z</time>
   </trkpt>
   <trkpt lat="51.5097370" lon="-112.8715700">
    <ele>690.4</ele>
    <time>2024-07-09T21:39:00Z</time>
   </trkpt>
   <trkpt lat="51.5096970" lon="-112.8714990">
    <ele>690.5</ele>
    <time>2024-07-09T21:39:01Z</time>
   </trkpt>
   <trkpt lat="51.5096600" lon="-112.8714270">
    <ele>690.6</ele>
    <time>2024-07-09T21:39:02Z</time>
   </trkpt>
   <trkpt lat="51.5096240" lon="-112.8713540">
    <ele>690.7</ele>
    <time>2024-07-09T21:39:03Z</time>
   </trkpt>
   <trkpt lat="51.5095840" lon="-112.8712780">
    <ele>690.8</ele>
    <time>2024-07-09T21:39:04Z</time>
   </trkpt>
   <trkpt lat="51.5095400" lon="-112.8712080">
    <ele>690.8</ele>
    <time>2024-07-09T21:39:05Z</time>
   </trkpt>
   <trkpt lat="51.5094970" lon="-112.8711350">
    <ele>690.8</ele>
    <time>2024-07-09T21:39:06Z</time>
   </trkpt>
   <trkpt lat="51.5094630" lon="-112.8710630">
    <ele>690.9</ele>
    <time>2024-07-09T21:39:07Z</time>
   </trkpt>
   <trkpt lat="51.5094200" lon="-112.8709910">
    <ele>690.9</ele>
    <time>2024-07-09T21:39:08Z</time>
   </trkpt>
   <trkpt lat="51.5093790" lon="-112.8709230">
    <ele>690.9</ele>
    <time>2024-07-09T21:39:09Z</time>
   </trkpt>
   <trkpt lat="51.5093420" lon="-112.8708450">
    <ele>690.9</ele>
    <time>2024-07-09T21:39:10Z</time>
   </trkpt>
   <trkpt lat="51.5093050" lon="-112.8707710">
    <ele>690.9</ele>
    <time>2024-07-09T21:39:11Z</time>
   </trkpt>
   <trkpt lat="51.5092610" lon="-112.8707030">
    <ele>690.9</ele>
    <time>2024-07-09T21:39:12Z</time>
   </trkpt>
   <trkpt lat="51.5092200" lon="-112.8706310">
    <ele>690.9</ele>
    <time>2024-07-09T21:39:13Z</time>
   </trkpt>
   <trkpt lat="51.5091800" lon="-112.8705610">
    <ele>690.9</ele>
    <time>2024-07-09T21:39:14Z</time>
   </trkpt>
   <trkpt lat="51.5091400" lon="-112.8704890">
    <ele>690.8</ele>
    <time>2024-07-09T21:39:15Z</time>
   </trkpt>
   <trkpt lat="51.5091030" lon="-112.8704180">
    <ele>690.8</ele>
    <time>2024-07-09T21:39:16Z</time>
   </trkpt>
   <trkpt lat="51.5090690" lon="-112.8703510">
    <ele>690.8</ele>
    <time>2024-07-09T21:39:17Z</time>
   </trkpt>
   <trkpt lat="51.5090320" lon="-112.8702750">
    <ele>690.8</ele>
    <time>2024-07-09T21:39:18Z</time>
   </trkpt>
   <trkpt lat="51.5089950" lon="-112.8702040">
    <ele>690.8</ele>
    <time>2024-07-09T21:39:19Z</time>
   </trkpt>
   <trkpt lat="51.5089550" lon="-112.8701330">
    <ele>690.8</ele>
    <time>2024-07-09T21:39:20Z</time>
   </trkpt>
   <trkpt lat="51.5089150" lon="-112.8700630">
    <ele>690.7</ele>
    <time>2024-07-09T21:39:21Z</time>
   </trkpt>
   <trkpt lat="51.5088820" lon="-112.8699940">
    <ele>690.7</ele>
    <time>2024-07-09T21:39:22Z</time>
   </trkpt>
   <trkpt lat="51.5088470" lon="-112.8699260">
    <ele>690.7</ele>
    <time>2024-07-09T21:39:23Z</time>
   </trkpt>
   <trkpt lat="51.5088130" lon="-112.8698590">
    <ele>690.7</ele>
    <time>2024-07-09T21:39:24Z</time>
   </trkpt>
   <trkpt lat="51.5087770" lon="-112.8697880">
    <ele>690.7</ele>
    <time>2024-07-09T21:39:25Z</time>
   </trkpt>
   <trkpt lat="51.5087420" lon="-112.8697180">
    <ele>690.6</ele>
    <time>2024-07-09T21:39:26Z</time>
   </trkpt>
   <trkpt lat="51.5087080" lon="-112.8696500">
    <ele>690.6</ele>
    <time>2024-07-09T21:39:27Z</time>
   </trkpt>
   <trkpt lat="51.5086740" lon="-112.8695810">
    <ele>690.6</ele>
    <time>2024-07-09T21:39:28Z</time>
   </trkpt>
   <trkpt lat="51.5086440" lon="-112.8695050">
    <ele>690.6</ele>
    <time>2024-07-09T21:39:29Z</time>
   </trkpt>
   <trkpt lat="51.5086130" lon="-112.8694320">
    <ele>690.5</ele>
    <time>2024-07-09T21:39:30Z</time>
   </trkpt>
   <trkpt lat="51.5085800" lon="-112.8693580">
    <ele>690.5</ele>
    <time>2024-07-09T21:39:31Z</time>
   </trkpt>
   <trkpt lat="51.5085510" lon="-112.8692850">
    <ele>690.5</ele>
    <time>2024-07-09T21:39:32Z</time>
   </trkpt>
   <trkpt lat="51.5085170" lon="-112.8692100">
    <ele>690.5</ele>
    <time>2024-07-09T21:39:33Z</time>
   </trkpt>
   <trkpt lat="51.5084920" lon="-112.8691330">
    <ele>690.5</ele>
    <time>2024-07-09T21:39:34Z</time>
   </trkpt>
   <trkpt lat="51.5084610" lon="-112.8690580">
    <ele>690.5</ele>
    <time>2024-07-09T21:39:35Z</time>
   </trkpt>
   <trkpt lat="51.5084330" lon="-112.8689850">
    <ele>690.5</ele>
    <time>2024-07-09T21:39:36Z</time>
   </trkpt>
   <trkpt lat="51.5083990" lon="-112.8689150">
    <ele>690.5</ele>
    <time>2024-07-09T21:39:37Z</time>
   </trkpt>
   <trkpt lat="51.5083710" lon="-112.8688370">
    <ele>690.5</ele>
    <time>2024-07-09T21:39:38Z</time>
   </trkpt>
   <trkpt lat="51.5083320" lon="-112.8687600">
    <ele>690.5</ele>
    <time>2024-07-09T21:39:39Z</time>
   </trkpt>
   <trkpt lat="51.5083080" lon="-112.8686910">
    <ele>690.4</ele>
    <time>2024-07-09T21:39:40Z</time>
   </trkpt>
   <trkpt lat="51.5082780" lon="-112.8686190">
    <ele>690.4</ele>
    <time>2024-07-09T21:39:41Z</time>
   </trkpt>
   <trkpt lat="51.5082500" lon="-112.8685450">
    <ele>690.4</ele>
    <time>2024-07-09T21:39:42Z</time>
   </trkpt>
   <trkpt lat="51.5082240" lon="-112.8684660">
    <ele>690.4</ele>
    <time>2024-07-09T21:39:43Z</time>
   </trkpt>
   <trkpt lat="51.5081970" lon="-112.8683890">
    <ele>690.3</ele>
    <time>2024-07-09T21:39:44Z</time>
   </trkpt>
   <trkpt lat="51.5081690" lon="-112.8683130">
    <ele>690.3</ele>
    <time>2024-07-09T21:39:45Z</time>
   </trkpt>
   <trkpt lat="51.5081440" lon="-112.8682370">
    <ele>690.3</ele>
    <time>2024-07-09T21:39:46Z</time>
   </trkpt>
   <trkpt lat="51.5081150" lon="-112.8681530">
    <ele>690.2</ele>
    <time>2024-07-09T21:39:47Z</time>
   </trkpt>
   <trkpt lat="51.5080950" lon="-112.8680770">
    <ele>690.2</ele>
    <time>2024-07-09T21:39:48Z</time>
   </trkpt>
   <trkpt lat="51.5080620" lon="-112.8680010">
    <ele>690.2</ele>
    <time>2024-07-09T21:39:49Z</time>
   </trkpt>
   <trkpt lat="51.5080380" lon="-112.8679250">
    <ele>690.2</ele>
    <time>2024-07-09T21:39:50Z</time>
   </trkpt>
   <trkpt lat="51.5080080" lon="-112.8678460">
    <ele>690.2</ele>
    <time>2024-07-09T21:39:51Z</time>
   </trkpt>
   <trkpt lat="51.5079830" lon="-112.8677720">
    <ele>690.2</ele>
    <time>2024-07-09T21:39:52Z</time>
   </trkpt>
   <trkpt lat="51.5079560" lon="-112.8676940">
    <ele>690.3</ele>
    <time>2024-07-09T21:39:53Z</time>
   </trkpt>
   <trkpt lat="51.5079330" lon="-112.8676160">
    <ele>690.3</ele>
    <time>2024-07-09T21:39:54Z</time>
   </trkpt>
   <trkpt lat="51.5079050" lon="-112.8675390">
    <ele>690.3</ele>
    <time>2024-07-09T21:39:55Z</time>
   </trkpt>
   <trkpt lat="51.5078750" lon="-112.8674600">
    <ele>690.4</ele>
    <time>2024-07-09T21:39:56Z</time>
   </trkpt>
   <trkpt lat="51.5078520" lon="-112.8673840">
    <ele>690.4</ele>
    <time>2024-07-09T21:39:57Z</time>
   </trkpt>
   <trkpt lat="51.5078250" lon="-112.8673120">
    <ele>690.5</ele>
    <time>2024-07-09T21:39:58Z</time>
   </trkpt>
   <trkpt lat="51.5077990" lon="-112.8672410">
    <ele>690.5</ele>
    <time>2024-07-09T21:39:59Z</time>
   </trkpt>
   <trkpt lat="51.5077730" lon="-112.8671700">
    <ele>690.6</ele>
    <time>2024-07-09T21:40:00Z</time>
   </trkpt>
   <trkpt lat="51.5077420" lon="-112.8671020">
    <ele>690.6</ele>
    <time>2024-07-09T21:40:01Z</time>
   </trkpt>
   <trkpt lat="51.5077170" lon="-112.8670280">
    <ele>690.7</ele>
    <time>2024-07-09T21:40:03Z</time>
   </trkpt>
   <trkpt lat="51.5076940" lon="-112.8669550">
    <ele>690.8</ele>
    <time>2024-07-09T21:40:04Z</time>
   </trkpt>
   <trkpt lat="51.5076700" lon="-112.8668790">
    <ele>690.8</ele>
    <time>2024-07-09T21:40:05Z</time>
   </trkpt>
   <trkpt lat="51.5076460" lon="-112.8668070">
    <ele>690.9</ele>
    <time>2024-07-09T21:40:06Z</time>
   </trkpt>
   <trkpt lat="51.5076220" lon="-112.8667380">
    <ele>691.0</ele>
    <time>2024-07-09T21:40:07Z</time>
   </trkpt>
   <trkpt lat="51.5075960" lon="-112.8666650">
    <ele>691.1</ele>
    <time>2024-07-09T21:40:08Z</time>
   </trkpt>
   <trkpt lat="51.5075780" lon="-112.8665950">
    <ele>691.1</ele>
    <time>2024-07-09T21:40:09Z</time>
   </trkpt>
   <trkpt lat="51.5075550" lon="-112.8665210">
    <ele>691.2</ele>
    <time>2024-07-09T21:40:10Z</time>
   </trkpt>
   <trkpt lat="51.5075290" lon="-112.8664520">
    <ele>691.3</ele>
    <time>2024-07-09T21:40:11Z</time>
   </trkpt>
   <trkpt lat="51.5075030" lon="-112.8663850">
    <ele>691.4</ele>
    <time>2024-07-09T21:40:12Z</time>
   </trkpt>
   <trkpt lat="51.5074730" lon="-112.8663220">
    <ele>691.5</ele>
    <time>2024-07-09T21:40:13Z</time>
   </trkpt>
   <trkpt lat="51.5074520" lon="-112.8662460">
    <ele>691.6</ele>
    <time>2024-07-09T21:40:14Z</time>
   </trkpt>
   <trkpt lat="51.5074240" lon="-112.8661700">
    <ele>691.6</ele>
    <time>2024-07-09T21:40:15Z</time>
   </trkpt>
   <trkpt lat="51.5073970" lon="-112.8660960">
    <ele>691.7</ele>
    <time>2024-07-09T21:40:16Z</time>
   </trkpt>
   <trkpt lat="51.5073730" lon="-112.8660230">
    <ele>691.8</ele>
    <time>2024-07-09T21:40:17Z</time>
   </trkpt>
   <trkpt lat="51.5073490" lon="-112.8659490">
    <ele>691.8</ele>
    <time>2024-07-09T21:40:18Z</time>
   </trkpt>
   <trkpt lat="51.5073260" lon="-112.8658810">
    <ele>691.9</ele>
    <time>2024-07-09T21:40:19Z</time>
   </trkpt>
   <trkpt lat="51.5073020" lon="-112.8658060">
    <ele>692.0</ele>
    <time>2024-07-09T21:40:20Z</time>
   </trkpt>
   <trkpt lat="51.5072720" lon="-112.8657370">
    <ele>692.1</ele>
    <time>2024-07-09T21:40:21Z</time>
   </trkpt>
   <trkpt lat="51.5072440" lon="-112.8656650">
    <ele>692.1</ele>
    <time>2024-07-09T21:40:22Z</time>
   </trkpt>
   <trkpt lat="51.5072160" lon="-112.8655900">
    <ele>692.2</ele>
    <time>2024-07-09T21:40:23Z</time>
   </trkpt>
   <trkpt lat="51.5071940" lon="-112.8655190">
    <ele>692.3</ele>
    <time>2024-07-09T21:40:24Z</time>
   </trkpt>
   <trkpt lat="51.5071670" lon="-112.8654490">
    <ele>692.4</ele>
    <time>2024-07-09T21:40:25Z</time>
   </trkpt>
   <trkpt lat="51.5071170" lon="-112.8653080">
    <ele>692.5</ele>
    <time>2024-07-09T21:40:26Z</time>
   </trkpt>
   <trkpt lat="51.5070910" lon="-112.8652390">
    <ele>692.5</ele>
    <time>2024-07-09T21:40:27Z</time>
   </trkpt>
   <trkpt lat="51.5070650" lon="-112.8651690">
    <ele>692.6</ele>
    <time>2024-07-09T21:40:28Z</time>
   </trkpt>
   <trkpt lat="51.5070410" lon="-112.8650960">
    <ele>692.6</ele>
    <time>2024-07-09T21:40:29Z</time>
   </trkpt>
   <trkpt lat="51.5070150" lon="-112.8650210">
    <ele>692.7</ele>
    <time>2024-07-09T21:40:30Z</time>
   </trkpt>
   <trkpt lat="51.5069950" lon="-112.8649550">
    <ele>692.7</ele>
    <time>2024-07-09T21:40:31Z</time>
   </trkpt>
   <trkpt lat="51.5069660" lon="-112.8648790">
    <ele>692.8</ele>
    <time>2024-07-09T21:40:32Z</time>
   </trkpt>
   <trkpt lat="51.5069390" lon="-112.8648070">
    <ele>692.8</ele>
    <time>2024-07-09T21:40:33Z</time>
   </trkpt>
   <trkpt lat="51.5069140" lon="-112.8647350">
    <ele>692.9</ele>
    <time>2024-07-09T21:40:34Z</time>
   </trkpt>
   <trkpt lat="51.5068860" lon="-112.8646700">
    <ele>692.9</ele>
    <time>2024-07-09T21:40:35Z</time>
   </trkpt>
   <trkpt lat="51.5068620" lon="-112.8645980">
    <ele>693.0</ele>
    <time>2024-07-09T21:40:36Z</time>
   </trkpt>
   <trkpt lat="51.5068420" lon="-112.8645250">
    <ele>693.0</ele>
    <time>2024-07-09T21:40:37Z</time>
   </trkpt>
   <trkpt lat="51.5068210" lon="-112.8644530">
    <ele>693.1</ele>
    <time>2024-07-09T21:40:38Z</time>
   </trkpt>
   <trkpt lat="51.5067950" lon="-112.8643850">
    <ele>693.1</ele>
    <time>2024-07-09T21:40:39Z</time>
   </trkpt>
   <trkpt lat="51.5067670" lon="-112.8643130">
    <ele>693.2</ele>
    <time>2024-07-09T21:40:40Z</time>
   </trkpt>
   <trkpt lat="51.5067460" lon="-112.8642460">
    <ele>693.3</ele>
    <time>2024-07-09T21:40:41Z</time>
   </trkpt>
   <trkpt lat="51.5067090" lon="-112.8641740">
    <ele>693.3</ele>
    <time>2024-07-09T21:40:42Z</time>
   </trkpt>
   <trkpt lat="51.5066910" lon="-112.8641040">
    <ele>693.3</ele>
    <time>2024-07-09T21:40:43Z</time>
   </trkpt>
   <trkpt lat="51.5066640" lon="-112.8640280">
    <ele>693.4</ele>
    <time>2024-07-09T21:40:44Z</time>
   </trkpt>
   <trkpt lat="51.5066380" lon="-112.8639520">
    <ele>693.4</ele>
    <time>2024-07-09T21:40:45Z</time>
   </trkpt>
   <trkpt lat="51.5066150" lon="-112.8638820">
    <ele>693.4</ele>
    <time>2024-07-09T21:40:46Z</time>
   </trkpt>
   <trkpt lat="51.5065860" lon="-112.8638130">
    <ele>693.4</ele>
    <time>2024-07-09T21:40:47Z</time>
   </trkpt>
   <trkpt lat="51.5065630" lon="-112.8637360">
    <ele>693.5</ele>
    <time>2024-07-09T21:40:48Z</time>
   </trkpt>
   <trkpt lat="51.5065380" lon="-112.8636580">
    <ele>693.5</ele>
    <time>2024-07-09T21:40:49Z</time>
   </trkpt>
   <trkpt lat="51.5065110" lon="-112.8635790">
    <ele>693.5</ele>
    <time>2024-07-09T21:40:50Z</time>
   </trkpt>
   <trkpt lat="51.5064840" lon="-112.8635050">
    <ele>693.5</ele>
    <time>2024-07-09T21:40:51Z</time>
   </trkpt>
   <trkpt lat="51.5064600" lon="-112.8634270">
    <ele>693.5</ele>
    <time>2024-07-09T21:40:52Z</time>
   </trkpt>
   <trkpt lat="51.5064380" lon="-112.8633520">
    <ele>693.5</ele>
    <time>2024-07-09T21:40:53Z</time>
   </trkpt>
   <trkpt lat="51.5064100" lon="-112.8632780">
    <ele>693.5</ele>
    <time>2024-07-09T21:40:54Z</time>
   </trkpt>
   <trkpt lat="51.5063810" lon="-112.8632050">
    <ele>693.6</ele>
    <time>2024-07-09T21:40:55Z</time>
   </trkpt>
   <trkpt lat="51.5063530" lon="-112.8631270">
    <ele>693.6</ele>
    <time>2024-07-09T21:40:56Z</time>
   </trkpt>
   <trkpt lat="51.5063290" lon="-112.8630520">
    <ele>693.6</ele>
    <time>2024-07-09T21:40:57Z</time>
   </trkpt>
   <trkpt lat="51.5063030" lon="-112.8629750">
    <ele>693.6</ele>
    <time>2024-07-09T21:40:58Z</time>
   </trkpt>
   <trkpt lat="51.5062810" lon="-112.8628990">
    <ele>693.6</ele>
    <time>2024-07-09T21:40:59Z</time>
   </trkpt>
   <trkpt lat="51.5062510" lon="-112.8628190">
    <ele>693.5</ele>
    <time>2024-07-09T21:41:00Z</time>
   </trkpt>
   <trkpt lat="51.5062220" lon="-112.8627470">
    <ele>693.5</ele>
    <time>2024-07-09T21:41:01Z</time>
   </trkpt>
   <trkpt lat="51.5061990" lon="-112.8626720">
    <ele>693.5</ele>
    <time>2024-07-09T21:41:02Z</time>
   </trkpt>
   <trkpt lat="51.5061770" lon="-112.8625990">
    <ele>693.5</ele>
    <time>2024-07-09T21:41:03Z</time>
   </trkpt>
   <trkpt lat="51.5061460" lon="-112.8625170">
    <ele>693.5</ele>
    <time>2024-07-09T21:41:04Z</time>
   </trkpt>
   <trkpt lat="51.5061200" lon="-112.8624530">
    <ele>693.5</ele>
    <time>2024-07-09T21:41:05Z</time>
   </trkpt>
   <trkpt lat="51.5060960" lon="-112.8623690">
    <ele>693.5</ele>
    <time>2024-07-09T21:41:06Z</time>
   </trkpt>
   <trkpt lat="51.5060730" lon="-112.8622930">
    <ele>693.4</ele>
    <time>2024-07-09T21:41:07Z</time>
   </trkpt>
   <trkpt lat="51.5060440" lon="-112.8622160">
    <ele>693.4</ele>
    <time>2024-07-09T21:41:08Z</time>
   </trkpt>
   <trkpt lat="51.5060170" lon="-112.8621440">
    <ele>693.4</ele>
    <time>2024-07-09T21:41:09Z</time>
   </trkpt>
   <trkpt lat="51.5059920" lon="-112.8620670">
    <ele>693.4</ele>
    <time>2024-07-09T21:41:10Z</time>
   </trkpt>
   <trkpt lat="51.5059710" lon="-112.8619940">
    <ele>693.4</ele>
    <time>2024-07-09T21:41:11Z</time>
   </trkpt>
   <trkpt lat="51.5059470" lon="-112.8619210">
    <ele>693.3</ele>
    <time>2024-07-09T21:41:12Z</time>
   </trkpt>
   <trkpt lat="51.5059150" lon="-112.8618490">
    <ele>693.3</ele>
    <time>2024-07-09T21:41:13Z</time>
   </trkpt>
   <trkpt lat="51.5058930" lon="-112.8617740">
    <ele>693.3</ele>
    <time>2024-07-09T21:41:14Z</time>
   </trkpt>
   <trkpt lat="51.5058640" lon="-112.8616970">
    <ele>693.3</ele>
    <time>2024-07-09T21:41:15Z</time>
   </trkpt>
   <trkpt lat="51.5058430" lon="-112.8616230">
    <ele>693.3</ele>
    <time>2024-07-09T21:41:16Z</time>
   </trkpt>
   <trkpt lat="51.5058170" lon="-112.8615450">
    <ele>693.2</ele>
    <time>2024-07-09T21:41:17Z</time>
   </trkpt>
   <trkpt lat="51.5057890" lon="-112.8614660">
    <ele>693.2</ele>
    <time>2024-07-09T21:41:18Z</time>
   </trkpt>
   <trkpt lat="51.5057620" lon="-112.8613890">
    <ele>693.2</ele>
    <time>2024-07-09T21:41:19Z</time>
   </trkpt>
   <trkpt lat="51.5057350" lon="-112.8613130">
    <ele>693.1</ele>
    <time>2024-07-09T21:41:20Z</time>
   </trkpt>
   <trkpt lat="51.5057120" lon="-112.8612350">
    <ele>693.1</ele>
    <time>2024-07-09T21:41:21Z</time>
   </trkpt>
   <trkpt lat="51.5056860" lon="-112.8611560">
    <ele>693.1</ele>
    <time>2024-07-09T21:41:22Z</time>
   </trkpt>
   <trkpt lat="51.5056610" lon="-112.8610790">
    <ele>693.1</ele>
    <time>2024-07-09T21:41:23Z</time>
   </trkpt>
   <trkpt lat="51.5056370" lon="-112.8610020">
    <ele>693.0</ele>
    <time>2024-07-09T21:41:24Z</time>
   </trkpt>
   <trkpt lat="51.5056100" lon="-112.8609250">
    <ele>693.0</ele>
    <time>2024-07-09T21:41:25Z</time>
   </trkpt>
   <trkpt lat="51.5055830" lon="-112.8608490">
    <ele>693.0</ele>
    <time>2024-07-09T21:41:26Z</time>
   </trkpt>
   <trkpt lat="51.5055570" lon="-112.8607720">
    <ele>692.9</ele>
    <time>2024-07-09T21:41:27Z</time>
   </trkpt>
   <trkpt lat="51.5055300" lon="-112.8606950">
    <ele>692.9</ele>
    <time>2024-07-09T21:41:28Z</time>
   </trkpt>
   <trkpt lat="51.5055030" lon="-112.8606170">
    <ele>692.8</ele>
    <time>2024-07-09T21:41:29Z</time>
   </trkpt>
   <trkpt lat="51.5054760" lon="-112.8605380">
    <ele>692.8</ele>
    <time>2024-07-09T21:41:30Z</time>
   </trkpt>
   <trkpt lat="51.5054490" lon="-112.8604590">
    <ele>692.8</ele>
    <time>2024-07-09T21:41:31Z</time>
   </trkpt>
   <trkpt lat="51.5054230" lon="-112.8603800">
    <ele>692.7</ele>
    <time>2024-07-09T21:41:32Z</time>
   </trkpt>
   <trkpt lat="51.5053940" lon="-112.8603020">
    <ele>692.7</ele>
    <time>2024-07-09T21:41:33Z</time>
   </trkpt>
   <trkpt lat="51.5053700" lon="-112.8602250">
    <ele>692.7</ele>
    <time>2024-07-09T21:41:34Z</time>
   </trkpt>
   <trkpt lat="51.5053440" lon="-112.8601480">
    <ele>692.7</ele>
    <time>2024-07-09T21:41:35Z</time>
   </trkpt>
   <trkpt lat="51.5053200" lon="-112.8600690">
    <ele>692.7</ele>
    <time>2024-07-09T21:41:36Z</time>
   </trkpt>
   <trkpt lat="51.5052960" lon="-112.8599920">
    <ele>692.7</ele>
    <time>2024-07-09T21:41:37Z</time>
   </trkpt>
   <trkpt lat="51.5052700" lon="-112.8599130">
    <ele>692.6</ele>
    <time>2024-07-09T21:41:38Z</time>
   </trkpt>
   <trkpt lat="51.5052430" lon="-112.8598320">
    <ele>692.6</ele>
    <time>2024-07-09T21:41:39Z</time>
   </trkpt>
   <trkpt lat="51.5052150" lon="-112.8597530">
    <ele>692.6</ele>
    <time>2024-07-09T21:41:40Z</time>
   </trkpt>
   <trkpt lat="51.5051860" lon="-112.8596750">
    <ele>692.6</ele>
    <time>2024-07-09T21:41:41Z</time>
   </trkpt>
   <trkpt lat="51.5051600" lon="-112.8595960">
    <ele>692.6</ele>
    <time>2024-07-09T21:41:42Z</time>
   </trkpt>
   <trkpt lat="51.5051310" lon="-112.8595200">
    <ele>692.6</ele>
    <time>2024-07-09T21:41:43Z</time>
   </trkpt>
   <trkpt lat="51.5051040" lon="-112.8594450">
    <ele>692.6</ele>
    <time>2024-07-09T21:41:44Z</time>
   </trkpt>
   <trkpt lat="51.5050790" lon="-112.8593650">
    <ele>692.6</ele>
    <time>2024-07-09T21:41:45Z</time>
   </trkpt>
   <trkpt lat="51.5050520" lon="-112.8592870">
    <ele>692.6</ele>
    <time>2024-07-09T21:41:46Z</time>
   </trkpt>
   <trkpt lat="51.5050250" lon="-112.8592080">
    <ele>692.6</ele>
    <time>2024-07-09T21:41:47Z</time>
   </trkpt>
   <trkpt lat="51.5049990" lon="-112.8591300">
    <ele>692.6</ele>
    <time>2024-07-09T21:41:48Z</time>
   </trkpt>
   <trkpt lat="51.5049730" lon="-112.8590500">
    <ele>692.6</ele>
    <time>2024-07-09T21:41:49Z</time>
   </trkpt>
   <trkpt lat="51.5049450" lon="-112.8589730">
    <ele>692.7</ele>
    <time>2024-07-09T21:41:50Z</time>
   </trkpt>
   <trkpt lat="51.5049120" lon="-112.8588980">
    <ele>692.7</ele>
    <time>2024-07-09T21:41:51Z</time>
   </trkpt>
   <trkpt lat="51.5048850" lon="-112.8588160">
    <ele>692.7</ele>
    <time>2024-07-09T21:41:52Z</time>
   </trkpt>
   <trkpt lat="51.5048580" lon="-112.8587310">
    <ele>692.7</ele>
    <time>2024-07-09T21:41:53Z</time>
   </trkpt>
   <trkpt lat="51.5048350" lon="-112.8586450">
    <ele>692.7</ele>
    <time>2024-07-09T21:41:54Z</time>
   </trkpt>
   <trkpt lat="51.5048030" lon="-112.8585600">
    <ele>692.8</ele>
    <time>2024-07-09T21:41:55Z</time>
   </trkpt>
   <trkpt lat="51.5047770" lon="-112.8584710">
    <ele>692.8</ele>
    <time>2024-07-09T21:41:56Z</time>
   </trkpt>
   <trkpt lat="51.5047470" lon="-112.8583810">
    <ele>692.8</ele>
    <time>2024-07-09T21:41:57Z</time>
   </trkpt>
   <trkpt lat="51.5047180" lon="-112.8582920">
    <ele>692.9</ele>
    <time>2024-07-09T21:41:58Z</time>
   </trkpt>
   <trkpt lat="51.5046850" lon="-112.8582030">
    <ele>692.9</ele>
    <time>2024-07-09T21:41:59Z</time>
   </trkpt>
   <trkpt lat="51.5046530" lon="-112.8581160">
    <ele>692.9</ele>
    <time>2024-07-09T21:42:00Z</time>
   </trkpt>
   <trkpt lat="51.5046270" lon="-112.8580280">
    <ele>692.9</ele>
    <time>2024-07-09T21:42:01Z</time>
   </trkpt>
   <trkpt lat="51.5045990" lon="-112.8579400">
    <ele>692.9</ele>
    <time>2024-07-09T21:42:02Z</time>
   </trkpt>
   <trkpt lat="51.5045660" lon="-112.8578520">
    <ele>692.9</ele>
    <time>2024-07-09T21:42:03Z</time>
   </trkpt>
   <trkpt lat="51.5045370" lon="-112.8577680">
    <ele>693.0</ele>
    <time>2024-07-09T21:42:04Z</time>
   </trkpt>
   <trkpt lat="51.5045070" lon="-112.8576850">
    <ele>693.0</ele>
    <time>2024-07-09T21:42:05Z</time>
   </trkpt>
   <trkpt lat="51.5044800" lon="-112.8575930">
    <ele>693.0</ele>
    <time>2024-07-09T21:42:06Z</time>
   </trkpt>
   <trkpt lat="51.5044550" lon="-112.8575070">
    <ele>693.1</ele>
    <time>2024-07-09T21:42:07Z</time>
   </trkpt>
   <trkpt lat="51.5044250" lon="-112.8574240">
    <ele>693.1</ele>
    <time>2024-07-09T21:42:09Z</time>
   </trkpt>
   <trkpt lat="51.5043940" lon="-112.8573400">
    <ele>693.1</ele>
    <time>2024-07-09T21:42:10Z</time>
   </trkpt>
   <trkpt lat="51.5043640" lon="-112.8572570">
    <ele>693.1</ele>
    <time>2024-07-09T21:42:11Z</time>
   </trkpt>
   <trkpt lat="51.5043330" lon="-112.8571720">
    <ele>693.1</ele>
    <time>2024-07-09T21:42:12Z</time>
   </trkpt>
   <trkpt lat="51.5043070" lon="-112.8570860">
    <ele>693.1</ele>
    <time>2024-07-09T21:42:13Z</time>
   </trkpt>
   <trkpt lat="51.5042830" lon="-112.8569950">
    <ele>693.1</ele>
    <time>2024-07-09T21:42:14Z</time>
   </trkpt>
   <trkpt lat="51.5042510" lon="-112.8569200">
    <ele>693.1</ele>
    <time>2024-07-09T21:42:15Z</time>
   </trkpt>
   <trkpt lat="51.5042250" lon="-112.8568410">
    <ele>693.2</ele>
    <time>2024-07-09T21:42:16Z</time>
   </trkpt>
   <trkpt lat="51.5041930" lon="-112.8567540">
    <ele>693.2</ele>
    <time>2024-07-09T21:42:17Z</time>
   </trkpt>
   <trkpt lat="51.5041700" lon="-112.8566750">
    <ele>693.2</ele>
    <time>2024-07-09T21:42:18Z</time>
   </trkpt>
   <trkpt lat="51.5041390" lon="-112.8565850">
    <ele>693.2</ele>
    <time>2024-07-09T21:42:19Z</time>
   </trkpt>
   <trkpt lat="51.5041140" lon="-112.8565050">
    <ele>693.2</ele>
    <time>2024-07-09T21:42:20Z</time>
   </trkpt>
   <trkpt lat="51.5040830" lon="-112.8564220">
    <ele>693.2</ele>
    <time>2024-07-09T21:42:21Z</time>
   </trkpt>
   <trkpt lat="51.5040620" lon="-112.8563460">
    <ele>693.2</ele>
    <time>2024-07-09T21:42:22Z</time>
   </trkpt>
   <trkpt lat="51.5040030" lon="-112.8561810">
    <ele>693.3</ele>
    <time>2024-07-09T21:42:23Z</time>
   </trkpt>
   <trkpt lat="51.5039740" lon="-112.8560990">
    <ele>693.3</ele>
    <time>2024-07-09T21:42:24Z</time>
   </trkpt>
   <trkpt lat="51.5039460" lon="-112.8560200">
    <ele>693.3</ele>
    <time>2024-07-09T21:42:25Z</time>
   </trkpt>
   <trkpt lat="51.5039190" lon="-112.8559370">
    <ele>693.3</ele>
    <time>2024-07-09T21:42:26Z</time>
   </trkpt>
   <trkpt lat="51.5038900" lon="-112.8558590">
    <ele>693.3</ele>
    <time>2024-07-09T21:42:27Z</time>
   </trkpt>
   <trkpt lat="51.5038640" lon="-112.8557810">
    <ele>693.3</ele>
    <time>2024-07-09T21:42:28Z</time>
   </trkpt>
   <trkpt lat="51.5038350" lon="-112.8557050">
    <ele>693.3</ele>
    <time>2024-07-09T21:42:29Z</time>
   </trkpt>
   <trkpt lat="51.5038130" lon="-112.8556280">
    <ele>693.3</ele>
    <time>2024-07-09T21:42:30Z</time>
   </trkpt>
   <trkpt lat="51.5037920" lon="-112.8555540">
    <ele>693.3</ele>
    <time>2024-07-09T21:42:31Z</time>
   </trkpt>
   <trkpt lat="51.5037670" lon="-112.8554740">
    <ele>693.3</ele>
    <time>2024-07-09T21:42:32Z</time>
   </trkpt>
   <trkpt lat="51.5037370" lon="-112.8553960">
    <ele>693.3</ele>
    <time>2024-07-09T21:42:33Z</time>
   </trkpt>
   <trkpt lat="51.5037130" lon="-112.8553190">
    <ele>693.3</ele>
    <time>2024-07-09T21:42:34Z</time>
   </trkpt>
   <trkpt lat="51.5036900" lon="-112.8552410">
    <ele>693.3</ele>
    <time>2024-07-09T21:42:35Z</time>
   </trkpt>
   <trkpt lat="51.5036620" lon="-112.8551620">
    <ele>693.2</ele>
    <time>2024-07-09T21:42:36Z</time>
   </trkpt>
   <trkpt lat="51.5036370" lon="-112.8550930">
    <ele>693.2</ele>
    <time>2024-07-09T21:42:37Z</time>
   </trkpt>
   <trkpt lat="51.5036110" lon="-112.8550120">
    <ele>693.2</ele>
    <time>2024-07-09T21:42:38Z</time>
   </trkpt>
   <trkpt lat="51.5035840" lon="-112.8549310">
    <ele>693.2</ele>
    <time>2024-07-09T21:42:39Z</time>
   </trkpt>
   <trkpt lat="51.5035610" lon="-112.8548530">
    <ele>693.2</ele>
    <time>2024-07-09T21:42:40Z</time>
   </trkpt>
   <trkpt lat="51.5035340" lon="-112.8547760">
    <ele>693.2</ele>
    <time>2024-07-09T21:42:41Z</time>
   </trkpt>
   <trkpt lat="51.5035110" lon="-112.8546990">
    <ele>693.2</ele>
    <time>2024-07-09T21:42:42Z</time>
   </trkpt>
   <trkpt lat="51.5034860" lon="-112.8546170">
    <ele>693.2</ele>
    <time>2024-07-09T21:42:43Z</time>
   </trkpt>
   <trkpt lat="51.5034620" lon="-112.8545370">
    <ele>693.2</ele>
    <time>2024-07-09T21:42:44Z</time>
   </trkpt>
   <trkpt lat="51.5034400" lon="-112.8544580">
    <ele>693.2</ele>
    <time>2024-07-09T21:42:45Z</time>
   </trkpt>
   <trkpt lat="51.5034170" lon="-112.8543760">
    <ele>693.2</ele>
    <time>2024-07-09T21:42:46Z</time>
   </trkpt>
   <trkpt lat="51.5033970" lon="-112.8542970">
    <ele>693.2</ele>
    <time>2024-07-09T21:42:47Z</time>
   </trkpt>
   <trkpt lat="51.5033780" lon="-112.8542150">
    <ele>693.1</ele>
    <time>2024-07-09T21:42:48Z</time>
   </trkpt>
   <trkpt lat="51.5033600" lon="-112.8541290">
    <ele>693.1</ele>
    <time>2024-07-09T21:42:49Z</time>
   </trkpt>
   <trkpt lat="51.5033390" lon="-112.8540450">
    <ele>693.1</ele>
    <time>2024-07-09T21:42:50Z</time>
   </trkpt>
   <trkpt lat="51.5033200" lon="-112.8539610">
    <ele>693.1</ele>
    <time>2024-07-09T21:42:51Z</time>
   </trkpt>
   <trkpt lat="51.5033010" lon="-112.8538800">
    <ele>693.1</ele>
    <time>2024-07-09T21:42:52Z</time>
   </trkpt>
   <trkpt lat="51.5032810" lon="-112.8537960">
    <ele>693.0</ele>
    <time>2024-07-09T21:42:53Z</time>
   </trkpt>
   <trkpt lat="51.5032610" lon="-112.8537110">
    <ele>693.0</ele>
    <time>2024-07-09T21:42:54Z</time>
   </trkpt>
   <trkpt lat="51.5032460" lon="-112.8536230">
    <ele>693.0</ele>
    <time>2024-07-09T21:42:55Z</time>
   </trkpt>
   <trkpt lat="51.5032310" lon="-112.8535350">
    <ele>692.9</ele>
    <time>2024-07-09T21:42:56Z</time>
   </trkpt>
   <trkpt lat="51.5032160" lon="-112.8534490">
    <ele>692.9</ele>
    <time>2024-07-09T21:42:57Z</time>
   </trkpt>
   <trkpt lat="51.5032000" lon="-112.8533650">
    <ele>692.9</ele>
    <time>2024-07-09T21:42:58Z</time>
   </trkpt>
   <trkpt lat="51.5031860" lon="-112.8532780">
    <ele>692.9</ele>
    <time>2024-07-09T21:42:59Z</time>
   </trkpt>
   <trkpt lat="51.5031730" lon="-112.8531910">
    <ele>692.8</ele>
    <time>2024-07-09T21:43:00Z</time>
   </trkpt>
   <trkpt lat="51.5031580" lon="-112.8531000">
    <ele>692.8</ele>
    <time>2024-07-09T21:43:01Z</time>
   </trkpt>
   <trkpt lat="51.5031450" lon="-112.8530140">
    <ele>692.7</ele>
    <time>2024-07-09T21:43:02Z</time>
   </trkpt>
   <trkpt lat="51.5031330" lon="-112.8529270">
    <ele>692.7</ele>
    <time>2024-07-09T21:43:03Z</time>
   </trkpt>
   <trkpt lat="51.5031190" lon="-112.8528400">
    <ele>692.6</ele>
    <time>2024-07-09T21:43:04Z</time>
   </trkpt>
   <trkpt lat="51.5031070" lon="-112.8527500">
    <ele>692.6</ele>
    <time>2024-07-09T21:43:05Z</time>
   </trkpt>
   <trkpt lat="51.5030940" lon="-112.8526630">
    <ele>692.5</ele>
    <time>2024-07-09T21:43:06Z</time>
   </trkpt>
   <trkpt lat="51.5030820" lon="-112.8525720">
    <ele>692.4</ele>
    <time>2024-07-09T21:43:07Z</time>
   </trkpt>
   <trkpt lat="51.5030710" lon="-112.8524810">
    <ele>692.4</ele>
    <time>2024-07-09T21:43:08Z</time>
   </trkpt>
   <trkpt lat="51.5030600" lon="-112.8523880">
    <ele>692.4</ele>
    <time>2024-07-09T21:43:09Z</time>
   </trkpt>
   <trkpt lat="51.5030480" lon="-112.8522970">
    <ele>692.3</ele>
    <time>2024-07-09T21:43:10Z</time>
   </trkpt>
   <trkpt lat="51.5030400" lon="-112.8522040">
    <ele>692.3</ele>
    <time>2024-07-09T21:43:11Z</time>
   </trkpt>
   <trkpt lat="51.5030290" lon="-112.8521100">
    <ele>692.3</ele>
    <time>2024-07-09T21:43:12Z</time>
   </trkpt>
   <trkpt lat="51.5030210" lon="-112.8520160">
    <ele>692.3</ele>
    <time>2024-07-09T21:43:13Z</time>
   </trkpt>
   <trkpt lat="51.5030090" lon="-112.8519210">
    <ele>692.4</ele>
    <time>2024-07-09T21:43:14Z</time>
   </trkpt>
   <trkpt lat="51.5029940" lon="-112.8518240">
    <ele>692.4</ele>
    <time>2024-07-09T21:43:15Z</time>
   </trkpt>
   <trkpt lat="51.5029800" lon="-112.8517300">
    <ele>692.4</ele>
    <time>2024-07-09T21:43:16Z</time>
   </trkpt>
   <trkpt lat="51.5029670" lon="-112.8516460">
    <ele>692.4</ele>
    <time>2024-07-09T21:43:17Z</time>
   </trkpt>
   <trkpt lat="51.5029480" lon="-112.8515570">
    <ele>692.4</ele>
    <time>2024-07-09T21:43:18Z</time>
   </trkpt>
   <trkpt lat="51.5029240" lon="-112.8514680">
    <ele>692.5</ele>
    <time>2024-07-09T21:43:19Z</time>
   </trkpt>
   <trkpt lat="51.5028960" lon="-112.8513890">
    <ele>692.6</ele>
    <time>2024-07-09T21:43:20Z</time>
   </trkpt>
   <trkpt lat="51.5028590" lon="-112.8513270">
    <ele>692.6</ele>
    <time>2024-07-09T21:43:21Z</time>
   </trkpt>
   <trkpt lat="51.5028170" lon="-112.8512720">
    <ele>692.7</ele>
    <time>2024-07-09T21:43:22Z</time>
   </trkpt>
   <trkpt lat="51.5027720" lon="-112.8512270">
    <ele>692.8</ele>
    <time>2024-07-09T21:43:23Z</time>
   </trkpt>
   <trkpt lat="51.5027250" lon="-112.8511880">
    <ele>692.9</ele>
    <time>2024-07-09T21:43:24Z</time>
   </trkpt>
   <trkpt lat="51.5026750" lon="-112.8511670">
    <ele>693.0</ele>
    <time>2024-07-09T21:43:25Z</time>
   </trkpt>
   <trkpt lat="51.5026220" lon="-112.8511590">
    <ele>693.1</ele>
    <time>2024-07-09T21:43:26Z</time>
   </trkpt>
   <trkpt lat="51.5025710" lon="-112.8511610">
    <ele>693.3</ele>
    <time>2024-07-09T21:43:27Z</time>
   </trkpt>
   <trkpt lat="51.5025190" lon="-112.8511670">
    <ele>693.4</ele>
    <time>2024-07-09T21:43:28Z</time>
   </trkpt>
   <trkpt lat="51.5024720" lon="-112.8511820">
    <ele>693.5</ele>
    <time>2024-07-09T21:43:29Z</time>
   </trkpt>
   <trkpt lat="51.5024220" lon="-112.8511980">
    <ele>693.7</ele>
    <time>2024-07-09T21:43:30Z</time>
   </trkpt>
   <trkpt lat="51.5023710" lon="-112.8512150">
    <ele>693.9</ele>
    <time>2024-07-09T21:43:31Z</time>
   </trkpt>
   <trkpt lat="51.5023250" lon="-112.8512440">
    <ele>694.1</ele>
    <time>2024-07-09T21:43:32Z</time>
   </trkpt>
   <trkpt lat="51.5022790" lon="-112.8512770">
    <ele>694.3</ele>
    <time>2024-07-09T21:43:33Z</time>
   </trkpt>
   <trkpt lat="51.5022400" lon="-112.8513060">
    <ele>694.5</ele>
    <time>2024-07-09T21:43:34Z</time>
   </trkpt>
   <trkpt lat="51.5021950" lon="-112.8513220">
    <ele>694.7</ele>
    <time>2024-07-09T21:43:35Z</time>
   </trkpt>
   <trkpt lat="51.5021480" lon="-112.8513230">
    <ele>694.9</ele>
    <time>2024-07-09T21:43:36Z</time>
   </trkpt>
   <trkpt lat="51.5021020" lon="-112.8512970">
    <ele>695.0</ele>
    <time>2024-07-09T21:43:37Z</time>
   </trkpt>
   <trkpt lat="51.5020630" lon="-112.8512660">
    <ele>695.1</ele>
    <time>2024-07-09T21:43:38Z</time>
   </trkpt>
   <trkpt lat="51.5020090" lon="-112.8512120">
    <ele>695.0</ele>
    <time>2024-07-09T21:43:39Z</time>
   </trkpt>
   <trkpt lat="51.5019570" lon="-112.8511710">
    <ele>694.9</ele>
    <time>2024-07-09T21:43:40Z</time>
   </trkpt>
   <trkpt lat="51.5018860" lon="-112.8511320">
    <ele>694.7</ele>
    <time>2024-07-09T21:43:41Z</time>
   </trkpt>
   <trkpt lat="51.5018610" lon="-112.8510530">
    <ele>694.6</ele>
    <time>2024-07-09T21:43:42Z</time>
   </trkpt>
   <trkpt lat="51.5018210" lon="-112.8509850">
    <ele>694.6</ele>
    <time>2024-07-09T21:43:43Z</time>
   </trkpt>
   <trkpt lat="51.5017880" lon="-112.8509010">
    <ele>694.5</ele>
    <time>2024-07-09T21:43:44Z</time>
   </trkpt>
   <trkpt lat="51.5017420" lon="-112.8508440">
    <ele>694.4</ele>
    <time>2024-07-09T21:43:45Z</time>
   </trkpt>
   <trkpt lat="51.5017050" lon="-112.8507760">
    <ele>694.4</ele>
    <time>2024-07-09T21:43:46Z</time>
   </trkpt>
   <trkpt lat="51.5016690" lon="-112.8506990">
    <ele>694.3</ele>
    <time>2024-07-09T21:43:47Z</time>
   </trkpt>
   <trkpt lat="51.5016420" lon="-112.8506230">
    <ele>694.3</ele>
    <time>2024-07-09T21:43:48Z</time>
   </trkpt>
   <trkpt lat="51.5016010" lon="-112.8505650">
    <ele>694.3</ele>
    <time>2024-07-09T21:43:49Z</time>
   </trkpt>
   <trkpt lat="51.5015610" lon="-112.8504810">
    <ele>694.3</ele>
    <time>2024-07-09T21:43:50Z</time>
   </trkpt>
   <trkpt lat="51.5015330" lon="-112.8504090">
    <ele>694.3</ele>
    <time>2024-07-09T21:43:51Z</time>
   </trkpt>
   <trkpt lat="51.5015000" lon="-112.8503360">
    <ele>694.2</ele>
    <time>2024-07-09T21:43:52Z</time>
   </trkpt>
   <trkpt lat="51.5014610" lon="-112.8502660">
    <ele>694.2</ele>
    <time>2024-07-09T21:43:53Z</time>
   </trkpt>
   <trkpt lat="51.5014280" lon="-112.8501950">
    <ele>694.2</ele>
    <time>2024-07-09T21:43:54Z</time>
   </trkpt>
   <trkpt lat="51.5013910" lon="-112.8501200">
    <ele>694.2</ele>
    <time>2024-07-09T21:43:55Z</time>
   </trkpt>
   <trkpt lat="51.5013580" lon="-112.8500460">
    <ele>694.2</ele>
    <time>2024-07-09T21:43:56Z</time>
   </trkpt>
   <trkpt lat="51.5013200" lon="-112.8499800">
    <ele>694.1</ele>
    <time>2024-07-09T21:43:57Z</time>
   </trkpt>
   <trkpt lat="51.5012780" lon="-112.8499110">
    <ele>694.1</ele>
    <time>2024-07-09T21:43:58Z</time>
   </trkpt>
   <trkpt lat="51.5012400" lon="-112.8498410">
    <ele>694.1</ele>
    <time>2024-07-09T21:43:59Z</time>
   </trkpt>
   <trkpt lat="51.5012000" lon="-112.8497710">
    <ele>694.1</ele>
    <time>2024-07-09T21:44:00Z</time>
   </trkpt>
   <trkpt lat="51.5011580" lon="-112.8497020">
    <ele>694.1</ele>
    <time>2024-07-09T21:44:01Z</time>
   </trkpt>
   <trkpt lat="51.5011150" lon="-112.8496280">
    <ele>694.1</ele>
    <time>2024-07-09T21:44:02Z</time>
   </trkpt>
   <trkpt lat="51.5010700" lon="-112.8495670">
    <ele>694.1</ele>
    <time>2024-07-09T21:44:03Z</time>
   </trkpt>
   <trkpt lat="51.5010260" lon="-112.8494970">
    <ele>694.1</ele>
    <time>2024-07-09T21:44:04Z</time>
   </trkpt>
   <trkpt lat="51.5009840" lon="-112.8494310">
    <ele>694.1</ele>
    <time>2024-07-09T21:44:05Z</time>
   </trkpt>
   <trkpt lat="51.5009360" lon="-112.8493620">
    <ele>694.1</ele>
    <time>2024-07-09T21:44:06Z</time>
   </trkpt>
   <trkpt lat="51.5008940" lon="-112.8492890">
    <ele>694.1</ele>
    <time>2024-07-09T21:44:07Z</time>
   </trkpt>
   <trkpt lat="51.5008450" lon="-112.8492120">
    <ele>694.1</ele>
    <time>2024-07-09T21:44:08Z</time>
   </trkpt>
   <trkpt lat="51.5007960" lon="-112.8491410">
    <ele>694.1</ele>
    <time>2024-07-09T21:44:09Z</time>
   </trkpt>
   <trkpt lat="51.5007440" lon="-112.8490710">
    <ele>694.1</ele>
    <time>2024-07-09T21:44:10Z</time>
   </trkpt>
   <trkpt lat="51.5006950" lon="-112.8489970">
    <ele>694.1</ele>
    <time>2024-07-09T21:44:11Z</time>
   </trkpt>
   <trkpt lat="51.5006490" lon="-112.8489220">
    <ele>694.1</ele>
    <time>2024-07-09T21:44:12Z</time>
   </trkpt>
   <trkpt lat="51.5006100" lon="-112.8488520">
    <ele>694.1</ele>
    <time>2024-07-09T21:44:13Z</time>
   </trkpt>
   <trkpt lat="51.5005560" lon="-112.8487780">
    <ele>694.1</ele>
    <time>2024-07-09T21:44:14Z</time>
   </trkpt>
   <trkpt lat="51.5005100" lon="-112.8487020">
    <ele>694.2</ele>
    <time>2024-07-09T21:44:15Z</time>
   </trkpt>
   <trkpt lat="51.5004580" lon="-112.8486120">
    <ele>694.2</ele>
    <time>2024-07-09T21:44:16Z</time>
   </trkpt>
   <trkpt lat="51.5004140" lon="-112.8485820">
    <ele>694.2</ele>
    <time>2024-07-09T21:44:17Z</time>
   </trkpt>
   <trkpt lat="51.5003620" lon="-112.8484960">
    <ele>694.2</ele>
    <time>2024-07-09T21:44:18Z</time>
   </trkpt>
   <trkpt lat="51.5003230" lon="-112.8484250">
    <ele>694.3</ele>
    <time>2024-07-09T21:44:19Z</time>
   </trkpt>
   <trkpt lat="51.5002790" lon="-112.8483580">
    <ele>694.3</ele>
    <time>2024-07-09T21:44:20Z</time>
   </trkpt>
   <trkpt lat="51.5002380" lon="-112.8482920">
    <ele>694.3</ele>
    <time>2024-07-09T21:44:21Z</time>
   </trkpt>
   <trkpt lat="51.5001890" lon="-112.8482210">
    <ele>694.3</ele>
    <time>2024-07-09T21:44:22Z</time>
   </trkpt>
   <trkpt lat="51.5001470" lon="-112.8481570">
    <ele>694.4</ele>
    <time>2024-07-09T21:44:23Z</time>
   </trkpt>
   <trkpt lat="51.5001030" lon="-112.8480900">
    <ele>694.4</ele>
    <time>2024-07-09T21:44:24Z</time>
   </trkpt>
   <trkpt lat="51.5000580" lon="-112.8480280">
    <ele>694.4</ele>
    <time>2024-07-09T21:44:25Z</time>
   </trkpt>
   <trkpt lat="51.5000180" lon="-112.8479680">
    <ele>694.4</ele>
    <time>2024-07-09T21:44:26Z</time>
   </trkpt>
   <trkpt lat="51.4999750" lon="-112.8478990">
    <ele>694.4</ele>
    <time>2024-07-09T21:44:27Z</time>
   </trkpt>
   <trkpt lat="51.4999310" lon="-112.8478330">
    <ele>694.4</ele>
    <time>2024-07-09T21:44:28Z</time>
   </trkpt>
   <trkpt lat="51.4998900" lon="-112.8477640">
    <ele>694.4</ele>
    <time>2024-07-09T21:44:29Z</time>
   </trkpt>
   <trkpt lat="51.4998470" lon="-112.8476960">
    <ele>694.5</ele>
    <time>2024-07-09T21:44:30Z</time>
   </trkpt>
   <trkpt lat="51.4998000" lon="-112.8476290">
    <ele>694.5</ele>
    <time>2024-07-09T21:44:31Z</time>
   </trkpt>
   <trkpt lat="51.4997550" lon="-112.8475620">
    <ele>694.5</ele>
    <time>2024-07-09T21:44:32Z</time>
   </trkpt>
   <trkpt lat="51.4997090" lon="-112.8474910">
    <ele>694.5</ele>
    <time>2024-07-09T21:44:33Z</time>
   </trkpt>
   <trkpt lat="51.4996630" lon="-112.8474270">
    <ele>694.6</ele>
    <time>2024-07-09T21:44:34Z</time>
   </trkpt>
   <trkpt lat="51.4996160" lon="-112.8473590">
    <ele>694.6</ele>
    <time>2024-07-09T21:44:35Z</time>
   </trkpt>
   <trkpt lat="51.4995710" lon="-112.8472900">
    <ele>694.7</ele>
    <time>2024-07-09T21:44:36Z</time>
   </trkpt>
   <trkpt lat="51.4995310" lon="-112.8472250">
    <ele>694.7</ele>
    <time>2024-07-09T21:44:37Z</time>
   </trkpt>
   <trkpt lat="51.4994820" lon="-112.8471530">
    <ele>694.7</ele>
    <time>2024-07-09T21:44:38Z</time>
   </trkpt>
   <trkpt lat="51.4994370" lon="-112.8470820">
    <ele>694.7</ele>
    <time>2024-07-09T21:44:39Z</time>
   </trkpt>
   <trkpt lat="51.4993950" lon="-112.8470130">
    <ele>694.8</ele>
    <time>2024-07-09T21:44:40Z</time>
   </trkpt>
   <trkpt lat="51.4993510" lon="-112.8469490">
    <ele>694.8</ele>
    <time>2024-07-09T21:44:41Z</time>
   </trkpt>
   <trkpt lat="51.4993110" lon="-112.8468810">
    <ele>694.8</ele>
    <time>2024-07-09T21:44:42Z</time>
   </trkpt>
   <trkpt lat="51.4992670" lon="-112.8468120">
    <ele>694.8</ele>
    <time>2024-07-09T21:44:43Z</time>
   </trkpt>
   <trkpt lat="51.4992260" lon="-112.8467420">
    <ele>694.8</ele>
    <time>2024-07-09T21:44:44Z</time>
   </trkpt>
   <trkpt lat="51.4991810" lon="-112.8466710">
    <ele>694.8</ele>
    <time>2024-07-09T21:44:45Z</time>
   </trkpt>
   <trkpt lat="51.4991380" lon="-112.8465970">
    <ele>694.8</ele>
    <time>2024-07-09T21:44:46Z</time>
   </trkpt>
   <trkpt lat="51.4990970" lon="-112.8465210">
    <ele>694.8</ele>
    <time>2024-07-09T21:44:47Z</time>
   </trkpt>
   <trkpt lat="51.4990490" lon="-112.8464460">
    <ele>694.8</ele>
    <time>2024-07-09T21:44:48Z</time>
   </trkpt>
   <trkpt lat="51.4990060" lon="-112.8463720">
    <ele>694.8</ele>
    <time>2024-07-09T21:44:49Z</time>
   </trkpt>
   <trkpt lat="51.4989630" lon="-112.8462990">
    <ele>694.8</ele>
    <time>2024-07-09T21:44:50Z</time>
   </trkpt>
   <trkpt lat="51.4989200" lon="-112.8462260">
    <ele>694.8</ele>
    <time>2024-07-09T21:44:51Z</time>
   </trkpt>
   <trkpt lat="51.4988790" lon="-112.8461520">
    <ele>694.8</ele>
    <time>2024-07-09T21:44:52Z</time>
   </trkpt>
   <trkpt lat="51.4988390" lon="-112.8460770">
    <ele>694.8</ele>
    <time>2024-07-09T21:44:53Z</time>
   </trkpt>
   <trkpt lat="51.4987980" lon="-112.8460060">
    <ele>694.8</ele>
    <time>2024-07-09T21:44:54Z</time>
   </trkpt>
   <trkpt lat="51.4987580" lon="-112.8459320">
    <ele>694.8</ele>
    <time>2024-07-09T21:44:55Z</time>
   </trkpt>
   <trkpt lat="51.4987150" lon="-112.8458630">
    <ele>694.8</ele>
    <time>2024-07-09T21:44:56Z</time>
   </trkpt>
   <trkpt lat="51.4986760" lon="-112.8457860">
    <ele>694.8</ele>
    <time>2024-07-09T21:44:57Z</time>
   </trkpt>
   <trkpt lat="51.4986410" lon="-112.8457090">
    <ele>694.8</ele>
    <time>2024-07-09T21:44:58Z</time>
   </trkpt>
   <trkpt lat="51.4986040" lon="-112.8456350">
    <ele>694.8</ele>
    <time>2024-07-09T21:44:59Z</time>
   </trkpt>
   <trkpt lat="51.4985600" lon="-112.8455620">
    <ele>694.8</ele>
    <time>2024-07-09T21:45:00Z</time>
   </trkpt>
   <trkpt lat="51.4985230" lon="-112.8454870">
    <ele>694.7</ele>
    <time>2024-07-09T21:45:01Z</time>
   </trkpt>
   <trkpt lat="51.4984840" lon="-112.8454100">
    <ele>694.7</ele>
    <time>2024-07-09T21:45:02Z</time>
   </trkpt>
   <trkpt lat="51.4984460" lon="-112.8453320">
    <ele>694.7</ele>
    <time>2024-07-09T21:45:03Z</time>
   </trkpt>
   <trkpt lat="51.4984090" lon="-112.8452520">
    <ele>694.6</ele>
    <time>2024-07-09T21:45:04Z</time>
   </trkpt>
   <trkpt lat="51.4983710" lon="-112.8451720">
    <ele>694.6</ele>
    <time>2024-07-09T21:45:05Z</time>
   </trkpt>
   <trkpt lat="51.4983280" lon="-112.8450910">
    <ele>694.6</ele>
    <time>2024-07-09T21:45:06Z</time>
   </trkpt>
   <trkpt lat="51.4982910" lon="-112.8450110">
    <ele>694.5</ele>
    <time>2024-07-09T21:45:07Z</time>
   </trkpt>
   <trkpt lat="51.4982550" lon="-112.8449250">
    <ele>694.4</ele>
    <time>2024-07-09T21:45:08Z</time>
   </trkpt>
   <trkpt lat="51.4982180" lon="-112.8448400">
    <ele>694.4</ele>
    <time>2024-07-09T21:45:09Z</time>
   </trkpt>
   <trkpt lat="51.4981760" lon="-112.8447530">
    <ele>694.3</ele>
    <time>2024-07-09T21:45:10Z</time>
   </trkpt>
   <trkpt lat="51.4981410" lon="-112.8446670">
    <ele>694.3</ele>
    <time>2024-07-09T21:45:11Z</time>
   </trkpt>
   <trkpt lat="51.4980960" lon="-112.8445840">
    <ele>694.2</ele>
    <time>2024-07-09T21:45:12Z</time>
   </trkpt>
   <trkpt lat="51.4980590" lon="-112.8444920">
    <ele>694.1</ele>
    <time>2024-07-09T21:45:13Z</time>
   </trkpt>
   <trkpt lat="51.4980240" lon="-112.8444020">
    <ele>694.0</ele>
    <time>2024-07-09T21:45:14Z</time>
   </trkpt>
   <trkpt lat="51.4979850" lon="-112.8443110">
    <ele>693.9</ele>
    <time>2024-07-09T21:45:15Z</time>
   </trkpt>
   <trkpt lat="51.4979480" lon="-112.8442300">
    <ele>693.7</ele>
    <time>2024-07-09T21:45:16Z</time>
   </trkpt>
   <trkpt lat="51.4979090" lon="-112.8441300">
    <ele>693.6</ele>
    <time>2024-07-09T21:45:17Z</time>
   </trkpt>
   <trkpt lat="51.4978660" lon="-112.8440390">
    <ele>693.5</ele>
    <time>2024-07-09T21:45:18Z</time>
   </trkpt>
   <trkpt lat="51.4978240" lon="-112.8439470">
    <ele>693.3</ele>
    <time>2024-07-09T21:45:19Z</time>
   </trkpt>
   <trkpt lat="51.4977890" lon="-112.8438550">
    <ele>693.2</ele>
    <time>2024-07-09T21:45:20Z</time>
   </trkpt>
   <trkpt lat="51.4977530" lon="-112.8437640">
    <ele>693.1</ele>
    <time>2024-07-09T21:45:21Z</time>
   </trkpt>
   <trkpt lat="51.4977160" lon="-112.8436730">
    <ele>692.9</ele>
    <time>2024-07-09T21:45:22Z</time>
   </trkpt>
   <trkpt lat="51.4976800" lon="-112.8435780">
    <ele>692.8</ele>
    <time>2024-07-09T21:45:23Z</time>
   </trkpt>
   <trkpt lat="51.4976400" lon="-112.8434800">
    <ele>692.7</ele>
    <time>2024-07-09T21:45:24Z</time>
   </trkpt>
   <trkpt lat="51.4975990" lon="-112.8433900">
    <ele>692.6</ele>
    <time>2024-07-09T21:45:25Z</time>
   </trkpt>
   <trkpt lat="51.4975620" lon="-112.8432950">
    <ele>692.5</ele>
    <time>2024-07-09T21:45:26Z</time>
   </trkpt>
   <trkpt lat="51.4975260" lon="-112.8432000">
    <ele>692.4</ele>
    <time>2024-07-09T21:45:27Z</time>
   </trkpt>
   <trkpt lat="51.4974890" lon="-112.8431020">
    <ele>692.3</ele>
    <time>2024-07-09T21:45:28Z</time>
   </trkpt>
   <trkpt lat="51.4974510" lon="-112.8430090">
    <ele>692.2</ele>
    <time>2024-07-09T21:45:29Z</time>
   </trkpt>
   <trkpt lat="51.4974130" lon="-112.8429130">
    <ele>692.1</ele>
    <time>2024-07-09T21:45:30Z</time>
   </trkpt>
   <trkpt lat="51.4973760" lon="-112.8428210">
    <ele>692.0</ele>
    <time>2024-07-09T21:45:31Z</time>
   </trkpt>
   <trkpt lat="51.4973360" lon="-112.8427260">
    <ele>691.9</ele>
    <time>2024-07-09T21:45:32Z</time>
   </trkpt>
   <trkpt lat="51.4972950" lon="-112.8426320">
    <ele>691.8</ele>
    <time>2024-07-09T21:45:33Z</time>
   </trkpt>
   <trkpt lat="51.4972550" lon="-112.8425380">
    <ele>691.7</ele>
    <time>2024-07-09T21:45:34Z</time>
   </trkpt>
   <trkpt lat="51.4972230" lon="-112.8424460">
    <ele>691.6</ele>
    <time>2024-07-09T21:45:35Z</time>
   </trkpt>
   <trkpt lat="51.4971830" lon="-112.8423530">
    <ele>691.5</ele>
    <time>2024-07-09T21:45:36Z</time>
   </trkpt>
   <trkpt lat="51.4971460" lon="-112.8422590">
    <ele>691.4</ele>
    <time>2024-07-09T21:45:37Z</time>
   </trkpt>
   <trkpt lat="51.4971050" lon="-112.8421630">
    <ele>691.4</ele>
    <time>2024-07-09T21:45:38Z</time>
   </trkpt>
   <trkpt lat="51.4970640" lon="-112.8420740">
    <ele>691.4</ele>
    <time>2024-07-09T21:45:39Z</time>
   </trkpt>
   <trkpt lat="51.4970230" lon="-112.8419840">
    <ele>691.4</ele>
    <time>2024-07-09T21:45:40Z</time>
   </trkpt>
   <trkpt lat="51.4969850" lon="-112.8418920">
    <ele>691.4</ele>
    <time>2024-07-09T21:45:41Z</time>
   </trkpt>
   <trkpt lat="51.4969490" lon="-112.8417960">
    <ele>691.4</ele>
    <time>2024-07-09T21:45:42Z</time>
   </trkpt>
   <trkpt lat="51.4969070" lon="-112.8417000">
    <ele>691.4</ele>
    <time>2024-07-09T21:45:43Z</time>
   </trkpt>
   <trkpt lat="51.4968650" lon="-112.8416030">
    <ele>691.4</ele>
    <time>2024-07-09T21:45:44Z</time>
   </trkpt>
   <trkpt lat="51.4968280" lon="-112.8415110">
    <ele>691.4</ele>
    <time>2024-07-09T21:45:45Z</time>
   </trkpt>
   <trkpt lat="51.4967870" lon="-112.8414130">
    <ele>691.4</ele>
    <time>2024-07-09T21:45:46Z</time>
   </trkpt>
   <trkpt lat="51.4967470" lon="-112.8413200">
    <ele>691.4</ele>
    <time>2024-07-09T21:45:47Z</time>
   </trkpt>
   <trkpt lat="51.4967070" lon="-112.8412290">
    <ele>691.4</ele>
    <time>2024-07-09T21:45:48Z</time>
   </trkpt>
   <trkpt lat="51.4966690" lon="-112.8411330">
    <ele>691.4</ele>
    <time>2024-07-09T21:45:49Z</time>
   </trkpt>
   <trkpt lat="51.4966270" lon="-112.8410370">
    <ele>691.4</ele>
    <time>2024-07-09T21:45:50Z</time>
   </trkpt>
   <trkpt lat="51.4965880" lon="-112.8409430">
    <ele>691.4</ele>
    <time>2024-07-09T21:45:51Z</time>
   </trkpt>
   <trkpt lat="51.4965610" lon="-112.8408420">
    <ele>691.4</ele>
    <time>2024-07-09T21:45:52Z</time>
   </trkpt>
   <trkpt lat="51.4965170" lon="-112.8407500">
    <ele>691.4</ele>
    <time>2024-07-09T21:45:53Z</time>
   </trkpt>
   <trkpt lat="51.4964770" lon="-112.8406560">
    <ele>691.4</ele>
    <time>2024-07-09T21:45:54Z</time>
   </trkpt>
   <trkpt lat="51.4964360" lon="-112.8405610">
    <ele>691.4</ele>
    <time>2024-07-09T21:45:55Z</time>
   </trkpt>
   <trkpt lat="51.4963960" lon="-112.8404660">
    <ele>691.4</ele>
    <time>2024-07-09T21:45:56Z</time>
   </trkpt>
   <trkpt lat="51.4963540" lon="-112.8403690">
    <ele>691.4</ele>
    <time>2024-07-09T21:45:57Z</time>
   </trkpt>
   <trkpt lat="51.4963170" lon="-112.8402780">
    <ele>691.4</ele>
    <time>2024-07-09T21:45:58Z</time>
   </trkpt>
   <trkpt lat="51.4962780" lon="-112.8401850">
    <ele>691.4</ele>
    <time>2024-07-09T21:45:59Z</time>
   </trkpt>
   <trkpt lat="51.4962450" lon="-112.8400960">
    <ele>691.4</ele>
    <time>2024-07-09T21:46:00Z</time>
   </trkpt>
   <trkpt lat="51.4962070" lon="-112.8400090">
    <ele>691.4</ele>
    <time>2024-07-09T21:46:01Z</time>
   </trkpt>
   <trkpt lat="51.4961720" lon="-112.8399180">
    <ele>691.4</ele>
    <time>2024-07-09T21:46:02Z</time>
   </trkpt>
   <trkpt lat="51.4961330" lon="-112.8398290">
    <ele>691.4</ele>
    <time>2024-07-09T21:46:03Z</time>
   </trkpt>
   <trkpt lat="51.4961000" lon="-112.8397440">
    <ele>691.4</ele>
    <time>2024-07-09T21:46:04Z</time>
   </trkpt>
   <trkpt lat="51.4960620" lon="-112.8396530">
    <ele>691.4</ele>
    <time>2024-07-09T21:46:05Z</time>
   </trkpt>
   <trkpt lat="51.4960290" lon="-112.8395650">
    <ele>691.4</ele>
    <time>2024-07-09T21:46:06Z</time>
   </trkpt>
   <trkpt lat="51.4959870" lon="-112.8394710">
    <ele>691.5</ele>
    <time>2024-07-09T21:46:07Z</time>
   </trkpt>
   <trkpt lat="51.4959500" lon="-112.8393810">
    <ele>691.5</ele>
    <time>2024-07-09T21:46:08Z</time>
   </trkpt>
   <trkpt lat="51.4959090" lon="-112.8392930">
    <ele>691.5</ele>
    <time>2024-07-09T21:46:09Z</time>
   </trkpt>
   <trkpt lat="51.4958810" lon="-112.8391970">
    <ele>691.6</ele>
    <time>2024-07-09T21:46:10Z</time>
   </trkpt>
   <trkpt lat="51.4958440" lon="-112.8391080">
    <ele>691.6</ele>
    <time>2024-07-09T21:46:11Z</time>
   </trkpt>
   <trkpt lat="51.4958070" lon="-112.8390190">
    <ele>691.6</ele>
    <time>2024-07-09T21:46:12Z</time>
   </trkpt>
   <trkpt lat="51.4957700" lon="-112.8389300">
    <ele>691.6</ele>
    <time>2024-07-09T21:46:13Z</time>
   </trkpt>
   <trkpt lat="51.4957370" lon="-112.8388430">
    <ele>691.6</ele>
    <time>2024-07-09T21:46:14Z</time>
   </trkpt>
   <trkpt lat="51.4956970" lon="-112.8387550">
    <ele>691.7</ele>
    <time>2024-07-09T21:46:15Z</time>
   </trkpt>
   <trkpt lat="51.4956490" lon="-112.8386550">
    <ele>691.7</ele>
    <time>2024-07-09T21:46:16Z</time>
   </trkpt>
   <trkpt lat="51.4956210" lon="-112.8385770">
    <ele>691.7</ele>
    <time>2024-07-09T21:46:17Z</time>
   </trkpt>
   <trkpt lat="51.4955830" lon="-112.8384920">
    <ele>691.7</ele>
    <time>2024-07-09T21:46:18Z</time>
   </trkpt>
   <trkpt lat="51.4955490" lon="-112.8384100">
    <ele>691.8</ele>
    <time>2024-07-09T21:46:19Z</time>
   </trkpt>
   <trkpt lat="51.4955210" lon="-112.8383270">
    <ele>691.8</ele>
    <time>2024-07-09T21:46:20Z</time>
   </trkpt>
   <trkpt lat="51.4954850" lon="-112.8382500">
    <ele>691.9</ele>
    <time>2024-07-09T21:46:21Z</time>
   </trkpt>
   <trkpt lat="51.4954490" lon="-112.8381720">
    <ele>691.9</ele>
    <time>2024-07-09T21:46:22Z</time>
   </trkpt>
   <trkpt lat="51.4954180" lon="-112.8380940">
    <ele>691.9</ele>
    <time>2024-07-09T21:46:23Z</time>
   </trkpt>
   <trkpt lat="51.4953860" lon="-112.8380180">
    <ele>692.0</ele>
    <time>2024-07-09T21:46:24Z</time>
   </trkpt>
   <trkpt lat="51.4953580" lon="-112.8379430">
    <ele>692.0</ele>
    <time>2024-07-09T21:46:25Z</time>
   </trkpt>
   <trkpt lat="51.4953240" lon="-112.8378650">
    <ele>692.0</ele>
    <time>2024-07-09T21:46:26Z</time>
   </trkpt>
   <trkpt lat="51.4952950" lon="-112.8377950">
    <ele>692.1</ele>
    <time>2024-07-09T21:46:27Z</time>
   </trkpt>
   <trkpt lat="51.4952580" lon="-112.8377130">
    <ele>692.1</ele>
    <time>2024-07-09T21:46:28Z</time>
   </trkpt>
   <trkpt lat="51.4952290" lon="-112.8376370">
    <ele>692.1</ele>
    <time>2024-07-09T21:46:29Z</time>
   </trkpt>
   <trkpt lat="51.4951920" lon="-112.8375590">
    <ele>692.1</ele>
    <time>2024-07-09T21:46:30Z</time>
   </trkpt>
   <trkpt lat="51.4951580" lon="-112.8374850">
    <ele>692.2</ele>
    <time>2024-07-09T21:46:31Z</time>
   </trkpt>
   <trkpt lat="51.4951260" lon="-112.8374000">
    <ele>692.2</ele>
    <time>2024-07-09T21:46:32Z</time>
   </trkpt>
   <trkpt lat="51.4950930" lon="-112.8373190">
    <ele>692.2</ele>
    <time>2024-07-09T21:46:33Z</time>
   </trkpt>
   <trkpt lat="51.4950620" lon="-112.8372420">
    <ele>692.2</ele>
    <time>2024-07-09T21:46:34Z</time>
   </trkpt>
   <trkpt lat="51.4950240" lon="-112.8371650">
    <ele>692.3</ele>
    <time>2024-07-09T21:46:35Z</time>
   </trkpt>
   <trkpt lat="51.4949920" lon="-112.8370900">
    <ele>692.3</ele>
    <time>2024-07-09T21:46:36Z</time>
   </trkpt>
   <trkpt lat="51.4949550" lon="-112.8370140">
    <ele>692.3</ele>
    <time>2024-07-09T21:46:37Z</time>
   </trkpt>
   <trkpt lat="51.4949210" lon="-112.8369370">
    <ele>692.3</ele>
    <time>2024-07-09T21:46:38Z</time>
   </trkpt>
   <trkpt lat="51.4948880" lon="-112.8368640">
    <ele>692.4</ele>
    <time>2024-07-09T21:46:39Z</time>
   </trkpt>
   <trkpt lat="51.4948530" lon="-112.8367920">
    <ele>692.4</ele>
    <time>2024-07-09T21:46:40Z</time>
   </trkpt>
   <trkpt lat="51.4948160" lon="-112.8367180">
    <ele>692.4</ele>
    <time>2024-07-09T21:46:41Z</time>
   </trkpt>
   <trkpt lat="51.4947820" lon="-112.8366430">
    <ele>692.4</ele>
    <time>2024-07-09T21:46:42Z</time>
   </trkpt>
   <trkpt lat="51.4947500" lon="-112.8365720">
    <ele>692.4</ele>
    <time>2024-07-09T21:46:43Z</time>
   </trkpt>
   <trkpt lat="51.4947130" lon="-112.8365010">
    <ele>692.4</ele>
    <time>2024-07-09T21:46:44Z</time>
   </trkpt>
   <trkpt lat="51.4946780" lon="-112.8364310">
    <ele>692.5</ele>
    <time>2024-07-09T21:46:45Z</time>
   </trkpt>
   <trkpt lat="51.4946410" lon="-112.8363610">
    <ele>692.5</ele>
    <time>2024-07-09T21:46:46Z</time>
   </trkpt>
   <trkpt lat="51.4946000" lon="-112.8362910">
    <ele>692.5</ele>
    <time>2024-07-09T21:46:47Z</time>
   </trkpt>
   <trkpt lat="51.4945660" lon="-112.8362170">
    <ele>692.5</ele>
    <time>2024-07-09T21:46:48Z</time>
   </trkpt>
   <trkpt lat="51.4945290" lon="-112.8361480">
    <ele>692.6</ele>
    <time>2024-07-09T21:46:49Z</time>
   </trkpt>
   <trkpt lat="51.4944900" lon="-112.8360770">
    <ele>692.6</ele>
    <time>2024-07-09T21:46:50Z</time>
   </trkpt>
   <trkpt lat="51.4944550" lon="-112.8360040">
    <ele>692.6</ele>
    <time>2024-07-09T21:46:51Z</time>
   </trkpt>
   <trkpt lat="51.4944230" lon="-112.8359310">
    <ele>692.6</ele>
    <time>2024-07-09T21:46:52Z</time>
   </trkpt>
   <trkpt lat="51.4943860" lon="-112.8358550">
    <ele>692.7</ele>
    <time>2024-07-09T21:46:53Z</time>
   </trkpt>
   <trkpt lat="51.4943480" lon="-112.8357880">
    <ele>692.7</ele>
    <time>2024-07-09T21:46:54Z</time>
   </trkpt>
   <trkpt lat="51.4943070" lon="-112.8357150">
    <ele>692.7</ele>
    <time>2024-07-09T21:46:55Z</time>
   </trkpt>
   <trkpt lat="51.4942710" lon="-112.8356460">
    <ele>692.8</ele>
    <time>2024-07-09T21:46:56Z</time>
   </trkpt>
   <trkpt lat="51.4942270" lon="-112.8355740">
    <ele>692.8</ele>
    <time>2024-07-09T21:46:57Z</time>
   </trkpt>
   <trkpt lat="51.4941860" lon="-112.8355010">
    <ele>692.8</ele>
    <time>2024-07-09T21:46:58Z</time>
   </trkpt>
   <trkpt lat="51.4941470" lon="-112.8354280">
    <ele>692.9</ele>
    <time>2024-07-09T21:46:59Z</time>
   </trkpt>
   <trkpt lat="51.4941010" lon="-112.8353580">
    <ele>692.9</ele>
    <time>2024-07-09T21:47:00Z</time>
   </trkpt>
   <trkpt lat="51.4940670" lon="-112.8352890">
    <ele>692.9</ele>
    <time>2024-07-09T21:47:01Z</time>
   </trkpt>
   <trkpt lat="51.4940290" lon="-112.8352160">
    <ele>692.9</ele>
    <time>2024-07-09T21:47:02Z</time>
   </trkpt>
   <trkpt lat="51.4939880" lon="-112.8351460">
    <ele>693.0</ele>
    <time>2024-07-09T21:47:03Z</time>
   </trkpt>
   <trkpt lat="51.4939490" lon="-112.8350760">
    <ele>693.0</ele>
    <time>2024-07-09T21:47:04Z</time>
   </trkpt>
   <trkpt lat="51.4939110" lon="-112.8350060">
    <ele>693.0</ele>
    <time>2024-07-09T21:47:05Z</time>
   </trkpt>
   <trkpt lat="51.4938720" lon="-112.8349400">
    <ele>693.0</ele>
    <time>2024-07-09T21:47:06Z</time>
   </trkpt>
   <trkpt lat="51.4938290" lon="-112.8348690">
    <ele>693.0</ele>
    <time>2024-07-09T21:47:07Z</time>
   </trkpt>
   <trkpt lat="51.4937910" lon="-112.8348000">
    <ele>693.1</ele>
    <time>2024-07-09T21:47:08Z</time>
   </trkpt>
   <trkpt lat="51.4937500" lon="-112.8347330">
    <ele>693.1</ele>
    <time>2024-07-09T21:47:09Z</time>
   </trkpt>
   <trkpt lat="51.4937050" lon="-112.8346710">
    <ele>693.1</ele>
    <time>2024-07-09T21:47:10Z</time>
   </trkpt>
   <trkpt lat="51.4936630" lon="-112.8346040">
    <ele>693.2</ele>
    <time>2024-07-09T21:47:11Z</time>
   </trkpt>
   <trkpt lat="51.4936260" lon="-112.8345360">
    <ele>693.2</ele>
    <time>2024-07-09T21:47:12Z</time>
   </trkpt>
   <trkpt lat="51.4935850" lon="-112.8344680">
    <ele>693.2</ele>
    <time>2024-07-09T21:47:13Z</time>
   </trkpt>
   <trkpt lat="51.4935470" lon="-112.8344030">
    <ele>693.3</ele>
    <time>2024-07-09T21:47:14Z</time>
   </trkpt>
   <trkpt lat="51.4935060" lon="-112.8343360">
    <ele>693.3</ele>
    <time>2024-07-09T21:47:15Z</time>
   </trkpt>
   <trkpt lat="51.4934640" lon="-112.8342710">
    <ele>693.3</ele>
    <time>2024-07-09T21:47:16Z</time>
   </trkpt>
   <trkpt lat="51.4934200" lon="-112.8342100">
    <ele>693.4</ele>
    <time>2024-07-09T21:47:17Z</time>
   </trkpt>
   <trkpt lat="51.4933780" lon="-112.8341480">
    <ele>693.4</ele>
    <time>2024-07-09T21:47:18Z</time>
   </trkpt>
   <trkpt lat="51.4933340" lon="-112.8340840">
    <ele>693.5</ele>
    <time>2024-07-09T21:47:19Z</time>
   </trkpt>
   <trkpt lat="51.4932950" lon="-112.8340230">
    <ele>693.5</ele>
    <time>2024-07-09T21:47:20Z</time>
   </trkpt>
   <trkpt lat="51.4932490" lon="-112.8339580">
    <ele>693.5</ele>
    <time>2024-07-09T21:47:21Z</time>
   </trkpt>
   <trkpt lat="51.4932070" lon="-112.8338930">
    <ele>693.6</ele>
    <time>2024-07-09T21:47:22Z</time>
   </trkpt>
   <trkpt lat="51.4931660" lon="-112.8338280">
    <ele>693.6</ele>
    <time>2024-07-09T21:47:23Z</time>
   </trkpt>
   <trkpt lat="51.4931260" lon="-112.8337660">
    <ele>693.6</ele>
    <time>2024-07-09T21:47:24Z</time>
   </trkpt>
   <trkpt lat="51.4930850" lon="-112.8337040">
    <ele>693.6</ele>
    <time>2024-07-09T21:47:25Z</time>
   </trkpt>
   <trkpt lat="51.4930450" lon="-112.8336420">
    <ele>693.6</ele>
    <time>2024-07-09T21:47:26Z</time>
   </trkpt>
   <trkpt lat="51.4930080" lon="-112.8335800">
    <ele>693.7</ele>
    <time>2024-07-09T21:47:27Z</time>
   </trkpt>
   <trkpt lat="51.4929680" lon="-112.8335200">
    <ele>693.7</ele>
    <time>2024-07-09T21:47:28Z</time>
   </trkpt>
   <trkpt lat="51.4929270" lon="-112.8334610">
    <ele>693.7</ele>
    <time>2024-07-09T21:47:29Z</time>
   </trkpt>
   <trkpt lat="51.4928850" lon="-112.8334000">
    <ele>693.8</ele>
    <time>2024-07-09T21:47:30Z</time>
   </trkpt>
   <trkpt lat="51.4928460" lon="-112.8333400">
    <ele>693.8</ele>
    <time>2024-07-09T21:47:31Z</time>
   </trkpt>
   <trkpt lat="51.4928070" lon="-112.8332780">
    <ele>693.8</ele>
    <time>2024-07-09T21:47:32Z</time>
   </trkpt>
   <trkpt lat="51.4927690" lon="-112.8332210">
    <ele>693.8</ele>
    <time>2024-07-09T21:47:33Z</time>
   </trkpt>
   <trkpt lat="51.4927280" lon="-112.8331620">
    <ele>693.9</ele>
    <time>2024-07-09T21:47:34Z</time>
   </trkpt>
   <trkpt lat="51.4926890" lon="-112.8331030">
    <ele>693.9</ele>
    <time>2024-07-09T21:47:35Z</time>
   </trkpt>
   <trkpt lat="51.4926530" lon="-112.8330400">
    <ele>693.9</ele>
    <time>2024-07-09T21:47:36Z</time>
   </trkpt>
   <trkpt lat="51.4926160" lon="-112.8329850">
    <ele>693.9</ele>
    <time>2024-07-09T21:47:37Z</time>
   </trkpt>
   <trkpt lat="51.4925760" lon="-112.8329270">
    <ele>694.0</ele>
    <time>2024-07-09T21:47:38Z</time>
   </trkpt>
   <trkpt lat="51.4925390" lon="-112.8328700">
    <ele>694.0</ele>
    <time>2024-07-09T21:47:39Z</time>
   </trkpt>
   <trkpt lat="51.4925010" lon="-112.8328140">
    <ele>694.0</ele>
    <time>2024-07-09T21:47:40Z</time>
   </trkpt>
   <trkpt lat="51.4924650" lon="-112.8327590">
    <ele>694.0</ele>
    <time>2024-07-09T21:47:41Z</time>
   </trkpt>
   <trkpt lat="51.4924260" lon="-112.8327040">
    <ele>694.0</ele>
    <time>2024-07-09T21:47:42Z</time>
   </trkpt>
   <trkpt lat="51.4923890" lon="-112.8326490">
    <ele>694.0</ele>
    <time>2024-07-09T21:47:43Z</time>
   </trkpt>
   <trkpt lat="51.4923540" lon="-112.8325940">
    <ele>694.0</ele>
    <time>2024-07-09T21:47:44Z</time>
   </trkpt>
   <trkpt lat="51.4923180" lon="-112.8325400">
    <ele>694.1</ele>
    <time>2024-07-09T21:47:45Z</time>
   </trkpt>
   <trkpt lat="51.4922800" lon="-112.8324820">
    <ele>694.1</ele>
    <time>2024-07-09T21:47:46Z</time>
   </trkpt>
   <trkpt lat="51.4922450" lon="-112.8324270">
    <ele>694.1</ele>
    <time>2024-07-09T21:47:47Z</time>
   </trkpt>
   <trkpt lat="51.4922060" lon="-112.8323700">
    <ele>694.1</ele>
    <time>2024-07-09T21:47:48Z</time>
   </trkpt>
   <trkpt lat="51.4921690" lon="-112.8323100">
    <ele>694.1</ele>
    <time>2024-07-09T21:47:49Z</time>
   </trkpt>
   <trkpt lat="51.4921300" lon="-112.8322520">
    <ele>694.1</ele>
    <time>2024-07-09T21:47:50Z</time>
   </trkpt>
   <trkpt lat="51.4920910" lon="-112.8321950">
    <ele>694.0</ele>
    <time>2024-07-09T21:47:51Z</time>
   </trkpt>
   <trkpt lat="51.4920510" lon="-112.8321350">
    <ele>694.0</ele>
    <time>2024-07-09T21:47:52Z</time>
   </trkpt>
   <trkpt lat="51.4920100" lon="-112.8320730">
    <ele>694.0</ele>
    <time>2024-07-09T21:47:53Z</time>
   </trkpt>
   <trkpt lat="51.4919680" lon="-112.8320080">
    <ele>694.0</ele>
    <time>2024-07-09T21:47:54Z</time>
   </trkpt>
   <trkpt lat="51.4919220" lon="-112.8319400">
    <ele>694.0</ele>
    <time>2024-07-09T21:47:55Z</time>
   </trkpt>
   <trkpt lat="51.4918780" lon="-112.8318710">
    <ele>693.9</ele>
    <time>2024-07-09T21:47:56Z</time>
   </trkpt>
   <trkpt lat="51.4918330" lon="-112.8318020">
    <ele>693.9</ele>
    <time>2024-07-09T21:47:57Z</time>
   </trkpt>
   <trkpt lat="51.4917890" lon="-112.8317320">
    <ele>693.9</ele>
    <time>2024-07-09T21:47:58Z</time>
   </trkpt>
   <trkpt lat="51.4917460" lon="-112.8316640">
    <ele>693.9</ele>
    <time>2024-07-09T21:47:59Z</time>
   </trkpt>
   <trkpt lat="51.4916950" lon="-112.8315980">
    <ele>693.8</ele>
    <time>2024-07-09T21:48:00Z</time>
   </trkpt>
   <trkpt lat="51.4916490" lon="-112.8315300">
    <ele>693.8</ele>
    <time>2024-07-09T21:48:01Z</time>
   </trkpt>
   <trkpt lat="51.4916030" lon="-112.8314640">
    <ele>693.7</ele>
    <time>2024-07-09T21:48:02Z</time>
   </trkpt>
   <trkpt lat="51.4915540" lon="-112.8313940">
    <ele>693.7</ele>
    <time>2024-07-09T21:48:03Z</time>
   </trkpt>
   <trkpt lat="51.4915120" lon="-112.8313260">
    <ele>693.6</ele>
    <time>2024-07-09T21:48:04Z</time>
   </trkpt>
   <trkpt lat="51.4914700" lon="-112.8312550">
    <ele>693.6</ele>
    <time>2024-07-09T21:48:05Z</time>
   </trkpt>
   <trkpt lat="51.4914230" lon="-112.8311830">
    <ele>693.5</ele>
    <time>2024-07-09T21:48:06Z</time>
   </trkpt>
   <trkpt lat="51.4913760" lon="-112.8311170">
    <ele>693.5</ele>
    <time>2024-07-09T21:48:07Z</time>
   </trkpt>
   <trkpt lat="51.4913330" lon="-112.8310520">
    <ele>693.5</ele>
    <time>2024-07-09T21:48:08Z</time>
   </trkpt>
   <trkpt lat="51.4912850" lon="-112.8309780">
    <ele>693.4</ele>
    <time>2024-07-09T21:48:09Z</time>
   </trkpt>
   <trkpt lat="51.4912390" lon="-112.8309110">
    <ele>693.3</ele>
    <time>2024-07-09T21:48:10Z</time>
   </trkpt>
   <trkpt lat="51.4911900" lon="-112.8308390">
    <ele>693.3</ele>
    <time>2024-07-09T21:48:11Z</time>
   </trkpt>
   <trkpt lat="51.4911460" lon="-112.8307670">
    <ele>693.2</ele>
    <time>2024-07-09T21:48:12Z</time>
   </trkpt>
   <trkpt lat="51.4911000" lon="-112.8306960">
    <ele>693.1</ele>
    <time>2024-07-09T21:48:13Z</time>
   </trkpt>
   <trkpt lat="51.4910510" lon="-112.8306250">
    <ele>693.1</ele>
    <time>2024-07-09T21:48:14Z</time>
   </trkpt>
   <trkpt lat="51.4910050" lon="-112.8305550">
    <ele>693.0</ele>
    <time>2024-07-09T21:48:15Z</time>
   </trkpt>
   <trkpt lat="51.4909560" lon="-112.8304820">
    <ele>693.0</ele>
    <time>2024-07-09T21:48:16Z</time>
   </trkpt>
   <trkpt lat="51.4909100" lon="-112.8304090">
    <ele>692.9</ele>
    <time>2024-07-09T21:48:17Z</time>
   </trkpt>
   <trkpt lat="51.4908620" lon="-112.8303340">
    <ele>692.8</ele>
    <time>2024-07-09T21:48:18Z</time>
   </trkpt>
   <trkpt lat="51.4908140" lon="-112.8302600">
    <ele>692.8</ele>
    <time>2024-07-09T21:48:19Z</time>
   </trkpt>
   <trkpt lat="51.4907660" lon="-112.8301890">
    <ele>692.7</ele>
    <time>2024-07-09T21:48:20Z</time>
   </trkpt>
   <trkpt lat="51.4907160" lon="-112.8301190">
    <ele>692.6</ele>
    <time>2024-07-09T21:48:21Z</time>
   </trkpt>
   <trkpt lat="51.4906680" lon="-112.8300470">
    <ele>692.5</ele>
    <time>2024-07-09T21:48:22Z</time>
   </trkpt>
   <trkpt lat="51.4906260" lon="-112.8299720">
    <ele>692.5</ele>
    <time>2024-07-09T21:48:23Z</time>
   </trkpt>
   <trkpt lat="51.4905760" lon="-112.8298980">
    <ele>692.4</ele>
    <time>2024-07-09T21:48:24Z</time>
   </trkpt>
   <trkpt lat="51.4905300" lon="-112.8298250">
    <ele>692.4</ele>
    <time>2024-07-09T21:48:25Z</time>
   </trkpt>
   <trkpt lat="51.4904830" lon="-112.8297520">
    <ele>692.3</ele>
    <time>2024-07-09T21:48:26Z</time>
   </trkpt>
   <trkpt lat="51.4904350" lon="-112.8296810">
    <ele>692.3</ele>
    <time>2024-07-09T21:48:27Z</time>
   </trkpt>
   <trkpt lat="51.4903860" lon="-112.8296070">
    <ele>692.3</ele>
    <time>2024-07-09T21:48:28Z</time>
   </trkpt>
   <trkpt lat="51.4903380" lon="-112.8295360">
    <ele>692.3</ele>
    <time>2024-07-09T21:48:29Z</time>
   </trkpt>
   <trkpt lat="51.4902890" lon="-112.8294630">
    <ele>692.2</ele>
    <time>2024-07-09T21:48:30Z</time>
   </trkpt>
   <trkpt lat="51.4902400" lon="-112.8293900">
    <ele>692.1</ele>
    <time>2024-07-09T21:48:31Z</time>
   </trkpt>
   <trkpt lat="51.4901900" lon="-112.8293210">
    <ele>692.1</ele>
    <time>2024-07-09T21:48:32Z</time>
   </trkpt>
   <trkpt lat="51.4901410" lon="-112.8292470">
    <ele>692.0</ele>
    <time>2024-07-09T21:48:33Z</time>
   </trkpt>
   <trkpt lat="51.4900920" lon="-112.8291730">
    <ele>692.0</ele>
    <time>2024-07-09T21:48:34Z</time>
   </trkpt>
   <trkpt lat="51.4900420" lon="-112.8291000">
    <ele>691.9</ele>
    <time>2024-07-09T21:48:35Z</time>
   </trkpt>
   <trkpt lat="51.4899920" lon="-112.8290260">
    <ele>691.9</ele>
    <time>2024-07-09T21:48:36Z</time>
   </trkpt>
   <trkpt lat="51.4899410" lon="-112.8289500">
    <ele>691.8</ele>
    <time>2024-07-09T21:48:37Z</time>
   </trkpt>
   <trkpt lat="51.4898930" lon="-112.8288730">
    <ele>691.7</ele>
    <time>2024-07-09T21:48:38Z</time>
   </trkpt>
   <trkpt lat="51.4898470" lon="-112.8287940">
    <ele>691.7</ele>
    <time>2024-07-09T21:48:39Z</time>
   </trkpt>
   <trkpt lat="51.4897980" lon="-112.8287180">
    <ele>691.6</ele>
    <time>2024-07-09T21:48:40Z</time>
   </trkpt>
   <trkpt lat="51.4897480" lon="-112.8286440">
    <ele>691.5</ele>
    <time>2024-07-09T21:48:41Z</time>
   </trkpt>
   <trkpt lat="51.4897010" lon="-112.8285710">
    <ele>691.5</ele>
    <time>2024-07-09T21:48:42Z</time>
   </trkpt>
   <trkpt lat="51.4896500" lon="-112.8285000">
    <ele>691.4</ele>
    <time>2024-07-09T21:48:43Z</time>
   </trkpt>
   <trkpt lat="51.4895980" lon="-112.8284300">
    <ele>691.3</ele>
    <time>2024-07-09T21:48:44Z</time>
   </trkpt>
   <trkpt lat="51.4895460" lon="-112.8283580">
    <ele>691.3</ele>
    <time>2024-07-09T21:48:45Z</time>
   </trkpt>
   <trkpt lat="51.4895020" lon="-112.8282870">
    <ele>691.2</ele>
    <time>2024-07-09T21:48:46Z</time>
   </trkpt>
   <trkpt lat="51.4894410" lon="-112.8282160">
    <ele>691.1</ele>
    <time>2024-07-09T21:48:47Z</time>
   </trkpt>
   <trkpt lat="51.4894020" lon="-112.8281410">
    <ele>691.1</ele>
    <time>2024-07-09T21:48:48Z</time>
   </trkpt>
   <trkpt lat="51.4893440" lon="-112.8280680">
    <ele>691.0</ele>
    <time>2024-07-09T21:48:49Z</time>
   </trkpt>
   <trkpt lat="51.4893040" lon="-112.8279970">
    <ele>691.0</ele>
    <time>2024-07-09T21:48:50Z</time>
   </trkpt>
   <trkpt lat="51.4892430" lon="-112.8279300">
    <ele>690.9</ele>
    <time>2024-07-09T21:48:51Z</time>
   </trkpt>
   <trkpt lat="51.4891990" lon="-112.8278600">
    <ele>690.8</ele>
    <time>2024-07-09T21:48:52Z</time>
   </trkpt>
   <trkpt lat="51.4891440" lon="-112.8277860">
    <ele>690.8</ele>
    <time>2024-07-09T21:48:53Z</time>
   </trkpt>
   <trkpt lat="51.4890940" lon="-112.8277190">
    <ele>690.7</ele>
    <time>2024-07-09T21:48:54Z</time>
   </trkpt>
   <trkpt lat="51.4890550" lon="-112.8276360">
    <ele>690.7</ele>
    <time>2024-07-09T21:48:55Z</time>
   </trkpt>
   <trkpt lat="51.4890100" lon="-112.8275670">
    <ele>690.6</ele>
    <time>2024-07-09T21:48:56Z</time>
   </trkpt>
   <trkpt lat="51.4889640" lon="-112.8274910">
    <ele>690.6</ele>
    <time>2024-07-09T21:48:57Z</time>
   </trkpt>
   <trkpt lat="51.4889220" lon="-112.8274070">
    <ele>690.5</ele>
    <time>2024-07-09T21:48:58Z</time>
   </trkpt>
   <trkpt lat="51.4888810" lon="-112.8273390">
    <ele>690.5</ele>
    <time>2024-07-09T21:48:59Z</time>
   </trkpt>
   <trkpt lat="51.4888210" lon="-112.8272690">
    <ele>690.4</ele>
    <time>2024-07-09T21:49:00Z</time>
   </trkpt>
   <trkpt lat="51.4887720" lon="-112.8272120">
    <ele>690.4</ele>
    <time>2024-07-09T21:49:01Z</time>
   </trkpt>
   <trkpt lat="51.4887120" lon="-112.8271290">
    <ele>690.3</ele>
    <time>2024-07-09T21:49:02Z</time>
   </trkpt>
   <trkpt lat="51.4886650" lon="-112.8270610">
    <ele>690.3</ele>
    <time>2024-07-09T21:49:03Z</time>
   </trkpt>
   <trkpt lat="51.4886190" lon="-112.8269840">
    <ele>690.2</ele>
    <time>2024-07-09T21:49:04Z</time>
   </trkpt>
   <trkpt lat="51.4885570" lon="-112.8269360">
    <ele>690.2</ele>
    <time>2024-07-09T21:49:05Z</time>
   </trkpt>
   <trkpt lat="51.4884980" lon="-112.8268620">
    <ele>690.1</ele>
    <time>2024-07-09T21:49:06Z</time>
   </trkpt>
   <trkpt lat="51.4884620" lon="-112.8267880">
    <ele>690.1</ele>
    <time>2024-07-09T21:49:07Z</time>
   </trkpt>
   <trkpt lat="51.4884130" lon="-112.8267180">
    <ele>690.1</ele>
    <time>2024-07-09T21:49:08Z</time>
   </trkpt>
   <trkpt lat="51.4883690" lon="-112.8266400">
    <ele>690.0</ele>
    <time>2024-07-09T21:49:09Z</time>
   </trkpt>
   <trkpt lat="51.4883150" lon="-112.8265630">
    <ele>689.9</ele>
    <time>2024-07-09T21:49:10Z</time>
   </trkpt>
   <trkpt lat="51.4882720" lon="-112.8264940">
    <ele>689.9</ele>
    <time>2024-07-09T21:49:11Z</time>
   </trkpt>
   <trkpt lat="51.4882240" lon="-112.8264070">
    <ele>689.8</ele>
    <time>2024-07-09T21:49:12Z</time>
   </trkpt>
   <trkpt lat="51.4881750" lon="-112.8263400">
    <ele>689.8</ele>
    <time>2024-07-09T21:49:13Z</time>
   </trkpt>
   <trkpt lat="51.4881170" lon="-112.8262710">
    <ele>689.7</ele>
    <time>2024-07-09T21:49:14Z</time>
   </trkpt>
   <trkpt lat="51.4880680" lon="-112.8262050">
    <ele>689.7</ele>
    <time>2024-07-09T21:49:15Z</time>
   </trkpt>
   <trkpt lat="51.4880160" lon="-112.8261380">
    <ele>689.6</ele>
    <time>2024-07-09T21:49:16Z</time>
   </trkpt>
   <trkpt lat="51.4879640" lon="-112.8260670">
    <ele>689.6</ele>
    <time>2024-07-09T21:49:17Z</time>
   </trkpt>
   <trkpt lat="51.4879140" lon="-112.8259980">
    <ele>689.5</ele>
    <time>2024-07-09T21:49:18Z</time>
   </trkpt>
   <trkpt lat="51.4878660" lon="-112.8259290">
    <ele>689.5</ele>
    <time>2024-07-09T21:49:19Z</time>
   </trkpt>
   <trkpt lat="51.4878210" lon="-112.8258660">
    <ele>689.5</ele>
    <time>2024-07-09T21:49:20Z</time>
   </trkpt>
   <trkpt lat="51.4877770" lon="-112.8258050">
    <ele>689.4</ele>
    <time>2024-07-09T21:49:21Z</time>
   </trkpt>
   <trkpt lat="51.4877300" lon="-112.8257360">
    <ele>689.4</ele>
    <time>2024-07-09T21:49:22Z</time>
   </trkpt>
   <trkpt lat="51.4876830" lon="-112.8256700">
    <ele>689.3</ele>
    <time>2024-07-09T21:49:23Z</time>
   </trkpt>
   <trkpt lat="51.4876350" lon="-112.8256030">
    <ele>689.3</ele>
    <time>2024-07-09T21:49:24Z</time>
   </trkpt>
   <trkpt lat="51.4875870" lon="-112.8255390">
    <ele>689.3</ele>
    <time>2024-07-09T21:49:25Z</time>
   </trkpt>
   <trkpt lat="51.4875380" lon="-112.8254720">
    <ele>689.2</ele>
    <time>2024-07-09T21:49:26Z</time>
   </trkpt>
   <trkpt lat="51.4874900" lon="-112.8254040">
    <ele>689.2</ele>
    <time>2024-07-09T21:49:27Z</time>
   </trkpt>
   <trkpt lat="51.4874390" lon="-112.8253400">
    <ele>689.1</ele>
    <time>2024-07-09T21:49:28Z</time>
   </trkpt>
   <trkpt lat="51.4873940" lon="-112.8252780">
    <ele>689.1</ele>
    <time>2024-07-09T21:49:29Z</time>
   </trkpt>
   <trkpt lat="51.4873410" lon="-112.8252130">
    <ele>689.1</ele>
    <time>2024-07-09T21:49:30Z</time>
   </trkpt>
   <trkpt lat="51.4872900" lon="-112.8251460">
    <ele>689.1</ele>
    <time>2024-07-09T21:49:31Z</time>
   </trkpt>
   <trkpt lat="51.4872400" lon="-112.8250770">
    <ele>689.0</ele>
    <time>2024-07-09T21:49:32Z</time>
   </trkpt>
   <trkpt lat="51.4871880" lon="-112.8250100">
    <ele>689.0</ele>
    <time>2024-07-09T21:49:33Z</time>
   </trkpt>
   <trkpt lat="51.4871410" lon="-112.8249450">
    <ele>689.0</ele>
    <time>2024-07-09T21:49:34Z</time>
   </trkpt>
   <trkpt lat="51.4870900" lon="-112.8248800">
    <ele>689.0</ele>
    <time>2024-07-09T21:49:35Z</time>
   </trkpt>
   <trkpt lat="51.4870430" lon="-112.8248160">
    <ele>689.0</ele>
    <time>2024-07-09T21:49:36Z</time>
   </trkpt>
   <trkpt lat="51.4869960" lon="-112.8247520">
    <ele>688.9</ele>
    <time>2024-07-09T21:49:37Z</time>
   </trkpt>
   <trkpt lat="51.4869500" lon="-112.8246850">
    <ele>688.9</ele>
    <time>2024-07-09T21:49:38Z</time>
   </trkpt>
   <trkpt lat="51.4869020" lon="-112.8246210">
    <ele>688.9</ele>
    <time>2024-07-09T21:49:39Z</time>
   </trkpt>
   <trkpt lat="51.4868550" lon="-112.8245590">
    <ele>688.9</ele>
    <time>2024-07-09T21:49:40Z</time>
   </trkpt>
   <trkpt lat="51.4868130" lon="-112.8244980">
    <ele>688.9</ele>
    <time>2024-07-09T21:49:41Z</time>
   </trkpt>
   <trkpt lat="51.4867670" lon="-112.8244310">
    <ele>688.9</ele>
    <time>2024-07-09T21:49:42Z</time>
   </trkpt>
   <trkpt lat="51.4867210" lon="-112.8243690">
    <ele>688.9</ele>
    <time>2024-07-09T21:49:43Z</time>
   </trkpt>
   <trkpt lat="51.4866730" lon="-112.8243100">
    <ele>688.9</ele>
    <time>2024-07-09T21:49:44Z</time>
   </trkpt>
   <trkpt lat="51.4866250" lon="-112.8242510">
    <ele>688.9</ele>
    <time>2024-07-09T21:49:45Z</time>
   </trkpt>
   <trkpt lat="51.4865800" lon="-112.8241900">
    <ele>688.8</ele>
    <time>2024-07-09T21:49:46Z</time>
   </trkpt>
   <trkpt lat="51.4865330" lon="-112.8241300">
    <ele>688.8</ele>
    <time>2024-07-09T21:49:47Z</time>
   </trkpt>
   <trkpt lat="51.4864870" lon="-112.8240690">
    <ele>688.8</ele>
    <time>2024-07-09T21:49:48Z</time>
   </trkpt>
   <trkpt lat="51.4864400" lon="-112.8240050">
    <ele>688.8</ele>
    <time>2024-07-09T21:49:49Z</time>
   </trkpt>
   <trkpt lat="51.4863930" lon="-112.8239420">
    <ele>688.7</ele>
    <time>2024-07-09T21:49:50Z</time>
   </trkpt>
   <trkpt lat="51.4863470" lon="-112.8238830">
    <ele>688.7</ele>
    <time>2024-07-09T21:49:51Z</time>
   </trkpt>
   <trkpt lat="51.4862980" lon="-112.8238190">
    <ele>688.7</ele>
    <time>2024-07-09T21:49:52Z</time>
   </trkpt>
   <trkpt lat="51.4862520" lon="-112.8237560">
    <ele>688.7</ele>
    <time>2024-07-09T21:49:53Z</time>
   </trkpt>
   <trkpt lat="51.4862080" lon="-112.8236940">
    <ele>688.7</ele>
    <time>2024-07-09T21:49:54Z</time>
   </trkpt>
   <trkpt lat="51.4861640" lon="-112.8236390">
    <ele>688.7</ele>
    <time>2024-07-09T21:49:55Z</time>
   </trkpt>
   <trkpt lat="51.4861220" lon="-112.8235840">
    <ele>688.7</ele>
    <time>2024-07-09T21:49:56Z</time>
   </trkpt>
   <trkpt lat="51.4860770" lon="-112.8235240">
    <ele>688.7</ele>
    <time>2024-07-09T21:49:57Z</time>
   </trkpt>
   <trkpt lat="51.4860350" lon="-112.8234610">
    <ele>688.7</ele>
    <time>2024-07-09T21:49:58Z</time>
   </trkpt>
   <trkpt lat="51.4859920" lon="-112.8233990">
    <ele>688.7</ele>
    <time>2024-07-09T21:49:59Z</time>
   </trkpt>
   <trkpt lat="51.4859490" lon="-112.8233380">
    <ele>688.7</ele>
    <time>2024-07-09T21:50:00Z</time>
   </trkpt>
   <trkpt lat="51.4859030" lon="-112.8232840">
    <ele>688.7</ele>
    <time>2024-07-09T21:50:01Z</time>
   </trkpt>
   <trkpt lat="51.4858580" lon="-112.8232260">
    <ele>688.7</ele>
    <time>2024-07-09T21:50:02Z</time>
   </trkpt>
   <trkpt lat="51.4858150" lon="-112.8231690">
    <ele>688.7</ele>
    <time>2024-07-09T21:50:03Z</time>
   </trkpt>
   <trkpt lat="51.4857700" lon="-112.8231090">
    <ele>688.7</ele>
    <time>2024-07-09T21:50:04Z</time>
   </trkpt>
   <trkpt lat="51.4857260" lon="-112.8230500">
    <ele>688.6</ele>
    <time>2024-07-09T21:50:05Z</time>
   </trkpt>
   <trkpt lat="51.4856820" lon="-112.8229880">
    <ele>688.6</ele>
    <time>2024-07-09T21:50:06Z</time>
   </trkpt>
   <trkpt lat="51.4856370" lon="-112.8229300">
    <ele>688.6</ele>
    <time>2024-07-09T21:50:07Z</time>
   </trkpt>
   <trkpt lat="51.4855920" lon="-112.8228700">
    <ele>688.6</ele>
    <time>2024-07-09T21:50:08Z</time>
   </trkpt>
   <trkpt lat="51.4855450" lon="-112.8228090">
    <ele>688.6</ele>
    <time>2024-07-09T21:50:09Z</time>
   </trkpt>
   <trkpt lat="51.4854990" lon="-112.8227470">
    <ele>688.6</ele>
    <time>2024-07-09T21:50:10Z</time>
   </trkpt>
   <trkpt lat="51.4854550" lon="-112.8226840">
    <ele>688.6</ele>
    <time>2024-07-09T21:50:11Z</time>
   </trkpt>
   <trkpt lat="51.4854090" lon="-112.8226250">
    <ele>688.7</ele>
    <time>2024-07-09T21:50:12Z</time>
   </trkpt>
   <trkpt lat="51.4853650" lon="-112.8225620">
    <ele>688.7</ele>
    <time>2024-07-09T21:50:13Z</time>
   </trkpt>
   <trkpt lat="51.4853200" lon="-112.8225000">
    <ele>688.7</ele>
    <time>2024-07-09T21:50:14Z</time>
   </trkpt>
   <trkpt lat="51.4852740" lon="-112.8224450">
    <ele>688.7</ele>
    <time>2024-07-09T21:50:15Z</time>
   </trkpt>
   <trkpt lat="51.4852300" lon="-112.8223870">
    <ele>688.6</ele>
    <time>2024-07-09T21:50:16Z</time>
   </trkpt>
   <trkpt lat="51.4851830" lon="-112.8223290">
    <ele>688.6</ele>
    <time>2024-07-09T21:50:17Z</time>
   </trkpt>
   <trkpt lat="51.4851380" lon="-112.8222660">
    <ele>688.6</ele>
    <time>2024-07-09T21:50:18Z</time>
   </trkpt>
   <trkpt lat="51.4850940" lon="-112.8222050">
    <ele>688.6</ele>
    <time>2024-07-09T21:50:19Z</time>
   </trkpt>
   <trkpt lat="51.4850520" lon="-112.8221470">
    <ele>688.6</ele>
    <time>2024-07-09T21:50:20Z</time>
   </trkpt>
   <trkpt lat="51.4850100" lon="-112.8220890">
    <ele>688.6</ele>
    <time>2024-07-09T21:50:21Z</time>
   </trkpt>
   <trkpt lat="51.4849660" lon="-112.8220330">
    <ele>688.6</ele>
    <time>2024-07-09T21:50:22Z</time>
   </trkpt>
   <trkpt lat="51.4849140" lon="-112.8219660">
    <ele>688.5</ele>
    <time>2024-07-09T21:50:23Z</time>
   </trkpt>
   <trkpt lat="51.4848670" lon="-112.8219070">
    <ele>688.5</ele>
    <time>2024-07-09T21:50:24Z</time>
   </trkpt>
   <trkpt lat="51.4848180" lon="-112.8218380">
    <ele>688.5</ele>
    <time>2024-07-09T21:50:25Z</time>
   </trkpt>
   <trkpt lat="51.4847770" lon="-112.8217790">
    <ele>688.5</ele>
    <time>2024-07-09T21:50:26Z</time>
   </trkpt>
   <trkpt lat="51.4847280" lon="-112.8217140">
    <ele>688.4</ele>
    <time>2024-07-09T21:50:27Z</time>
   </trkpt>
   <trkpt lat="51.4846810" lon="-112.8216540">
    <ele>688.4</ele>
    <time>2024-07-09T21:50:28Z</time>
   </trkpt>
   <trkpt lat="51.4846330" lon="-112.8215940">
    <ele>688.4</ele>
    <time>2024-07-09T21:50:29Z</time>
   </trkpt>
   <trkpt lat="51.4845840" lon="-112.8215360">
    <ele>688.4</ele>
    <time>2024-07-09T21:50:30Z</time>
   </trkpt>
   <trkpt lat="51.4845360" lon="-112.8214700">
    <ele>688.4</ele>
    <time>2024-07-09T21:50:31Z</time>
   </trkpt>
   <trkpt lat="51.4844900" lon="-112.8214010">
    <ele>688.4</ele>
    <time>2024-07-09T21:50:32Z</time>
   </trkpt>
   <trkpt lat="51.4844400" lon="-112.8213360">
    <ele>688.3</ele>
    <time>2024-07-09T21:50:33Z</time>
   </trkpt>
   <trkpt lat="51.4843840" lon="-112.8212720">
    <ele>688.3</ele>
    <time>2024-07-09T21:50:34Z</time>
   </trkpt>
   <trkpt lat="51.4843350" lon="-112.8212070">
    <ele>688.3</ele>
    <time>2024-07-09T21:50:35Z</time>
   </trkpt>
   <trkpt lat="51.4842770" lon="-112.8211420">
    <ele>688.3</ele>
    <time>2024-07-09T21:50:36Z</time>
   </trkpt>
   <trkpt lat="51.4842260" lon="-112.8210770">
    <ele>688.3</ele>
    <time>2024-07-09T21:50:37Z</time>
   </trkpt>
   <trkpt lat="51.4841750" lon="-112.8210080">
    <ele>688.2</ele>
    <time>2024-07-09T21:50:38Z</time>
   </trkpt>
   <trkpt lat="51.4841260" lon="-112.8209410">
    <ele>688.2</ele>
    <time>2024-07-09T21:50:39Z</time>
   </trkpt>
   <trkpt lat="51.4840770" lon="-112.8208750">
    <ele>688.2</ele>
    <time>2024-07-09T21:50:40Z</time>
   </trkpt>
   <trkpt lat="51.4840240" lon="-112.8208070">
    <ele>688.2</ele>
    <time>2024-07-09T21:50:41Z</time>
   </trkpt>
   <trkpt lat="51.4839730" lon="-112.8207420">
    <ele>688.2</ele>
    <time>2024-07-09T21:50:42Z</time>
   </trkpt>
   <trkpt lat="51.4839220" lon="-112.8206800">
    <ele>688.2</ele>
    <time>2024-07-09T21:50:43Z</time>
   </trkpt>
   <trkpt lat="51.4838690" lon="-112.8206150">
    <ele>688.2</ele>
    <time>2024-07-09T21:50:44Z</time>
   </trkpt>
   <trkpt lat="51.4838190" lon="-112.8205550">
    <ele>688.2</ele>
    <time>2024-07-09T21:50:45Z</time>
   </trkpt>
   <trkpt lat="51.4837710" lon="-112.8204880">
    <ele>688.2</ele>
    <time>2024-07-09T21:50:46Z</time>
   </trkpt>
   <trkpt lat="51.4837190" lon="-112.8204270">
    <ele>688.3</ele>
    <time>2024-07-09T21:50:47Z</time>
   </trkpt>
   <trkpt lat="51.4836680" lon="-112.8203680">
    <ele>688.3</ele>
    <time>2024-07-09T21:50:48Z</time>
   </trkpt>
   <trkpt lat="51.4836240" lon="-112.8203080">
    <ele>688.3</ele>
    <time>2024-07-09T21:50:49Z</time>
   </trkpt>
   <trkpt lat="51.4835740" lon="-112.8202460">
    <ele>688.4</ele>
    <time>2024-07-09T21:50:50Z</time>
   </trkpt>
   <trkpt lat="51.4835240" lon="-112.8201870">
    <ele>688.4</ele>
    <time>2024-07-09T21:50:51Z</time>
   </trkpt>
   <trkpt lat="51.4834780" lon="-112.8201270">
    <ele>688.3</ele>
    <time>2024-07-09T21:50:52Z</time>
   </trkpt>
   <trkpt lat="51.4834280" lon="-112.8200660">
    <ele>688.3</ele>
    <time>2024-07-09T21:50:53Z</time>
   </trkpt>
   <trkpt lat="51.4833820" lon="-112.8200080">
    <ele>688.3</ele>
    <time>2024-07-09T21:50:54Z</time>
   </trkpt>
   <trkpt lat="51.4833350" lon="-112.8199600">
    <ele>688.3</ele>
    <time>2024-07-09T21:50:55Z</time>
   </trkpt>
   <trkpt lat="51.4832840" lon="-112.8199000">
    <ele>688.3</ele>
    <time>2024-07-09T21:50:56Z</time>
   </trkpt>
   <trkpt lat="51.4832350" lon="-112.8198440">
    <ele>688.3</ele>
    <time>2024-07-09T21:50:57Z</time>
   </trkpt>
   <trkpt lat="51.4831830" lon="-112.8197840">
    <ele>688.3</ele>
    <time>2024-07-09T21:50:58Z</time>
   </trkpt>
   <trkpt lat="51.4831410" lon="-112.8197310">
    <ele>688.3</ele>
    <time>2024-07-09T21:50:59Z</time>
   </trkpt>
   <trkpt lat="51.4830920" lon="-112.8196720">
    <ele>688.3</ele>
    <time>2024-07-09T21:51:00Z</time>
   </trkpt>
   <trkpt lat="51.4830460" lon="-112.8196130">
    <ele>688.3</ele>
    <time>2024-07-09T21:51:01Z</time>
   </trkpt>
   <trkpt lat="51.4829950" lon="-112.8195530">
    <ele>688.2</ele>
    <time>2024-07-09T21:51:02Z</time>
   </trkpt>
   <trkpt lat="51.4829470" lon="-112.8194980">
    <ele>688.2</ele>
    <time>2024-07-09T21:51:03Z</time>
   </trkpt>
   <trkpt lat="51.4829020" lon="-112.8194410">
    <ele>688.2</ele>
    <time>2024-07-09T21:51:04Z</time>
   </trkpt>
   <trkpt lat="51.4828560" lon="-112.8193890">
    <ele>688.2</ele>
    <time>2024-07-09T21:51:05Z</time>
   </trkpt>
   <trkpt lat="51.4828100" lon="-112.8193370">
    <ele>688.2</ele>
    <time>2024-07-09T21:51:06Z</time>
   </trkpt>
   <trkpt lat="51.4827610" lon="-112.8192840">
    <ele>688.2</ele>
    <time>2024-07-09T21:51:07Z</time>
   </trkpt>
   <trkpt lat="51.4827160" lon="-112.8192280">
    <ele>688.2</ele>
    <time>2024-07-09T21:51:08Z</time>
   </trkpt>
   <trkpt lat="51.4826750" lon="-112.8191730">
    <ele>688.2</ele>
    <time>2024-07-09T21:51:09Z</time>
   </trkpt>
   <trkpt lat="51.4826330" lon="-112.8191220">
    <ele>688.2</ele>
    <time>2024-07-09T21:51:10Z</time>
   </trkpt>
   <trkpt lat="51.4825860" lon="-112.8190720">
    <ele>688.1</ele>
    <time>2024-07-09T21:51:11Z</time>
   </trkpt>
   <trkpt lat="51.4825380" lon="-112.8190180">
    <ele>688.1</ele>
    <time>2024-07-09T21:51:12Z</time>
   </trkpt>
   <trkpt lat="51.4824960" lon="-112.8189640">
    <ele>688.1</ele>
    <time>2024-07-09T21:51:13Z</time>
   </trkpt>
   <trkpt lat="51.4824460" lon="-112.8189070">
    <ele>688.1</ele>
    <time>2024-07-09T21:51:14Z</time>
   </trkpt>
   <trkpt lat="51.4824040" lon="-112.8188580">
    <ele>688.1</ele>
    <time>2024-07-09T21:51:15Z</time>
   </trkpt>
   <trkpt lat="51.4823580" lon="-112.8188060">
    <ele>688.1</ele>
    <time>2024-07-09T21:51:16Z</time>
   </trkpt>
   <trkpt lat="51.4823120" lon="-112.8187530">
    <ele>688.1</ele>
    <time>2024-07-09T21:51:17Z</time>
   </trkpt>
   <trkpt lat="51.4822670" lon="-112.8187000">
    <ele>688.1</ele>
    <time>2024-07-09T21:51:18Z</time>
   </trkpt>
   <trkpt lat="51.4822230" lon="-112.8186470">
    <ele>688.1</ele>
    <time>2024-07-09T21:51:19Z</time>
   </trkpt>
   <trkpt lat="51.4821800" lon="-112.8185910">
    <ele>688.1</ele>
    <time>2024-07-09T21:51:20Z</time>
   </trkpt>
   <trkpt lat="51.4821380" lon="-112.8185380">
    <ele>688.1</ele>
    <time>2024-07-09T21:51:21Z</time>
   </trkpt>
   <trkpt lat="51.4820920" lon="-112.8184880">
    <ele>688.1</ele>
    <time>2024-07-09T21:51:22Z</time>
   </trkpt>
   <trkpt lat="51.4820490" lon="-112.8184370">
    <ele>688.1</ele>
    <time>2024-07-09T21:51:23Z</time>
   </trkpt>
   <trkpt lat="51.4820060" lon="-112.8183880">
    <ele>688.1</ele>
    <time>2024-07-09T21:51:24Z</time>
   </trkpt>
   <trkpt lat="51.4819640" lon="-112.8183350">
    <ele>688.0</ele>
    <time>2024-07-09T21:51:25Z</time>
   </trkpt>
   <trkpt lat="51.4819260" lon="-112.8182830">
    <ele>688.0</ele>
    <time>2024-07-09T21:51:26Z</time>
   </trkpt>
   <trkpt lat="51.4818800" lon="-112.8182330">
    <ele>688.0</ele>
    <time>2024-07-09T21:51:27Z</time>
   </trkpt>
   <trkpt lat="51.4818380" lon="-112.8181820">
    <ele>688.0</ele>
    <time>2024-07-09T21:51:28Z</time>
   </trkpt>
   <trkpt lat="51.4817930" lon="-112.8181320">
    <ele>688.0</ele>
    <time>2024-07-09T21:51:29Z</time>
   </trkpt>
   <trkpt lat="51.4817510" lon="-112.8180840">
    <ele>688.0</ele>
    <time>2024-07-09T21:51:30Z</time>
   </trkpt>
   <trkpt lat="51.4817110" lon="-112.8180350">
    <ele>688.0</ele>
    <time>2024-07-09T21:51:31Z</time>
   </trkpt>
   <trkpt lat="51.4816730" lon="-112.8179880">
    <ele>688.0</ele>
    <time>2024-07-09T21:51:32Z</time>
   </trkpt>
   <trkpt lat="51.4816360" lon="-112.8179450">
    <ele>688.0</ele>
    <time>2024-07-09T21:51:33Z</time>
   </trkpt>
   <trkpt lat="51.4815980" lon="-112.8179050">
    <ele>688.0</ele>
    <time>2024-07-09T21:51:34Z</time>
   </trkpt>
   <trkpt lat="51.4815610" lon="-112.8178660">
    <ele>687.9</ele>
    <time>2024-07-09T21:51:35Z</time>
   </trkpt>
   <trkpt lat="51.4815240" lon="-112.8178190">
    <ele>687.9</ele>
    <time>2024-07-09T21:51:36Z</time>
   </trkpt>
   <trkpt lat="51.4814860" lon="-112.8177730">
    <ele>687.9</ele>
    <time>2024-07-09T21:51:37Z</time>
   </trkpt>
   <trkpt lat="51.4814470" lon="-112.8177270">
    <ele>687.9</ele>
    <time>2024-07-09T21:51:38Z</time>
   </trkpt>
   <trkpt lat="51.4814100" lon="-112.8176770">
    <ele>687.9</ele>
    <time>2024-07-09T21:51:39Z</time>
   </trkpt>
   <trkpt lat="51.4813710" lon="-112.8176290">
    <ele>687.9</ele>
    <time>2024-07-09T21:51:40Z</time>
   </trkpt>
   <trkpt lat="51.4813310" lon="-112.8175880">
    <ele>687.9</ele>
    <time>2024-07-09T21:51:41Z</time>
   </trkpt>
   <trkpt lat="51.4812900" lon="-112.8175420">
    <ele>687.9</ele>
    <time>2024-07-09T21:51:42Z</time>
   </trkpt>
   <trkpt lat="51.4812480" lon="-112.8174930">
    <ele>687.8</ele>
    <time>2024-07-09T21:51:43Z</time>
   </trkpt>
   <trkpt lat="51.4812090" lon="-112.8174450">
    <ele>687.8</ele>
    <time>2024-07-09T21:51:44Z</time>
   </trkpt>
   <trkpt lat="51.4811690" lon="-112.8173950">
    <ele>687.8</ele>
    <time>2024-07-09T21:51:45Z</time>
   </trkpt>
   <trkpt lat="51.4811270" lon="-112.8173440">
    <ele>687.8</ele>
    <time>2024-07-09T21:51:46Z</time>
   </trkpt>
   <trkpt lat="51.4810860" lon="-112.8172980">
    <ele>687.8</ele>
    <time>2024-07-09T21:51:47Z</time>
   </trkpt>
   <trkpt lat="51.4810430" lon="-112.8172540">
    <ele>687.8</ele>
    <time>2024-07-09T21:51:48Z</time>
   </trkpt>
   <trkpt lat="51.4810000" lon="-112.8172050">
    <ele>687.8</ele>
    <time>2024-07-09T21:51:49Z</time>
   </trkpt>
   <trkpt lat="51.4809620" lon="-112.8171510">
    <ele>687.9</ele>
    <time>2024-07-09T21:51:50Z</time>
   </trkpt>
   <trkpt lat="51.4809110" lon="-112.8170960">
    <ele>687.9</ele>
    <time>2024-07-09T21:51:51Z</time>
   </trkpt>
   <trkpt lat="51.4808710" lon="-112.8170450">
    <ele>687.9</ele>
    <time>2024-07-09T21:51:52Z</time>
   </trkpt>
   <trkpt lat="51.4808260" lon="-112.8169920">
    <ele>687.9</ele>
    <time>2024-07-09T21:51:53Z</time>
   </trkpt>
   <trkpt lat="51.4807820" lon="-112.8169410">
    <ele>687.9</ele>
    <time>2024-07-09T21:51:54Z</time>
   </trkpt>
   <trkpt lat="51.4807380" lon="-112.8168850">
    <ele>687.9</ele>
    <time>2024-07-09T21:51:55Z</time>
   </trkpt>
   <trkpt lat="51.4806990" lon="-112.8168290">
    <ele>687.9</ele>
    <time>2024-07-09T21:51:56Z</time>
   </trkpt>
   <trkpt lat="51.4806510" lon="-112.8167770">
    <ele>687.9</ele>
    <time>2024-07-09T21:51:57Z</time>
   </trkpt>
   <trkpt lat="51.4806050" lon="-112.8167220">
    <ele>687.9</ele>
    <time>2024-07-09T21:51:58Z</time>
   </trkpt>
   <trkpt lat="51.4805630" lon="-112.8166710">
    <ele>687.9</ele>
    <time>2024-07-09T21:51:59Z</time>
   </trkpt>
   <trkpt lat="51.4805200" lon="-112.8166200">
    <ele>687.9</ele>
    <time>2024-07-09T21:52:00Z</time>
   </trkpt>
   <trkpt lat="51.4804780" lon="-112.8165670">
    <ele>687.9</ele>
    <time>2024-07-09T21:52:01Z</time>
   </trkpt>
   <trkpt lat="51.4804380" lon="-112.8165100">
    <ele>688.0</ele>
    <time>2024-07-09T21:52:02Z</time>
   </trkpt>
   <trkpt lat="51.4803920" lon="-112.8164550">
    <ele>688.0</ele>
    <time>2024-07-09T21:52:03Z</time>
   </trkpt>
   <trkpt lat="51.4803480" lon="-112.8163990">
    <ele>688.0</ele>
    <time>2024-07-09T21:52:04Z</time>
   </trkpt>
   <trkpt lat="51.4803080" lon="-112.8163370">
    <ele>688.0</ele>
    <time>2024-07-09T21:52:05Z</time>
   </trkpt>
   <trkpt lat="51.4802660" lon="-112.8162760">
    <ele>688.0</ele>
    <time>2024-07-09T21:52:06Z</time>
   </trkpt>
   <trkpt lat="51.4802230" lon="-112.8162160">
    <ele>688.0</ele>
    <time>2024-07-09T21:52:07Z</time>
   </trkpt>
   <trkpt lat="51.4801810" lon="-112.8161520">
    <ele>688.0</ele>
    <time>2024-07-09T21:52:08Z</time>
   </trkpt>
   <trkpt lat="51.4801400" lon="-112.8160870">
    <ele>688.0</ele>
    <time>2024-07-09T21:52:09Z</time>
   </trkpt>
   <trkpt lat="51.4801000" lon="-112.8160150">
    <ele>688.0</ele>
    <time>2024-07-09T21:52:10Z</time>
   </trkpt>
   <trkpt lat="51.4800610" lon="-112.8159480">
    <ele>688.0</ele>
    <time>2024-07-09T21:52:11Z</time>
   </trkpt>
   <trkpt lat="51.4800200" lon="-112.8158760">
    <ele>688.0</ele>
    <time>2024-07-09T21:52:12Z</time>
   </trkpt>
   <trkpt lat="51.4799800" lon="-112.8158090">
    <ele>688.0</ele>
    <time>2024-07-09T21:52:13Z</time>
   </trkpt>
   <trkpt lat="51.4799440" lon="-112.8157370">
    <ele>688.0</ele>
    <time>2024-07-09T21:52:14Z</time>
   </trkpt>
   <trkpt lat="51.4799080" lon="-112.8156640">
    <ele>688.0</ele>
    <time>2024-07-09T21:52:15Z</time>
   </trkpt>
   <trkpt lat="51.4798720" lon="-112.8155900">
    <ele>688.0</ele>
    <time>2024-07-09T21:52:16Z</time>
   </trkpt>
   <trkpt lat="51.4798350" lon="-112.8155130">
    <ele>687.9</ele>
    <time>2024-07-09T21:52:17Z</time>
   </trkpt>
   <trkpt lat="51.4798040" lon="-112.8154410">
    <ele>687.9</ele>
    <time>2024-07-09T21:52:18Z</time>
   </trkpt>
   <trkpt lat="51.4797670" lon="-112.8153640">
    <ele>687.9</ele>
    <time>2024-07-09T21:52:19Z</time>
   </trkpt>
   <trkpt lat="51.4797370" lon="-112.8152880">
    <ele>687.9</ele>
    <time>2024-07-09T21:52:20Z</time>
   </trkpt>
   <trkpt lat="51.4797050" lon="-112.8152100">
    <ele>688.0</ele>
    <time>2024-07-09T21:52:21Z</time>
   </trkpt>
   <trkpt lat="51.4796750" lon="-112.8151300">
    <ele>688.0</ele>
    <time>2024-07-09T21:52:22Z</time>
   </trkpt>
   <trkpt lat="51.4796410" lon="-112.8150530">
    <ele>688.0</ele>
    <time>2024-07-09T21:52:23Z</time>
   </trkpt>
   <trkpt lat="51.4796080" lon="-112.8149780">
    <ele>688.0</ele>
    <time>2024-07-09T21:52:24Z</time>
   </trkpt>
   <trkpt lat="51.4795810" lon="-112.8148990">
    <ele>688.0</ele>
    <time>2024-07-09T21:52:25Z</time>
   </trkpt>
   <trkpt lat="51.4795550" lon="-112.8148140">
    <ele>688.1</ele>
    <time>2024-07-09T21:52:26Z</time>
   </trkpt>
   <trkpt lat="51.4795330" lon="-112.8147300">
    <ele>688.1</ele>
    <time>2024-07-09T21:52:27Z</time>
   </trkpt>
   <trkpt lat="51.4795110" lon="-112.8146400">
    <ele>688.1</ele>
    <time>2024-07-09T21:52:28Z</time>
   </trkpt>
   <trkpt lat="51.4794880" lon="-112.8145570">
    <ele>688.1</ele>
    <time>2024-07-09T21:52:29Z</time>
   </trkpt>
   <trkpt lat="51.4794640" lon="-112.8144740">
    <ele>688.1</ele>
    <time>2024-07-09T21:52:30Z</time>
   </trkpt>
   <trkpt lat="51.4794420" lon="-112.8143840">
    <ele>688.2</ele>
    <time>2024-07-09T21:52:31Z</time>
   </trkpt>
   <trkpt lat="51.4794240" lon="-112.8142980">
    <ele>688.2</ele>
    <time>2024-07-09T21:52:32Z</time>
   </trkpt>
   <trkpt lat="51.4794010" lon="-112.8142140">
    <ele>688.2</ele>
    <time>2024-07-09T21:52:33Z</time>
   </trkpt>
   <trkpt lat="51.4793830" lon="-112.8141260">
    <ele>688.2</ele>
    <time>2024-07-09T21:52:34Z</time>
   </trkpt>
   <trkpt lat="51.4793600" lon="-112.8140380">
    <ele>688.2</ele>
    <time>2024-07-09T21:52:35Z</time>
   </trkpt>
   <trkpt lat="51.4793410" lon="-112.8139500">
    <ele>688.2</ele>
    <time>2024-07-09T21:52:36Z</time>
   </trkpt>
   <trkpt lat="51.4793210" lon="-112.8138640">
    <ele>688.2</ele>
    <time>2024-07-09T21:52:37Z</time>
   </trkpt>
   <trkpt lat="51.4793030" lon="-112.8137750">
    <ele>688.1</ele>
    <time>2024-07-09T21:52:38Z</time>
   </trkpt>
   <trkpt lat="51.4792830" lon="-112.8136860">
    <ele>688.1</ele>
    <time>2024-07-09T21:52:39Z</time>
   </trkpt>
   <trkpt lat="51.4792610" lon="-112.8135960">
    <ele>688.1</ele>
    <time>2024-07-09T21:52:40Z</time>
   </trkpt>
   <trkpt lat="51.4792400" lon="-112.8135070">
    <ele>688.1</ele>
    <time>2024-07-09T21:52:41Z</time>
   </trkpt>
   <trkpt lat="51.4792190" lon="-112.8134170">
    <ele>688.1</ele>
    <time>2024-07-09T21:52:42Z</time>
   </trkpt>
   <trkpt lat="51.4792000" lon="-112.8133260">
    <ele>688.1</ele>
    <time>2024-07-09T21:52:43Z</time>
   </trkpt>
   <trkpt lat="51.4791820" lon="-112.8132390">
    <ele>688.1</ele>
    <time>2024-07-09T21:52:44Z</time>
   </trkpt>
   <trkpt lat="51.4791610" lon="-112.8131520">
    <ele>688.2</ele>
    <time>2024-07-09T21:52:45Z</time>
   </trkpt>
   <trkpt lat="51.4791400" lon="-112.8130640">
    <ele>688.2</ele>
    <time>2024-07-09T21:52:46Z</time>
   </trkpt>
   <trkpt lat="51.4791220" lon="-112.8129790">
    <ele>688.2</ele>
    <time>2024-07-09T21:52:47Z</time>
   </trkpt>
   <trkpt lat="51.4791010" lon="-112.8128930">
    <ele>688.2</ele>
    <time>2024-07-09T21:52:48Z</time>
   </trkpt>
   <trkpt lat="51.4790790" lon="-112.8128080">
    <ele>688.2</ele>
    <time>2024-07-09T21:52:49Z</time>
   </trkpt>
   <trkpt lat="51.4790560" lon="-112.8127260">
    <ele>688.2</ele>
    <time>2024-07-09T21:52:50Z</time>
   </trkpt>
   <trkpt lat="51.4790320" lon="-112.8126420">
    <ele>688.2</ele>
    <time>2024-07-09T21:52:51Z</time>
   </trkpt>
   <trkpt lat="51.4790110" lon="-112.8125600">
    <ele>688.2</ele>
    <time>2024-07-09T21:52:52Z</time>
   </trkpt>
   <trkpt lat="51.4789920" lon="-112.8124770">
    <ele>688.2</ele>
    <time>2024-07-09T21:52:53Z</time>
   </trkpt>
   <trkpt lat="51.4789700" lon="-112.8123960">
    <ele>688.2</ele>
    <time>2024-07-09T21:52:54Z</time>
   </trkpt>
   <trkpt lat="51.4789480" lon="-112.8123140">
    <ele>688.2</ele>
    <time>2024-07-09T21:52:55Z</time>
   </trkpt>
   <trkpt lat="51.4789240" lon="-112.8122330">
    <ele>688.2</ele>
    <time>2024-07-09T21:52:56Z</time>
   </trkpt>
   <trkpt lat="51.4788990" lon="-112.8121520">
    <ele>688.2</ele>
    <time>2024-07-09T21:52:57Z</time>
   </trkpt>
   <trkpt lat="51.4788770" lon="-112.8120730">
    <ele>688.2</ele>
    <time>2024-07-09T21:52:58Z</time>
   </trkpt>
   <trkpt lat="51.4788470" lon="-112.8119920">
    <ele>688.2</ele>
    <time>2024-07-09T21:52:59Z</time>
   </trkpt>
   <trkpt lat="51.4788240" lon="-112.8119180">
    <ele>688.3</ele>
    <time>2024-07-09T21:53:00Z</time>
   </trkpt>
   <trkpt lat="51.4787960" lon="-112.8118400">
    <ele>688.3</ele>
    <time>2024-07-09T21:53:01Z</time>
   </trkpt>
   <trkpt lat="51.4787740" lon="-112.8117650">
    <ele>688.3</ele>
    <time>2024-07-09T21:53:02Z</time>
   </trkpt>
   <trkpt lat="51.4787520" lon="-112.8116860">
    <ele>688.3</ele>
    <time>2024-07-09T21:53:03Z</time>
   </trkpt>
   <trkpt lat="51.4787220" lon="-112.8116130">
    <ele>688.3</ele>
    <time>2024-07-09T21:53:04Z</time>
   </trkpt>
   <trkpt lat="51.4786930" lon="-112.8115390">
    <ele>688.3</ele>
    <time>2024-07-09T21:53:05Z</time>
   </trkpt>
   <trkpt lat="51.4786660" lon="-112.8114630">
    <ele>688.4</ele>
    <time>2024-07-09T21:53:06Z</time>
   </trkpt>
   <trkpt lat="51.4786400" lon="-112.8113900">
    <ele>688.4</ele>
    <time>2024-07-09T21:53:07Z</time>
   </trkpt>
   <trkpt lat="51.4786110" lon="-112.8113180">
    <ele>688.4</ele>
    <time>2024-07-09T21:53:08Z</time>
   </trkpt>
   <trkpt lat="51.4785800" lon="-112.8112500">
    <ele>688.5</ele>
    <time>2024-07-09T21:53:09Z</time>
   </trkpt>
   <trkpt lat="51.4785520" lon="-112.8111780">
    <ele>688.5</ele>
    <time>2024-07-09T21:53:10Z</time>
   </trkpt>
   <trkpt lat="51.4785290" lon="-112.8111050">
    <ele>688.5</ele>
    <time>2024-07-09T21:53:11Z</time>
   </trkpt>
   <trkpt lat="51.4785000" lon="-112.8110370">
    <ele>688.6</ele>
    <time>2024-07-09T21:53:12Z</time>
   </trkpt>
   <trkpt lat="51.4784660" lon="-112.8109690">
    <ele>688.6</ele>
    <time>2024-07-09T21:53:13Z</time>
   </trkpt>
   <trkpt lat="51.4784380" lon="-112.8109030">
    <ele>688.6</ele>
    <time>2024-07-09T21:53:14Z</time>
   </trkpt>
   <trkpt lat="51.4784090" lon="-112.8108340">
    <ele>688.7</ele>
    <time>2024-07-09T21:53:15Z</time>
   </trkpt>
   <trkpt lat="51.4783800" lon="-112.8107670">
    <ele>688.7</ele>
    <time>2024-07-09T21:53:16Z</time>
   </trkpt>
   <trkpt lat="51.4783530" lon="-112.8107040">
    <ele>688.7</ele>
    <time>2024-07-09T21:53:17Z</time>
   </trkpt>
   <trkpt lat="51.4783220" lon="-112.8106400">
    <ele>688.7</ele>
    <time>2024-07-09T21:53:18Z</time>
   </trkpt>
   <trkpt lat="51.4782940" lon="-112.8105750">
    <ele>688.8</ele>
    <time>2024-07-09T21:53:19Z</time>
   </trkpt>
   <trkpt lat="51.4782660" lon="-112.8105090">
    <ele>688.8</ele>
    <time>2024-07-09T21:53:20Z</time>
   </trkpt>
   <trkpt lat="51.4782370" lon="-112.8104460">
    <ele>688.8</ele>
    <time>2024-07-09T21:53:21Z</time>
   </trkpt>
   <trkpt lat="51.4782050" lon="-112.8103780">
    <ele>688.8</ele>
    <time>2024-07-09T21:53:22Z</time>
   </trkpt>
   <trkpt lat="51.4781750" lon="-112.8103120">
    <ele>688.8</ele>
    <time>2024-07-09T21:53:23Z</time>
   </trkpt>
   <trkpt lat="51.4781470" lon="-112.8102460">
    <ele>688.9</ele>
    <time>2024-07-09T21:53:24Z</time>
   </trkpt>
   <trkpt lat="51.4781180" lon="-112.8101790">
    <ele>688.9</ele>
    <time>2024-07-09T21:53:25Z</time>
   </trkpt>
   <trkpt lat="51.4780910" lon="-112.8101120">
    <ele>689.0</ele>
    <time>2024-07-09T21:53:26Z</time>
   </trkpt>
   <trkpt lat="51.4780620" lon="-112.8100450">
    <ele>689.0</ele>
    <time>2024-07-09T21:53:27Z</time>
   </trkpt>
   <trkpt lat="51.4780330" lon="-112.8099770">
    <ele>689.0</ele>
    <time>2024-07-09T21:53:28Z</time>
   </trkpt>
   <trkpt lat="51.4780050" lon="-112.8099120">
    <ele>689.1</ele>
    <time>2024-07-09T21:53:29Z</time>
   </trkpt>
   <trkpt lat="51.4779770" lon="-112.8098470">
    <ele>689.1</ele>
    <time>2024-07-09T21:53:30Z</time>
   </trkpt>
   <trkpt lat="51.4779460" lon="-112.8097820">
    <ele>689.2</ele>
    <time>2024-07-09T21:53:31Z</time>
   </trkpt>
   <trkpt lat="51.4779170" lon="-112.8097190">
    <ele>689.2</ele>
    <time>2024-07-09T21:53:32Z</time>
   </trkpt>
   <trkpt lat="51.4778910" lon="-112.8096600">
    <ele>689.3</ele>
    <time>2024-07-09T21:53:33Z</time>
   </trkpt>
   <trkpt lat="51.4778660" lon="-112.8095960">
    <ele>689.3</ele>
    <time>2024-07-09T21:53:34Z</time>
   </trkpt>
   <trkpt lat="51.4778380" lon="-112.8095300">
    <ele>689.3</ele>
    <time>2024-07-09T21:53:35Z</time>
   </trkpt>
   <trkpt lat="51.4778100" lon="-112.8094660">
    <ele>689.4</ele>
    <time>2024-07-09T21:53:36Z</time>
   </trkpt>
   <trkpt lat="51.4777810" lon="-112.8094010">
    <ele>689.4</ele>
    <time>2024-07-09T21:53:37Z</time>
   </trkpt>
   <trkpt lat="51.4777530" lon="-112.8093330">
    <ele>689.4</ele>
    <time>2024-07-09T21:53:38Z</time>
   </trkpt>
   <trkpt lat="51.4777240" lon="-112.8092680">
    <ele>689.5</ele>
    <time>2024-07-09T21:53:39Z</time>
   </trkpt>
   <trkpt lat="51.4776940" lon="-112.8092000">
    <ele>689.5</ele>
    <time>2024-07-09T21:53:40Z</time>
   </trkpt>
   <trkpt lat="51.4776640" lon="-112.8091340">
    <ele>689.6</ele>
    <time>2024-07-09T21:53:41Z</time>
   </trkpt>
   <trkpt lat="51.4776370" lon="-112.8090670">
    <ele>689.6</ele>
    <time>2024-07-09T21:53:42Z</time>
   </trkpt>
   <trkpt lat="51.4776110" lon="-112.8089960">
    <ele>689.6</ele>
    <time>2024-07-09T21:53:43Z</time>
   </trkpt>
   <trkpt lat="51.4775840" lon="-112.8089280">
    <ele>689.7</ele>
    <time>2024-07-09T21:53:44Z</time>
   </trkpt>
   <trkpt lat="51.4775520" lon="-112.8088630">
    <ele>689.7</ele>
    <time>2024-07-09T21:53:45Z</time>
   </trkpt>
   <trkpt lat="51.4775200" lon="-112.8087960">
    <ele>689.8</ele>
    <time>2024-07-09T21:53:46Z</time>
   </trkpt>
   <trkpt lat="51.4774930" lon="-112.8087280">
    <ele>689.8</ele>
    <time>2024-07-09T21:53:47Z</time>
   </trkpt>
   <trkpt lat="51.4774660" lon="-112.8086560">
    <ele>689.9</ele>
    <time>2024-07-09T21:53:48Z</time>
   </trkpt>
   <trkpt lat="51.4774380" lon="-112.8085900">
    <ele>689.9</ele>
    <time>2024-07-09T21:53:49Z</time>
   </trkpt>
   <trkpt lat="51.4774080" lon="-112.8085240">
    <ele>690.0</ele>
    <time>2024-07-09T21:53:50Z</time>
   </trkpt>
   <trkpt lat="51.4773800" lon="-112.8084630">
    <ele>690.0</ele>
    <time>2024-07-09T21:53:51Z</time>
   </trkpt>
   <trkpt lat="51.4773490" lon="-112.8083990">
    <ele>690.1</ele>
    <time>2024-07-09T21:53:52Z</time>
   </trkpt>
   <trkpt lat="51.4773190" lon="-112.8083320">
    <ele>690.1</ele>
    <time>2024-07-09T21:53:53Z</time>
   </trkpt>
   <trkpt lat="51.4772900" lon="-112.8082660">
    <ele>690.2</ele>
    <time>2024-07-09T21:53:54Z</time>
   </trkpt>
   <trkpt lat="51.4772580" lon="-112.8081990">
    <ele>690.2</ele>
    <time>2024-07-09T21:53:55Z</time>
   </trkpt>
   <trkpt lat="51.4772260" lon="-112.8081320">
    <ele>690.3</ele>
    <time>2024-07-09T21:53:56Z</time>
   </trkpt>
   <trkpt lat="51.4771980" lon="-112.8080650">
    <ele>690.3</ele>
    <time>2024-07-09T21:53:57Z</time>
   </trkpt>
   <trkpt lat="51.4771690" lon="-112.8079940">
    <ele>690.4</ele>
    <time>2024-07-09T21:53:58Z</time>
   </trkpt>
   <trkpt lat="51.4771400" lon="-112.8079250">
    <ele>690.5</ele>
    <time>2024-07-09T21:53:59Z</time>
   </trkpt>
   <trkpt lat="51.4771130" lon="-112.8078580">
    <ele>690.5</ele>
    <time>2024-07-09T21:54:00Z</time>
   </trkpt>
   <trkpt lat="51.4770860" lon="-112.8077890">
    <ele>690.6</ele>
    <time>2024-07-09T21:54:01Z</time>
   </trkpt>
   <trkpt lat="51.4770550" lon="-112.8077230">
    <ele>690.6</ele>
    <time>2024-07-09T21:54:02Z</time>
   </trkpt>
   <trkpt lat="51.4770230" lon="-112.8076570">
    <ele>690.7</ele>
    <time>2024-07-09T21:54:03Z</time>
   </trkpt>
   <trkpt lat="51.4769950" lon="-112.8075890">
    <ele>690.8</ele>
    <time>2024-07-09T21:54:04Z</time>
   </trkpt>
   <trkpt lat="51.4769680" lon="-112.8075190">
    <ele>690.8</ele>
    <time>2024-07-09T21:54:05Z</time>
   </trkpt>
   <trkpt lat="51.4769330" lon="-112.8074490">
    <ele>690.9</ele>
    <time>2024-07-09T21:54:06Z</time>
   </trkpt>
   <trkpt lat="51.4769080" lon="-112.8073790">
    <ele>690.9</ele>
    <time>2024-07-09T21:54:07Z</time>
   </trkpt>
   <trkpt lat="51.4768730" lon="-112.8073110">
    <ele>691.0</ele>
    <time>2024-07-09T21:54:08Z</time>
   </trkpt>
   <trkpt lat="51.4768460" lon="-112.8072410">
    <ele>691.1</ele>
    <time>2024-07-09T21:54:09Z</time>
   </trkpt>
   <trkpt lat="51.4768140" lon="-112.8071700">
    <ele>691.1</ele>
    <time>2024-07-09T21:54:10Z</time>
   </trkpt>
   <trkpt lat="51.4767830" lon="-112.8071060">
    <ele>691.2</ele>
    <time>2024-07-09T21:54:11Z</time>
   </trkpt>
   <trkpt lat="51.4767550" lon="-112.8070460">
    <ele>691.2</ele>
    <time>2024-07-09T21:54:12Z</time>
   </trkpt>
   <trkpt lat="51.4767260" lon="-112.8069790">
    <ele>691.3</ele>
    <time>2024-07-09T21:54:13Z</time>
   </trkpt>
   <trkpt lat="51.4767010" lon="-112.8069140">
    <ele>691.3</ele>
    <time>2024-07-09T21:54:14Z</time>
   </trkpt>
   <trkpt lat="51.4766690" lon="-112.8068470">
    <ele>691.4</ele>
    <time>2024-07-09T21:54:15Z</time>
   </trkpt>
   <trkpt lat="51.4766400" lon="-112.8067770">
    <ele>691.4</ele>
    <time>2024-07-09T21:54:16Z</time>
   </trkpt>
   <trkpt lat="51.4766080" lon="-112.8067020">
    <ele>691.5</ele>
    <time>2024-07-09T21:54:17Z</time>
   </trkpt>
   <trkpt lat="51.4765790" lon="-112.8066310">
    <ele>691.5</ele>
    <time>2024-07-09T21:54:18Z</time>
   </trkpt>
   <trkpt lat="51.4765410" lon="-112.8065660">
    <ele>691.6</ele>
    <time>2024-07-09T21:54:19Z</time>
   </trkpt>
   <trkpt lat="51.4765130" lon="-112.8064990">
    <ele>691.6</ele>
    <time>2024-07-09T21:54:20Z</time>
   </trkpt>
   <trkpt lat="51.4764850" lon="-112.8064290">
    <ele>691.6</ele>
    <time>2024-07-09T21:54:21Z</time>
   </trkpt>
   <trkpt lat="51.4764560" lon="-112.8063630">
    <ele>691.7</ele>
    <time>2024-07-09T21:54:22Z</time>
   </trkpt>
   <trkpt lat="51.4764240" lon="-112.8062920">
    <ele>691.7</ele>
    <time>2024-07-09T21:54:23Z</time>
   </trkpt>
   <trkpt lat="51.4763940" lon="-112.8062250">
    <ele>691.8</ele>
    <time>2024-07-09T21:54:24Z</time>
   </trkpt>
   <trkpt lat="51.4763650" lon="-112.8061570">
    <ele>691.8</ele>
    <time>2024-07-09T21:54:25Z</time>
   </trkpt>
   <trkpt lat="51.4763340" lon="-112.8060870">
    <ele>691.8</ele>
    <time>2024-07-09T21:54:26Z</time>
   </trkpt>
   <trkpt lat="51.4763030" lon="-112.8060210">
    <ele>691.9</ele>
    <time>2024-07-09T21:54:27Z</time>
   </trkpt>
   <trkpt lat="51.4762690" lon="-112.8059540">
    <ele>691.9</ele>
    <time>2024-07-09T21:54:28Z</time>
   </trkpt>
   <trkpt lat="51.4762400" lon="-112.8058890">
    <ele>692.0</ele>
    <time>2024-07-09T21:54:29Z</time>
   </trkpt>
   <trkpt lat="51.4762110" lon="-112.8058240">
    <ele>692.0</ele>
    <time>2024-07-09T21:54:30Z</time>
   </trkpt>
   <trkpt lat="51.4761780" lon="-112.8057540">
    <ele>692.1</ele>
    <time>2024-07-09T21:54:31Z</time>
   </trkpt>
   <trkpt lat="51.4761520" lon="-112.8056900">
    <ele>692.1</ele>
    <time>2024-07-09T21:54:32Z</time>
   </trkpt>
   <trkpt lat="51.4761160" lon="-112.8056200">
    <ele>692.2</ele>
    <time>2024-07-09T21:54:33Z</time>
   </trkpt>
   <trkpt lat="51.4760850" lon="-112.8055560">
    <ele>692.2</ele>
    <time>2024-07-09T21:54:34Z</time>
   </trkpt>
   <trkpt lat="51.4760570" lon="-112.8054930">
    <ele>692.3</ele>
    <time>2024-07-09T21:54:35Z</time>
   </trkpt>
   <trkpt lat="51.4760230" lon="-112.8054240">
    <ele>692.3</ele>
    <time>2024-07-09T21:54:36Z</time>
   </trkpt>
   <trkpt lat="51.4759910" lon="-112.8053590">
    <ele>692.3</ele>
    <time>2024-07-09T21:54:37Z</time>
   </trkpt>
   <trkpt lat="51.4759570" lon="-112.8052940">
    <ele>692.4</ele>
    <time>2024-07-09T21:54:38Z</time>
   </trkpt>
   <trkpt lat="51.4759290" lon="-112.8052320">
    <ele>692.4</ele>
    <time>2024-07-09T21:54:39Z</time>
   </trkpt>
   <trkpt lat="51.4758960" lon="-112.8051660">
    <ele>692.4</ele>
    <time>2024-07-09T21:54:40Z</time>
   </trkpt>
   <trkpt lat="51.4758710" lon="-112.8051030">
    <ele>692.4</ele>
    <time>2024-07-09T21:54:41Z</time>
   </trkpt>
   <trkpt lat="51.4758430" lon="-112.8050460">
    <ele>692.5</ele>
    <time>2024-07-09T21:54:42Z</time>
   </trkpt>
   <trkpt lat="51.4758130" lon="-112.8049910">
    <ele>692.5</ele>
    <time>2024-07-09T21:54:43Z</time>
   </trkpt>
   <trkpt lat="51.4757880" lon="-112.8049370">
    <ele>692.5</ele>
    <time>2024-07-09T21:54:45Z</time>
   </trkpt>
   <trkpt lat="51.4757600" lon="-112.8048850">
    <ele>692.5</ele>
    <time>2024-07-09T21:54:46Z</time>
   </trkpt>
   <trkpt lat="51.4757380" lon="-112.8048390">
    <ele>692.5</ele>
    <time>2024-07-09T21:54:47Z</time>
   </trkpt>
   <trkpt lat="51.4757130" lon="-112.8047840">
    <ele>692.6</ele>
    <time>2024-07-09T21:54:48Z</time>
   </trkpt>
   <trkpt lat="51.4756880" lon="-112.8047300">
    <ele>692.6</ele>
    <time>2024-07-09T21:54:49Z</time>
   </trkpt>
   <trkpt lat="51.4756580" lon="-112.8046780">
    <ele>692.6</ele>
    <time>2024-07-09T21:54:50Z</time>
   </trkpt>
   <trkpt lat="51.4756300" lon="-112.8046260">
    <ele>692.6</ele>
    <time>2024-07-09T21:54:51Z</time>
   </trkpt>
   <trkpt lat="51.4756010" lon="-112.8045700">
    <ele>692.7</ele>
    <time>2024-07-09T21:54:52Z</time>
   </trkpt>
   <trkpt lat="51.4755750" lon="-112.8045110">
    <ele>692.7</ele>
    <time>2024-07-09T21:54:53Z</time>
   </trkpt>
   <trkpt lat="51.4755470" lon="-112.8044510">
    <ele>692.7</ele>
    <time>2024-07-09T21:54:54Z</time>
   </trkpt>
   <trkpt lat="51.4755170" lon="-112.8043940">
    <ele>692.7</ele>
    <time>2024-07-09T21:54:55Z</time>
   </trkpt>
   <trkpt lat="51.4754870" lon="-112.8043340">
    <ele>692.8</ele>
    <time>2024-07-09T21:54:56Z</time>
   </trkpt>
   <trkpt lat="51.4754550" lon="-112.8042730">
    <ele>692.8</ele>
    <time>2024-07-09T21:54:57Z</time>
   </trkpt>
   <trkpt lat="51.4754230" lon="-112.8042140">
    <ele>692.8</ele>
    <time>2024-07-09T21:54:58Z</time>
   </trkpt>
   <trkpt lat="51.4753910" lon="-112.8041530">
    <ele>692.9</ele>
    <time>2024-07-09T21:54:59Z</time>
   </trkpt>
   <trkpt lat="51.4753590" lon="-112.8040930">
    <ele>692.9</ele>
    <time>2024-07-09T21:55:00Z</time>
   </trkpt>
   <trkpt lat="51.4753270" lon="-112.8040320">
    <ele>693.0</ele>
    <time>2024-07-09T21:55:01Z</time>
   </trkpt>
   <trkpt lat="51.4752990" lon="-112.8039690">
    <ele>693.1</ele>
    <time>2024-07-09T21:55:02Z</time>
   </trkpt>
   <trkpt lat="51.4752340" lon="-112.8038480">
    <ele>693.2</ele>
    <time>2024-07-09T21:55:03Z</time>
   </trkpt>
   <trkpt lat="51.4752020" lon="-112.8037880">
    <ele>693.3</ele>
    <time>2024-07-09T21:55:04Z</time>
   </trkpt>
   <trkpt lat="51.4751720" lon="-112.8037280">
    <ele>693.3</ele>
    <time>2024-07-09T21:55:05Z</time>
   </trkpt>
   <trkpt lat="51.4751420" lon="-112.8036670">
    <ele>693.3</ele>
    <time>2024-07-09T21:55:06Z</time>
   </trkpt>
   <trkpt lat="51.4751110" lon="-112.8036070">
    <ele>693.4</ele>
    <time>2024-07-09T21:55:07Z</time>
   </trkpt>
   <trkpt lat="51.4750780" lon="-112.8035530">
    <ele>693.4</ele>
    <time>2024-07-09T21:55:08Z</time>
   </trkpt>
   <trkpt lat="51.4750460" lon="-112.8034950">
    <ele>693.4</ele>
    <time>2024-07-09T21:55:09Z</time>
   </trkpt>
   <trkpt lat="51.4750140" lon="-112.8034360">
    <ele>693.5</ele>
    <time>2024-07-09T21:55:10Z</time>
   </trkpt>
   <trkpt lat="51.4749810" lon="-112.8033770">
    <ele>693.5</ele>
    <time>2024-07-09T21:55:11Z</time>
   </trkpt>
   <trkpt lat="51.4749520" lon="-112.8033150">
    <ele>693.6</ele>
    <time>2024-07-09T21:55:12Z</time>
   </trkpt>
   <trkpt lat="51.4749200" lon="-112.8032530">
    <ele>693.6</ele>
    <time>2024-07-09T21:55:13Z</time>
   </trkpt>
   <trkpt lat="51.4748890" lon="-112.8031930">
    <ele>693.7</ele>
    <time>2024-07-09T21:55:14Z</time>
   </trkpt>
   <trkpt lat="51.4748540" lon="-112.8031340">
    <ele>693.7</ele>
    <time>2024-07-09T21:55:15Z</time>
   </trkpt>
   <trkpt lat="51.4748220" lon="-112.8030750">
    <ele>693.7</ele>
    <time>2024-07-09T21:55:16Z</time>
   </trkpt>
   <trkpt lat="51.4747900" lon="-112.8030140">
    <ele>693.8</ele>
    <time>2024-07-09T21:55:17Z</time>
   </trkpt>
   <trkpt lat="51.4747600" lon="-112.8029520">
    <ele>693.8</ele>
    <time>2024-07-09T21:55:18Z</time>
   </trkpt>
   <trkpt lat="51.4747280" lon="-112.8028910">
    <ele>693.9</ele>
    <time>2024-07-09T21:55:19Z</time>
   </trkpt>
   <trkpt lat="51.4746950" lon="-112.8028300">
    <ele>693.9</ele>
    <time>2024-07-09T21:55:20Z</time>
   </trkpt>
   <trkpt lat="51.4746620" lon="-112.8027700">
    <ele>694.0</ele>
    <time>2024-07-09T21:55:21Z</time>
   </trkpt>
   <trkpt lat="51.4746280" lon="-112.8027110">
    <ele>694.0</ele>
    <time>2024-07-09T21:55:22Z</time>
   </trkpt>
   <trkpt lat="51.4745960" lon="-112.8026510">
    <ele>694.0</ele>
    <time>2024-07-09T21:55:23Z</time>
   </trkpt>
   <trkpt lat="51.4745620" lon="-112.8025860">
    <ele>694.1</ele>
    <time>2024-07-09T21:55:24Z</time>
   </trkpt>
   <trkpt lat="51.4745280" lon="-112.8025260">
    <ele>694.1</ele>
    <time>2024-07-09T21:55:25Z</time>
   </trkpt>
   <trkpt lat="51.4744930" lon="-112.8024660">
    <ele>694.2</ele>
    <time>2024-07-09T21:55:26Z</time>
   </trkpt>
   <trkpt lat="51.4744580" lon="-112.8024040">
    <ele>694.2</ele>
    <time>2024-07-09T21:55:27Z</time>
   </trkpt>
   <trkpt lat="51.4744240" lon="-112.8023380">
    <ele>694.2</ele>
    <time>2024-07-09T21:55:28Z</time>
   </trkpt>
   <trkpt lat="51.4743930" lon="-112.8022720">
    <ele>694.3</ele>
    <time>2024-07-09T21:55:29Z</time>
   </trkpt>
   <trkpt lat="51.4743580" lon="-112.8022090">
    <ele>694.3</ele>
    <time>2024-07-09T21:55:30Z</time>
   </trkpt>
   <trkpt lat="51.4743240" lon="-112.8021470">
    <ele>694.4</ele>
    <time>2024-07-09T21:55:31Z</time>
   </trkpt>
   <trkpt lat="51.4742890" lon="-112.8020840">
    <ele>694.4</ele>
    <time>2024-07-09T21:55:32Z</time>
   </trkpt>
   <trkpt lat="51.4742540" lon="-112.8020180">
    <ele>694.4</ele>
    <time>2024-07-09T21:55:33Z</time>
   </trkpt>
   <trkpt lat="51.4742180" lon="-112.8019500">
    <ele>694.4</ele>
    <time>2024-07-09T21:55:34Z</time>
   </trkpt>
   <trkpt lat="51.4741790" lon="-112.8018810">
    <ele>694.4</ele>
    <time>2024-07-09T21:55:35Z</time>
   </trkpt>
   <trkpt lat="51.4741400" lon="-112.8018090">
    <ele>694.5</ele>
    <time>2024-07-09T21:55:36Z</time>
   </trkpt>
   <trkpt lat="51.4741000" lon="-112.8017360">
    <ele>694.5</ele>
    <time>2024-07-09T21:55:37Z</time>
   </trkpt>
   <trkpt lat="51.4740630" lon="-112.8016580">
    <ele>694.5</ele>
    <time>2024-07-09T21:55:38Z</time>
   </trkpt>
   <trkpt lat="51.4740240" lon="-112.8015830">
    <ele>694.5</ele>
    <time>2024-07-09T21:55:39Z</time>
   </trkpt>
   <trkpt lat="51.4739850" lon="-112.8015110">
    <ele>694.6</ele>
    <time>2024-07-09T21:55:40Z</time>
   </trkpt>
   <trkpt lat="51.4739450" lon="-112.8014400">
    <ele>694.6</ele>
    <time>2024-07-09T21:55:41Z</time>
   </trkpt>
   <trkpt lat="51.4739060" lon="-112.8013700">
    <ele>694.6</ele>
    <time>2024-07-09T21:55:42Z</time>
   </trkpt>
   <trkpt lat="51.4738690" lon="-112.8012970">
    <ele>694.6</ele>
    <time>2024-07-09T21:55:43Z</time>
   </trkpt>
   <trkpt lat="51.4738310" lon="-112.8012280">
    <ele>694.7</ele>
    <time>2024-07-09T21:55:44Z</time>
   </trkpt>
   <trkpt lat="51.4737940" lon="-112.8011590">
    <ele>694.7</ele>
    <time>2024-07-09T21:55:45Z</time>
   </trkpt>
   <trkpt lat="51.4737560" lon="-112.8010880">
    <ele>694.7</ele>
    <time>2024-07-09T21:55:46Z</time>
   </trkpt>
   <trkpt lat="51.4737180" lon="-112.8010190">
    <ele>694.7</ele>
    <time>2024-07-09T21:55:47Z</time>
   </trkpt>
   <trkpt lat="51.4736810" lon="-112.8009510">
    <ele>694.7</ele>
    <time>2024-07-09T21:55:48Z</time>
   </trkpt>
   <trkpt lat="51.4736430" lon="-112.8008820">
    <ele>694.7</ele>
    <time>2024-07-09T21:55:49Z</time>
   </trkpt>
   <trkpt lat="51.4736070" lon="-112.8008130">
    <ele>694.7</ele>
    <time>2024-07-09T21:55:50Z</time>
   </trkpt>
   <trkpt lat="51.4735640" lon="-112.8007460">
    <ele>694.7</ele>
    <time>2024-07-09T21:55:51Z</time>
   </trkpt>
   <trkpt lat="51.4735250" lon="-112.8006820">
    <ele>694.7</ele>
    <time>2024-07-09T21:55:52Z</time>
   </trkpt>
   <trkpt lat="51.4734890" lon="-112.8006100">
    <ele>694.8</ele>
    <time>2024-07-09T21:55:53Z</time>
   </trkpt>
   <trkpt lat="51.4734540" lon="-112.8005390">
    <ele>694.8</ele>
    <time>2024-07-09T21:55:54Z</time>
   </trkpt>
   <trkpt lat="51.4734160" lon="-112.8004690">
    <ele>694.8</ele>
    <time>2024-07-09T21:55:55Z</time>
   </trkpt>
   <trkpt lat="51.4733820" lon="-112.8004030">
    <ele>694.8</ele>
    <time>2024-07-09T21:55:56Z</time>
   </trkpt>
   <trkpt lat="51.4733430" lon="-112.8003310">
    <ele>694.8</ele>
    <time>2024-07-09T21:55:57Z</time>
   </trkpt>
   <trkpt lat="51.4733080" lon="-112.8002620">
    <ele>694.8</ele>
    <time>2024-07-09T21:55:58Z</time>
   </trkpt>
   <trkpt lat="51.4732660" lon="-112.8001940">
    <ele>694.8</ele>
    <time>2024-07-09T21:55:59Z</time>
   </trkpt>
   <trkpt lat="51.4732270" lon="-112.8001210">
    <ele>694.8</ele>
    <time>2024-07-09T21:56:00Z</time>
   </trkpt>
   <trkpt lat="51.4731890" lon="-112.8000490">
    <ele>694.8</ele>
    <time>2024-07-09T21:56:01Z</time>
   </trkpt>
   <trkpt lat="51.4731480" lon="-112.7999780">
    <ele>694.8</ele>
    <time>2024-07-09T21:56:02Z</time>
   </trkpt>
   <trkpt lat="51.4731100" lon="-112.7999070">
    <ele>694.8</ele>
    <time>2024-07-09T21:56:03Z</time>
   </trkpt>
   <trkpt lat="51.4730640" lon="-112.7998360">
    <ele>694.8</ele>
    <time>2024-07-09T21:56:04Z</time>
   </trkpt>
   <trkpt lat="51.4730310" lon="-112.7997620">
    <ele>694.8</ele>
    <time>2024-07-09T21:56:05Z</time>
   </trkpt>
   <trkpt lat="51.4729960" lon="-112.7996920">
    <ele>694.7</ele>
    <time>2024-07-09T21:56:06Z</time>
   </trkpt>
   <trkpt lat="51.4729570" lon="-112.7996230">
    <ele>694.7</ele>
    <time>2024-07-09T21:56:07Z</time>
   </trkpt>
   <trkpt lat="51.4729190" lon="-112.7995510">
    <ele>694.7</ele>
    <time>2024-07-09T21:56:08Z</time>
   </trkpt>
   <trkpt lat="51.4728850" lon="-112.7994760">
    <ele>694.7</ele>
    <time>2024-07-09T21:56:09Z</time>
   </trkpt>
   <trkpt lat="51.4728440" lon="-112.7994030">
    <ele>694.7</ele>
    <time>2024-07-09T21:56:10Z</time>
   </trkpt>
   <trkpt lat="51.4728030" lon="-112.7993310">
    <ele>694.7</ele>
    <time>2024-07-09T21:56:11Z</time>
   </trkpt>
   <trkpt lat="51.4727650" lon="-112.7992600">
    <ele>694.7</ele>
    <time>2024-07-09T21:56:12Z</time>
   </trkpt>
   <trkpt lat="51.4727280" lon="-112.7991920">
    <ele>694.7</ele>
    <time>2024-07-09T21:56:13Z</time>
   </trkpt>
   <trkpt lat="51.4726880" lon="-112.7991230">
    <ele>694.7</ele>
    <time>2024-07-09T21:56:14Z</time>
   </trkpt>
   <trkpt lat="51.4726500" lon="-112.7990520">
    <ele>694.7</ele>
    <time>2024-07-09T21:56:15Z</time>
   </trkpt>
   <trkpt lat="51.4726120" lon="-112.7989840">
    <ele>694.7</ele>
    <time>2024-07-09T21:56:16Z</time>
   </trkpt>
   <trkpt lat="51.4725770" lon="-112.7989140">
    <ele>694.7</ele>
    <time>2024-07-09T21:56:17Z</time>
   </trkpt>
   <trkpt lat="51.4725380" lon="-112.7988420">
    <ele>694.7</ele>
    <time>2024-07-09T21:56:18Z</time>
   </trkpt>
   <trkpt lat="51.4724990" lon="-112.7987710">
    <ele>694.6</ele>
    <time>2024-07-09T21:56:19Z</time>
   </trkpt>
   <trkpt lat="51.4724620" lon="-112.7987000">
    <ele>694.6</ele>
    <time>2024-07-09T21:56:20Z</time>
   </trkpt>
   <trkpt lat="51.4724230" lon="-112.7986290">
    <ele>694.6</ele>
    <time>2024-07-09T21:56:21Z</time>
   </trkpt>
   <trkpt lat="51.4723830" lon="-112.7985570">
    <ele>694.6</ele>
    <time>2024-07-09T21:56:22Z</time>
   </trkpt>
   <trkpt lat="51.4723430" lon="-112.7984830">
    <ele>694.5</ele>
    <time>2024-07-09T21:56:23Z</time>
   </trkpt>
   <trkpt lat="51.4723050" lon="-112.7984130">
    <ele>694.5</ele>
    <time>2024-07-09T21:56:24Z</time>
   </trkpt>
   <trkpt lat="51.4722650" lon="-112.7983410">
    <ele>694.5</ele>
    <time>2024-07-09T21:56:25Z</time>
   </trkpt>
   <trkpt lat="51.4722290" lon="-112.7982710">
    <ele>694.5</ele>
    <time>2024-07-09T21:56:26Z</time>
   </trkpt>
   <trkpt lat="51.4721890" lon="-112.7981990">
    <ele>694.4</ele>
    <time>2024-07-09T21:56:27Z</time>
   </trkpt>
   <trkpt lat="51.4721510" lon="-112.7981260">
    <ele>694.4</ele>
    <time>2024-07-09T21:56:28Z</time>
   </trkpt>
   <trkpt lat="51.4721140" lon="-112.7980540">
    <ele>694.4</ele>
    <time>2024-07-09T21:56:29Z</time>
   </trkpt>
   <trkpt lat="51.4720770" lon="-112.7979810">
    <ele>694.4</ele>
    <time>2024-07-09T21:56:30Z</time>
   </trkpt>
   <trkpt lat="51.4720390" lon="-112.7979080">
    <ele>694.4</ele>
    <time>2024-07-09T21:56:31Z</time>
   </trkpt>
   <trkpt lat="51.4720010" lon="-112.7978390">
    <ele>694.4</ele>
    <time>2024-07-09T21:56:32Z</time>
   </trkpt>
   <trkpt lat="51.4719600" lon="-112.7977720">
    <ele>694.3</ele>
    <time>2024-07-09T21:56:33Z</time>
   </trkpt>
   <trkpt lat="51.4719210" lon="-112.7977020">
    <ele>694.3</ele>
    <time>2024-07-09T21:56:34Z</time>
   </trkpt>
   <trkpt lat="51.4718840" lon="-112.7976280">
    <ele>694.3</ele>
    <time>2024-07-09T21:56:35Z</time>
   </trkpt>
   <trkpt lat="51.4718490" lon="-112.7975540">
    <ele>694.3</ele>
    <time>2024-07-09T21:56:36Z</time>
   </trkpt>
   <trkpt lat="51.4718090" lon="-112.7974820">
    <ele>694.3</ele>
    <time>2024-07-09T21:56:37Z</time>
   </trkpt>
   <trkpt lat="51.4717710" lon="-112.7974090">
    <ele>694.2</ele>
    <time>2024-07-09T21:56:38Z</time>
   </trkpt>
   <trkpt lat="51.4717300" lon="-112.7973380">
    <ele>694.2</ele>
    <time>2024-07-09T21:56:39Z</time>
   </trkpt>
   <trkpt lat="51.4716920" lon="-112.7972670">
    <ele>694.2</ele>
    <time>2024-07-09T21:56:40Z</time>
   </trkpt>
   <trkpt lat="51.4716550" lon="-112.7972030">
    <ele>694.2</ele>
    <time>2024-07-09T21:56:41Z</time>
   </trkpt>
   <trkpt lat="51.4716130" lon="-112.7971340">
    <ele>694.2</ele>
    <time>2024-07-09T21:56:42Z</time>
   </trkpt>
   <trkpt lat="51.4715760" lon="-112.7970600">
    <ele>694.2</ele>
    <time>2024-07-09T21:56:43Z</time>
   </trkpt>
   <trkpt lat="51.4715380" lon="-112.7969880">
    <ele>694.2</ele>
    <time>2024-07-09T21:56:44Z</time>
   </trkpt>
   <trkpt lat="51.4714980" lon="-112.7969160">
    <ele>694.2</ele>
    <time>2024-07-09T21:56:45Z</time>
   </trkpt>
   <trkpt lat="51.4714610" lon="-112.7968390">
    <ele>694.2</ele>
    <time>2024-07-09T21:56:46Z</time>
   </trkpt>
   <trkpt lat="51.4714220" lon="-112.7967630">
    <ele>694.1</ele>
    <time>2024-07-09T21:56:47Z</time>
   </trkpt>
   <trkpt lat="51.4713850" lon="-112.7966850">
    <ele>694.1</ele>
    <time>2024-07-09T21:56:48Z</time>
   </trkpt>
   <trkpt lat="51.4713490" lon="-112.7966090">
    <ele>694.1</ele>
    <time>2024-07-09T21:56:49Z</time>
   </trkpt>
   <trkpt lat="51.4713120" lon="-112.7965300">
    <ele>694.1</ele>
    <time>2024-07-09T21:56:51Z</time>
   </trkpt>
   <trkpt lat="51.4712740" lon="-112.7964530">
    <ele>694.0</ele>
    <time>2024-07-09T21:56:52Z</time>
   </trkpt>
   <trkpt lat="51.4712360" lon="-112.7963780">
    <ele>694.0</ele>
    <time>2024-07-09T21:56:53Z</time>
   </trkpt>
   <trkpt lat="51.4712010" lon="-112.7962990">
    <ele>694.0</ele>
    <time>2024-07-09T21:56:54Z</time>
   </trkpt>
   <trkpt lat="51.4711660" lon="-112.7962210">
    <ele>693.9</ele>
    <time>2024-07-09T21:56:55Z</time>
   </trkpt>
   <trkpt lat="51.4711300" lon="-112.7961440">
    <ele>693.9</ele>
    <time>2024-07-09T21:56:56Z</time>
   </trkpt>
   <trkpt lat="51.4710930" lon="-112.7960690">
    <ele>693.9</ele>
    <time>2024-07-09T21:56:57Z</time>
   </trkpt>
   <trkpt lat="51.4710590" lon="-112.7959910">
    <ele>693.8</ele>
    <time>2024-07-09T21:56:58Z</time>
   </trkpt>
   <trkpt lat="51.4710270" lon="-112.7959100">
    <ele>693.8</ele>
    <time>2024-07-09T21:56:59Z</time>
   </trkpt>
   <trkpt lat="51.4709910" lon="-112.7958330">
    <ele>693.8</ele>
    <time>2024-07-09T21:57:00Z</time>
   </trkpt>
   <trkpt lat="51.4709540" lon="-112.7957550">
    <ele>693.7</ele>
    <time>2024-07-09T21:57:01Z</time>
   </trkpt>
   <trkpt lat="51.4709200" lon="-112.7956760">
    <ele>693.7</ele>
    <time>2024-07-09T21:57:02Z</time>
   </trkpt>
   <trkpt lat="51.4708870" lon="-112.7955940">
    <ele>693.7</ele>
    <time>2024-07-09T21:57:03Z</time>
   </trkpt>
   <trkpt lat="51.4708520" lon="-112.7955150">
    <ele>693.7</ele>
    <time>2024-07-09T21:57:04Z</time>
   </trkpt>
   <trkpt lat="51.4708180" lon="-112.7954350">
    <ele>693.7</ele>
    <time>2024-07-09T21:57:05Z</time>
   </trkpt>
   <trkpt lat="51.4707820" lon="-112.7953550">
    <ele>693.6</ele>
    <time>2024-07-09T21:57:06Z</time>
   </trkpt>
   <trkpt lat="51.4707470" lon="-112.7952740">
    <ele>693.6</ele>
    <time>2024-07-09T21:57:07Z</time>
   </trkpt>
   <trkpt lat="51.4707130" lon="-112.7951940">
    <ele>693.6</ele>
    <time>2024-07-09T21:57:08Z</time>
   </trkpt>
   <trkpt lat="51.4706800" lon="-112.7951130">
    <ele>693.6</ele>
    <time>2024-07-09T21:57:09Z</time>
   </trkpt>
   <trkpt lat="51.4706120" lon="-112.7949440">
    <ele>693.5</ele>
    <time>2024-07-09T21:57:10Z</time>
   </trkpt>
   <trkpt lat="51.4705780" lon="-112.7948560">
    <ele>693.5</ele>
    <time>2024-07-09T21:57:11Z</time>
   </trkpt>
   <trkpt lat="51.4705420" lon="-112.7947700">
    <ele>693.4</ele>
    <time>2024-07-09T21:57:12Z</time>
   </trkpt>
   <trkpt lat="51.4705070" lon="-112.7946800">
    <ele>693.4</ele>
    <time>2024-07-09T21:57:13Z</time>
   </trkpt>
   <trkpt lat="51.4704730" lon="-112.7945870">
    <ele>693.3</ele>
    <time>2024-07-09T21:57:14Z</time>
   </trkpt>
   <trkpt lat="51.4704420" lon="-112.7944960">
    <ele>693.3</ele>
    <time>2024-07-09T21:57:15Z</time>
   </trkpt>
   <trkpt lat="51.4704070" lon="-112.7944050">
    <ele>693.3</ele>
    <time>2024-07-09T21:57:16Z</time>
   </trkpt>
   <trkpt lat="51.4703710" lon="-112.7943140">
    <ele>693.2</ele>
    <time>2024-07-09T21:57:17Z</time>
   </trkpt>
   <trkpt lat="51.4703360" lon="-112.7942230">
    <ele>693.2</ele>
    <time>2024-07-09T21:57:18Z</time>
   </trkpt>
   <trkpt lat="51.4703000" lon="-112.7941310">
    <ele>693.2</ele>
    <time>2024-07-09T21:57:19Z</time>
   </trkpt>
   <trkpt lat="51.4702640" lon="-112.7940390">
    <ele>693.1</ele>
    <time>2024-07-09T21:57:20Z</time>
   </trkpt>
   <trkpt lat="51.4702300" lon="-112.7939440">
    <ele>693.1</ele>
    <time>2024-07-09T21:57:21Z</time>
   </trkpt>
   <trkpt lat="51.4701950" lon="-112.7938490">
    <ele>693.1</ele>
    <time>2024-07-09T21:57:22Z</time>
   </trkpt>
   <trkpt lat="51.4701610" lon="-112.7937580">
    <ele>693.0</ele>
    <time>2024-07-09T21:57:23Z</time>
   </trkpt>
   <trkpt lat="51.4701300" lon="-112.7936670">
    <ele>693.0</ele>
    <time>2024-07-09T21:57:24Z</time>
   </trkpt>
   <trkpt lat="51.4700970" lon="-112.7935740">
    <ele>692.9</ele>
    <time>2024-07-09T21:57:25Z</time>
   </trkpt>
   <trkpt lat="51.4700670" lon="-112.7934810">
    <ele>692.9</ele>
    <time>2024-07-09T21:57:26Z</time>
   </trkpt>
   <trkpt lat="51.4700370" lon="-112.7933880">
    <ele>692.9</ele>
    <time>2024-07-09T21:57:27Z</time>
   </trkpt>
   <trkpt lat="51.4700050" lon="-112.7932950">
    <ele>692.8</ele>
    <time>2024-07-09T21:57:28Z</time>
   </trkpt>
   <trkpt lat="51.4699780" lon="-112.7932020">
    <ele>692.8</ele>
    <time>2024-07-09T21:57:29Z</time>
   </trkpt>
   <trkpt lat="51.4699500" lon="-112.7931110">
    <ele>692.7</ele>
    <time>2024-07-09T21:57:30Z</time>
   </trkpt>
   <trkpt lat="51.4699220" lon="-112.7930210">
    <ele>692.7</ele>
    <time>2024-07-09T21:57:31Z</time>
   </trkpt>
   <trkpt lat="51.4698900" lon="-112.7929320">
    <ele>692.7</ele>
    <time>2024-07-09T21:57:32Z</time>
   </trkpt>
   <trkpt lat="51.4698620" lon="-112.7928420">
    <ele>692.7</ele>
    <time>2024-07-09T21:57:33Z</time>
   </trkpt>
   <trkpt lat="51.4698340" lon="-112.7927520">
    <ele>692.6</ele>
    <time>2024-07-09T21:57:34Z</time>
   </trkpt>
   <trkpt lat="51.4698090" lon="-112.7926610">
    <ele>692.6</ele>
    <time>2024-07-09T21:57:35Z</time>
   </trkpt>
   <trkpt lat="51.4697810" lon="-112.7925710">
    <ele>692.6</ele>
    <time>2024-07-09T21:57:36Z</time>
   </trkpt>
   <trkpt lat="51.4697530" lon="-112.7924820">
    <ele>692.6</ele>
    <time>2024-07-09T21:57:37Z</time>
   </trkpt>
   <trkpt lat="51.4697260" lon="-112.7923910">
    <ele>692.5</ele>
    <time>2024-07-09T21:57:38Z</time>
   </trkpt>
   <trkpt lat="51.4696970" lon="-112.7922980">
    <ele>692.5</ele>
    <time>2024-07-09T21:57:39Z</time>
   </trkpt>
   <trkpt lat="51.4696730" lon="-112.7922060">
    <ele>692.5</ele>
    <time>2024-07-09T21:57:40Z</time>
   </trkpt>
   <trkpt lat="51.4696460" lon="-112.7921150">
    <ele>692.4</ele>
    <time>2024-07-09T21:57:41Z</time>
   </trkpt>
   <trkpt lat="51.4696200" lon="-112.7920240">
    <ele>692.4</ele>
    <time>2024-07-09T21:57:42Z</time>
   </trkpt>
   <trkpt lat="51.4695930" lon="-112.7919330">
    <ele>692.4</ele>
    <time>2024-07-09T21:57:43Z</time>
   </trkpt>
   <trkpt lat="51.4695690" lon="-112.7918400">
    <ele>692.3</ele>
    <time>2024-07-09T21:57:44Z</time>
   </trkpt>
   <trkpt lat="51.4695480" lon="-112.7917470">
    <ele>692.3</ele>
    <time>2024-07-09T21:57:45Z</time>
   </trkpt>
   <trkpt lat="51.4695230" lon="-112.7916570">
    <ele>692.3</ele>
    <time>2024-07-09T21:57:46Z</time>
   </trkpt>
   <trkpt lat="51.4695000" lon="-112.7915680">
    <ele>692.3</ele>
    <time>2024-07-09T21:57:47Z</time>
   </trkpt>
   <trkpt lat="51.4694790" lon="-112.7914860">
    <ele>692.3</ele>
    <time>2024-07-09T21:57:48Z</time>
   </trkpt>
   <trkpt lat="51.4694570" lon="-112.7914030">
    <ele>692.3</ele>
    <time>2024-07-09T21:57:49Z</time>
   </trkpt>
   <trkpt lat="51.4694370" lon="-112.7913220">
    <ele>692.3</ele>
    <time>2024-07-09T21:57:50Z</time>
   </trkpt>
   <trkpt lat="51.4694160" lon="-112.7912390">
    <ele>692.3</ele>
    <time>2024-07-09T21:57:51Z</time>
   </trkpt>
   <trkpt lat="51.4693940" lon="-112.7911540">
    <ele>692.3</ele>
    <time>2024-07-09T21:57:52Z</time>
   </trkpt>
   <trkpt lat="51.4693750" lon="-112.7910690">
    <ele>692.2</ele>
    <time>2024-07-09T21:57:53Z</time>
   </trkpt>
   <trkpt lat="51.4693510" lon="-112.7909800">
    <ele>692.2</ele>
    <time>2024-07-09T21:57:54Z</time>
   </trkpt>
   <trkpt lat="51.4693290" lon="-112.7908950">
    <ele>692.2</ele>
    <time>2024-07-09T21:57:55Z</time>
   </trkpt>
   <trkpt lat="51.4693070" lon="-112.7908100">
    <ele>692.2</ele>
    <time>2024-07-09T21:57:56Z</time>
   </trkpt>
   <trkpt lat="51.4692860" lon="-112.7907230">
    <ele>692.2</ele>
    <time>2024-07-09T21:57:57Z</time>
   </trkpt>
   <trkpt lat="51.4692650" lon="-112.7906370">
    <ele>692.2</ele>
    <time>2024-07-09T21:57:58Z</time>
   </trkpt>
   <trkpt lat="51.4692390" lon="-112.7905500">
    <ele>692.2</ele>
    <time>2024-07-09T21:57:59Z</time>
   </trkpt>
   <trkpt lat="51.4692200" lon="-112.7904600">
    <ele>692.1</ele>
    <time>2024-07-09T21:58:00Z</time>
   </trkpt>
   <trkpt lat="51.4691990" lon="-112.7903700">
    <ele>692.1</ele>
    <time>2024-07-09T21:58:01Z</time>
   </trkpt>
   <trkpt lat="51.4691760" lon="-112.7902830">
    <ele>692.1</ele>
    <time>2024-07-09T21:58:02Z</time>
   </trkpt>
   <trkpt lat="51.4691550" lon="-112.7901930">
    <ele>692.1</ele>
    <time>2024-07-09T21:58:03Z</time>
   </trkpt>
   <trkpt lat="51.4691330" lon="-112.7901040">
    <ele>692.1</ele>
    <time>2024-07-09T21:58:04Z</time>
   </trkpt>
   <trkpt lat="51.4691090" lon="-112.7900140">
    <ele>692.2</ele>
    <time>2024-07-09T21:58:05Z</time>
   </trkpt>
   <trkpt lat="51.4690880" lon="-112.7899250">
    <ele>692.2</ele>
    <time>2024-07-09T21:58:06Z</time>
   </trkpt>
   <trkpt lat="51.4690660" lon="-112.7898370">
    <ele>692.2</ele>
    <time>2024-07-09T21:58:07Z</time>
   </trkpt>
   <trkpt lat="51.4690430" lon="-112.7897470">
    <ele>692.2</ele>
    <time>2024-07-09T21:58:08Z</time>
   </trkpt>
   <trkpt lat="51.4690220" lon="-112.7896580">
    <ele>692.2</ele>
    <time>2024-07-09T21:58:09Z</time>
   </trkpt>
   <trkpt lat="51.4690000" lon="-112.7895630">
    <ele>692.2</ele>
    <time>2024-07-09T21:58:10Z</time>
   </trkpt>
   <trkpt lat="51.4689730" lon="-112.7894740">
    <ele>692.2</ele>
    <time>2024-07-09T21:58:11Z</time>
   </trkpt>
   <trkpt lat="51.4689550" lon="-112.7893830">
    <ele>692.2</ele>
    <time>2024-07-09T21:58:12Z</time>
   </trkpt>
   <trkpt lat="51.4689340" lon="-112.7892920">
    <ele>692.2</ele>
    <time>2024-07-09T21:58:13Z</time>
   </trkpt>
   <trkpt lat="51.4689120" lon="-112.7892000">
    <ele>692.3</ele>
    <time>2024-07-09T21:58:14Z</time>
   </trkpt>
   <trkpt lat="51.4688880" lon="-112.7891100">
    <ele>692.3</ele>
    <time>2024-07-09T21:58:15Z</time>
   </trkpt>
   <trkpt lat="51.4688670" lon="-112.7890210">
    <ele>692.3</ele>
    <time>2024-07-09T21:58:16Z</time>
   </trkpt>
   <trkpt lat="51.4688450" lon="-112.7889310">
    <ele>692.3</ele>
    <time>2024-07-09T21:58:17Z</time>
   </trkpt>
   <trkpt lat="51.4688220" lon="-112.7888430">
    <ele>692.3</ele>
    <time>2024-07-09T21:58:18Z</time>
   </trkpt>
   <trkpt lat="51.4688000" lon="-112.7887540">
    <ele>692.4</ele>
    <time>2024-07-09T21:58:19Z</time>
   </trkpt>
   <trkpt lat="51.4687770" lon="-112.7886620">
    <ele>692.4</ele>
    <time>2024-07-09T21:58:20Z</time>
   </trkpt>
   <trkpt lat="51.4687570" lon="-112.7885680">
    <ele>692.4</ele>
    <time>2024-07-09T21:58:21Z</time>
   </trkpt>
   <trkpt lat="51.4687310" lon="-112.7884740">
    <ele>692.4</ele>
    <time>2024-07-09T21:58:22Z</time>
   </trkpt>
   <trkpt lat="51.4687090" lon="-112.7883840">
    <ele>692.4</ele>
    <time>2024-07-09T21:58:23Z</time>
   </trkpt>
   <trkpt lat="51.4686840" lon="-112.7882910">
    <ele>692.4</ele>
    <time>2024-07-09T21:58:24Z</time>
   </trkpt>
   <trkpt lat="51.4686630" lon="-112.7882040">
    <ele>692.5</ele>
    <time>2024-07-09T21:58:25Z</time>
   </trkpt>
   <trkpt lat="51.4686410" lon="-112.7881170">
    <ele>692.5</ele>
    <time>2024-07-09T21:58:26Z</time>
   </trkpt>
   <trkpt lat="51.4686160" lon="-112.7880250">
    <ele>692.5</ele>
    <time>2024-07-09T21:58:27Z</time>
   </trkpt>
   <trkpt lat="51.4685940" lon="-112.7879380">
    <ele>692.5</ele>
    <time>2024-07-09T21:58:28Z</time>
   </trkpt>
   <trkpt lat="51.4685700" lon="-112.7878510">
    <ele>692.5</ele>
    <time>2024-07-09T21:58:29Z</time>
   </trkpt>
   <trkpt lat="51.4685470" lon="-112.7877680">
    <ele>692.5</ele>
    <time>2024-07-09T21:58:30Z</time>
   </trkpt>
   <trkpt lat="51.4685300" lon="-112.7876800">
    <ele>692.5</ele>
    <time>2024-07-09T21:58:31Z</time>
   </trkpt>
   <trkpt lat="51.4685080" lon="-112.7875900">
    <ele>692.5</ele>
    <time>2024-07-09T21:58:32Z</time>
   </trkpt>
   <trkpt lat="51.4684870" lon="-112.7875060">
    <ele>692.5</ele>
    <time>2024-07-09T21:58:33Z</time>
   </trkpt>
   <trkpt lat="51.4684620" lon="-112.7874140">
    <ele>692.5</ele>
    <time>2024-07-09T21:58:34Z</time>
   </trkpt>
   <trkpt lat="51.4684390" lon="-112.7873290">
    <ele>692.5</ele>
    <time>2024-07-09T21:58:35Z</time>
   </trkpt>
   <trkpt lat="51.4684150" lon="-112.7872420">
    <ele>692.5</ele>
    <time>2024-07-09T21:58:36Z</time>
   </trkpt>
   <trkpt lat="51.4683960" lon="-112.7871520">
    <ele>692.5</ele>
    <time>2024-07-09T21:58:37Z</time>
   </trkpt>
   <trkpt lat="51.4683710" lon="-112.7870630">
    <ele>692.5</ele>
    <time>2024-07-09T21:58:38Z</time>
   </trkpt>
   <trkpt lat="51.4683500" lon="-112.7869760">
    <ele>692.5</ele>
    <time>2024-07-09T21:58:39Z</time>
   </trkpt>
   <trkpt lat="51.4683300" lon="-112.7868910">
    <ele>692.5</ele>
    <time>2024-07-09T21:58:40Z</time>
   </trkpt>
   <trkpt lat="51.4683070" lon="-112.7868000">
    <ele>692.5</ele>
    <time>2024-07-09T21:58:41Z</time>
   </trkpt>
   <trkpt lat="51.4682850" lon="-112.7867120">
    <ele>692.5</ele>
    <time>2024-07-09T21:58:42Z</time>
   </trkpt>
   <trkpt lat="51.4682650" lon="-112.7866250">
    <ele>692.5</ele>
    <time>2024-07-09T21:58:43Z</time>
   </trkpt>
   <trkpt lat="51.4682410" lon="-112.7865380">
    <ele>692.5</ele>
    <time>2024-07-09T21:58:44Z</time>
   </trkpt>
   <trkpt lat="51.4682140" lon="-112.7864530">
    <ele>692.6</ele>
    <time>2024-07-09T21:58:45Z</time>
   </trkpt>
   <trkpt lat="51.4681940" lon="-112.7863610">
    <ele>692.6</ele>
    <time>2024-07-09T21:58:46Z</time>
   </trkpt>
   <trkpt lat="51.4681720" lon="-112.7862760">
    <ele>692.6</ele>
    <time>2024-07-09T21:58:47Z</time>
   </trkpt>
   <trkpt lat="51.4681490" lon="-112.7861930">
    <ele>692.6</ele>
    <time>2024-07-09T21:58:48Z</time>
   </trkpt>
   <trkpt lat="51.4681290" lon="-112.7861090">
    <ele>692.6</ele>
    <time>2024-07-09T21:58:49Z</time>
   </trkpt>
   <trkpt lat="51.4681110" lon="-112.7860240">
    <ele>692.6</ele>
    <time>2024-07-09T21:58:50Z</time>
   </trkpt>
   <trkpt lat="51.4680930" lon="-112.7859390">
    <ele>692.6</ele>
    <time>2024-07-09T21:58:51Z</time>
   </trkpt>
   <trkpt lat="51.4680720" lon="-112.7858550">
    <ele>692.6</ele>
    <time>2024-07-09T21:58:52Z</time>
   </trkpt>
   <trkpt lat="51.4680510" lon="-112.7857710">
    <ele>692.7</ele>
    <time>2024-07-09T21:58:53Z</time>
   </trkpt>
   <trkpt lat="51.4680300" lon="-112.7856860">
    <ele>692.7</ele>
    <time>2024-07-09T21:58:54Z</time>
   </trkpt>
   <trkpt lat="51.4680080" lon="-112.7856010">
    <ele>692.7</ele>
    <time>2024-07-09T21:58:55Z</time>
   </trkpt>
   <trkpt lat="51.4679870" lon="-112.7855160">
    <ele>692.7</ele>
    <time>2024-07-09T21:58:57Z</time>
   </trkpt>
   <trkpt lat="51.4679670" lon="-112.7854310">
    <ele>692.7</ele>
    <time>2024-07-09T21:58:58Z</time>
   </trkpt>
   <trkpt lat="51.4679440" lon="-112.7853450">
    <ele>692.7</ele>
    <time>2024-07-09T21:58:59Z</time>
   </trkpt>
   <trkpt lat="51.4679230" lon="-112.7852610">
    <ele>692.8</ele>
    <time>2024-07-09T21:59:00Z</time>
   </trkpt>
   <trkpt lat="51.4679020" lon="-112.7851760">
    <ele>692.8</ele>
    <time>2024-07-09T21:59:01Z</time>
   </trkpt>
   <trkpt lat="51.4678800" lon="-112.7850890">
    <ele>692.8</ele>
    <time>2024-07-09T21:59:02Z</time>
   </trkpt>
   <trkpt lat="51.4678610" lon="-112.7850020">
    <ele>692.8</ele>
    <time>2024-07-09T21:59:03Z</time>
   </trkpt>
   <trkpt lat="51.4678380" lon="-112.7849160">
    <ele>692.8</ele>
    <time>2024-07-09T21:59:04Z</time>
   </trkpt>
   <trkpt lat="51.4678140" lon="-112.7848320">
    <ele>692.8</ele>
    <time>2024-07-09T21:59:05Z</time>
   </trkpt>
   <trkpt lat="51.4677930" lon="-112.7847460">
    <ele>692.8</ele>
    <time>2024-07-09T21:59:06Z</time>
   </trkpt>
   <trkpt lat="51.4677730" lon="-112.7846590">
    <ele>692.8</ele>
    <time>2024-07-09T21:59:07Z</time>
   </trkpt>
   <trkpt lat="51.4677490" lon="-112.7845720">
    <ele>692.9</ele>
    <time>2024-07-09T21:59:08Z</time>
   </trkpt>
   <trkpt lat="51.4677260" lon="-112.7844860">
    <ele>692.9</ele>
    <time>2024-07-09T21:59:09Z</time>
   </trkpt>
   <trkpt lat="51.4677060" lon="-112.7843960">
    <ele>692.9</ele>
    <time>2024-07-09T21:59:10Z</time>
   </trkpt>
   <trkpt lat="51.4676850" lon="-112.7843080">
    <ele>692.9</ele>
    <time>2024-07-09T21:59:11Z</time>
   </trkpt>
   <trkpt lat="51.4676650" lon="-112.7842200">
    <ele>692.9</ele>
    <time>2024-07-09T21:59:12Z</time>
   </trkpt>
   <trkpt lat="51.4676210" lon="-112.7840450">
    <ele>692.9</ele>
    <time>2024-07-09T21:59:13Z</time>
   </trkpt>
   <trkpt lat="51.4676000" lon="-112.7839540">
    <ele>692.9</ele>
    <time>2024-07-09T21:59:14Z</time>
   </trkpt>
   <trkpt lat="51.4675770" lon="-112.7838650">
    <ele>692.9</ele>
    <time>2024-07-09T21:59:15Z</time>
   </trkpt>
   <trkpt lat="51.4675540" lon="-112.7837740">
    <ele>692.9</ele>
    <time>2024-07-09T21:59:16Z</time>
   </trkpt>
   <trkpt lat="51.4675310" lon="-112.7836830">
    <ele>692.9</ele>
    <time>2024-07-09T21:59:17Z</time>
   </trkpt>
   <trkpt lat="51.4675090" lon="-112.7835900">
    <ele>692.9</ele>
    <time>2024-07-09T21:59:18Z</time>
   </trkpt>
   <trkpt lat="51.4674850" lon="-112.7834930">
    <ele>692.9</ele>
    <time>2024-07-09T21:59:19Z</time>
   </trkpt>
   <trkpt lat="51.4674590" lon="-112.7833960">
    <ele>692.9</ele>
    <time>2024-07-09T21:59:20Z</time>
   </trkpt>
   <trkpt lat="51.4674350" lon="-112.7832970">
    <ele>692.9</ele>
    <time>2024-07-09T21:59:21Z</time>
   </trkpt>
   <trkpt lat="51.4674100" lon="-112.7831970">
    <ele>692.8</ele>
    <time>2024-07-09T21:59:22Z</time>
   </trkpt>
   <trkpt lat="51.4673830" lon="-112.7830950">
    <ele>692.8</ele>
    <time>2024-07-09T21:59:23Z</time>
   </trkpt>
   <trkpt lat="51.4673590" lon="-112.7829940">
    <ele>692.8</ele>
    <time>2024-07-09T21:59:24Z</time>
   </trkpt>
   <trkpt lat="51.4673370" lon="-112.7828930">
    <ele>692.7</ele>
    <time>2024-07-09T21:59:25Z</time>
   </trkpt>
   <trkpt lat="51.4673140" lon="-112.7827890">
    <ele>692.7</ele>
    <time>2024-07-09T21:59:26Z</time>
   </trkpt>
   <trkpt lat="51.4672870" lon="-112.7826880">
    <ele>692.7</ele>
    <time>2024-07-09T21:59:27Z</time>
   </trkpt>
   <trkpt lat="51.4672620" lon="-112.7825890">
    <ele>692.6</ele>
    <time>2024-07-09T21:59:28Z</time>
   </trkpt>
   <trkpt lat="51.4672340" lon="-112.7824840">
    <ele>692.5</ele>
    <time>2024-07-09T21:59:29Z</time>
   </trkpt>
   <trkpt lat="51.4672110" lon="-112.7823780">
    <ele>692.5</ele>
    <time>2024-07-09T21:59:30Z</time>
   </trkpt>
   <trkpt lat="51.4671850" lon="-112.7822700">
    <ele>692.4</ele>
    <time>2024-07-09T21:59:31Z</time>
   </trkpt>
   <trkpt lat="51.4671550" lon="-112.7821650">
    <ele>692.3</ele>
    <time>2024-07-09T21:59:32Z</time>
   </trkpt>
   <trkpt lat="51.4671290" lon="-112.7820580">
    <ele>692.2</ele>
    <time>2024-07-09T21:59:33Z</time>
   </trkpt>
   <trkpt lat="51.4671030" lon="-112.7819500">
    <ele>692.1</ele>
    <time>2024-07-09T21:59:34Z</time>
   </trkpt>
   <trkpt lat="51.4670760" lon="-112.7818420">
    <ele>692.0</ele>
    <time>2024-07-09T21:59:35Z</time>
   </trkpt>
   <trkpt lat="51.4670500" lon="-112.7817320">
    <ele>691.9</ele>
    <time>2024-07-09T21:59:36Z</time>
   </trkpt>
   <trkpt lat="51.4670240" lon="-112.7816260">
    <ele>691.8</ele>
    <time>2024-07-09T21:59:37Z</time>
   </trkpt>
   <trkpt lat="51.4669980" lon="-112.7815170">
    <ele>691.7</ele>
    <time>2024-07-09T21:59:38Z</time>
   </trkpt>
   <trkpt lat="51.4669670" lon="-112.7814060">
    <ele>691.6</ele>
    <time>2024-07-09T21:59:39Z</time>
   </trkpt>
   <trkpt lat="51.4669410" lon="-112.7813000">
    <ele>691.5</ele>
    <time>2024-07-09T21:59:40Z</time>
   </trkpt>
   <trkpt lat="51.4669080" lon="-112.7811900">
    <ele>691.3</ele>
    <time>2024-07-09T21:59:41Z</time>
   </trkpt>
   <trkpt lat="51.4668820" lon="-112.7810790">
    <ele>691.2</ele>
    <time>2024-07-09T21:59:42Z</time>
   </trkpt>
   <trkpt lat="51.4668590" lon="-112.7809730">
    <ele>691.1</ele>
    <time>2024-07-09T21:59:43Z</time>
   </trkpt>
   <trkpt lat="51.4668310" lon="-112.7808640">
    <ele>691.0</ele>
    <time>2024-07-09T21:59:44Z</time>
   </trkpt>
   <trkpt lat="51.4668010" lon="-112.7807550">
    <ele>690.9</ele>
    <time>2024-07-09T21:59:45Z</time>
   </trkpt>
   <trkpt lat="51.4667740" lon="-112.7806470">
    <ele>690.8</ele>
    <time>2024-07-09T21:59:46Z</time>
   </trkpt>
   <trkpt lat="51.4667460" lon="-112.7805350">
    <ele>690.7</ele>
    <time>2024-07-09T21:59:47Z</time>
   </trkpt>
   <trkpt lat="51.4667240" lon="-112.7804250">
    <ele>690.6</ele>
    <time>2024-07-09T21:59:48Z</time>
   </trkpt>
   <trkpt lat="51.4666970" lon="-112.7803130">
    <ele>690.5</ele>
    <time>2024-07-09T21:59:49Z</time>
   </trkpt>
   <trkpt lat="51.4666660" lon="-112.7802020">
    <ele>690.4</ele>
    <time>2024-07-09T21:59:50Z</time>
   </trkpt>
   <trkpt lat="51.4666380" lon="-112.7800870">
    <ele>690.3</ele>
    <time>2024-07-09T21:59:51Z</time>
   </trkpt>
   <trkpt lat="51.4666090" lon="-112.7799700">
    <ele>690.2</ele>
    <time>2024-07-09T21:59:52Z</time>
   </trkpt>
   <trkpt lat="51.4665810" lon="-112.7798510">
    <ele>690.1</ele>
    <time>2024-07-09T21:59:53Z</time>
   </trkpt>
   <trkpt lat="51.4665460" lon="-112.7797260">
    <ele>689.9</ele>
    <time>2024-07-09T21:59:54Z</time>
   </trkpt>
   <trkpt lat="51.4665220" lon="-112.7796030">
    <ele>689.8</ele>
    <time>2024-07-09T21:59:55Z</time>
   </trkpt>
   <trkpt lat="51.4664940" lon="-112.7794780">
    <ele>689.7</ele>
    <time>2024-07-09T21:59:56Z</time>
   </trkpt>
   <trkpt lat="51.4664540" lon="-112.7793470">
    <ele>689.5</ele>
    <time>2024-07-09T21:59:57Z</time>
   </trkpt>
   <trkpt lat="51.4664240" lon="-112.7792220">
    <ele>689.4</ele>
    <time>2024-07-09T21:59:58Z</time>
   </trkpt>
   <trkpt lat="51.4663930" lon="-112.7790980">
    <ele>689.3</ele>
    <time>2024-07-09T21:59:59Z</time>
   </trkpt>
   <trkpt lat="51.4663610" lon="-112.7789730">
    <ele>689.3</ele>
    <time>2024-07-09T22:00:00Z</time>
   </trkpt>
   <trkpt lat="51.4663290" lon="-112.7788530">
    <ele>689.2</ele>
    <time>2024-07-09T22:00:01Z</time>
   </trkpt>
   <trkpt lat="51.4662960" lon="-112.7787290">
    <ele>689.2</ele>
    <time>2024-07-09T22:00:02Z</time>
   </trkpt>
   <trkpt lat="51.4662650" lon="-112.7786040">
    <ele>689.2</ele>
    <time>2024-07-09T22:00:03Z</time>
   </trkpt>
   <trkpt lat="51.4662390" lon="-112.7784880">
    <ele>689.1</ele>
    <time>2024-07-09T22:00:04Z</time>
   </trkpt>
   <trkpt lat="51.4662080" lon="-112.7783700">
    <ele>689.1</ele>
    <time>2024-07-09T22:00:05Z</time>
   </trkpt>
   <trkpt lat="51.4661770" lon="-112.7782520">
    <ele>689.0</ele>
    <time>2024-07-09T22:00:06Z</time>
   </trkpt>
   <trkpt lat="51.4661430" lon="-112.7781470">
    <ele>689.0</ele>
    <time>2024-07-09T22:00:07Z</time>
   </trkpt>
   <trkpt lat="51.4661150" lon="-112.7780260">
    <ele>689.0</ele>
    <time>2024-07-09T22:00:08Z</time>
   </trkpt>
   <trkpt lat="51.4660910" lon="-112.7779130">
    <ele>688.9</ele>
    <time>2024-07-09T22:00:09Z</time>
   </trkpt>
   <trkpt lat="51.4660660" lon="-112.7777990">
    <ele>688.9</ele>
    <time>2024-07-09T22:00:10Z</time>
   </trkpt>
   <trkpt lat="51.4660340" lon="-112.7776910">
    <ele>688.9</ele>
    <time>2024-07-09T22:00:11Z</time>
   </trkpt>
   <trkpt lat="51.4660080" lon="-112.7775830">
    <ele>688.9</ele>
    <time>2024-07-09T22:00:12Z</time>
   </trkpt>
   <trkpt lat="51.4659810" lon="-112.7774770">
    <ele>688.9</ele>
    <time>2024-07-09T22:00:13Z</time>
   </trkpt>
   <trkpt lat="51.4659540" lon="-112.7773570">
    <ele>688.9</ele>
    <time>2024-07-09T22:00:14Z</time>
   </trkpt>
   <trkpt lat="51.4659270" lon="-112.7772600">
    <ele>688.9</ele>
    <time>2024-07-09T22:00:15Z</time>
   </trkpt>
   <trkpt lat="51.4659000" lon="-112.7771560">
    <ele>688.9</ele>
    <time>2024-07-09T22:00:16Z</time>
   </trkpt>
   <trkpt lat="51.4658740" lon="-112.7770470">
    <ele>688.9</ele>
    <time>2024-07-09T22:00:17Z</time>
   </trkpt>
   <trkpt lat="51.4658490" lon="-112.7769430">
    <ele>688.8</ele>
    <time>2024-07-09T22:00:18Z</time>
   </trkpt>
   <trkpt lat="51.4658260" lon="-112.7768380">
    <ele>688.8</ele>
    <time>2024-07-09T22:00:19Z</time>
   </trkpt>
   <trkpt lat="51.4657960" lon="-112.7767390">
    <ele>688.8</ele>
    <time>2024-07-09T22:00:20Z</time>
   </trkpt>
   <trkpt lat="51.4657710" lon="-112.7766370">
    <ele>688.8</ele>
    <time>2024-07-09T22:00:21Z</time>
   </trkpt>
   <trkpt lat="51.4657490" lon="-112.7765410">
    <ele>688.8</ele>
    <time>2024-07-09T22:00:22Z</time>
   </trkpt>
   <trkpt lat="51.4657220" lon="-112.7764430">
    <ele>688.8</ele>
    <time>2024-07-09T22:00:23Z</time>
   </trkpt>
   <trkpt lat="51.4657020" lon="-112.7763490">
    <ele>688.8</ele>
    <time>2024-07-09T22:00:24Z</time>
   </trkpt>
   <trkpt lat="51.4656750" lon="-112.7762560">
    <ele>688.8</ele>
    <time>2024-07-09T22:00:25Z</time>
   </trkpt>
   <trkpt lat="51.4656510" lon="-112.7761580">
    <ele>688.8</ele>
    <time>2024-07-09T22:00:26Z</time>
   </trkpt>
   <trkpt lat="51.4656320" lon="-112.7760720">
    <ele>688.8</ele>
    <time>2024-07-09T22:00:27Z</time>
   </trkpt>
   <trkpt lat="51.4656080" lon="-112.7759770">
    <ele>688.8</ele>
    <time>2024-07-09T22:00:28Z</time>
   </trkpt>
   <trkpt lat="51.4655890" lon="-112.7758930">
    <ele>688.8</ele>
    <time>2024-07-09T22:00:29Z</time>
   </trkpt>
   <trkpt lat="51.4655640" lon="-112.7758010">
    <ele>688.8</ele>
    <time>2024-07-09T22:00:30Z</time>
   </trkpt>
   <trkpt lat="51.4655390" lon="-112.7757140">
    <ele>688.8</ele>
    <time>2024-07-09T22:00:31Z</time>
   </trkpt>
   <trkpt lat="51.4655160" lon="-112.7756250">
    <ele>688.8</ele>
    <time>2024-07-09T22:00:32Z</time>
   </trkpt>
   <trkpt lat="51.4655020" lon="-112.7755410">
    <ele>688.8</ele>
    <time>2024-07-09T22:00:33Z</time>
   </trkpt>
   <trkpt lat="51.4654790" lon="-112.7754490">
    <ele>688.7</ele>
    <time>2024-07-09T22:00:34Z</time>
   </trkpt>
   <trkpt lat="51.4654550" lon="-112.7753600">
    <ele>688.7</ele>
    <time>2024-07-09T22:00:35Z</time>
   </trkpt>
   <trkpt lat="51.4654330" lon="-112.7752720">
    <ele>688.6</ele>
    <time>2024-07-09T22:00:36Z</time>
   </trkpt>
   <trkpt lat="51.4654140" lon="-112.7751840">
    <ele>688.6</ele>
    <time>2024-07-09T22:00:37Z</time>
   </trkpt>
   <trkpt lat="51.4653910" lon="-112.7750910">
    <ele>688.5</ele>
    <time>2024-07-09T22:00:38Z</time>
   </trkpt>
   <trkpt lat="51.4653690" lon="-112.7750030">
    <ele>688.5</ele>
    <time>2024-07-09T22:00:39Z</time>
   </trkpt>
   <trkpt lat="51.4653420" lon="-112.7749100">
    <ele>688.5</ele>
    <time>2024-07-09T22:00:40Z</time>
   </trkpt>
   <trkpt lat="51.4653240" lon="-112.7748170">
    <ele>688.4</ele>
    <time>2024-07-09T22:00:41Z</time>
   </trkpt>
   <trkpt lat="51.4653040" lon="-112.7747250">
    <ele>688.4</ele>
    <time>2024-07-09T22:00:42Z</time>
   </trkpt>
   <trkpt lat="51.4652810" lon="-112.7746330">
    <ele>688.4</ele>
    <time>2024-07-09T22:00:43Z</time>
   </trkpt>
   <trkpt lat="51.4652610" lon="-112.7745400">
    <ele>688.4</ele>
    <time>2024-07-09T22:00:44Z</time>
   </trkpt>
   <trkpt lat="51.4652410" lon="-112.7744480">
    <ele>688.3</ele>
    <time>2024-07-09T22:00:45Z</time>
   </trkpt>
   <trkpt lat="51.4652220" lon="-112.7743520">
    <ele>688.3</ele>
    <time>2024-07-09T22:00:46Z</time>
   </trkpt>
   <trkpt lat="51.4651990" lon="-112.7742560">
    <ele>688.2</ele>
    <time>2024-07-09T22:00:47Z</time>
   </trkpt>
   <trkpt lat="51.4651770" lon="-112.7741600">
    <ele>688.2</ele>
    <time>2024-07-09T22:00:48Z</time>
   </trkpt>
   <trkpt lat="51.4651530" lon="-112.7740580">
    <ele>688.2</ele>
    <time>2024-07-09T22:00:49Z</time>
   </trkpt>
   <trkpt lat="51.4651320" lon="-112.7739550">
    <ele>688.1</ele>
    <time>2024-07-09T22:00:50Z</time>
   </trkpt>
   <trkpt lat="51.4651130" lon="-112.7738500">
    <ele>688.1</ele>
    <time>2024-07-09T22:00:51Z</time>
   </trkpt>
   <trkpt lat="51.4650930" lon="-112.7737480">
    <ele>688.0</ele>
    <time>2024-07-09T22:00:52Z</time>
   </trkpt>
   <trkpt lat="51.4650790" lon="-112.7736500">
    <ele>688.0</ele>
    <time>2024-07-09T22:00:53Z</time>
   </trkpt>
   <trkpt lat="51.4650580" lon="-112.7735510">
    <ele>687.9</ele>
    <time>2024-07-09T22:00:54Z</time>
   </trkpt>
   <trkpt lat="51.4650380" lon="-112.7734490">
    <ele>687.9</ele>
    <time>2024-07-09T22:00:55Z</time>
   </trkpt>
   <trkpt lat="51.4650240" lon="-112.7733490">
    <ele>687.8</ele>
    <time>2024-07-09T22:00:56Z</time>
   </trkpt>
   <trkpt lat="51.4650050" lon="-112.7732620">
    <ele>687.8</ele>
    <time>2024-07-09T22:00:57Z</time>
   </trkpt>
   <trkpt lat="51.4649870" lon="-112.7731690">
    <ele>687.8</ele>
    <time>2024-07-09T22:00:58Z</time>
   </trkpt>
   <trkpt lat="51.4649680" lon="-112.7730730">
    <ele>687.8</ele>
    <time>2024-07-09T22:00:59Z</time>
   </trkpt>
   <trkpt lat="51.4649500" lon="-112.7729790">
    <ele>687.8</ele>
    <time>2024-07-09T22:01:00Z</time>
   </trkpt>
   <trkpt lat="51.4649310" lon="-112.7728860">
    <ele>687.7</ele>
    <time>2024-07-09T22:01:01Z</time>
   </trkpt>
   <trkpt lat="51.4649200" lon="-112.7727940">
    <ele>687.7</ele>
    <time>2024-07-09T22:01:02Z</time>
   </trkpt>
   <trkpt lat="51.4649010" lon="-112.7726930">
    <ele>687.7</ele>
    <time>2024-07-09T22:01:03Z</time>
   </trkpt>
   <trkpt lat="51.4648840" lon="-112.7726020">
    <ele>687.6</ele>
    <time>2024-07-09T22:01:04Z</time>
   </trkpt>
   <trkpt lat="51.4648700" lon="-112.7725070">
    <ele>687.6</ele>
    <time>2024-07-09T22:01:05Z</time>
   </trkpt>
   <trkpt lat="51.4648600" lon="-112.7724110">
    <ele>687.6</ele>
    <time>2024-07-09T22:01:06Z</time>
   </trkpt>
   <trkpt lat="51.4648420" lon="-112.7723280">
    <ele>687.5</ele>
    <time>2024-07-09T22:01:07Z</time>
   </trkpt>
   <trkpt lat="51.4648260" lon="-112.7722290">
    <ele>687.5</ele>
    <time>2024-07-09T22:01:08Z</time>
   </trkpt>
   <trkpt lat="51.4648080" lon="-112.7721270">
    <ele>687.5</ele>
    <time>2024-07-09T22:01:09Z</time>
   </trkpt>
   <trkpt lat="51.4647920" lon="-112.7720270">
    <ele>687.5</ele>
    <time>2024-07-09T22:01:10Z</time>
   </trkpt>
   <trkpt lat="51.4647780" lon="-112.7719300">
    <ele>687.5</ele>
    <time>2024-07-09T22:01:11Z</time>
   </trkpt>
   <trkpt lat="51.4647650" lon="-112.7718320">
    <ele>687.5</ele>
    <time>2024-07-09T22:01:12Z</time>
   </trkpt>
   <trkpt lat="51.4647500" lon="-112.7717310">
    <ele>687.5</ele>
    <time>2024-07-09T22:01:13Z</time>
   </trkpt>
   <trkpt lat="51.4647360" lon="-112.7716330">
    <ele>687.5</ele>
    <time>2024-07-09T22:01:14Z</time>
   </trkpt>
   <trkpt lat="51.4647250" lon="-112.7715520">
    <ele>687.5</ele>
    <time>2024-07-09T22:01:15Z</time>
   </trkpt>
   <trkpt lat="51.4647080" lon="-112.7714420">
    <ele>687.5</ele>
    <time>2024-07-09T22:01:16Z</time>
   </trkpt>
   <trkpt lat="51.4646990" lon="-112.7713530">
    <ele>687.5</ele>
    <time>2024-07-09T22:01:17Z</time>
   </trkpt>
   <trkpt lat="51.4646860" lon="-112.7712550">
    <ele>687.5</ele>
    <time>2024-07-09T22:01:18Z</time>
   </trkpt>
   <trkpt lat="51.4646690" lon="-112.7711550">
    <ele>687.5</ele>
    <time>2024-07-09T22:01:19Z</time>
   </trkpt>
   <trkpt lat="51.4646550" lon="-112.7710600">
    <ele>687.6</ele>
    <time>2024-07-09T22:01:20Z</time>
   </trkpt>
   <trkpt lat="51.4646460" lon="-112.7709640">
    <ele>687.6</ele>
    <time>2024-07-09T22:01:21Z</time>
   </trkpt>
   <trkpt lat="51.4646370" lon="-112.7708620">
    <ele>687.6</ele>
    <time>2024-07-09T22:01:22Z</time>
   </trkpt>
   <trkpt lat="51.4646250" lon="-112.7707750">
    <ele>687.7</ele>
    <time>2024-07-09T22:01:23Z</time>
   </trkpt>
   <trkpt lat="51.4646130" lon="-112.7706800">
    <ele>687.7</ele>
    <time>2024-07-09T22:01:24Z</time>
   </trkpt>
   <trkpt lat="51.4646010" lon="-112.7705850">
    <ele>687.8</ele>
    <time>2024-07-09T22:01:25Z</time>
   </trkpt>
   <trkpt lat="51.4645930" lon="-112.7704910">
    <ele>687.9</ele>
    <time>2024-07-09T22:01:26Z</time>
   </trkpt>
   <trkpt lat="51.4645800" lon="-112.7703940">
    <ele>688.0</ele>
    <time>2024-07-09T22:01:27Z</time>
   </trkpt>
   <trkpt lat="51.4645720" lon="-112.7703050">
    <ele>688.1</ele>
    <time>2024-07-09T22:01:28Z</time>
   </trkpt>
   <trkpt lat="51.4645630" lon="-112.7702130">
    <ele>688.2</ele>
    <time>2024-07-09T22:01:29Z</time>
   </trkpt>
   <trkpt lat="51.4645540" lon="-112.7701210">
    <ele>688.3</ele>
    <time>2024-07-09T22:01:30Z</time>
   </trkpt>
   <trkpt lat="51.4645440" lon="-112.7700310">
    <ele>688.4</ele>
    <time>2024-07-09T22:01:31Z</time>
   </trkpt>
   <trkpt lat="51.4645360" lon="-112.7699370">
    <ele>688.5</ele>
    <time>2024-07-09T22:01:32Z</time>
   </trkpt>
   <trkpt lat="51.4645240" lon="-112.7698450">
    <ele>688.5</ele>
    <time>2024-07-09T22:01:33Z</time>
   </trkpt>
   <trkpt lat="51.4645170" lon="-112.7697510">
    <ele>688.7</ele>
    <time>2024-07-09T22:01:34Z</time>
   </trkpt>
   <trkpt lat="51.4645070" lon="-112.7696590">
    <ele>688.8</ele>
    <time>2024-07-09T22:01:35Z</time>
   </trkpt>
   <trkpt lat="51.4645060" lon="-112.7695760">
    <ele>688.9</ele>
    <time>2024-07-09T22:01:36Z</time>
   </trkpt>
   <trkpt lat="51.4644940" lon="-112.7694870">
    <ele>689.0</ele>
    <time>2024-07-09T22:01:37Z</time>
   </trkpt>
   <trkpt lat="51.4644840" lon="-112.7693980">
    <ele>689.1</ele>
    <time>2024-07-09T22:01:38Z</time>
   </trkpt>
   <trkpt lat="51.4644780" lon="-112.7693150">
    <ele>689.2</ele>
    <time>2024-07-09T22:01:39Z</time>
   </trkpt>
   <trkpt lat="51.4644690" lon="-112.7692340">
    <ele>689.3</ele>
    <time>2024-07-09T22:01:40Z</time>
   </trkpt>
   <trkpt lat="51.4644620" lon="-112.7691530">
    <ele>689.4</ele>
    <time>2024-07-09T22:01:41Z</time>
   </trkpt>
   <trkpt lat="51.4644570" lon="-112.7690710">
    <ele>689.5</ele>
    <time>2024-07-09T22:01:42Z</time>
   </trkpt>
   <trkpt lat="51.4644490" lon="-112.7689910">
    <ele>689.6</ele>
    <time>2024-07-09T22:01:43Z</time>
   </trkpt>
   <trkpt lat="51.4644410" lon="-112.7689100">
    <ele>689.7</ele>
    <time>2024-07-09T22:01:44Z</time>
   </trkpt>
   <trkpt lat="51.4644330" lon="-112.7688250">
    <ele>689.8</ele>
    <time>2024-07-09T22:01:45Z</time>
   </trkpt>
   <trkpt lat="51.4644180" lon="-112.7687340">
    <ele>689.9</ele>
    <time>2024-07-09T22:01:46Z</time>
   </trkpt>
   <trkpt lat="51.4644170" lon="-112.7686510">
    <ele>690.1</ele>
    <time>2024-07-09T22:01:47Z</time>
   </trkpt>
   <trkpt lat="51.4644080" lon="-112.7685740">
    <ele>690.2</ele>
    <time>2024-07-09T22:01:48Z</time>
   </trkpt>
   <trkpt lat="51.4644040" lon="-112.7685250">
    <ele>690.2</ele>
    <time>2024-07-09T22:01:49Z</time>
   </trkpt>
   <trkpt lat="51.4643980" lon="-112.7684790">
    <ele>690.3</ele>
    <time>2024-07-09T22:01:50Z</time>
   </trkpt>
   <trkpt lat="51.4643780" lon="-112.7683310">
    <ele>690.5</ele>
    <time>2024-07-09T22:01:51Z</time>
   </trkpt>
   <trkpt lat="51.4643710" lon="-112.7682560">
    <ele>690.5</ele>
    <time>2024-07-09T22:01:52Z</time>
   </trkpt>
   <trkpt lat="51.4643620" lon="-112.7681770">
    <ele>690.6</ele>
    <time>2024-07-09T22:01:53Z</time>
   </trkpt>
   <trkpt lat="51.4643570" lon="-112.7680910">
    <ele>690.7</ele>
    <time>2024-07-09T22:01:54Z</time>
   </trkpt>
   <trkpt lat="51.4643450" lon="-112.7680100">
    <ele>690.8</ele>
    <time>2024-07-09T22:01:55Z</time>
   </trkpt>
   <trkpt lat="51.4643380" lon="-112.7679230">
    <ele>690.8</ele>
    <time>2024-07-09T22:01:56Z</time>
   </trkpt>
   <trkpt lat="51.4643290" lon="-112.7678390">
    <ele>690.9</ele>
    <time>2024-07-09T22:01:57Z</time>
   </trkpt>
   <trkpt lat="51.4643220" lon="-112.7677550">
    <ele>691.0</ele>
    <time>2024-07-09T22:01:58Z</time>
   </trkpt>
   <trkpt lat="51.4643070" lon="-112.7676730">
    <ele>691.1</ele>
    <time>2024-07-09T22:01:59Z</time>
   </trkpt>
   <trkpt lat="51.4643030" lon="-112.7675890">
    <ele>691.1</ele>
    <time>2024-07-09T22:02:00Z</time>
   </trkpt>
   <trkpt lat="51.4643010" lon="-112.7675110">
    <ele>691.2</ele>
    <time>2024-07-09T22:02:01Z</time>
   </trkpt>
   <trkpt lat="51.4642900" lon="-112.7674250">
    <ele>691.2</ele>
    <time>2024-07-09T22:02:02Z</time>
   </trkpt>
   <trkpt lat="51.4642840" lon="-112.7673470">
    <ele>691.3</ele>
    <time>2024-07-09T22:02:03Z</time>
   </trkpt>
   <trkpt lat="51.4642770" lon="-112.7672630">
    <ele>691.3</ele>
    <time>2024-07-09T22:02:04Z</time>
   </trkpt>
   <trkpt lat="51.4642760" lon="-112.7671770">
    <ele>691.3</ele>
    <time>2024-07-09T22:02:05Z</time>
   </trkpt>
   <trkpt lat="51.4642540" lon="-112.7670880">
    <ele>691.3</ele>
    <time>2024-07-09T22:02:06Z</time>
   </trkpt>
   <trkpt lat="51.4642590" lon="-112.7670070">
    <ele>691.4</ele>
    <time>2024-07-09T22:02:07Z</time>
   </trkpt>
   <trkpt lat="51.4642470" lon="-112.7669160">
    <ele>691.4</ele>
    <time>2024-07-09T22:02:08Z</time>
   </trkpt>
   <trkpt lat="51.4642400" lon="-112.7668240">
    <ele>691.4</ele>
    <time>2024-07-09T22:02:09Z</time>
   </trkpt>
   <trkpt lat="51.4642490" lon="-112.7667250">
    <ele>691.4</ele>
    <time>2024-07-09T22:02:10Z</time>
   </trkpt>
   <trkpt lat="51.4642380" lon="-112.7666320">
    <ele>691.5</ele>
    <time>2024-07-09T22:02:11Z</time>
   </trkpt>
   <trkpt lat="51.4642310" lon="-112.7665360">
    <ele>691.5</ele>
    <time>2024-07-09T22:02:12Z</time>
   </trkpt>
   <trkpt lat="51.4642200" lon="-112.7664450">
    <ele>691.5</ele>
    <time>2024-07-09T22:02:13Z</time>
   </trkpt>
   <trkpt lat="51.4642100" lon="-112.7663460">
    <ele>691.5</ele>
    <time>2024-07-09T22:02:14Z</time>
   </trkpt>
   <trkpt lat="51.4642030" lon="-112.7662540">
    <ele>691.5</ele>
    <time>2024-07-09T22:02:15Z</time>
   </trkpt>
   <trkpt lat="51.4641960" lon="-112.7661620">
    <ele>691.5</ele>
    <time>2024-07-09T22:02:16Z</time>
   </trkpt>
   <trkpt lat="51.4641890" lon="-112.7660660">
    <ele>691.5</ele>
    <time>2024-07-09T22:02:17Z</time>
   </trkpt>
   <trkpt lat="51.4641800" lon="-112.7659710">
    <ele>691.5</ele>
    <time>2024-07-09T22:02:18Z</time>
   </trkpt>
   <trkpt lat="51.4641700" lon="-112.7658810">
    <ele>691.5</ele>
    <time>2024-07-09T22:02:19Z</time>
   </trkpt>
   <trkpt lat="51.4641620" lon="-112.7657880">
    <ele>691.4</ele>
    <time>2024-07-09T22:02:20Z</time>
   </trkpt>
   <trkpt lat="51.4641530" lon="-112.7656940">
    <ele>691.4</ele>
    <time>2024-07-09T22:02:21Z</time>
   </trkpt>
   <trkpt lat="51.4641450" lon="-112.7655970">
    <ele>691.3</ele>
    <time>2024-07-09T22:02:22Z</time>
   </trkpt>
   <trkpt lat="51.4641390" lon="-112.7655030">
    <ele>691.3</ele>
    <time>2024-07-09T22:02:23Z</time>
   </trkpt>
   <trkpt lat="51.4641280" lon="-112.7654040">
    <ele>691.2</ele>
    <time>2024-07-09T22:02:24Z</time>
   </trkpt>
   <trkpt lat="51.4641190" lon="-112.7653060">
    <ele>691.1</ele>
    <time>2024-07-09T22:02:25Z</time>
   </trkpt>
   <trkpt lat="51.4641110" lon="-112.7652040">
    <ele>691.1</ele>
    <time>2024-07-09T22:02:26Z</time>
   </trkpt>
   <trkpt lat="51.4641000" lon="-112.7651050">
    <ele>691.0</ele>
    <time>2024-07-09T22:02:27Z</time>
   </trkpt>
   <trkpt lat="51.4640910" lon="-112.7649990">
    <ele>691.0</ele>
    <time>2024-07-09T22:02:28Z</time>
   </trkpt>
   <trkpt lat="51.4640830" lon="-112.7648950">
    <ele>690.9</ele>
    <time>2024-07-09T22:02:29Z</time>
   </trkpt>
   <trkpt lat="51.4640740" lon="-112.7647890">
    <ele>690.8</ele>
    <time>2024-07-09T22:02:30Z</time>
   </trkpt>
   <trkpt lat="51.4640670" lon="-112.7646840">
    <ele>690.8</ele>
    <time>2024-07-09T22:02:31Z</time>
   </trkpt>
   <trkpt lat="51.4640570" lon="-112.7645730">
    <ele>690.7</ele>
    <time>2024-07-09T22:02:32Z</time>
   </trkpt>
   <trkpt lat="51.4640450" lon="-112.7644620">
    <ele>690.6</ele>
    <time>2024-07-09T22:02:33Z</time>
   </trkpt>
   <trkpt lat="51.4640400" lon="-112.7643520">
    <ele>690.5</ele>
    <time>2024-07-09T22:02:34Z</time>
   </trkpt>
   <trkpt lat="51.4640280" lon="-112.7642390">
    <ele>690.4</ele>
    <time>2024-07-09T22:02:35Z</time>
   </trkpt>
   <trkpt lat="51.4640210" lon="-112.7641260">
    <ele>690.4</ele>
    <time>2024-07-09T22:02:36Z</time>
   </trkpt>
   <trkpt lat="51.4640020" lon="-112.7640150">
    <ele>690.3</ele>
    <time>2024-07-09T22:02:37Z</time>
   </trkpt>
   <trkpt lat="51.4639920" lon="-112.7639020">
    <ele>690.2</ele>
    <time>2024-07-09T22:02:38Z</time>
   </trkpt>
   <trkpt lat="51.4639860" lon="-112.7637880">
    <ele>690.1</ele>
    <time>2024-07-09T22:02:39Z</time>
   </trkpt>
   <trkpt lat="51.4639780" lon="-112.7636780">
    <ele>690.0</ele>
    <time>2024-07-09T22:02:40Z</time>
   </trkpt>
   <trkpt lat="51.4639700" lon="-112.7635620">
    <ele>689.9</ele>
    <time>2024-07-09T22:02:41Z</time>
   </trkpt>
   <trkpt lat="51.4639680" lon="-112.7634520">
    <ele>689.8</ele>
    <time>2024-07-09T22:02:42Z</time>
   </trkpt>
   <trkpt lat="51.4639540" lon="-112.7633350">
    <ele>689.7</ele>
    <time>2024-07-09T22:02:43Z</time>
   </trkpt>
   <trkpt lat="51.4639480" lon="-112.7632140">
    <ele>689.6</ele>
    <time>2024-07-09T22:02:44Z</time>
   </trkpt>
   <trkpt lat="51.4639260" lon="-112.7631030">
    <ele>689.4</ele>
    <time>2024-07-09T22:02:45Z</time>
   </trkpt>
   <trkpt lat="51.4639140" lon="-112.7629870">
    <ele>689.3</ele>
    <time>2024-07-09T22:02:46Z</time>
   </trkpt>
   <trkpt lat="51.4639060" lon="-112.7628780">
    <ele>689.3</ele>
    <time>2024-07-09T22:02:47Z</time>
   </trkpt>
   <trkpt lat="51.4638900" lon="-112.7627630">
    <ele>689.2</ele>
    <time>2024-07-09T22:02:48Z</time>
   </trkpt>
   <trkpt lat="51.4638790" lon="-112.7626490">
    <ele>689.1</ele>
    <time>2024-07-09T22:02:49Z</time>
   </trkpt>
   <trkpt lat="51.4638720" lon="-112.7625400">
    <ele>689.0</ele>
    <time>2024-07-09T22:02:50Z</time>
   </trkpt>
   <trkpt lat="51.4638600" lon="-112.7624290">
    <ele>688.9</ele>
    <time>2024-07-09T22:02:51Z</time>
   </trkpt>
   <trkpt lat="51.4638380" lon="-112.7623120">
    <ele>688.8</ele>
    <time>2024-07-09T22:02:52Z</time>
   </trkpt>
   <trkpt lat="51.4638330" lon="-112.7622070">
    <ele>688.7</ele>
    <time>2024-07-09T22:02:53Z</time>
   </trkpt>
   <trkpt lat="51.4638240" lon="-112.7620970">
    <ele>688.7</ele>
    <time>2024-07-09T22:02:54Z</time>
   </trkpt>
   <trkpt lat="51.4638160" lon="-112.7619900">
    <ele>688.6</ele>
    <time>2024-07-09T22:02:55Z</time>
   </trkpt>
   <trkpt lat="51.4637990" lon="-112.7618750">
    <ele>688.5</ele>
    <time>2024-07-09T22:02:56Z</time>
   </trkpt>
   <trkpt lat="51.4637940" lon="-112.7617760">
    <ele>688.5</ele>
    <time>2024-07-09T22:02:57Z</time>
   </trkpt>
   <trkpt lat="51.4637800" lon="-112.7616660">
    <ele>688.5</ele>
    <time>2024-07-09T22:02:58Z</time>
   </trkpt>
   <trkpt lat="51.4637690" lon="-112.7615580">
    <ele>688.5</ele>
    <time>2024-07-09T22:02:59Z</time>
   </trkpt>
   <trkpt lat="51.4637640" lon="-112.7614510">
    <ele>688.4</ele>
    <time>2024-07-09T22:03:00Z</time>
   </trkpt>
   <trkpt lat="51.4637580" lon="-112.7613480">
    <ele>688.4</ele>
    <time>2024-07-09T22:03:01Z</time>
   </trkpt>
   <trkpt lat="51.4637460" lon="-112.7612470">
    <ele>688.4</ele>
    <time>2024-07-09T22:03:02Z</time>
   </trkpt>
   <trkpt lat="51.4637300" lon="-112.7611340">
    <ele>688.3</ele>
    <time>2024-07-09T22:03:03Z</time>
   </trkpt>
   <trkpt lat="51.4637200" lon="-112.7610270">
    <ele>688.3</ele>
    <time>2024-07-09T22:03:04Z</time>
   </trkpt>
   <trkpt lat="51.4637090" lon="-112.7609200">
    <ele>688.2</ele>
    <time>2024-07-09T22:03:05Z</time>
   </trkpt>
   <trkpt lat="51.4636970" lon="-112.7608120">
    <ele>688.2</ele>
    <time>2024-07-09T22:03:06Z</time>
   </trkpt>
   <trkpt lat="51.4636900" lon="-112.7607040">
    <ele>688.1</ele>
    <time>2024-07-09T22:03:07Z</time>
   </trkpt>
   <trkpt lat="51.4636840" lon="-112.7605920">
    <ele>688.1</ele>
    <time>2024-07-09T22:03:08Z</time>
   </trkpt>
   <trkpt lat="51.4636730" lon="-112.7604850">
    <ele>688.1</ele>
    <time>2024-07-09T22:03:09Z</time>
   </trkpt>
   <trkpt lat="51.4636610" lon="-112.7603760">
    <ele>688.0</ele>
    <time>2024-07-09T22:03:10Z</time>
   </trkpt>
   <trkpt lat="51.4636490" lon="-112.7602670">
    <ele>688.0</ele>
    <time>2024-07-09T22:03:11Z</time>
   </trkpt>
   <trkpt lat="51.4636360" lon="-112.7601560">
    <ele>688.0</ele>
    <time>2024-07-09T22:03:12Z</time>
   </trkpt>
   <trkpt lat="51.4636300" lon="-112.7600490">
    <ele>687.9</ele>
    <time>2024-07-09T22:03:13Z</time>
   </trkpt>
   <trkpt lat="51.4636180" lon="-112.7599410">
    <ele>687.9</ele>
    <time>2024-07-09T22:03:14Z</time>
   </trkpt>
   <trkpt lat="51.4636120" lon="-112.7598220">
    <ele>687.8</ele>
    <time>2024-07-09T22:03:15Z</time>
   </trkpt>
   <trkpt lat="51.4636020" lon="-112.7597130">
    <ele>687.7</ele>
    <time>2024-07-09T22:03:16Z</time>
   </trkpt>
   <trkpt lat="51.4635940" lon="-112.7596040">
    <ele>687.7</ele>
    <time>2024-07-09T22:03:17Z</time>
   </trkpt>
   <trkpt lat="51.4635820" lon="-112.7594900">
    <ele>687.7</ele>
    <time>2024-07-09T22:03:18Z</time>
   </trkpt>
   <trkpt lat="51.4635750" lon="-112.7593810">
    <ele>687.7</ele>
    <time>2024-07-09T22:03:19Z</time>
   </trkpt>
   <trkpt lat="51.4635620" lon="-112.7592680">
    <ele>687.7</ele>
    <time>2024-07-09T22:03:20Z</time>
   </trkpt>
   <trkpt lat="51.4635560" lon="-112.7591600">
    <ele>687.8</ele>
    <time>2024-07-09T22:03:21Z</time>
   </trkpt>
   <trkpt lat="51.4635450" lon="-112.7590470">
    <ele>687.8</ele>
    <time>2024-07-09T22:03:22Z</time>
   </trkpt>
   <trkpt lat="51.4635330" lon="-112.7589380">
    <ele>687.8</ele>
    <time>2024-07-09T22:03:23Z</time>
   </trkpt>
   <trkpt lat="51.4635270" lon="-112.7588280">
    <ele>687.8</ele>
    <time>2024-07-09T22:03:24Z</time>
   </trkpt>
   <trkpt lat="51.4635130" lon="-112.7587240">
    <ele>687.9</ele>
    <time>2024-07-09T22:03:25Z</time>
   </trkpt>
   <trkpt lat="51.4635070" lon="-112.7586210">
    <ele>687.9</ele>
    <time>2024-07-09T22:03:26Z</time>
   </trkpt>
   <trkpt lat="51.4635020" lon="-112.7585170">
    <ele>688.0</ele>
    <time>2024-07-09T22:03:27Z</time>
   </trkpt>
   <trkpt lat="51.4634800" lon="-112.7584150">
    <ele>688.0</ele>
    <time>2024-07-09T22:03:28Z</time>
   </trkpt>
   <trkpt lat="51.4634720" lon="-112.7583140">
    <ele>688.0</ele>
    <time>2024-07-09T22:03:29Z</time>
   </trkpt>
   <trkpt lat="51.4634660" lon="-112.7582260">
    <ele>688.0</ele>
    <time>2024-07-09T22:03:30Z</time>
   </trkpt>
   <trkpt lat="51.4634590" lon="-112.7581250">
    <ele>688.0</ele>
    <time>2024-07-09T22:03:31Z</time>
   </trkpt>
   <trkpt lat="51.4634490" lon="-112.7580390">
    <ele>688.0</ele>
    <time>2024-07-09T22:03:32Z</time>
   </trkpt>
   <trkpt lat="51.4634270" lon="-112.7579480">
    <ele>688.0</ele>
    <time>2024-07-09T22:03:33Z</time>
   </trkpt>
   <trkpt lat="51.4634100" lon="-112.7578620">
    <ele>688.0</ele>
    <time>2024-07-09T22:03:34Z</time>
   </trkpt>
   <trkpt lat="51.4633990" lon="-112.7577750">
    <ele>688.1</ele>
    <time>2024-07-09T22:03:35Z</time>
   </trkpt>
   <trkpt lat="51.4633860" lon="-112.7576920">
    <ele>688.1</ele>
    <time>2024-07-09T22:03:36Z</time>
   </trkpt>
   <trkpt lat="51.4633690" lon="-112.7576060">
    <ele>688.2</ele>
    <time>2024-07-09T22:03:37Z</time>
   </trkpt>
   <trkpt lat="51.4633550" lon="-112.7575240">
    <ele>688.2</ele>
    <time>2024-07-09T22:03:38Z</time>
   </trkpt>
   <trkpt lat="51.4633340" lon="-112.7574330">
    <ele>688.2</ele>
    <time>2024-07-09T22:03:39Z</time>
   </trkpt>
   <trkpt lat="51.4633190" lon="-112.7573510">
    <ele>688.3</ele>
    <time>2024-07-09T22:03:40Z</time>
   </trkpt>
   <trkpt lat="51.4633020" lon="-112.7572630">
    <ele>688.3</ele>
    <time>2024-07-09T22:03:41Z</time>
   </trkpt>
   <trkpt lat="51.4632870" lon="-112.7571810">
    <ele>688.3</ele>
    <time>2024-07-09T22:03:42Z</time>
   </trkpt>
   <trkpt lat="51.4632690" lon="-112.7570980">
    <ele>688.4</ele>
    <time>2024-07-09T22:03:43Z</time>
   </trkpt>
   <trkpt lat="51.4632630" lon="-112.7570540">
    <ele>688.4</ele>
    <time>2024-07-09T22:03:44Z</time>
   </trkpt>
   <trkpt lat="51.4632350" lon="-112.7569370">
    <ele>688.4</ele>
    <time>2024-07-09T22:03:45Z</time>
   </trkpt>
   <trkpt lat="51.4632250" lon="-112.7568580">
    <ele>688.5</ele>
    <time>2024-07-09T22:03:46Z</time>
   </trkpt>
   <trkpt lat="51.4632130" lon="-112.7567810">
    <ele>688.5</ele>
    <time>2024-07-09T22:03:47Z</time>
   </trkpt>
   <trkpt lat="51.4631950" lon="-112.7566960">
    <ele>688.5</ele>
    <time>2024-07-09T22:03:48Z</time>
   </trkpt>
   <trkpt lat="51.4631920" lon="-112.7566080">
    <ele>688.5</ele>
    <time>2024-07-09T22:03:49Z</time>
   </trkpt>
   <trkpt lat="51.4631710" lon="-112.7565210">
    <ele>688.6</ele>
    <time>2024-07-09T22:03:50Z</time>
   </trkpt>
   <trkpt lat="51.4631630" lon="-112.7564380">
    <ele>688.6</ele>
    <time>2024-07-09T22:03:51Z</time>
   </trkpt>
   <trkpt lat="51.4631370" lon="-112.7563500">
    <ele>688.6</ele>
    <time>2024-07-09T22:03:52Z</time>
   </trkpt>
   <trkpt lat="51.4631190" lon="-112.7562630">
    <ele>688.6</ele>
    <time>2024-07-09T22:03:53Z</time>
   </trkpt>
   <trkpt lat="51.4631020" lon="-112.7561840">
    <ele>688.7</ele>
    <time>2024-07-09T22:03:54Z</time>
   </trkpt>
   <trkpt lat="51.4630880" lon="-112.7561010">
    <ele>688.7</ele>
    <time>2024-07-09T22:03:55Z</time>
   </trkpt>
   <trkpt lat="51.4630680" lon="-112.7560140">
    <ele>688.7</ele>
    <time>2024-07-09T22:03:56Z</time>
   </trkpt>
   <trkpt lat="51.4630490" lon="-112.7559370">
    <ele>688.7</ele>
    <time>2024-07-09T22:03:57Z</time>
   </trkpt>
   <trkpt lat="51.4630360" lon="-112.7558550">
    <ele>688.8</ele>
    <time>2024-07-09T22:03:58Z</time>
   </trkpt>
   <trkpt lat="51.4630200" lon="-112.7557710">
    <ele>688.8</ele>
    <time>2024-07-09T22:03:59Z</time>
   </trkpt>
   <trkpt lat="51.4630050" lon="-112.7556940">
    <ele>688.9</ele>
    <time>2024-07-09T22:04:00Z</time>
   </trkpt>
   <trkpt lat="51.4629870" lon="-112.7556030">
    <ele>688.9</ele>
    <time>2024-07-09T22:04:01Z</time>
   </trkpt>
   <trkpt lat="51.4629700" lon="-112.7555240">
    <ele>688.9</ele>
    <time>2024-07-09T22:04:02Z</time>
   </trkpt>
   <trkpt lat="51.4629510" lon="-112.7554490">
    <ele>688.9</ele>
    <time>2024-07-09T22:04:03Z</time>
   </trkpt>
   <trkpt lat="51.4629400" lon="-112.7553570">
    <ele>689.0</ele>
    <time>2024-07-09T22:04:04Z</time>
   </trkpt>
   <trkpt lat="51.4629200" lon="-112.7552740">
    <ele>689.0</ele>
    <time>2024-07-09T22:04:05Z</time>
   </trkpt>
   <trkpt lat="51.4629070" lon="-112.7551930">
    <ele>689.0</ele>
    <time>2024-07-09T22:04:06Z</time>
   </trkpt>
   <trkpt lat="51.4628960" lon="-112.7551070">
    <ele>689.0</ele>
    <time>2024-07-09T22:04:07Z</time>
   </trkpt>
   <trkpt lat="51.4628860" lon="-112.7550290">
    <ele>689.1</ele>
    <time>2024-07-09T22:04:08Z</time>
   </trkpt>
   <trkpt lat="51.4628730" lon="-112.7549440">
    <ele>689.1</ele>
    <time>2024-07-09T22:04:09Z</time>
   </trkpt>
   <trkpt lat="51.4628620" lon="-112.7548650">
    <ele>689.1</ele>
    <time>2024-07-09T22:04:10Z</time>
   </trkpt>
   <trkpt lat="51.4628500" lon="-112.7547820">
    <ele>689.2</ele>
    <time>2024-07-09T22:04:11Z</time>
   </trkpt>
   <trkpt lat="51.4628430" lon="-112.7547040">
    <ele>689.2</ele>
    <time>2024-07-09T22:04:12Z</time>
   </trkpt>
   <trkpt lat="51.4628320" lon="-112.7546250">
    <ele>689.2</ele>
    <time>2024-07-09T22:04:13Z</time>
   </trkpt>
   <trkpt lat="51.4628210" lon="-112.7545480">
    <ele>689.3</ele>
    <time>2024-07-09T22:04:14Z</time>
   </trkpt>
   <trkpt lat="51.4628210" lon="-112.7544710">
    <ele>689.3</ele>
    <time>2024-07-09T22:04:15Z</time>
   </trkpt>
   <trkpt lat="51.4628190" lon="-112.7543950">
    <ele>689.3</ele>
    <time>2024-07-09T22:04:16Z</time>
   </trkpt>
   <trkpt lat="51.4628110" lon="-112.7543210">
    <ele>689.3</ele>
    <time>2024-07-09T22:04:17Z</time>
   </trkpt>
   <trkpt lat="51.4628120" lon="-112.7542490">
    <ele>689.3</ele>
    <time>2024-07-09T22:04:18Z</time>
   </trkpt>
   <trkpt lat="51.4628040" lon="-112.7541840">
    <ele>689.3</ele>
    <time>2024-07-09T22:04:19Z</time>
   </trkpt>
   <trkpt lat="51.4628040" lon="-112.7541130">
    <ele>689.3</ele>
    <time>2024-07-09T22:04:20Z</time>
   </trkpt>
   <trkpt lat="51.4628110" lon="-112.7540310">
    <ele>689.3</ele>
    <time>2024-07-09T22:04:21Z</time>
   </trkpt>
   <trkpt lat="51.4628030" lon="-112.7539500">
    <ele>689.3</ele>
    <time>2024-07-09T22:04:22Z</time>
   </trkpt>
   <trkpt lat="51.4627990" lon="-112.7538690">
    <ele>689.3</ele>
    <time>2024-07-09T22:04:23Z</time>
   </trkpt>
   <trkpt lat="51.4628000" lon="-112.7537790">
    <ele>689.3</ele>
    <time>2024-07-09T22:04:24Z</time>
   </trkpt>
   <trkpt lat="51.4628090" lon="-112.7536860">
    <ele>689.3</ele>
    <time>2024-07-09T22:04:25Z</time>
   </trkpt>
   <trkpt lat="51.4628130" lon="-112.7536050">
    <ele>689.3</ele>
    <time>2024-07-09T22:04:26Z</time>
   </trkpt>
   <trkpt lat="51.4628180" lon="-112.7535080">
    <ele>689.2</ele>
    <time>2024-07-09T22:04:27Z</time>
   </trkpt>
   <trkpt lat="51.4628220" lon="-112.7534130">
    <ele>689.2</ele>
    <time>2024-07-09T22:04:28Z</time>
   </trkpt>
   <trkpt lat="51.4628250" lon="-112.7533150">
    <ele>689.2</ele>
    <time>2024-07-09T22:04:29Z</time>
   </trkpt>
   <trkpt lat="51.4628360" lon="-112.7532170">
    <ele>689.1</ele>
    <time>2024-07-09T22:04:30Z</time>
   </trkpt>
   <trkpt lat="51.4628430" lon="-112.7531170">
    <ele>689.1</ele>
    <time>2024-07-09T22:04:31Z</time>
   </trkpt>
   <trkpt lat="51.4628370" lon="-112.7530260">
    <ele>689.0</ele>
    <time>2024-07-09T22:04:32Z</time>
   </trkpt>
   <trkpt lat="51.4628510" lon="-112.7529170">
    <ele>689.0</ele>
    <time>2024-07-09T22:04:33Z</time>
   </trkpt>
   <trkpt lat="51.4628610" lon="-112.7528180">
    <ele>689.0</ele>
    <time>2024-07-09T22:04:34Z</time>
   </trkpt>
   <trkpt lat="51.4628740" lon="-112.7527180">
    <ele>689.0</ele>
    <time>2024-07-09T22:04:35Z</time>
   </trkpt>
   <trkpt lat="51.4628820" lon="-112.7526210">
    <ele>689.0</ele>
    <time>2024-07-09T22:04:36Z</time>
   </trkpt>
   <trkpt lat="51.4628920" lon="-112.7525230">
    <ele>689.0</ele>
    <time>2024-07-09T22:04:37Z</time>
   </trkpt>
   <trkpt lat="51.4628970" lon="-112.7524180">
    <ele>688.9</ele>
    <time>2024-07-09T22:04:38Z</time>
   </trkpt>
   <trkpt lat="51.4629080" lon="-112.7523140">
    <ele>688.9</ele>
    <time>2024-07-09T22:04:39Z</time>
   </trkpt>
   <trkpt lat="51.4629230" lon="-112.7522110">
    <ele>688.9</ele>
    <time>2024-07-09T22:04:40Z</time>
   </trkpt>
   <trkpt lat="51.4629280" lon="-112.7521120">
    <ele>688.9</ele>
    <time>2024-07-09T22:04:41Z</time>
   </trkpt>
   <trkpt lat="51.4629330" lon="-112.7520200">
    <ele>688.9</ele>
    <time>2024-07-09T22:04:42Z</time>
   </trkpt>
   <trkpt lat="51.4629400" lon="-112.7519270">
    <ele>688.9</ele>
    <time>2024-07-09T22:04:43Z</time>
   </trkpt>
   <trkpt lat="51.4629520" lon="-112.7517990">
    <ele>688.9</ele>
    <time>2024-07-09T22:04:44Z</time>
   </trkpt>
   <trkpt lat="51.4629600" lon="-112.7516910">
    <ele>688.9</ele>
    <time>2024-07-09T22:04:45Z</time>
   </trkpt>
   <trkpt lat="51.4629720" lon="-112.7515880">
    <ele>688.8</ele>
    <time>2024-07-09T22:04:46Z</time>
   </trkpt>
   <trkpt lat="51.4629840" lon="-112.7514810">
    <ele>688.8</ele>
    <time>2024-07-09T22:04:47Z</time>
   </trkpt>
   <trkpt lat="51.4629950" lon="-112.7513810">
    <ele>688.8</ele>
    <time>2024-07-09T22:04:48Z</time>
   </trkpt>
   <trkpt lat="51.4630080" lon="-112.7512690">
    <ele>688.8</ele>
    <time>2024-07-09T22:04:49Z</time>
   </trkpt>
   <trkpt lat="51.4630170" lon="-112.7511630">
    <ele>688.8</ele>
    <time>2024-07-09T22:04:50Z</time>
   </trkpt>
   <trkpt lat="51.4630260" lon="-112.7510570">
    <ele>688.8</ele>
    <time>2024-07-09T22:04:51Z</time>
   </trkpt>
   <trkpt lat="51.4630390" lon="-112.7509520">
    <ele>688.8</ele>
    <time>2024-07-09T22:04:52Z</time>
   </trkpt>
   <trkpt lat="51.4630510" lon="-112.7508440">
    <ele>688.8</ele>
    <time>2024-07-09T22:04:53Z</time>
   </trkpt>
   <trkpt lat="51.4630600" lon="-112.7507380">
    <ele>688.8</ele>
    <time>2024-07-09T22:04:54Z</time>
   </trkpt>
   <trkpt lat="51.4630700" lon="-112.7506290">
    <ele>688.8</ele>
    <time>2024-07-09T22:04:55Z</time>
   </trkpt>
   <trkpt lat="51.4630810" lon="-112.7505230">
    <ele>688.7</ele>
    <time>2024-07-09T22:04:56Z</time>
   </trkpt>
   <trkpt lat="51.4630920" lon="-112.7504150">
    <ele>688.7</ele>
    <time>2024-07-09T22:04:57Z</time>
   </trkpt>
   <trkpt lat="51.4631010" lon="-112.7503020">
    <ele>688.7</ele>
    <time>2024-07-09T22:04:58Z</time>
   </trkpt>
   <trkpt lat="51.4631140" lon="-112.7501920">
    <ele>688.7</ele>
    <time>2024-07-09T22:04:59Z</time>
   </trkpt>
   <trkpt lat="51.4631220" lon="-112.7500800">
    <ele>688.7</ele>
    <time>2024-07-09T22:05:00Z</time>
   </trkpt>
   <trkpt lat="51.4631360" lon="-112.7499700">
    <ele>688.7</ele>
    <time>2024-07-09T22:05:01Z</time>
   </trkpt>
   <trkpt lat="51.4631490" lon="-112.7498580">
    <ele>688.7</ele>
    <time>2024-07-09T22:05:02Z</time>
   </trkpt>
   <trkpt lat="51.4631650" lon="-112.7497430">
    <ele>688.6</ele>
    <time>2024-07-09T22:05:03Z</time>
   </trkpt>
   <trkpt lat="51.4631720" lon="-112.7496300">
    <ele>688.6</ele>
    <time>2024-07-09T22:05:04Z</time>
   </trkpt>
   <trkpt lat="51.4631760" lon="-112.7495260">
    <ele>688.6</ele>
    <time>2024-07-09T22:05:05Z</time>
   </trkpt>
   <trkpt lat="51.4631900" lon="-112.7494120">
    <ele>688.6</ele>
    <time>2024-07-09T22:05:06Z</time>
   </trkpt>
   <trkpt lat="51.4631970" lon="-112.7493030">
    <ele>688.5</ele>
    <time>2024-07-09T22:05:07Z</time>
   </trkpt>
   <trkpt lat="51.4632060" lon="-112.7491910">
    <ele>688.5</ele>
    <time>2024-07-09T22:05:08Z</time>
   </trkpt>
   <trkpt lat="51.4632340" lon="-112.7491260">
    <ele>688.5</ele>
    <time>2024-07-09T22:05:09Z</time>
   </trkpt>
   <trkpt lat="51.4632340" lon="-112.7489910">
    <ele>688.4</ele>
    <time>2024-07-09T22:05:10Z</time>
   </trkpt>
   <trkpt lat="51.4632430" lon="-112.7488800">
    <ele>688.4</ele>
    <time>2024-07-09T22:05:11Z</time>
   </trkpt>
   <trkpt lat="51.4632490" lon="-112.7487710">
    <ele>688.4</ele>
    <time>2024-07-09T22:05:12Z</time>
   </trkpt>
   <trkpt lat="51.4632650" lon="-112.7486660">
    <ele>688.4</ele>
    <time>2024-07-09T22:05:13Z</time>
   </trkpt>
   <trkpt lat="51.4632720" lon="-112.7485570">
    <ele>688.4</ele>
    <time>2024-07-09T22:05:14Z</time>
   </trkpt>
   <trkpt lat="51.4632840" lon="-112.7484450">
    <ele>688.4</ele>
    <time>2024-07-09T22:05:15Z</time>
   </trkpt>
   <trkpt lat="51.4632900" lon="-112.7483330">
    <ele>688.4</ele>
    <time>2024-07-09T22:05:16Z</time>
   </trkpt>
   <trkpt lat="51.4633060" lon="-112.7482260">
    <ele>688.5</ele>
    <time>2024-07-09T22:05:17Z</time>
   </trkpt>
   <trkpt lat="51.4633190" lon="-112.7481130">
    <ele>688.5</ele>
    <time>2024-07-09T22:05:18Z</time>
   </trkpt>
   <trkpt lat="51.4633300" lon="-112.7480070">
    <ele>688.4</ele>
    <time>2024-07-09T22:05:19Z</time>
   </trkpt>
   <trkpt lat="51.4633410" lon="-112.7478990">
    <ele>688.4</ele>
    <time>2024-07-09T22:05:20Z</time>
   </trkpt>
   <trkpt lat="51.4633520" lon="-112.7477880">
    <ele>688.4</ele>
    <time>2024-07-09T22:05:21Z</time>
   </trkpt>
   <trkpt lat="51.4633590" lon="-112.7476750">
    <ele>688.4</ele>
    <time>2024-07-09T22:05:22Z</time>
   </trkpt>
   <trkpt lat="51.4633670" lon="-112.7475810">
    <ele>688.4</ele>
    <time>2024-07-09T22:05:23Z</time>
   </trkpt>
   <trkpt lat="51.4633720" lon="-112.7474600">
    <ele>688.4</ele>
    <time>2024-07-09T22:05:24Z</time>
   </trkpt>
   <trkpt lat="51.4633810" lon="-112.7473510">
    <ele>688.3</ele>
    <time>2024-07-09T22:05:25Z</time>
   </trkpt>
   <trkpt lat="51.4633870" lon="-112.7472380">
    <ele>688.3</ele>
    <time>2024-07-09T22:05:26Z</time>
   </trkpt>
   <trkpt lat="51.4633940" lon="-112.7471240">
    <ele>688.2</ele>
    <time>2024-07-09T22:05:27Z</time>
   </trkpt>
   <trkpt lat="51.4634020" lon="-112.7470160">
    <ele>688.1</ele>
    <time>2024-07-09T22:05:28Z</time>
   </trkpt>
   <trkpt lat="51.4634250" lon="-112.7469080">
    <ele>688.0</ele>
    <time>2024-07-09T22:05:29Z</time>
   </trkpt>
   <trkpt lat="51.4634350" lon="-112.7467950">
    <ele>687.9</ele>
    <time>2024-07-09T22:05:30Z</time>
   </trkpt>
   <trkpt lat="51.4634490" lon="-112.7466830">
    <ele>687.7</ele>
    <time>2024-07-09T22:05:31Z</time>
   </trkpt>
   <trkpt lat="51.4634590" lon="-112.7465650">
    <ele>687.6</ele>
    <time>2024-07-09T22:05:32Z</time>
   </trkpt>
   <trkpt lat="51.4634670" lon="-112.7464500">
    <ele>687.5</ele>
    <time>2024-07-09T22:05:33Z</time>
   </trkpt>
   <trkpt lat="51.4634660" lon="-112.7463320">
    <ele>687.4</ele>
    <time>2024-07-09T22:05:34Z</time>
   </trkpt>
   <trkpt lat="51.4634750" lon="-112.7462050">
    <ele>687.3</ele>
    <time>2024-07-09T22:05:35Z</time>
   </trkpt>
   <trkpt lat="51.4634750" lon="-112.7460860">
    <ele>687.2</ele>
    <time>2024-07-09T22:05:36Z</time>
   </trkpt>
   <trkpt lat="51.4634710" lon="-112.7459640">
    <ele>687.1</ele>
    <time>2024-07-09T22:05:37Z</time>
   </trkpt>
   <trkpt lat="51.4634750" lon="-112.7458370">
    <ele>687.0</ele>
    <time>2024-07-09T22:05:38Z</time>
   </trkpt>
   <trkpt lat="51.4634820" lon="-112.7457100">
    <ele>686.9</ele>
    <time>2024-07-09T22:05:39Z</time>
   </trkpt>
   <trkpt lat="51.4634900" lon="-112.7455890">
    <ele>686.9</ele>
    <time>2024-07-09T22:05:40Z</time>
   </trkpt>
   <trkpt lat="51.4634980" lon="-112.7454660">
    <ele>686.8</ele>
    <time>2024-07-09T22:05:41Z</time>
   </trkpt>
   <trkpt lat="51.4635020" lon="-112.7453390">
    <ele>686.6</ele>
    <time>2024-07-09T22:05:42Z</time>
   </trkpt>
   <trkpt lat="51.4635110" lon="-112.7452170">
    <ele>686.5</ele>
    <time>2024-07-09T22:05:43Z</time>
   </trkpt>
   <trkpt lat="51.4635200" lon="-112.7450920">
    <ele>686.4</ele>
    <time>2024-07-09T22:05:44Z</time>
   </trkpt>
   <trkpt lat="51.4635220" lon="-112.7449660">
    <ele>686.3</ele>
    <time>2024-07-09T22:05:45Z</time>
   </trkpt>
   <trkpt lat="51.4635260" lon="-112.7448420">
    <ele>686.3</ele>
    <time>2024-07-09T22:05:46Z</time>
   </trkpt>
   <trkpt lat="51.4635290" lon="-112.7447160">
    <ele>686.2</ele>
    <time>2024-07-09T22:05:47Z</time>
   </trkpt>
   <trkpt lat="51.4635350" lon="-112.7445950">
    <ele>686.2</ele>
    <time>2024-07-09T22:05:48Z</time>
   </trkpt>
   <trkpt lat="51.4635400" lon="-112.7444690">
    <ele>686.2</ele>
    <time>2024-07-09T22:05:49Z</time>
   </trkpt>
   <trkpt lat="51.4635430" lon="-112.7443510">
    <ele>686.2</ele>
    <time>2024-07-09T22:05:50Z</time>
   </trkpt>
   <trkpt lat="51.4635440" lon="-112.7442270">
    <ele>686.3</ele>
    <time>2024-07-09T22:05:51Z</time>
   </trkpt>
   <trkpt lat="51.4635470" lon="-112.7441030">
    <ele>686.3</ele>
    <time>2024-07-09T22:05:52Z</time>
   </trkpt>
   <trkpt lat="51.4635490" lon="-112.7439820">
    <ele>686.3</ele>
    <time>2024-07-09T22:05:53Z</time>
   </trkpt>
   <trkpt lat="51.4635510" lon="-112.7438630">
    <ele>686.4</ele>
    <time>2024-07-09T22:05:54Z</time>
   </trkpt>
   <trkpt lat="51.4635500" lon="-112.7437470">
    <ele>686.5</ele>
    <time>2024-07-09T22:05:55Z</time>
   </trkpt>
   <trkpt lat="51.4635500" lon="-112.7436280">
    <ele>686.5</ele>
    <time>2024-07-09T22:05:56Z</time>
   </trkpt>
   <trkpt lat="51.4635500" lon="-112.7435090">
    <ele>686.6</ele>
    <time>2024-07-09T22:05:57Z</time>
   </trkpt>
   <trkpt lat="51.4635490" lon="-112.7433910">
    <ele>686.6</ele>
    <time>2024-07-09T22:05:58Z</time>
   </trkpt>
   <trkpt lat="51.4635550" lon="-112.7432700">
    <ele>686.7</ele>
    <time>2024-07-09T22:05:59Z</time>
   </trkpt>
   <trkpt lat="51.4635520" lon="-112.7431550">
    <ele>686.8</ele>
    <time>2024-07-09T22:06:00Z</time>
   </trkpt>
   <trkpt lat="51.4635470" lon="-112.7430370">
    <ele>686.8</ele>
    <time>2024-07-09T22:06:01Z</time>
   </trkpt>
   <trkpt lat="51.4635540" lon="-112.7429220">
    <ele>686.9</ele>
    <time>2024-07-09T22:06:02Z</time>
   </trkpt>
   <trkpt lat="51.4635460" lon="-112.7428030">
    <ele>686.9</ele>
    <time>2024-07-09T22:06:03Z</time>
   </trkpt>
   <trkpt lat="51.4635440" lon="-112.7426870">
    <ele>687.0</ele>
    <time>2024-07-09T22:06:04Z</time>
   </trkpt>
   <trkpt lat="51.4635450" lon="-112.7425760">
    <ele>687.0</ele>
    <time>2024-07-09T22:06:05Z</time>
   </trkpt>
   <trkpt lat="51.4635440" lon="-112.7424650">
    <ele>687.1</ele>
    <time>2024-07-09T22:06:06Z</time>
   </trkpt>
   <trkpt lat="51.4635430" lon="-112.7423540">
    <ele>687.1</ele>
    <time>2024-07-09T22:06:07Z</time>
   </trkpt>
   <trkpt lat="51.4635360" lon="-112.7422470">
    <ele>687.2</ele>
    <time>2024-07-09T22:06:08Z</time>
   </trkpt>
   <trkpt lat="51.4635320" lon="-112.7421280">
    <ele>687.2</ele>
    <time>2024-07-09T22:06:09Z</time>
   </trkpt>
   <trkpt lat="51.4635260" lon="-112.7420180">
    <ele>687.2</ele>
    <time>2024-07-09T22:06:10Z</time>
   </trkpt>
   <trkpt lat="51.4635230" lon="-112.7419160">
    <ele>687.2</ele>
    <time>2024-07-09T22:06:11Z</time>
   </trkpt>
   <trkpt lat="51.4635180" lon="-112.7418040">
    <ele>687.3</ele>
    <time>2024-07-09T22:06:12Z</time>
   </trkpt>
   <trkpt lat="51.4635120" lon="-112.7416910">
    <ele>687.3</ele>
    <time>2024-07-09T22:06:13Z</time>
   </trkpt>
   <trkpt lat="51.4635100" lon="-112.7415780">
    <ele>687.2</ele>
    <time>2024-07-09T22:06:14Z</time>
   </trkpt>
   <trkpt lat="51.4635070" lon="-112.7414670">
    <ele>687.2</ele>
    <time>2024-07-09T22:06:15Z</time>
   </trkpt>
   <trkpt lat="51.4635040" lon="-112.7413590">
    <ele>687.2</ele>
    <time>2024-07-09T22:06:16Z</time>
   </trkpt>
   <trkpt lat="51.4634950" lon="-112.7412460">
    <ele>687.1</ele>
    <time>2024-07-09T22:06:17Z</time>
   </trkpt>
   <trkpt lat="51.4634920" lon="-112.7411310">
    <ele>687.1</ele>
    <time>2024-07-09T22:06:18Z</time>
   </trkpt>
   <trkpt lat="51.4634860" lon="-112.7410170">
    <ele>687.1</ele>
    <time>2024-07-09T22:06:19Z</time>
   </trkpt>
   <trkpt lat="51.4634810" lon="-112.7408980">
    <ele>687.1</ele>
    <time>2024-07-09T22:06:20Z</time>
   </trkpt>
   <trkpt lat="51.4634790" lon="-112.7407880">
    <ele>687.1</ele>
    <time>2024-07-09T22:06:21Z</time>
   </trkpt>
   <trkpt lat="51.4634710" lon="-112.7406710">
    <ele>687.0</ele>
    <time>2024-07-09T22:06:22Z</time>
   </trkpt>
   <trkpt lat="51.4634630" lon="-112.7405580">
    <ele>687.0</ele>
    <time>2024-07-09T22:06:23Z</time>
   </trkpt>
   <trkpt lat="51.4634580" lon="-112.7404440">
    <ele>687.0</ele>
    <time>2024-07-09T22:06:24Z</time>
   </trkpt>
   <trkpt lat="51.4634530" lon="-112.7403280">
    <ele>687.0</ele>
    <time>2024-07-09T22:06:25Z</time>
   </trkpt>
   <trkpt lat="51.4634490" lon="-112.7402160">
    <ele>687.0</ele>
    <time>2024-07-09T22:06:26Z</time>
   </trkpt>
   <trkpt lat="51.4634450" lon="-112.7401030">
    <ele>687.0</ele>
    <time>2024-07-09T22:06:27Z</time>
   </trkpt>
   <trkpt lat="51.4634420" lon="-112.7399930">
    <ele>686.9</ele>
    <time>2024-07-09T22:06:28Z</time>
   </trkpt>
   <trkpt lat="51.4634380" lon="-112.7398820">
    <ele>686.9</ele>
    <time>2024-07-09T22:06:29Z</time>
   </trkpt>
   <trkpt lat="51.4634350" lon="-112.7397680">
    <ele>686.9</ele>
    <time>2024-07-09T22:06:30Z</time>
   </trkpt>
   <trkpt lat="51.4634230" lon="-112.7396610">
    <ele>686.9</ele>
    <time>2024-07-09T22:06:31Z</time>
   </trkpt>
   <trkpt lat="51.4634180" lon="-112.7395510">
    <ele>686.9</ele>
    <time>2024-07-09T22:06:32Z</time>
   </trkpt>
   <trkpt lat="51.4634130" lon="-112.7394450">
    <ele>686.9</ele>
    <time>2024-07-09T22:06:33Z</time>
   </trkpt>
   <trkpt lat="51.4634120" lon="-112.7393400">
    <ele>687.0</ele>
    <time>2024-07-09T22:06:34Z</time>
   </trkpt>
   <trkpt lat="51.4634000" lon="-112.7392230">
    <ele>687.0</ele>
    <time>2024-07-09T22:06:35Z</time>
   </trkpt>
   <trkpt lat="51.4634040" lon="-112.7391240">
    <ele>687.0</ele>
    <time>2024-07-09T22:06:36Z</time>
   </trkpt>
   <trkpt lat="51.4633990" lon="-112.7390180">
    <ele>687.0</ele>
    <time>2024-07-09T22:06:37Z</time>
   </trkpt>
   <trkpt lat="51.4633940" lon="-112.7389170">
    <ele>687.1</ele>
    <time>2024-07-09T22:06:38Z</time>
   </trkpt>
   <trkpt lat="51.4633870" lon="-112.7388180">
    <ele>687.1</ele>
    <time>2024-07-09T22:06:39Z</time>
   </trkpt>
   <trkpt lat="51.4633870" lon="-112.7387190">
    <ele>687.1</ele>
    <time>2024-07-09T22:06:40Z</time>
   </trkpt>
   <trkpt lat="51.4633810" lon="-112.7386250">
    <ele>687.1</ele>
    <time>2024-07-09T22:06:41Z</time>
   </trkpt>
   <trkpt lat="51.4633730" lon="-112.7385270">
    <ele>687.1</ele>
    <time>2024-07-09T22:06:42Z</time>
   </trkpt>
   <trkpt lat="51.4633690" lon="-112.7384320">
    <ele>687.1</ele>
    <time>2024-07-09T22:06:43Z</time>
   </trkpt>
   <trkpt lat="51.4633610" lon="-112.7383370">
    <ele>687.1</ele>
    <time>2024-07-09T22:06:44Z</time>
   </trkpt>
   <trkpt lat="51.4633490" lon="-112.7382420">
    <ele>687.1</ele>
    <time>2024-07-09T22:06:45Z</time>
   </trkpt>
   <trkpt lat="51.4633440" lon="-112.7381500">
    <ele>687.1</ele>
    <time>2024-07-09T22:06:46Z</time>
   </trkpt>
   <trkpt lat="51.4633300" lon="-112.7380560">
    <ele>687.1</ele>
    <time>2024-07-09T22:06:47Z</time>
   </trkpt>
   <trkpt lat="51.4633150" lon="-112.7379640">
    <ele>687.2</ele>
    <time>2024-07-09T22:06:48Z</time>
   </trkpt>
   <trkpt lat="51.4633010" lon="-112.7378710">
    <ele>687.2</ele>
    <time>2024-07-09T22:06:49Z</time>
   </trkpt>
   <trkpt lat="51.4632810" lon="-112.7377790">
    <ele>687.2</ele>
    <time>2024-07-09T22:06:50Z</time>
   </trkpt>
   <trkpt lat="51.4632640" lon="-112.7376870">
    <ele>687.2</ele>
    <time>2024-07-09T22:06:51Z</time>
   </trkpt>
   <trkpt lat="51.4632420" lon="-112.7375970">
    <ele>687.3</ele>
    <time>2024-07-09T22:06:52Z</time>
   </trkpt>
   <trkpt lat="51.4632200" lon="-112.7375080">
    <ele>687.3</ele>
    <time>2024-07-09T22:06:53Z</time>
   </trkpt>
   <trkpt lat="51.4631940" lon="-112.7374210">
    <ele>687.3</ele>
    <time>2024-07-09T22:06:54Z</time>
   </trkpt>
   <trkpt lat="51.4631690" lon="-112.7373350">
    <ele>687.4</ele>
    <time>2024-07-09T22:06:55Z</time>
   </trkpt>
   <trkpt lat="51.4631450" lon="-112.7372500">
    <ele>687.4</ele>
    <time>2024-07-09T22:06:56Z</time>
   </trkpt>
   <trkpt lat="51.4631180" lon="-112.7371630">
    <ele>687.4</ele>
    <time>2024-07-09T22:06:57Z</time>
   </trkpt>
   <trkpt lat="51.4630910" lon="-112.7370830">
    <ele>687.5</ele>
    <time>2024-07-09T22:06:58Z</time>
   </trkpt>
   <trkpt lat="51.4630550" lon="-112.7370040">
    <ele>687.5</ele>
    <time>2024-07-09T22:06:59Z</time>
   </trkpt>
   <trkpt lat="51.4630160" lon="-112.7369210">
    <ele>687.6</ele>
    <time>2024-07-09T22:07:00Z</time>
   </trkpt>
   <trkpt lat="51.4629840" lon="-112.7368320">
    <ele>687.6</ele>
    <time>2024-07-09T22:07:01Z</time>
   </trkpt>
   <trkpt lat="51.4629530" lon="-112.7367510">
    <ele>687.7</ele>
    <time>2024-07-09T22:07:02Z</time>
   </trkpt>
   <trkpt lat="51.4629180" lon="-112.7366690">
    <ele>687.7</ele>
    <time>2024-07-09T22:07:03Z</time>
   </trkpt>
   <trkpt lat="51.4628870" lon="-112.7365930">
    <ele>687.8</ele>
    <time>2024-07-09T22:07:04Z</time>
   </trkpt>
   <trkpt lat="51.4628510" lon="-112.7365110">
    <ele>687.8</ele>
    <time>2024-07-09T22:07:05Z</time>
   </trkpt>
   <trkpt lat="51.4628200" lon="-112.7364300">
    <ele>687.9</ele>
    <time>2024-07-09T22:07:06Z</time>
   </trkpt>
   <trkpt lat="51.4627820" lon="-112.7363470">
    <ele>688.0</ele>
    <time>2024-07-09T22:07:07Z</time>
   </trkpt>
   <trkpt lat="51.4627510" lon="-112.7362650">
    <ele>688.0</ele>
    <time>2024-07-09T22:07:08Z</time>
   </trkpt>
   <trkpt lat="51.4627170" lon="-112.7361850">
    <ele>688.0</ele>
    <time>2024-07-09T22:07:09Z</time>
   </trkpt>
   <trkpt lat="51.4626810" lon="-112.7361050">
    <ele>688.0</ele>
    <time>2024-07-09T22:07:10Z</time>
   </trkpt>
   <trkpt lat="51.4626520" lon="-112.7360250">
    <ele>688.1</ele>
    <time>2024-07-09T22:07:11Z</time>
   </trkpt>
   <trkpt lat="51.4626110" lon="-112.7359480">
    <ele>688.1</ele>
    <time>2024-07-09T22:07:12Z</time>
   </trkpt>
   <trkpt lat="51.4625840" lon="-112.7358640">
    <ele>688.1</ele>
    <time>2024-07-09T22:07:13Z</time>
   </trkpt>
   <trkpt lat="51.4625530" lon="-112.7357870">
    <ele>688.2</ele>
    <time>2024-07-09T22:07:14Z</time>
   </trkpt>
   <trkpt lat="51.4625230" lon="-112.7357090">
    <ele>688.2</ele>
    <time>2024-07-09T22:07:15Z</time>
   </trkpt>
   <trkpt lat="51.4624900" lon="-112.7356290">
    <ele>688.3</ele>
    <time>2024-07-09T22:07:16Z</time>
   </trkpt>
   <trkpt lat="51.4624560" lon="-112.7355520">
    <ele>688.3</ele>
    <time>2024-07-09T22:07:17Z</time>
   </trkpt>
   <trkpt lat="51.4624210" lon="-112.7354740">
    <ele>688.3</ele>
    <time>2024-07-09T22:07:18Z</time>
   </trkpt>
   <trkpt lat="51.4623880" lon="-112.7354000">
    <ele>688.4</ele>
    <time>2024-07-09T22:07:19Z</time>
   </trkpt>
   <trkpt lat="51.4623540" lon="-112.7353250">
    <ele>688.4</ele>
    <time>2024-07-09T22:07:20Z</time>
   </trkpt>
   <trkpt lat="51.4623280" lon="-112.7352430">
    <ele>688.4</ele>
    <time>2024-07-09T22:07:21Z</time>
   </trkpt>
   <trkpt lat="51.4623090" lon="-112.7351620">
    <ele>688.5</ele>
    <time>2024-07-09T22:07:22Z</time>
   </trkpt>
   <trkpt lat="51.4622850" lon="-112.7350840">
    <ele>688.5</ele>
    <time>2024-07-09T22:07:23Z</time>
   </trkpt>
   <trkpt lat="51.4622590" lon="-112.7349960">
    <ele>688.5</ele>
    <time>2024-07-09T22:07:24Z</time>
   </trkpt>
   <trkpt lat="51.4622400" lon="-112.7349200">
    <ele>688.6</ele>
    <time>2024-07-09T22:07:25Z</time>
   </trkpt>
   <trkpt lat="51.4622090" lon="-112.7348410">
    <ele>688.6</ele>
    <time>2024-07-09T22:07:26Z</time>
   </trkpt>
   <trkpt lat="51.4621870" lon="-112.7347630">
    <ele>688.7</ele>
    <time>2024-07-09T22:07:27Z</time>
   </trkpt>
   <trkpt lat="51.4621660" lon="-112.7346840">
    <ele>688.7</ele>
    <time>2024-07-09T22:07:28Z</time>
   </trkpt>
   <trkpt lat="51.4621470" lon="-112.7346010">
    <ele>688.8</ele>
    <time>2024-07-09T22:07:29Z</time>
   </trkpt>
   <trkpt lat="51.4621320" lon="-112.7345170">
    <ele>688.9</ele>
    <time>2024-07-09T22:07:30Z</time>
   </trkpt>
   <trkpt lat="51.4621190" lon="-112.7344400">
    <ele>688.9</ele>
    <time>2024-07-09T22:07:31Z</time>
   </trkpt>
   <trkpt lat="51.4621020" lon="-112.7343570">
    <ele>689.0</ele>
    <time>2024-07-09T22:07:32Z</time>
   </trkpt>
   <trkpt lat="51.4620850" lon="-112.7342750">
    <ele>689.0</ele>
    <time>2024-07-09T22:07:33Z</time>
   </trkpt>
   <trkpt lat="51.4620720" lon="-112.7341950">
    <ele>689.1</ele>
    <time>2024-07-09T22:07:34Z</time>
   </trkpt>
   <trkpt lat="51.4620630" lon="-112.7341140">
    <ele>689.1</ele>
    <time>2024-07-09T22:07:35Z</time>
   </trkpt>
   <trkpt lat="51.4620540" lon="-112.7340280">
    <ele>689.2</ele>
    <time>2024-07-09T22:07:36Z</time>
   </trkpt>
   <trkpt lat="51.4620460" lon="-112.7339440">
    <ele>689.2</ele>
    <time>2024-07-09T22:07:37Z</time>
   </trkpt>
   <trkpt lat="51.4620400" lon="-112.7338600">
    <ele>689.3</ele>
    <time>2024-07-09T22:07:38Z</time>
   </trkpt>
   <trkpt lat="51.4620350" lon="-112.7337720">
    <ele>689.4</ele>
    <time>2024-07-09T22:07:39Z</time>
   </trkpt>
   <trkpt lat="51.4620320" lon="-112.7336870">
    <ele>689.4</ele>
    <time>2024-07-09T22:07:40Z</time>
   </trkpt>
   <trkpt lat="51.4620310" lon="-112.7335960">
    <ele>689.5</ele>
    <time>2024-07-09T22:07:41Z</time>
   </trkpt>
   <trkpt lat="51.4620280" lon="-112.7335110">
    <ele>689.5</ele>
    <time>2024-07-09T22:07:42Z</time>
   </trkpt>
   <trkpt lat="51.4620210" lon="-112.7334340">
    <ele>689.5</ele>
    <time>2024-07-09T22:07:43Z</time>
   </trkpt>
   <trkpt lat="51.4620180" lon="-112.7333380">
    <ele>689.5</ele>
    <time>2024-07-09T22:07:44Z</time>
   </trkpt>
   <trkpt lat="51.4620140" lon="-112.7332480">
    <ele>689.6</ele>
    <time>2024-07-09T22:07:45Z</time>
   </trkpt>
   <trkpt lat="51.4620100" lon="-112.7331620">
    <ele>689.6</ele>
    <time>2024-07-09T22:07:46Z</time>
   </trkpt>
   <trkpt lat="51.4620100" lon="-112.7330760">
    <ele>689.6</ele>
    <time>2024-07-09T22:07:47Z</time>
   </trkpt>
   <trkpt lat="51.4620080" lon="-112.7329910">
    <ele>689.6</ele>
    <time>2024-07-09T22:07:48Z</time>
   </trkpt>
   <trkpt lat="51.4620040" lon="-112.7329130">
    <ele>689.6</ele>
    <time>2024-07-09T22:07:49Z</time>
   </trkpt>
   <trkpt lat="51.4620010" lon="-112.7328360">
    <ele>689.6</ele>
    <time>2024-07-09T22:07:50Z</time>
   </trkpt>
   <trkpt lat="51.4619970" lon="-112.7327600">
    <ele>689.6</ele>
    <time>2024-07-09T22:07:51Z</time>
   </trkpt>
   <trkpt lat="51.4619930" lon="-112.7326750">
    <ele>689.5</ele>
    <time>2024-07-09T22:07:52Z</time>
   </trkpt>
   <trkpt lat="51.4619910" lon="-112.7325950">
    <ele>689.5</ele>
    <time>2024-07-09T22:07:53Z</time>
   </trkpt>
   <trkpt lat="51.4619840" lon="-112.7325230">
    <ele>689.5</ele>
    <time>2024-07-09T22:07:54Z</time>
   </trkpt>
   <trkpt lat="51.4619810" lon="-112.7324430">
    <ele>689.5</ele>
    <time>2024-07-09T22:07:55Z</time>
   </trkpt>
   <trkpt lat="51.4619770" lon="-112.7323600">
    <ele>689.5</ele>
    <time>2024-07-09T22:07:56Z</time>
   </trkpt>
   <trkpt lat="51.4619730" lon="-112.7322760">
    <ele>689.4</ele>
    <time>2024-07-09T22:07:57Z</time>
   </trkpt>
   <trkpt lat="51.4619680" lon="-112.7321900">
    <ele>689.4</ele>
    <time>2024-07-09T22:07:58Z</time>
   </trkpt>
   <trkpt lat="51.4619630" lon="-112.7321050">
    <ele>689.4</ele>
    <time>2024-07-09T22:07:59Z</time>
   </trkpt>
   <trkpt lat="51.4619590" lon="-112.7320160">
    <ele>689.3</ele>
    <time>2024-07-09T22:08:00Z</time>
   </trkpt>
   <trkpt lat="51.4619570" lon="-112.7319230">
    <ele>689.3</ele>
    <time>2024-07-09T22:08:01Z</time>
   </trkpt>
   <trkpt lat="51.4619580" lon="-112.7318280">
    <ele>689.3</ele>
    <time>2024-07-09T22:08:02Z</time>
   </trkpt>
   <trkpt lat="51.4619520" lon="-112.7317350">
    <ele>689.2</ele>
    <time>2024-07-09T22:08:03Z</time>
   </trkpt>
   <trkpt lat="51.4619470" lon="-112.7316430">
    <ele>689.2</ele>
    <time>2024-07-09T22:08:04Z</time>
   </trkpt>
   <trkpt lat="51.4619430" lon="-112.7315520">
    <ele>689.1</ele>
    <time>2024-07-09T22:08:05Z</time>
   </trkpt>
   <trkpt lat="51.4619400" lon="-112.7314540">
    <ele>689.1</ele>
    <time>2024-07-09T22:08:06Z</time>
   </trkpt>
   <trkpt lat="51.4619350" lon="-112.7313590">
    <ele>689.0</ele>
    <time>2024-07-09T22:08:07Z</time>
   </trkpt>
   <trkpt lat="51.4619300" lon="-112.7312610">
    <ele>688.9</ele>
    <time>2024-07-09T22:08:08Z</time>
   </trkpt>
   <trkpt lat="51.4619240" lon="-112.7311700">
    <ele>688.9</ele>
    <time>2024-07-09T22:08:09Z</time>
   </trkpt>
   <trkpt lat="51.4619220" lon="-112.7310720">
    <ele>688.8</ele>
    <time>2024-07-09T22:08:10Z</time>
   </trkpt>
   <trkpt lat="51.4619200" lon="-112.7309750">
    <ele>688.8</ele>
    <time>2024-07-09T22:08:11Z</time>
   </trkpt>
   <trkpt lat="51.4619150" lon="-112.7308750">
    <ele>688.7</ele>
    <time>2024-07-09T22:08:12Z</time>
   </trkpt>
   <trkpt lat="51.4619130" lon="-112.7307780">
    <ele>688.7</ele>
    <time>2024-07-09T22:08:13Z</time>
   </trkpt>
   <trkpt lat="51.4619090" lon="-112.7306830">
    <ele>688.7</ele>
    <time>2024-07-09T22:08:14Z</time>
   </trkpt>
   <trkpt lat="51.4619020" lon="-112.7305870">
    <ele>688.6</ele>
    <time>2024-07-09T22:08:15Z</time>
   </trkpt>
   <trkpt lat="51.4618980" lon="-112.7304870">
    <ele>688.5</ele>
    <time>2024-07-09T22:08:16Z</time>
   </trkpt>
   <trkpt lat="51.4618920" lon="-112.7303900">
    <ele>688.4</ele>
    <time>2024-07-09T22:08:17Z</time>
   </trkpt>
   <trkpt lat="51.4618850" lon="-112.7302900">
    <ele>688.3</ele>
    <time>2024-07-09T22:08:18Z</time>
   </trkpt>
   <trkpt lat="51.4618810" lon="-112.7301870">
    <ele>688.2</ele>
    <time>2024-07-09T22:08:19Z</time>
   </trkpt>
   <trkpt lat="51.4618770" lon="-112.7300840">
    <ele>688.1</ele>
    <time>2024-07-09T22:08:20Z</time>
   </trkpt>
   <trkpt lat="51.4618720" lon="-112.7299820">
    <ele>688.0</ele>
    <time>2024-07-09T22:08:21Z</time>
   </trkpt>
   <trkpt lat="51.4618670" lon="-112.7298800">
    <ele>687.9</ele>
    <time>2024-07-09T22:08:22Z</time>
   </trkpt>
   <trkpt lat="51.4618620" lon="-112.7297780">
    <ele>687.8</ele>
    <time>2024-07-09T22:08:23Z</time>
   </trkpt>
   <trkpt lat="51.4618630" lon="-112.7296740">
    <ele>687.7</ele>
    <time>2024-07-09T22:08:24Z</time>
   </trkpt>
   <trkpt lat="51.4618620" lon="-112.7295680">
    <ele>687.7</ele>
    <time>2024-07-09T22:08:25Z</time>
   </trkpt>
   <trkpt lat="51.4618580" lon="-112.7294630">
    <ele>687.6</ele>
    <time>2024-07-09T22:08:26Z</time>
   </trkpt>
   <trkpt lat="51.4618540" lon="-112.7293570">
    <ele>687.6</ele>
    <time>2024-07-09T22:08:27Z</time>
   </trkpt>
   <trkpt lat="51.4618490" lon="-112.7292490">
    <ele>687.5</ele>
    <time>2024-07-09T22:08:28Z</time>
   </trkpt>
   <trkpt lat="51.4618530" lon="-112.7291410">
    <ele>687.4</ele>
    <time>2024-07-09T22:08:29Z</time>
   </trkpt>
   <trkpt lat="51.4618570" lon="-112.7290330">
    <ele>687.3</ele>
    <time>2024-07-09T22:08:30Z</time>
   </trkpt>
   <trkpt lat="51.4618600" lon="-112.7289260">
    <ele>687.3</ele>
    <time>2024-07-09T22:08:31Z</time>
   </trkpt>
   <trkpt lat="51.4618580" lon="-112.7288200">
    <ele>687.2</ele>
    <time>2024-07-09T22:08:32Z</time>
   </trkpt>
   <trkpt lat="51.4618510" lon="-112.7287120">
    <ele>687.1</ele>
    <time>2024-07-09T22:08:33Z</time>
   </trkpt>
   <trkpt lat="51.4618500" lon="-112.7286070">
    <ele>687.0</ele>
    <time>2024-07-09T22:08:34Z</time>
   </trkpt>
   <trkpt lat="51.4618490" lon="-112.7285190">
    <ele>687.0</ele>
    <time>2024-07-09T22:08:35Z</time>
   </trkpt>
   <trkpt lat="51.4618450" lon="-112.7284190">
    <ele>686.9</ele>
    <time>2024-07-09T22:08:36Z</time>
   </trkpt>
   <trkpt lat="51.4618420" lon="-112.7283180">
    <ele>686.8</ele>
    <time>2024-07-09T22:08:37Z</time>
   </trkpt>
   <trkpt lat="51.4618510" lon="-112.7282200">
    <ele>686.7</ele>
    <time>2024-07-09T22:08:38Z</time>
   </trkpt>
   <trkpt lat="51.4618560" lon="-112.7281160">
    <ele>686.6</ele>
    <time>2024-07-09T22:08:39Z</time>
   </trkpt>
   <trkpt lat="51.4618550" lon="-112.7280110">
    <ele>686.6</ele>
    <time>2024-07-09T22:08:40Z</time>
   </trkpt>
   <trkpt lat="51.4618560" lon="-112.7279110">
    <ele>686.5</ele>
    <time>2024-07-09T22:08:41Z</time>
   </trkpt>
   <trkpt lat="51.4618550" lon="-112.7278120">
    <ele>686.6</ele>
    <time>2024-07-09T22:08:42Z</time>
   </trkpt>
   <trkpt lat="51.4618510" lon="-112.7277140">
    <ele>686.6</ele>
    <time>2024-07-09T22:08:43Z</time>
   </trkpt>
   <trkpt lat="51.4618370" lon="-112.7276190">
    <ele>686.6</ele>
    <time>2024-07-09T22:08:44Z</time>
   </trkpt>
   <trkpt lat="51.4618160" lon="-112.7275490">
    <ele>686.6</ele>
    <time>2024-07-09T22:08:45Z</time>
   </trkpt>
   <trkpt lat="51.4617830" lon="-112.7274820">
    <ele>686.6</ele>
    <time>2024-07-09T22:08:46Z</time>
   </trkpt>
   <trkpt lat="51.4617580" lon="-112.7274060">
    <ele>686.6</ele>
    <time>2024-07-09T22:08:47Z</time>
   </trkpt>
   <trkpt lat="51.4617460" lon="-112.7273210">
    <ele>686.6</ele>
    <time>2024-07-09T22:08:48Z</time>
   </trkpt>
   <trkpt lat="51.4617430" lon="-112.7272370">
    <ele>686.7</ele>
    <time>2024-07-09T22:08:49Z</time>
   </trkpt>
   <trkpt lat="51.4617420" lon="-112.7271580">
    <ele>686.7</ele>
    <time>2024-07-09T22:08:50Z</time>
   </trkpt>
   <trkpt lat="51.4617360" lon="-112.7270780">
    <ele>686.8</ele>
    <time>2024-07-09T22:08:51Z</time>
   </trkpt>
   <trkpt lat="51.4617300" lon="-112.7269960">
    <ele>686.8</ele>
    <time>2024-07-09T22:08:52Z</time>
   </trkpt>
   <trkpt lat="51.4617250" lon="-112.7269160">
    <ele>686.9</ele>
    <time>2024-07-09T22:08:53Z</time>
   </trkpt>
   <trkpt lat="51.4617230" lon="-112.7268360">
    <ele>686.9</ele>
    <time>2024-07-09T22:08:54Z</time>
   </trkpt>
   <trkpt lat="51.4617220" lon="-112.7267500">
    <ele>687.0</ele>
    <time>2024-07-09T22:08:55Z</time>
   </trkpt>
   <trkpt lat="51.4617130" lon="-112.7266710">
    <ele>687.1</ele>
    <time>2024-07-09T22:08:56Z</time>
   </trkpt>
   <trkpt lat="51.4617140" lon="-112.7265800">
    <ele>687.2</ele>
    <time>2024-07-09T22:08:57Z</time>
   </trkpt>
   <trkpt lat="51.4617110" lon="-112.7264990">
    <ele>687.3</ele>
    <time>2024-07-09T22:08:58Z</time>
   </trkpt>
   <trkpt lat="51.4617070" lon="-112.7264120">
    <ele>687.4</ele>
    <time>2024-07-09T22:08:59Z</time>
   </trkpt>
   <trkpt lat="51.4617080" lon="-112.7263320">
    <ele>687.4</ele>
    <time>2024-07-09T22:09:00Z</time>
   </trkpt>
   <trkpt lat="51.4616990" lon="-112.7262440">
    <ele>687.5</ele>
    <time>2024-07-09T22:09:01Z</time>
   </trkpt>
   <trkpt lat="51.4616960" lon="-112.7261600">
    <ele>687.6</ele>
    <time>2024-07-09T22:09:02Z</time>
   </trkpt>
   <trkpt lat="51.4616880" lon="-112.7260710">
    <ele>687.7</ele>
    <time>2024-07-09T22:09:03Z</time>
   </trkpt>
   <trkpt lat="51.4616890" lon="-112.7259940">
    <ele>687.8</ele>
    <time>2024-07-09T22:09:04Z</time>
   </trkpt>
   <trkpt lat="51.4616830" lon="-112.7259100">
    <ele>687.9</ele>
    <time>2024-07-09T22:09:05Z</time>
   </trkpt>
   <trkpt lat="51.4616890" lon="-112.7258490">
    <ele>687.9</ele>
    <time>2024-07-09T22:09:06Z</time>
   </trkpt>
   <trkpt lat="51.4616810" lon="-112.7257590">
    <ele>688.0</ele>
    <time>2024-07-09T22:09:07Z</time>
   </trkpt>
   <trkpt lat="51.4616810" lon="-112.7256740">
    <ele>688.1</ele>
    <time>2024-07-09T22:09:08Z</time>
   </trkpt>
   <trkpt lat="51.4616790" lon="-112.7255890">
    <ele>688.2</ele>
    <time>2024-07-09T22:09:09Z</time>
   </trkpt>
   <trkpt lat="51.4616780" lon="-112.7255040">
    <ele>688.3</ele>
    <time>2024-07-09T22:09:10Z</time>
   </trkpt>
   <trkpt lat="51.4616750" lon="-112.7254220">
    <ele>688.3</ele>
    <time>2024-07-09T22:09:11Z</time>
   </trkpt>
   <trkpt lat="51.4616730" lon="-112.7253430">
    <ele>688.4</ele>
    <time>2024-07-09T22:09:12Z</time>
   </trkpt>
   <trkpt lat="51.4616680" lon="-112.7252600">
    <ele>688.5</ele>
    <time>2024-07-09T22:09:13Z</time>
   </trkpt>
   <trkpt lat="51.4616610" lon="-112.7251770">
    <ele>688.6</ele>
    <time>2024-07-09T22:09:14Z</time>
   </trkpt>
   <trkpt lat="51.4616540" lon="-112.7250980">
    <ele>688.6</ele>
    <time>2024-07-09T22:09:15Z</time>
   </trkpt>
   <trkpt lat="51.4616520" lon="-112.7250200">
    <ele>688.7</ele>
    <time>2024-07-09T22:09:16Z</time>
   </trkpt>
   <trkpt lat="51.4616500" lon="-112.7249450">
    <ele>688.7</ele>
    <time>2024-07-09T22:09:17Z</time>
   </trkpt>
   <trkpt lat="51.4616420" lon="-112.7248730">
    <ele>688.8</ele>
    <time>2024-07-09T22:09:18Z</time>
   </trkpt>
   <trkpt lat="51.4616400" lon="-112.7248020">
    <ele>688.8</ele>
    <time>2024-07-09T22:09:19Z</time>
   </trkpt>
   <trkpt lat="51.4616390" lon="-112.7247350">
    <ele>688.9</ele>
    <time>2024-07-09T22:09:20Z</time>
   </trkpt>
   <trkpt lat="51.4616400" lon="-112.7246630">
    <ele>688.9</ele>
    <time>2024-07-09T22:09:21Z</time>
   </trkpt>
   <trkpt lat="51.4616570" lon="-112.7246030">
    <ele>689.0</ele>
    <time>2024-07-09T22:09:22Z</time>
   </trkpt>
   <trkpt lat="51.4616800" lon="-112.7245470">
    <ele>689.1</ele>
    <time>2024-07-09T22:09:23Z</time>
   </trkpt>
   <trkpt lat="51.4616970" lon="-112.7244900">
    <ele>689.1</ele>
    <time>2024-07-09T22:09:24Z</time>
   </trkpt>
   <trkpt lat="51.4617080" lon="-112.7244150">
    <ele>689.2</ele>
    <time>2024-07-09T22:09:25Z</time>
   </trkpt>
   <trkpt lat="51.4617120" lon="-112.7243390">
    <ele>689.2</ele>
    <time>2024-07-09T22:09:26Z</time>
   </trkpt>
   <trkpt lat="51.4617110" lon="-112.7242650">
    <ele>689.3</ele>
    <time>2024-07-09T22:09:27Z</time>
   </trkpt>
   <trkpt lat="51.4617130" lon="-112.7241860">
    <ele>689.4</ele>
    <time>2024-07-09T22:09:28Z</time>
   </trkpt>
   <trkpt lat="51.4617170" lon="-112.7241050">
    <ele>689.4</ele>
    <time>2024-07-09T22:09:29Z</time>
   </trkpt>
   <trkpt lat="51.4617140" lon="-112.7240260">
    <ele>689.5</ele>
    <time>2024-07-09T22:09:30Z</time>
   </trkpt>
   <trkpt lat="51.4617140" lon="-112.7239470">
    <ele>689.6</ele>
    <time>2024-07-09T22:09:31Z</time>
   </trkpt>
   <trkpt lat="51.4617090" lon="-112.7238630">
    <ele>689.7</ele>
    <time>2024-07-09T22:09:32Z</time>
   </trkpt>
   <trkpt lat="51.4616980" lon="-112.7237830">
    <ele>689.7</ele>
    <time>2024-07-09T22:09:33Z</time>
   </trkpt>
   <trkpt lat="51.4616980" lon="-112.7236970">
    <ele>689.8</ele>
    <time>2024-07-09T22:09:34Z</time>
   </trkpt>
   <trkpt lat="51.4616960" lon="-112.7236150">
    <ele>689.9</ele>
    <time>2024-07-09T22:09:35Z</time>
   </trkpt>
   <trkpt lat="51.4616970" lon="-112.7235340">
    <ele>690.0</ele>
    <time>2024-07-09T22:09:36Z</time>
   </trkpt>
   <trkpt lat="51.4616970" lon="-112.7234500">
    <ele>690.1</ele>
    <time>2024-07-09T22:09:37Z</time>
   </trkpt>
   <trkpt lat="51.4616920" lon="-112.7233670">
    <ele>690.1</ele>
    <time>2024-07-09T22:09:38Z</time>
   </trkpt>
   <trkpt lat="51.4616870" lon="-112.7232850">
    <ele>690.2</ele>
    <time>2024-07-09T22:09:39Z</time>
   </trkpt>
   <trkpt lat="51.4616850" lon="-112.7232020">
    <ele>690.3</ele>
    <time>2024-07-09T22:09:40Z</time>
   </trkpt>
   <trkpt lat="51.4616790" lon="-112.7231150">
    <ele>690.3</ele>
    <time>2024-07-09T22:09:41Z</time>
   </trkpt>
   <trkpt lat="51.4616770" lon="-112.7230290">
    <ele>690.4</ele>
    <time>2024-07-09T22:09:42Z</time>
   </trkpt>
   <trkpt lat="51.4616760" lon="-112.7229410">
    <ele>690.5</ele>
    <time>2024-07-09T22:09:43Z</time>
   </trkpt>
   <trkpt lat="51.4616710" lon="-112.7228540">
    <ele>690.5</ele>
    <time>2024-07-09T22:09:44Z</time>
   </trkpt>
   <trkpt lat="51.4616670" lon="-112.7227610">
    <ele>690.6</ele>
    <time>2024-07-09T22:09:45Z</time>
   </trkpt>
   <trkpt lat="51.4616640" lon="-112.7226710">
    <ele>690.7</ele>
    <time>2024-07-09T22:09:46Z</time>
   </trkpt>
   <trkpt lat="51.4616610" lon="-112.7225830">
    <ele>690.8</ele>
    <time>2024-07-09T22:09:47Z</time>
   </trkpt>
   <trkpt lat="51.4616590" lon="-112.7224910">
    <ele>690.8</ele>
    <time>2024-07-09T22:09:48Z</time>
   </trkpt>
   <trkpt lat="51.4616570" lon="-112.7224010">
    <ele>690.9</ele>
    <time>2024-07-09T22:09:49Z</time>
   </trkpt>
   <trkpt lat="51.4616580" lon="-112.7223180">
    <ele>691.0</ele>
    <time>2024-07-09T22:09:50Z</time>
   </trkpt>
   <trkpt lat="51.4616560" lon="-112.7222220">
    <ele>691.0</ele>
    <time>2024-07-09T22:09:51Z</time>
   </trkpt>
   <trkpt lat="51.4616610" lon="-112.7221310">
    <ele>691.0</ele>
    <time>2024-07-09T22:09:52Z</time>
   </trkpt>
   <trkpt lat="51.4616690" lon="-112.7220350">
    <ele>691.0</ele>
    <time>2024-07-09T22:09:53Z</time>
   </trkpt>
   <trkpt lat="51.4616760" lon="-112.7219460">
    <ele>691.1</ele>
    <time>2024-07-09T22:09:54Z</time>
   </trkpt>
   <trkpt lat="51.4616850" lon="-112.7218520">
    <ele>691.0</ele>
    <time>2024-07-09T22:09:55Z</time>
   </trkpt>
   <trkpt lat="51.4616960" lon="-112.7217560">
    <ele>691.0</ele>
    <time>2024-07-09T22:09:56Z</time>
   </trkpt>
   <trkpt lat="51.4617060" lon="-112.7216600">
    <ele>691.0</ele>
    <time>2024-07-09T22:09:57Z</time>
   </trkpt>
   <trkpt lat="51.4617200" lon="-112.7215620">
    <ele>690.9</ele>
    <time>2024-07-09T22:09:58Z</time>
   </trkpt>
   <trkpt lat="51.4617380" lon="-112.7214690">
    <ele>690.9</ele>
    <time>2024-07-09T22:09:59Z</time>
   </trkpt>
   <trkpt lat="51.4617570" lon="-112.7213690">
    <ele>690.9</ele>
    <time>2024-07-09T22:10:00Z</time>
   </trkpt>
   <trkpt lat="51.4617730" lon="-112.7212700">
    <ele>690.8</ele>
    <time>2024-07-09T22:10:01Z</time>
   </trkpt>
   <trkpt lat="51.4617910" lon="-112.7211630">
    <ele>690.8</ele>
    <time>2024-07-09T22:10:02Z</time>
   </trkpt>
   <trkpt lat="51.4618080" lon="-112.7210630">
    <ele>690.8</ele>
    <time>2024-07-09T22:10:03Z</time>
   </trkpt>
   <trkpt lat="51.4618300" lon="-112.7209580">
    <ele>690.7</ele>
    <time>2024-07-09T22:10:04Z</time>
   </trkpt>
   <trkpt lat="51.4618500" lon="-112.7208530">
    <ele>690.6</ele>
    <time>2024-07-09T22:10:05Z</time>
   </trkpt>
   <trkpt lat="51.4618590" lon="-112.7207430">
    <ele>690.6</ele>
    <time>2024-07-09T22:10:06Z</time>
   </trkpt>
   <trkpt lat="51.4618770" lon="-112.7206430">
    <ele>690.5</ele>
    <time>2024-07-09T22:10:07Z</time>
   </trkpt>
   <trkpt lat="51.4618940" lon="-112.7205350">
    <ele>690.5</ele>
    <time>2024-07-09T22:10:08Z</time>
   </trkpt>
   <trkpt lat="51.4619100" lon="-112.7204280">
    <ele>690.4</ele>
    <time>2024-07-09T22:10:09Z</time>
   </trkpt>
   <trkpt lat="51.4619250" lon="-112.7203180">
    <ele>690.4</ele>
    <time>2024-07-09T22:10:10Z</time>
   </trkpt>
   <trkpt lat="51.4619360" lon="-112.7202100">
    <ele>690.3</ele>
    <time>2024-07-09T22:10:11Z</time>
   </trkpt>
   <trkpt lat="51.4619450" lon="-112.7200900">
    <ele>690.3</ele>
    <time>2024-07-09T22:10:12Z</time>
   </trkpt>
   <trkpt lat="51.4619510" lon="-112.7199860">
    <ele>690.3</ele>
    <time>2024-07-09T22:10:13Z</time>
   </trkpt>
   <trkpt lat="51.4619540" lon="-112.7198730">
    <ele>690.3</ele>
    <time>2024-07-09T22:10:14Z</time>
   </trkpt>
   <trkpt lat="51.4619570" lon="-112.7197610">
    <ele>690.3</ele>
    <time>2024-07-09T22:10:15Z</time>
   </trkpt>
   <trkpt lat="51.4619540" lon="-112.7196530">
    <ele>690.3</ele>
    <time>2024-07-09T22:10:16Z</time>
   </trkpt>
   <trkpt lat="51.4619510" lon="-112.7195400">
    <ele>690.4</ele>
    <time>2024-07-09T22:10:17Z</time>
   </trkpt>
   <trkpt lat="51.4619470" lon="-112.7194360">
    <ele>690.5</ele>
    <time>2024-07-09T22:10:18Z</time>
   </trkpt>
   <trkpt lat="51.4619460" lon="-112.7193300">
    <ele>690.6</ele>
    <time>2024-07-09T22:10:19Z</time>
   </trkpt>
   <trkpt lat="51.4619390" lon="-112.7192270">
    <ele>690.6</ele>
    <time>2024-07-09T22:10:20Z</time>
   </trkpt>
   <trkpt lat="51.4619350" lon="-112.7191260">
    <ele>690.6</ele>
    <time>2024-07-09T22:10:21Z</time>
   </trkpt>
   <trkpt lat="51.4619310" lon="-112.7190250">
    <ele>690.7</ele>
    <time>2024-07-09T22:10:22Z</time>
   </trkpt>
   <trkpt lat="51.4619270" lon="-112.7189230">
    <ele>690.7</ele>
    <time>2024-07-09T22:10:23Z</time>
   </trkpt>
   <trkpt lat="51.4619220" lon="-112.7188260">
    <ele>690.8</ele>
    <time>2024-07-09T22:10:24Z</time>
   </trkpt>
   <trkpt lat="51.4619190" lon="-112.7187300">
    <ele>690.9</ele>
    <time>2024-07-09T22:10:25Z</time>
   </trkpt>
   <trkpt lat="51.4619190" lon="-112.7186320">
    <ele>690.9</ele>
    <time>2024-07-09T22:10:26Z</time>
   </trkpt>
   <trkpt lat="51.4619140" lon="-112.7185340">
    <ele>691.0</ele>
    <time>2024-07-09T22:10:27Z</time>
   </trkpt>
   <trkpt lat="51.4619080" lon="-112.7184360">
    <ele>691.1</ele>
    <time>2024-07-09T22:10:28Z</time>
   </trkpt>
   <trkpt lat="51.4619080" lon="-112.7183390">
    <ele>691.1</ele>
    <time>2024-07-09T22:10:29Z</time>
   </trkpt>
   <trkpt lat="51.4619070" lon="-112.7182400">
    <ele>691.2</ele>
    <time>2024-07-09T22:10:30Z</time>
   </trkpt>
   <trkpt lat="51.4619010" lon="-112.7181380">
    <ele>691.2</ele>
    <time>2024-07-09T22:10:31Z</time>
   </trkpt>
   <trkpt lat="51.4618950" lon="-112.7180400">
    <ele>691.3</ele>
    <time>2024-07-09T22:10:32Z</time>
   </trkpt>
   <trkpt lat="51.4618900" lon="-112.7179390">
    <ele>691.3</ele>
    <time>2024-07-09T22:10:33Z</time>
   </trkpt>
   <trkpt lat="51.4618860" lon="-112.7178400">
    <ele>691.3</ele>
    <time>2024-07-09T22:10:34Z</time>
   </trkpt>
   <trkpt lat="51.4618820" lon="-112.7177420">
    <ele>691.4</ele>
    <time>2024-07-09T22:10:35Z</time>
   </trkpt>
   <trkpt lat="51.4618790" lon="-112.7176420">
    <ele>691.4</ele>
    <time>2024-07-09T22:10:36Z</time>
   </trkpt>
   <trkpt lat="51.4618720" lon="-112.7175450">
    <ele>691.4</ele>
    <time>2024-07-09T22:10:37Z</time>
   </trkpt>
   <trkpt lat="51.4618690" lon="-112.7174450">
    <ele>691.4</ele>
    <time>2024-07-09T22:10:38Z</time>
   </trkpt>
   <trkpt lat="51.4618660" lon="-112.7173480">
    <ele>691.4</ele>
    <time>2024-07-09T22:10:39Z</time>
   </trkpt>
   <trkpt lat="51.4618600" lon="-112.7172490">
    <ele>691.4</ele>
    <time>2024-07-09T22:10:40Z</time>
   </trkpt>
   <trkpt lat="51.4618560" lon="-112.7171540">
    <ele>691.4</ele>
    <time>2024-07-09T22:10:41Z</time>
   </trkpt>
   <trkpt lat="51.4618570" lon="-112.7170590">
    <ele>691.5</ele>
    <time>2024-07-09T22:10:42Z</time>
   </trkpt>
   <trkpt lat="51.4618500" lon="-112.7169640">
    <ele>691.5</ele>
    <time>2024-07-09T22:10:43Z</time>
   </trkpt>
   <trkpt lat="51.4618480" lon="-112.7168680">
    <ele>691.5</ele>
    <time>2024-07-09T22:10:44Z</time>
   </trkpt>
   <trkpt lat="51.4618470" lon="-112.7167710">
    <ele>691.5</ele>
    <time>2024-07-09T22:10:45Z</time>
   </trkpt>
   <trkpt lat="51.4618400" lon="-112.7166750">
    <ele>691.6</ele>
    <time>2024-07-09T22:10:46Z</time>
   </trkpt>
   <trkpt lat="51.4618340" lon="-112.7165780">
    <ele>691.6</ele>
    <time>2024-07-09T22:10:47Z</time>
   </trkpt>
   <trkpt lat="51.4618270" lon="-112.7164830">
    <ele>691.6</ele>
    <time>2024-07-09T22:10:48Z</time>
   </trkpt>
   <trkpt lat="51.4618170" lon="-112.7163890">
    <ele>691.7</ele>
    <time>2024-07-09T22:10:49Z</time>
   </trkpt>
   <trkpt lat="51.4618120" lon="-112.7162890">
    <ele>691.7</ele>
    <time>2024-07-09T22:10:50Z</time>
   </trkpt>
   <trkpt lat="51.4618060" lon="-112.7161920">
    <ele>691.7</ele>
    <time>2024-07-09T22:10:51Z</time>
   </trkpt>
   <trkpt lat="51.4618000" lon="-112.7160960">
    <ele>691.8</ele>
    <time>2024-07-09T22:10:52Z</time>
   </trkpt>
   <trkpt lat="51.4617950" lon="-112.7159980">
    <ele>691.8</ele>
    <time>2024-07-09T22:10:53Z</time>
   </trkpt>
   <trkpt lat="51.4617900" lon="-112.7159010">
    <ele>691.8</ele>
    <time>2024-07-09T22:10:54Z</time>
   </trkpt>
   <trkpt lat="51.4617890" lon="-112.7158000">
    <ele>691.9</ele>
    <time>2024-07-09T22:10:55Z</time>
   </trkpt>
   <trkpt lat="51.4617880" lon="-112.7157030">
    <ele>692.0</ele>
    <time>2024-07-09T22:10:56Z</time>
   </trkpt>
   <trkpt lat="51.4617840" lon="-112.7156120">
    <ele>692.0</ele>
    <time>2024-07-09T22:10:57Z</time>
   </trkpt>
   <trkpt lat="51.4617850" lon="-112.7155110">
    <ele>692.1</ele>
    <time>2024-07-09T22:10:58Z</time>
   </trkpt>
   <trkpt lat="51.4617810" lon="-112.7154130">
    <ele>692.1</ele>
    <time>2024-07-09T22:10:59Z</time>
   </trkpt>
   <trkpt lat="51.4617800" lon="-112.7153130">
    <ele>692.1</ele>
    <time>2024-07-09T22:11:00Z</time>
   </trkpt>
   <trkpt lat="51.4617700" lon="-112.7152240">
    <ele>692.2</ele>
    <time>2024-07-09T22:11:01Z</time>
   </trkpt>
   <trkpt lat="51.4617690" lon="-112.7151260">
    <ele>692.2</ele>
    <time>2024-07-09T22:11:02Z</time>
   </trkpt>
   <trkpt lat="51.4617680" lon="-112.7150310">
    <ele>692.3</ele>
    <time>2024-07-09T22:11:03Z</time>
   </trkpt>
   <trkpt lat="51.4617670" lon="-112.7149360">
    <ele>692.3</ele>
    <time>2024-07-09T22:11:04Z</time>
   </trkpt>
   <trkpt lat="51.4617640" lon="-112.7148400">
    <ele>692.4</ele>
    <time>2024-07-09T22:11:05Z</time>
   </trkpt>
   <trkpt lat="51.4617580" lon="-112.7147450">
    <ele>692.4</ele>
    <time>2024-07-09T22:11:06Z</time>
   </trkpt>
   <trkpt lat="51.4617530" lon="-112.7146460">
    <ele>692.5</ele>
    <time>2024-07-09T22:11:07Z</time>
   </trkpt>
   <trkpt lat="51.4617480" lon="-112.7145540">
    <ele>692.5</ele>
    <time>2024-07-09T22:11:08Z</time>
   </trkpt>
   <trkpt lat="51.4617420" lon="-112.7144710">
    <ele>692.5</ele>
    <time>2024-07-09T22:11:09Z</time>
   </trkpt>
   <trkpt lat="51.4617390" lon="-112.7143630">
    <ele>692.6</ele>
    <time>2024-07-09T22:11:10Z</time>
   </trkpt>
   <trkpt lat="51.4617330" lon="-112.7142630">
    <ele>692.6</ele>
    <time>2024-07-09T22:11:11Z</time>
   </trkpt>
   <trkpt lat="51.4617300" lon="-112.7141660">
    <ele>692.6</ele>
    <time>2024-07-09T22:11:12Z</time>
   </trkpt>
   <trkpt lat="51.4617250" lon="-112.7140640">
    <ele>692.6</ele>
    <time>2024-07-09T22:11:13Z</time>
   </trkpt>
   <trkpt lat="51.4617210" lon="-112.7139650">
    <ele>692.7</ele>
    <time>2024-07-09T22:11:14Z</time>
   </trkpt>
   <trkpt lat="51.4617160" lon="-112.7138620">
    <ele>692.7</ele>
    <time>2024-07-09T22:11:15Z</time>
   </trkpt>
   <trkpt lat="51.4617110" lon="-112.7137590">
    <ele>692.6</ele>
    <time>2024-07-09T22:11:16Z</time>
   </trkpt>
   <trkpt lat="51.4617110" lon="-112.7136540">
    <ele>692.6</ele>
    <time>2024-07-09T22:11:17Z</time>
   </trkpt>
   <trkpt lat="51.4617110" lon="-112.7135470">
    <ele>692.5</ele>
    <time>2024-07-09T22:11:18Z</time>
   </trkpt>
   <trkpt lat="51.4617140" lon="-112.7134390">
    <ele>692.4</ele>
    <time>2024-07-09T22:11:19Z</time>
   </trkpt>
   <trkpt lat="51.4617210" lon="-112.7133260">
    <ele>692.3</ele>
    <time>2024-07-09T22:11:20Z</time>
   </trkpt>
   <trkpt lat="51.4617310" lon="-112.7132120">
    <ele>692.2</ele>
    <time>2024-07-09T22:11:21Z</time>
   </trkpt>
   <trkpt lat="51.4617380" lon="-112.7130970">
    <ele>692.0</ele>
    <time>2024-07-09T22:11:22Z</time>
   </trkpt>
   <trkpt lat="51.4617450" lon="-112.7129790">
    <ele>691.9</ele>
    <time>2024-07-09T22:11:23Z</time>
   </trkpt>
   <trkpt lat="51.4617550" lon="-112.7128630">
    <ele>691.7</ele>
    <time>2024-07-09T22:11:24Z</time>
   </trkpt>
   <trkpt lat="51.4617670" lon="-112.7127480">
    <ele>691.6</ele>
    <time>2024-07-09T22:11:25Z</time>
   </trkpt>
   <trkpt lat="51.4617760" lon="-112.7126330">
    <ele>691.5</ele>
    <time>2024-07-09T22:11:26Z</time>
   </trkpt>
   <trkpt lat="51.4617940" lon="-112.7125240">
    <ele>691.4</ele>
    <time>2024-07-09T22:11:27Z</time>
   </trkpt>
   <trkpt lat="51.4618070" lon="-112.7124120">
    <ele>691.2</ele>
    <time>2024-07-09T22:11:28Z</time>
   </trkpt>
   <trkpt lat="51.4618140" lon="-112.7122990">
    <ele>691.1</ele>
    <time>2024-07-09T22:11:29Z</time>
   </trkpt>
   <trkpt lat="51.4618230" lon="-112.7121860">
    <ele>690.9</ele>
    <time>2024-07-09T22:11:30Z</time>
   </trkpt>
   <trkpt lat="51.4618380" lon="-112.7120780">
    <ele>690.7</ele>
    <time>2024-07-09T22:11:31Z</time>
   </trkpt>
   <trkpt lat="51.4618530" lon="-112.7119690">
    <ele>690.5</ele>
    <time>2024-07-09T22:11:32Z</time>
   </trkpt>
   <trkpt lat="51.4618660" lon="-112.7118620">
    <ele>690.3</ele>
    <time>2024-07-09T22:11:33Z</time>
   </trkpt>
   <trkpt lat="51.4618770" lon="-112.7117570">
    <ele>690.2</ele>
    <time>2024-07-09T22:11:34Z</time>
   </trkpt>
   <trkpt lat="51.4618840" lon="-112.7116490">
    <ele>690.1</ele>
    <time>2024-07-09T22:11:35Z</time>
   </trkpt>
   <trkpt lat="51.4618890" lon="-112.7115450">
    <ele>690.0</ele>
    <time>2024-07-09T22:11:36Z</time>
   </trkpt>
   <trkpt lat="51.4618870" lon="-112.7114500">
    <ele>690.0</ele>
    <time>2024-07-09T22:11:37Z</time>
   </trkpt>
   <trkpt lat="51.4618830" lon="-112.7113630">
    <ele>690.0</ele>
    <time>2024-07-09T22:11:38Z</time>
   </trkpt>
   <trkpt lat="51.4618770" lon="-112.7112850">
    <ele>689.9</ele>
    <time>2024-07-09T22:11:39Z</time>
   </trkpt>
   <trkpt lat="51.4618720" lon="-112.7112280">
    <ele>689.9</ele>
    <time>2024-07-09T22:11:40Z</time>
   </trkpt>
   <trkpt lat="51.4618680" lon="-112.7111820">
    <ele>689.9</ele>
    <time>2024-07-09T22:11:41Z</time>
   </trkpt>
   <trkpt lat="51.4618640" lon="-112.7111300">
    <ele>689.9</ele>
    <time>2024-07-09T22:11:42Z</time>
   </trkpt>
   <trkpt lat="51.4618620" lon="-112.7111160">
    <ele>689.9</ele>
    <time>2024-07-09T22:11:43Z</time>
   </trkpt>
   <trkpt lat="51.4618560" lon="-112.7110900">
    <ele>689.9</ele>
    <time>2024-07-09T22:11:44Z</time>
   </trkpt>
   <trkpt lat="51.4618560" lon="-112.7110820">
    <ele>689.9</ele>
    <time>2024-07-09T22:11:45Z</time>
   </trkpt>
   <trkpt lat="51.4618550" lon="-112.7110730">
    <ele>689.9</ele>
    <time>2024-07-09T22:11:46Z</time>
   </trkpt>
   <trkpt lat="51.4618550" lon="-112.7110640">
    <ele>689.9</ele>
    <time>2024-07-09T22:11:47Z</time>
   </trkpt>
   <trkpt lat="51.4618540" lon="-112.7110560">
    <ele>689.8</ele>
    <time>2024-07-09T22:11:48Z</time>
   </trkpt>
   <trkpt lat="51.4618530" lon="-112.7110470">
    <ele>689.8</ele>
    <time>2024-07-09T22:11:49Z</time>
   </trkpt>
   <trkpt lat="51.4618530" lon="-112.7110390">
    <ele>689.8</ele>
    <time>2024-07-09T22:11:50Z</time>
   </trkpt>
   <trkpt lat="51.4618520" lon="-112.7110300">
    <ele>689.8</ele>
    <time>2024-07-09T22:11:51Z</time>
   </trkpt>
   <trkpt lat="51.4618510" lon="-112.7110210">
    <ele>689.8</ele>
    <time>2024-07-09T22:11:52Z</time>
   </trkpt>
   <trkpt lat="51.4618510" lon="-112.7110130">
    <ele>689.8</ele>
    <time>2024-07-09T22:11:53Z</time>
   </trkpt>
   <trkpt lat="51.4618500" lon="-112.7110040">
    <ele>689.8</ele>
    <time>2024-07-09T22:11:54Z</time>
   </trkpt>
   <trkpt lat="51.4618490" lon="-112.7109950">
    <ele>689.8</ele>
    <time>2024-07-09T22:11:55Z</time>
   </trkpt>
   <trkpt lat="51.4618490" lon="-112.7109870">
    <ele>689.8</ele>
    <time>2024-07-09T22:12:13Z</time>
   </trkpt>
   <trkpt lat="51.4618480" lon="-112.7109780">
    <ele>689.7</ele>
    <time>2024-07-09T22:12:14Z</time>
   </trkpt>
   <trkpt lat="51.4618390" lon="-112.7109280">
    <ele>689.7</ele>
    <time>2024-07-09T22:12:15Z</time>
   </trkpt>
   <trkpt lat="51.4618280" lon="-112.7108650">
    <ele>689.6</ele>
    <time>2024-07-09T22:12:16Z</time>
   </trkpt>
   <trkpt lat="51.4618110" lon="-112.7107930">
    <ele>689.4</ele>
    <time>2024-07-09T22:12:17Z</time>
   </trkpt>
   <trkpt lat="51.4617940" lon="-112.7107150">
    <ele>689.3</ele>
    <time>2024-07-09T22:12:18Z</time>
   </trkpt>
   <trkpt lat="51.4617830" lon="-112.7106340">
    <ele>689.2</ele>
    <time>2024-07-09T22:12:19Z</time>
   </trkpt>
   <trkpt lat="51.4617690" lon="-112.7105480">
    <ele>689.1</ele>
    <time>2024-07-09T22:12:20Z</time>
   </trkpt>
   <trkpt lat="51.4617520" lon="-112.7104590">
    <ele>689.0</ele>
    <time>2024-07-09T22:12:21Z</time>
   </trkpt>
   <trkpt lat="51.4617440" lon="-112.7103710">
    <ele>688.9</ele>
    <time>2024-07-09T22:12:22Z</time>
   </trkpt>
   <trkpt lat="51.4617360" lon="-112.7102830">
    <ele>688.8</ele>
    <time>2024-07-09T22:12:23Z</time>
   </trkpt>
   <trkpt lat="51.4617150" lon="-112.7101970">
    <ele>688.8</ele>
    <time>2024-07-09T22:12:24Z</time>
   </trkpt>
   <trkpt lat="51.4616970" lon="-112.7101100">
    <ele>688.8</ele>
    <time>2024-07-09T22:12:25Z</time>
   </trkpt>
   <trkpt lat="51.4616810" lon="-112.7100250">
    <ele>688.8</ele>
    <time>2024-07-09T22:12:26Z</time>
   </trkpt>
   <trkpt lat="51.4616660" lon="-112.7099370">
    <ele>688.8</ele>
    <time>2024-07-09T22:12:27Z</time>
   </trkpt>
   <trkpt lat="51.4616490" lon="-112.7098510">
    <ele>688.8</ele>
    <time>2024-07-09T22:12:28Z</time>
   </trkpt>
   <trkpt lat="51.4616350" lon="-112.7097650">
    <ele>688.8</ele>
    <time>2024-07-09T22:12:29Z</time>
   </trkpt>
   <trkpt lat="51.4616160" lon="-112.7096760">
    <ele>688.9</ele>
    <time>2024-07-09T22:12:30Z</time>
   </trkpt>
   <trkpt lat="51.4615970" lon="-112.7095880">
    <ele>688.9</ele>
    <time>2024-07-09T22:12:31Z</time>
   </trkpt>
   <trkpt lat="51.4615780" lon="-112.7094970">
    <ele>689.0</ele>
    <time>2024-07-09T22:12:32Z</time>
   </trkpt>
   <trkpt lat="51.4615580" lon="-112.7094090">
    <ele>689.1</ele>
    <time>2024-07-09T22:12:33Z</time>
   </trkpt>
   <trkpt lat="51.4615390" lon="-112.7093260">
    <ele>689.1</ele>
    <time>2024-07-09T22:12:34Z</time>
   </trkpt>
   <trkpt lat="51.4615140" lon="-112.7092400">
    <ele>689.2</ele>
    <time>2024-07-09T22:12:35Z</time>
   </trkpt>
   <trkpt lat="51.4615020" lon="-112.7091480">
    <ele>689.3</ele>
    <time>2024-07-09T22:12:36Z</time>
   </trkpt>
   <trkpt lat="51.4614780" lon="-112.7090630">
    <ele>689.4</ele>
    <time>2024-07-09T22:12:37Z</time>
   </trkpt>
   <trkpt lat="51.4614590" lon="-112.7089760">
    <ele>689.5</ele>
    <time>2024-07-09T22:12:38Z</time>
   </trkpt>
   <trkpt lat="51.4614400" lon="-112.7088940">
    <ele>689.6</ele>
    <time>2024-07-09T22:12:39Z</time>
   </trkpt>
   <trkpt lat="51.4614150" lon="-112.7088020">
    <ele>689.7</ele>
    <time>2024-07-09T22:12:40Z</time>
   </trkpt>
   <trkpt lat="51.4613930" lon="-112.7087140">
    <ele>689.9</ele>
    <time>2024-07-09T22:12:41Z</time>
   </trkpt>
   <trkpt lat="51.4613650" lon="-112.7086250">
    <ele>690.0</ele>
    <time>2024-07-09T22:12:42Z</time>
   </trkpt>
   <trkpt lat="51.4613270" lon="-112.7085470">
    <ele>690.2</ele>
    <time>2024-07-09T22:12:43Z</time>
   </trkpt>
   <trkpt lat="51.4613280" lon="-112.7084500">
    <ele>690.4</ele>
    <time>2024-07-09T22:12:44Z</time>
   </trkpt>
   <trkpt lat="51.4613020" lon="-112.7083700">
    <ele>690.6</ele>
    <time>2024-07-09T22:12:45Z</time>
   </trkpt>
   <trkpt lat="51.4612800" lon="-112.7082810">
    <ele>690.7</ele>
    <time>2024-07-09T22:12:46Z</time>
   </trkpt>
   <trkpt lat="51.4612640" lon="-112.7081950">
    <ele>690.9</ele>
    <time>2024-07-09T22:12:47Z</time>
   </trkpt>
   <trkpt lat="51.4612400" lon="-112.7081080">
    <ele>691.1</ele>
    <time>2024-07-09T22:12:48Z</time>
   </trkpt>
   <trkpt lat="51.4612190" lon="-112.7080260">
    <ele>691.3</ele>
    <time>2024-07-09T22:12:49Z</time>
   </trkpt>
   <trkpt lat="51.4612010" lon="-112.7079440">
    <ele>691.5</ele>
    <time>2024-07-09T22:12:50Z</time>
   </trkpt>
   <trkpt lat="51.4611790" lon="-112.7078650">
    <ele>691.7</ele>
    <time>2024-07-09T22:12:51Z</time>
   </trkpt>
   <trkpt lat="51.4611600" lon="-112.7077880">
    <ele>691.8</ele>
    <time>2024-07-09T22:12:52Z</time>
   </trkpt>
   <trkpt lat="51.4611410" lon="-112.7077150">
    <ele>691.9</ele>
    <time>2024-07-09T22:12:53Z</time>
   </trkpt>
   <trkpt lat="51.4611180" lon="-112.7076400">
    <ele>692.1</ele>
    <time>2024-07-09T22:12:54Z</time>
   </trkpt>
   <trkpt lat="51.4611000" lon="-112.7075690">
    <ele>692.2</ele>
    <time>2024-07-09T22:12:55Z</time>
   </trkpt>
   <trkpt lat="51.4610750" lon="-112.7074990">
    <ele>692.3</ele>
    <time>2024-07-09T22:12:56Z</time>
   </trkpt>
   <trkpt lat="51.4610480" lon="-112.7074280">
    <ele>692.4</ele>
    <time>2024-07-09T22:12:57Z</time>
   </trkpt>
   <trkpt lat="51.4610210" lon="-112.7073570">
    <ele>692.5</ele>
    <time>2024-07-09T22:12:58Z</time>
   </trkpt>
   <trkpt lat="51.4609940" lon="-112.7072840">
    <ele>692.6</ele>
    <time>2024-07-09T22:12:59Z</time>
   </trkpt>
   <trkpt lat="51.4609720" lon="-112.7072150">
    <ele>692.7</ele>
    <time>2024-07-09T22:13:00Z</time>
   </trkpt>
   <trkpt lat="51.4609420" lon="-112.7071480">
    <ele>692.8</ele>
    <time>2024-07-09T22:13:01Z</time>
   </trkpt>
   <trkpt lat="51.4609140" lon="-112.7070800">
    <ele>692.8</ele>
    <time>2024-07-09T22:13:02Z</time>
   </trkpt>
   <trkpt lat="51.4608840" lon="-112.7070080">
    <ele>692.9</ele>
    <time>2024-07-09T22:13:03Z</time>
   </trkpt>
   <trkpt lat="51.4608540" lon="-112.7069370">
    <ele>692.9</ele>
    <time>2024-07-09T22:13:04Z</time>
   </trkpt>
   <trkpt lat="51.4608210" lon="-112.7068660">
    <ele>692.9</ele>
    <time>2024-07-09T22:13:05Z</time>
   </trkpt>
   <trkpt lat="51.4607840" lon="-112.7067930">
    <ele>693.0</ele>
    <time>2024-07-09T22:13:06Z</time>
   </trkpt>
   <trkpt lat="51.4607510" lon="-112.7067240">
    <ele>693.0</ele>
    <time>2024-07-09T22:13:07Z</time>
   </trkpt>
   <trkpt lat="51.4607110" lon="-112.7066500">
    <ele>693.0</ele>
    <time>2024-07-09T22:13:08Z</time>
   </trkpt>
   <trkpt lat="51.4606750" lon="-112.7065810">
    <ele>693.0</ele>
    <time>2024-07-09T22:13:09Z</time>
   </trkpt>
   <trkpt lat="51.4606350" lon="-112.7065090">
    <ele>693.0</ele>
    <time>2024-07-09T22:13:10Z</time>
   </trkpt>
   <trkpt lat="51.4605960" lon="-112.7064370">
    <ele>692.9</ele>
    <time>2024-07-09T22:13:11Z</time>
   </trkpt>
   <trkpt lat="51.4605650" lon="-112.7063710">
    <ele>692.9</ele>
    <time>2024-07-09T22:13:12Z</time>
   </trkpt>
   <trkpt lat="51.4605210" lon="-112.7062990">
    <ele>692.8</ele>
    <time>2024-07-09T22:13:13Z</time>
   </trkpt>
   <trkpt lat="51.4604830" lon="-112.7062250">
    <ele>692.6</ele>
    <time>2024-07-09T22:13:14Z</time>
   </trkpt>
   <trkpt lat="51.4604340" lon="-112.7061490">
    <ele>692.5</ele>
    <time>2024-07-09T22:13:15Z</time>
   </trkpt>
   <trkpt lat="51.4603960" lon="-112.7060710">
    <ele>692.3</ele>
    <time>2024-07-09T22:13:16Z</time>
   </trkpt>
   <trkpt lat="51.4603580" lon="-112.7060020">
    <ele>692.2</ele>
    <time>2024-07-09T22:13:17Z</time>
   </trkpt>
   <trkpt lat="51.4603100" lon="-112.7059180">
    <ele>692.0</ele>
    <time>2024-07-09T22:13:18Z</time>
   </trkpt>
   <trkpt lat="51.4602680" lon="-112.7058340">
    <ele>691.9</ele>
    <time>2024-07-09T22:13:19Z</time>
   </trkpt>
   <trkpt lat="51.4602240" lon="-112.7057520">
    <ele>691.7</ele>
    <time>2024-07-09T22:13:20Z</time>
   </trkpt>
   <trkpt lat="51.4601750" lon="-112.7056640">
    <ele>691.5</ele>
    <time>2024-07-09T22:13:21Z</time>
   </trkpt>
   <trkpt lat="51.4601320" lon="-112.7055760">
    <ele>691.3</ele>
    <time>2024-07-09T22:13:22Z</time>
   </trkpt>
   <trkpt lat="51.4600800" lon="-112.7054900">
    <ele>691.1</ele>
    <time>2024-07-09T22:13:23Z</time>
   </trkpt>
   <trkpt lat="51.4600310" lon="-112.7053970">
    <ele>690.9</ele>
    <time>2024-07-09T22:13:24Z</time>
   </trkpt>
   <trkpt lat="51.4599770" lon="-112.7053070">
    <ele>690.7</ele>
    <time>2024-07-09T22:13:25Z</time>
   </trkpt>
   <trkpt lat="51.4599330" lon="-112.7052220">
    <ele>690.5</ele>
    <time>2024-07-09T22:13:26Z</time>
   </trkpt>
   <trkpt lat="51.4598850" lon="-112.7051330">
    <ele>690.4</ele>
    <time>2024-07-09T22:13:27Z</time>
   </trkpt>
   <trkpt lat="51.4598370" lon="-112.7050440">
    <ele>690.2</ele>
    <time>2024-07-09T22:13:28Z</time>
   </trkpt>
   <trkpt lat="51.4597850" lon="-112.7049560">
    <ele>690.1</ele>
    <time>2024-07-09T22:13:29Z</time>
   </trkpt>
   <trkpt lat="51.4597340" lon="-112.7048690">
    <ele>690.0</ele>
    <time>2024-07-09T22:13:30Z</time>
   </trkpt>
   <trkpt lat="51.4596850" lon="-112.7047810">
    <ele>689.9</ele>
    <time>2024-07-09T22:13:31Z</time>
   </trkpt>
   <trkpt lat="51.4596370" lon="-112.7046910">
    <ele>689.7</ele>
    <time>2024-07-09T22:13:32Z</time>
   </trkpt>
   <trkpt lat="51.4595890" lon="-112.7046030">
    <ele>689.6</ele>
    <time>2024-07-09T22:13:33Z</time>
   </trkpt>
   <trkpt lat="51.4595440" lon="-112.7045110">
    <ele>689.5</ele>
    <time>2024-07-09T22:13:34Z</time>
   </trkpt>
   <trkpt lat="51.4594940" lon="-112.7044210">
    <ele>689.4</ele>
    <time>2024-07-09T22:13:35Z</time>
   </trkpt>
   <trkpt lat="51.4594450" lon="-112.7043320">
    <ele>689.3</ele>
    <time>2024-07-09T22:13:36Z</time>
   </trkpt>
   <trkpt lat="51.4593960" lon="-112.7042410">
    <ele>689.1</ele>
    <time>2024-07-09T22:13:37Z</time>
   </trkpt>
   <trkpt lat="51.4593470" lon="-112.7041500">
    <ele>689.0</ele>
    <time>2024-07-09T22:13:38Z</time>
   </trkpt>
   <trkpt lat="51.4592950" lon="-112.7040560">
    <ele>688.9</ele>
    <time>2024-07-09T22:13:39Z</time>
   </trkpt>
   <trkpt lat="51.4592490" lon="-112.7039690">
    <ele>688.8</ele>
    <time>2024-07-09T22:13:40Z</time>
   </trkpt>
   <trkpt lat="51.4592020" lon="-112.7038780">
    <ele>688.7</ele>
    <time>2024-07-09T22:13:41Z</time>
   </trkpt>
   <trkpt lat="51.4591530" lon="-112.7037850">
    <ele>688.6</ele>
    <time>2024-07-09T22:13:42Z</time>
   </trkpt>
   <trkpt lat="51.4591050" lon="-112.7036970">
    <ele>688.6</ele>
    <time>2024-07-09T22:13:43Z</time>
   </trkpt>
   <trkpt lat="51.4590570" lon="-112.7036070">
    <ele>688.5</ele>
    <time>2024-07-09T22:13:44Z</time>
   </trkpt>
   <trkpt lat="51.4590070" lon="-112.7035190">
    <ele>688.4</ele>
    <time>2024-07-09T22:13:45Z</time>
   </trkpt>
   <trkpt lat="51.4589560" lon="-112.7034310">
    <ele>688.3</ele>
    <time>2024-07-09T22:13:46Z</time>
   </trkpt>
   <trkpt lat="51.4589080" lon="-112.7033410">
    <ele>688.2</ele>
    <time>2024-07-09T22:13:47Z</time>
   </trkpt>
   <trkpt lat="51.4588590" lon="-112.7032530">
    <ele>688.1</ele>
    <time>2024-07-09T22:13:48Z</time>
   </trkpt>
   <trkpt lat="51.4588100" lon="-112.7031660">
    <ele>688.0</ele>
    <time>2024-07-09T22:13:49Z</time>
   </trkpt>
   <trkpt lat="51.4587630" lon="-112.7030770">
    <ele>687.9</ele>
    <time>2024-07-09T22:13:50Z</time>
   </trkpt>
   <trkpt lat="51.4587160" lon="-112.7029890">
    <ele>687.8</ele>
    <time>2024-07-09T22:13:51Z</time>
   </trkpt>
   <trkpt lat="51.4586700" lon="-112.7028990">
    <ele>687.7</ele>
    <time>2024-07-09T22:13:52Z</time>
   </trkpt>
   <trkpt lat="51.4586220" lon="-112.7028110">
    <ele>687.7</ele>
    <time>2024-07-09T22:13:53Z</time>
   </trkpt>
   <trkpt lat="51.4585760" lon="-112.7027260">
    <ele>687.6</ele>
    <time>2024-07-09T22:13:54Z</time>
   </trkpt>
   <trkpt lat="51.4585310" lon="-112.7026410">
    <ele>687.6</ele>
    <time>2024-07-09T22:13:55Z</time>
   </trkpt>
   <trkpt lat="51.4584820" lon="-112.7025580">
    <ele>687.5</ele>
    <time>2024-07-09T22:13:56Z</time>
   </trkpt>
   <trkpt lat="51.4584380" lon="-112.7024710">
    <ele>687.5</ele>
    <time>2024-07-09T22:13:57Z</time>
   </trkpt>
   <trkpt lat="51.4583920" lon="-112.7023890">
    <ele>687.5</ele>
    <time>2024-07-09T22:13:58Z</time>
   </trkpt>
   <trkpt lat="51.4583480" lon="-112.7023010">
    <ele>687.4</ele>
    <time>2024-07-09T22:13:59Z</time>
   </trkpt>
   <trkpt lat="51.4583070" lon="-112.7022120">
    <ele>687.4</ele>
    <time>2024-07-09T22:14:00Z</time>
   </trkpt>
   <trkpt lat="51.4582640" lon="-112.7021200">
    <ele>687.4</ele>
    <time>2024-07-09T22:14:01Z</time>
   </trkpt>
   <trkpt lat="51.4582240" lon="-112.7020310">
    <ele>687.4</ele>
    <time>2024-07-09T22:14:02Z</time>
   </trkpt>
   <trkpt lat="51.4581820" lon="-112.7019460">
    <ele>687.4</ele>
    <time>2024-07-09T22:14:03Z</time>
   </trkpt>
   <trkpt lat="51.4581460" lon="-112.7018550">
    <ele>687.4</ele>
    <time>2024-07-09T22:14:04Z</time>
   </trkpt>
   <trkpt lat="51.4581120" lon="-112.7017620">
    <ele>687.4</ele>
    <time>2024-07-09T22:14:05Z</time>
   </trkpt>
   <trkpt lat="51.4580760" lon="-112.7016690">
    <ele>687.4</ele>
    <time>2024-07-09T22:14:06Z</time>
   </trkpt>
   <trkpt lat="51.4580400" lon="-112.7015750">
    <ele>687.4</ele>
    <time>2024-07-09T22:14:07Z</time>
   </trkpt>
   <trkpt lat="51.4580060" lon="-112.7014780">
    <ele>687.4</ele>
    <time>2024-07-09T22:14:08Z</time>
   </trkpt>
   <trkpt lat="51.4579720" lon="-112.7013800">
    <ele>687.4</ele>
    <time>2024-07-09T22:14:09Z</time>
   </trkpt>
   <trkpt lat="51.4579410" lon="-112.7012820">
    <ele>687.4</ele>
    <time>2024-07-09T22:14:10Z</time>
   </trkpt>
   <trkpt lat="51.4579080" lon="-112.7011840">
    <ele>687.4</ele>
    <time>2024-07-09T22:14:11Z</time>
   </trkpt>
   <trkpt lat="51.4578720" lon="-112.7010830">
    <ele>687.4</ele>
    <time>2024-07-09T22:14:12Z</time>
   </trkpt>
   <trkpt lat="51.4578380" lon="-112.7009860">
    <ele>687.4</ele>
    <time>2024-07-09T22:14:13Z</time>
   </trkpt>
   <trkpt lat="51.4578050" lon="-112.7008870">
    <ele>687.4</ele>
    <time>2024-07-09T22:14:14Z</time>
   </trkpt>
   <trkpt lat="51.4577730" lon="-112.7007910">
    <ele>687.3</ele>
    <time>2024-07-09T22:14:15Z</time>
   </trkpt>
   <trkpt lat="51.4577360" lon="-112.7006940">
    <ele>687.4</ele>
    <time>2024-07-09T22:14:16Z</time>
   </trkpt>
   <trkpt lat="51.4577000" lon="-112.7006000">
    <ele>687.4</ele>
    <time>2024-07-09T22:14:17Z</time>
   </trkpt>
   <trkpt lat="51.4576660" lon="-112.7005050">
    <ele>687.4</ele>
    <time>2024-07-09T22:14:18Z</time>
   </trkpt>
   <trkpt lat="51.4576370" lon="-112.7004080">
    <ele>687.3</ele>
    <time>2024-07-09T22:14:19Z</time>
   </trkpt>
   <trkpt lat="51.4576010" lon="-112.7003100">
    <ele>687.3</ele>
    <time>2024-07-09T22:14:20Z</time>
   </trkpt>
   <trkpt lat="51.4575650" lon="-112.7002140">
    <ele>687.3</ele>
    <time>2024-07-09T22:14:21Z</time>
   </trkpt>
   <trkpt lat="51.4575240" lon="-112.7001170">
    <ele>687.3</ele>
    <time>2024-07-09T22:14:22Z</time>
   </trkpt>
   <trkpt lat="51.4574850" lon="-112.7000240">
    <ele>687.3</ele>
    <time>2024-07-09T22:14:23Z</time>
   </trkpt>
   <trkpt lat="51.4574450" lon="-112.6999300">
    <ele>687.2</ele>
    <time>2024-07-09T22:14:24Z</time>
   </trkpt>
   <trkpt lat="51.4574030" lon="-112.6998370">
    <ele>687.1</ele>
    <time>2024-07-09T22:14:25Z</time>
   </trkpt>
   <trkpt lat="51.4573570" lon="-112.6997480">
    <ele>687.0</ele>
    <time>2024-07-09T22:14:26Z</time>
   </trkpt>
   <trkpt lat="51.4573090" lon="-112.6996590">
    <ele>686.9</ele>
    <time>2024-07-09T22:14:27Z</time>
   </trkpt>
   <trkpt lat="51.4572650" lon="-112.6995710">
    <ele>686.8</ele>
    <time>2024-07-09T22:14:28Z</time>
   </trkpt>
   <trkpt lat="51.4572180" lon="-112.6994840">
    <ele>686.7</ele>
    <time>2024-07-09T22:14:29Z</time>
   </trkpt>
   <trkpt lat="51.4571670" lon="-112.6994020">
    <ele>686.6</ele>
    <time>2024-07-09T22:14:30Z</time>
   </trkpt>
   <trkpt lat="51.4571200" lon="-112.6993140">
    <ele>686.5</ele>
    <time>2024-07-09T22:14:31Z</time>
   </trkpt>
   <trkpt lat="51.4570780" lon="-112.6992280">
    <ele>686.5</ele>
    <time>2024-07-09T22:14:32Z</time>
   </trkpt>
   <trkpt lat="51.4570320" lon="-112.6991440">
    <ele>686.4</ele>
    <time>2024-07-09T22:14:33Z</time>
   </trkpt>
   <trkpt lat="51.4569810" lon="-112.6990590">
    <ele>686.4</ele>
    <time>2024-07-09T22:14:34Z</time>
   </trkpt>
   <trkpt lat="51.4569310" lon="-112.6989720">
    <ele>686.3</ele>
    <time>2024-07-09T22:14:35Z</time>
   </trkpt>
   <trkpt lat="51.4568840" lon="-112.6988860">
    <ele>686.3</ele>
    <time>2024-07-09T22:14:36Z</time>
   </trkpt>
   <trkpt lat="51.4568330" lon="-112.6988020">
    <ele>686.2</ele>
    <time>2024-07-09T22:14:37Z</time>
   </trkpt>
   <trkpt lat="51.4567880" lon="-112.6987170">
    <ele>686.2</ele>
    <time>2024-07-09T22:14:38Z</time>
   </trkpt>
   <trkpt lat="51.4567430" lon="-112.6986320">
    <ele>686.1</ele>
    <time>2024-07-09T22:14:39Z</time>
   </trkpt>
   <trkpt lat="51.4566930" lon="-112.6985440">
    <ele>686.0</ele>
    <time>2024-07-09T22:14:40Z</time>
   </trkpt>
   <trkpt lat="51.4566490" lon="-112.6984820">
    <ele>686.0</ele>
    <time>2024-07-09T22:14:41Z</time>
   </trkpt>
   <trkpt lat="51.4566000" lon="-112.6983880">
    <ele>685.9</ele>
    <time>2024-07-09T22:14:42Z</time>
   </trkpt>
   <trkpt lat="51.4565470" lon="-112.6983120">
    <ele>685.9</ele>
    <time>2024-07-09T22:14:43Z</time>
   </trkpt>
   <trkpt lat="51.4564990" lon="-112.6982280">
    <ele>685.9</ele>
    <time>2024-07-09T22:14:44Z</time>
   </trkpt>
   <trkpt lat="51.4564480" lon="-112.6981370">
    <ele>685.9</ele>
    <time>2024-07-09T22:14:45Z</time>
   </trkpt>
   <trkpt lat="51.4564040" lon="-112.6980570">
    <ele>685.9</ele>
    <time>2024-07-09T22:14:46Z</time>
   </trkpt>
   <trkpt lat="51.4563550" lon="-112.6979730">
    <ele>685.9</ele>
    <time>2024-07-09T22:14:47Z</time>
   </trkpt>
   <trkpt lat="51.4563080" lon="-112.6978920">
    <ele>685.9</ele>
    <time>2024-07-09T22:14:48Z</time>
   </trkpt>
   <trkpt lat="51.4562600" lon="-112.6978050">
    <ele>685.9</ele>
    <time>2024-07-09T22:14:49Z</time>
   </trkpt>
   <trkpt lat="51.4562080" lon="-112.6977170">
    <ele>685.9</ele>
    <time>2024-07-09T22:14:50Z</time>
   </trkpt>
   <trkpt lat="51.4561680" lon="-112.6976420">
    <ele>685.9</ele>
    <time>2024-07-09T22:14:51Z</time>
   </trkpt>
   <trkpt lat="51.4561240" lon="-112.6975680">
    <ele>686.0</ele>
    <time>2024-07-09T22:14:52Z</time>
   </trkpt>
   <trkpt lat="51.4560770" lon="-112.6974900">
    <ele>686.0</ele>
    <time>2024-07-09T22:14:53Z</time>
   </trkpt>
   <trkpt lat="51.4560350" lon="-112.6974110">
    <ele>686.0</ele>
    <time>2024-07-09T22:14:54Z</time>
   </trkpt>
   <trkpt lat="51.4559950" lon="-112.6973290">
    <ele>686.1</ele>
    <time>2024-07-09T22:14:55Z</time>
   </trkpt>
   <trkpt lat="51.4559570" lon="-112.6972560">
    <ele>686.1</ele>
    <time>2024-07-09T22:14:56Z</time>
   </trkpt>
   <trkpt lat="51.4559130" lon="-112.6971810">
    <ele>686.2</ele>
    <time>2024-07-09T22:14:57Z</time>
   </trkpt>
   <trkpt lat="51.4558770" lon="-112.6971060">
    <ele>686.2</ele>
    <time>2024-07-09T22:14:58Z</time>
   </trkpt>
   <trkpt lat="51.4558390" lon="-112.6970330">
    <ele>686.2</ele>
    <time>2024-07-09T22:14:59Z</time>
   </trkpt>
   <trkpt lat="51.4557960" lon="-112.6969560">
    <ele>686.3</ele>
    <time>2024-07-09T22:15:00Z</time>
   </trkpt>
   <trkpt lat="51.4557540" lon="-112.6968820">
    <ele>686.3</ele>
    <time>2024-07-09T22:15:01Z</time>
   </trkpt>
   <trkpt lat="51.4557140" lon="-112.6968100">
    <ele>686.4</ele>
    <time>2024-07-09T22:15:02Z</time>
   </trkpt>
   <trkpt lat="51.4556710" lon="-112.6967370">
    <ele>686.4</ele>
    <time>2024-07-09T22:15:03Z</time>
   </trkpt>
   <trkpt lat="51.4556260" lon="-112.6966700">
    <ele>686.5</ele>
    <time>2024-07-09T22:15:04Z</time>
   </trkpt>
   <trkpt lat="51.4555870" lon="-112.6965990">
    <ele>686.5</ele>
    <time>2024-07-09T22:15:05Z</time>
   </trkpt>
   <trkpt lat="51.4555470" lon="-112.6965230">
    <ele>686.5</ele>
    <time>2024-07-09T22:15:06Z</time>
   </trkpt>
   <trkpt lat="51.4555070" lon="-112.6964480">
    <ele>686.5</ele>
    <time>2024-07-09T22:15:07Z</time>
   </trkpt>
   <trkpt lat="51.4554650" lon="-112.6963740">
    <ele>686.6</ele>
    <time>2024-07-09T22:15:08Z</time>
   </trkpt>
   <trkpt lat="51.4554280" lon="-112.6963010">
    <ele>686.6</ele>
    <time>2024-07-09T22:15:09Z</time>
   </trkpt>
   <trkpt lat="51.4553870" lon="-112.6962290">
    <ele>686.6</ele>
    <time>2024-07-09T22:15:10Z</time>
   </trkpt>
   <trkpt lat="51.4553460" lon="-112.6961580">
    <ele>686.7</ele>
    <time>2024-07-09T22:15:11Z</time>
   </trkpt>
   <trkpt lat="51.4553080" lon="-112.6960870">
    <ele>686.7</ele>
    <time>2024-07-09T22:15:12Z</time>
   </trkpt>
   <trkpt lat="51.4552700" lon="-112.6960120">
    <ele>686.8</ele>
    <time>2024-07-09T22:15:13Z</time>
   </trkpt>
   <trkpt lat="51.4552290" lon="-112.6959410">
    <ele>686.8</ele>
    <time>2024-07-09T22:15:14Z</time>
   </trkpt>
   <trkpt lat="51.4551870" lon="-112.6958630">
    <ele>686.8</ele>
    <time>2024-07-09T22:15:15Z</time>
   </trkpt>
   <trkpt lat="51.4551510" lon="-112.6957880">
    <ele>686.9</ele>
    <time>2024-07-09T22:15:16Z</time>
   </trkpt>
   <trkpt lat="51.4551110" lon="-112.6957100">
    <ele>686.9</ele>
    <time>2024-07-09T22:15:17Z</time>
   </trkpt>
   <trkpt lat="51.4550680" lon="-112.6956350">
    <ele>687.0</ele>
    <time>2024-07-09T22:15:18Z</time>
   </trkpt>
   <trkpt lat="51.4550310" lon="-112.6955600">
    <ele>687.0</ele>
    <time>2024-07-09T22:15:19Z</time>
   </trkpt>
   <trkpt lat="51.4549910" lon="-112.6954810">
    <ele>687.1</ele>
    <time>2024-07-09T22:15:20Z</time>
   </trkpt>
   <trkpt lat="51.4549530" lon="-112.6954090">
    <ele>687.1</ele>
    <time>2024-07-09T22:15:21Z</time>
   </trkpt>
   <trkpt lat="51.4549110" lon="-112.6953350">
    <ele>687.1</ele>
    <time>2024-07-09T22:15:22Z</time>
   </trkpt>
   <trkpt lat="51.4548700" lon="-112.6952600">
    <ele>687.1</ele>
    <time>2024-07-09T22:15:23Z</time>
   </trkpt>
   <trkpt lat="51.4548270" lon="-112.6951820">
    <ele>687.1</ele>
    <time>2024-07-09T22:15:24Z</time>
   </trkpt>
   <trkpt lat="51.4547900" lon="-112.6951130">
    <ele>687.2</ele>
    <time>2024-07-09T22:15:25Z</time>
   </trkpt>
   <trkpt lat="51.4547460" lon="-112.6950390">
    <ele>687.2</ele>
    <time>2024-07-09T22:15:26Z</time>
   </trkpt>
   <trkpt lat="51.4547040" lon="-112.6949680">
    <ele>687.2</ele>
    <time>2024-07-09T22:15:27Z</time>
   </trkpt>
   <trkpt lat="51.4546660" lon="-112.6948950">
    <ele>687.2</ele>
    <time>2024-07-09T22:15:28Z</time>
   </trkpt>
   <trkpt lat="51.4546240" lon="-112.6948220">
    <ele>687.2</ele>
    <time>2024-07-09T22:15:29Z</time>
   </trkpt>
   <trkpt lat="51.4545870" lon="-112.6947470">
    <ele>687.1</ele>
    <time>2024-07-09T22:15:30Z</time>
   </trkpt>
   <trkpt lat="51.4545440" lon="-112.6946760">
    <ele>687.1</ele>
    <time>2024-07-09T22:15:31Z</time>
   </trkpt>
   <trkpt lat="51.4545070" lon="-112.6946030">
    <ele>687.1</ele>
    <time>2024-07-09T22:15:32Z</time>
   </trkpt>
   <trkpt lat="51.4544640" lon="-112.6945300">
    <ele>687.1</ele>
    <time>2024-07-09T22:15:33Z</time>
   </trkpt>
   <trkpt lat="51.4544240" lon="-112.6944540">
    <ele>687.1</ele>
    <time>2024-07-09T22:15:34Z</time>
   </trkpt>
   <trkpt lat="51.4543870" lon="-112.6943780">
    <ele>687.1</ele>
    <time>2024-07-09T22:15:35Z</time>
   </trkpt>
   <trkpt lat="51.4543380" lon="-112.6943060">
    <ele>687.1</ele>
    <time>2024-07-09T22:15:36Z</time>
   </trkpt>
   <trkpt lat="51.4542980" lon="-112.6942340">
    <ele>687.1</ele>
    <time>2024-07-09T22:15:37Z</time>
   </trkpt>
   <trkpt lat="51.4542520" lon="-112.6941530">
    <ele>687.0</ele>
    <time>2024-07-09T22:15:38Z</time>
   </trkpt>
   <trkpt lat="51.4542090" lon="-112.6940760">
    <ele>687.0</ele>
    <time>2024-07-09T22:15:39Z</time>
   </trkpt>
   <trkpt lat="51.4541660" lon="-112.6940010">
    <ele>687.0</ele>
    <time>2024-07-09T22:15:40Z</time>
   </trkpt>
   <trkpt lat="51.4541230" lon="-112.6939200">
    <ele>687.0</ele>
    <time>2024-07-09T22:15:41Z</time>
   </trkpt>
   <trkpt lat="51.4540820" lon="-112.6938410">
    <ele>687.0</ele>
    <time>2024-07-09T22:15:42Z</time>
   </trkpt>
   <trkpt lat="51.4540380" lon="-112.6937620">
    <ele>687.0</ele>
    <time>2024-07-09T22:15:43Z</time>
   </trkpt>
   <trkpt lat="51.4539920" lon="-112.6936810">
    <ele>687.0</ele>
    <time>2024-07-09T22:15:44Z</time>
   </trkpt>
   <trkpt lat="51.4539520" lon="-112.6936000">
    <ele>687.0</ele>
    <time>2024-07-09T22:15:45Z</time>
   </trkpt>
   <trkpt lat="51.4539050" lon="-112.6935170">
    <ele>687.0</ele>
    <time>2024-07-09T22:15:46Z</time>
   </trkpt>
   <trkpt lat="51.4538620" lon="-112.6934370">
    <ele>686.9</ele>
    <time>2024-07-09T22:15:47Z</time>
   </trkpt>
   <trkpt lat="51.4538210" lon="-112.6933600">
    <ele>686.9</ele>
    <time>2024-07-09T22:15:48Z</time>
   </trkpt>
   <trkpt lat="51.4537730" lon="-112.6932800">
    <ele>686.9</ele>
    <time>2024-07-09T22:15:49Z</time>
   </trkpt>
   <trkpt lat="51.4537300" lon="-112.6932000">
    <ele>686.8</ele>
    <time>2024-07-09T22:15:50Z</time>
   </trkpt>
   <trkpt lat="51.4536870" lon="-112.6931160">
    <ele>686.8</ele>
    <time>2024-07-09T22:15:51Z</time>
   </trkpt>
   <trkpt lat="51.4536480" lon="-112.6930460">
    <ele>686.8</ele>
    <time>2024-07-09T22:15:52Z</time>
   </trkpt>
   <trkpt lat="51.4536040" lon="-112.6929590">
    <ele>686.8</ele>
    <time>2024-07-09T22:15:53Z</time>
   </trkpt>
   <trkpt lat="51.4535580" lon="-112.6928650">
    <ele>686.7</ele>
    <time>2024-07-09T22:15:54Z</time>
   </trkpt>
   <trkpt lat="51.4535160" lon="-112.6927810">
    <ele>686.7</ele>
    <time>2024-07-09T22:15:55Z</time>
   </trkpt>
   <trkpt lat="51.4534760" lon="-112.6927040">
    <ele>686.7</ele>
    <time>2024-07-09T22:15:56Z</time>
   </trkpt>
   <trkpt lat="51.4534310" lon="-112.6926240">
    <ele>686.7</ele>
    <time>2024-07-09T22:15:57Z</time>
   </trkpt>
   <trkpt lat="51.4533850" lon="-112.6925400">
    <ele>686.7</ele>
    <time>2024-07-09T22:15:58Z</time>
   </trkpt>
   <trkpt lat="51.4533460" lon="-112.6924640">
    <ele>686.7</ele>
    <time>2024-07-09T22:15:59Z</time>
   </trkpt>
   <trkpt lat="51.4533020" lon="-112.6923790">
    <ele>686.7</ele>
    <time>2024-07-09T22:16:00Z</time>
   </trkpt>
   <trkpt lat="51.4532660" lon="-112.6922930">
    <ele>686.7</ele>
    <time>2024-07-09T22:16:01Z</time>
   </trkpt>
   <trkpt lat="51.4532220" lon="-112.6922150">
    <ele>686.7</ele>
    <time>2024-07-09T22:16:02Z</time>
   </trkpt>
   <trkpt lat="51.4531840" lon="-112.6921350">
    <ele>686.7</ele>
    <time>2024-07-09T22:16:03Z</time>
   </trkpt>
   <trkpt lat="51.4531420" lon="-112.6920540">
    <ele>686.7</ele>
    <time>2024-07-09T22:16:04Z</time>
   </trkpt>
   <trkpt lat="51.4531020" lon="-112.6919680">
    <ele>686.7</ele>
    <time>2024-07-09T22:16:05Z</time>
   </trkpt>
   <trkpt lat="51.4530620" lon="-112.6918850">
    <ele>686.7</ele>
    <time>2024-07-09T22:16:06Z</time>
   </trkpt>
   <trkpt lat="51.4530180" lon="-112.6918050">
    <ele>686.7</ele>
    <time>2024-07-09T22:16:07Z</time>
   </trkpt>
   <trkpt lat="51.4529780" lon="-112.6917260">
    <ele>686.7</ele>
    <time>2024-07-09T22:16:08Z</time>
   </trkpt>
   <trkpt lat="51.4529340" lon="-112.6916460">
    <ele>686.7</ele>
    <time>2024-07-09T22:16:09Z</time>
   </trkpt>
   <trkpt lat="51.4528940" lon="-112.6915660">
    <ele>686.7</ele>
    <time>2024-07-09T22:16:10Z</time>
   </trkpt>
   <trkpt lat="51.4528540" lon="-112.6914850">
    <ele>686.6</ele>
    <time>2024-07-09T22:16:11Z</time>
   </trkpt>
   <trkpt lat="51.4528110" lon="-112.6914080">
    <ele>686.6</ele>
    <time>2024-07-09T22:16:12Z</time>
   </trkpt>
   <trkpt lat="51.4527670" lon="-112.6913350">
    <ele>686.6</ele>
    <time>2024-07-09T22:16:13Z</time>
   </trkpt>
   <trkpt lat="51.4527210" lon="-112.6912590">
    <ele>686.6</ele>
    <time>2024-07-09T22:16:14Z</time>
   </trkpt>
   <trkpt lat="51.4526790" lon="-112.6911800">
    <ele>686.6</ele>
    <time>2024-07-09T22:16:15Z</time>
   </trkpt>
   <trkpt lat="51.4526390" lon="-112.6911050">
    <ele>686.5</ele>
    <time>2024-07-09T22:16:16Z</time>
   </trkpt>
   <trkpt lat="51.4525990" lon="-112.6910310">
    <ele>686.5</ele>
    <time>2024-07-09T22:16:17Z</time>
   </trkpt>
   <trkpt lat="51.4525560" lon="-112.6909520">
    <ele>686.5</ele>
    <time>2024-07-09T22:16:18Z</time>
   </trkpt>
   <trkpt lat="51.4525160" lon="-112.6908690">
    <ele>686.5</ele>
    <time>2024-07-09T22:16:19Z</time>
   </trkpt>
   <trkpt lat="51.4524750" lon="-112.6907890">
    <ele>686.4</ele>
    <time>2024-07-09T22:16:20Z</time>
   </trkpt>
   <trkpt lat="51.4524330" lon="-112.6907120">
    <ele>686.4</ele>
    <time>2024-07-09T22:16:21Z</time>
   </trkpt>
   <trkpt lat="51.4523910" lon="-112.6906400">
    <ele>686.4</ele>
    <time>2024-07-09T22:16:22Z</time>
   </trkpt>
   <trkpt lat="51.4523460" lon="-112.6905630">
    <ele>686.4</ele>
    <time>2024-07-09T22:16:23Z</time>
   </trkpt>
   <trkpt lat="51.4523030" lon="-112.6904910">
    <ele>686.4</ele>
    <time>2024-07-09T22:16:24Z</time>
   </trkpt>
   <trkpt lat="51.4522600" lon="-112.6904190">
    <ele>686.4</ele>
    <time>2024-07-09T22:16:25Z</time>
   </trkpt>
   <trkpt lat="51.4522180" lon="-112.6903490">
    <ele>686.3</ele>
    <time>2024-07-09T22:16:26Z</time>
   </trkpt>
   <trkpt lat="51.4521780" lon="-112.6902750">
    <ele>686.3</ele>
    <time>2024-07-09T22:16:27Z</time>
   </trkpt>
   <trkpt lat="51.4521360" lon="-112.6902060">
    <ele>686.3</ele>
    <time>2024-07-09T22:16:28Z</time>
   </trkpt>
   <trkpt lat="51.4520970" lon="-112.6901350">
    <ele>686.3</ele>
    <time>2024-07-09T22:16:29Z</time>
   </trkpt>
   <trkpt lat="51.4520570" lon="-112.6900640">
    <ele>686.3</ele>
    <time>2024-07-09T22:16:30Z</time>
   </trkpt>
   <trkpt lat="51.4520180" lon="-112.6899920">
    <ele>686.3</ele>
    <time>2024-07-09T22:16:31Z</time>
   </trkpt>
   <trkpt lat="51.4519790" lon="-112.6899200">
    <ele>686.2</ele>
    <time>2024-07-09T22:16:32Z</time>
   </trkpt>
   <trkpt lat="51.4519370" lon="-112.6898500">
    <ele>686.2</ele>
    <time>2024-07-09T22:16:33Z</time>
   </trkpt>
   <trkpt lat="51.4518980" lon="-112.6897850">
    <ele>686.2</ele>
    <time>2024-07-09T22:16:34Z</time>
   </trkpt>
   <trkpt lat="51.4518600" lon="-112.6897120">
    <ele>686.2</ele>
    <time>2024-07-09T22:16:35Z</time>
   </trkpt>
   <trkpt lat="51.4518220" lon="-112.6896350">
    <ele>686.1</ele>
    <time>2024-07-09T22:16:36Z</time>
   </trkpt>
   <trkpt lat="51.4517810" lon="-112.6895660">
    <ele>686.1</ele>
    <time>2024-07-09T22:16:37Z</time>
   </trkpt>
   <trkpt lat="51.4517400" lon="-112.6894960">
    <ele>686.1</ele>
    <time>2024-07-09T22:16:38Z</time>
   </trkpt>
   <trkpt lat="51.4517020" lon="-112.6894250">
    <ele>686.1</ele>
    <time>2024-07-09T22:16:39Z</time>
   </trkpt>
   <trkpt lat="51.4516650" lon="-112.6893540">
    <ele>686.1</ele>
    <time>2024-07-09T22:16:40Z</time>
   </trkpt>
   <trkpt lat="51.4516280" lon="-112.6892820">
    <ele>686.1</ele>
    <time>2024-07-09T22:16:41Z</time>
   </trkpt>
   <trkpt lat="51.4515880" lon="-112.6892080">
    <ele>686.1</ele>
    <time>2024-07-09T22:16:42Z</time>
   </trkpt>
   <trkpt lat="51.4515470" lon="-112.6891370">
    <ele>686.1</ele>
    <time>2024-07-09T22:16:43Z</time>
   </trkpt>
   <trkpt lat="51.4515070" lon="-112.6890710">
    <ele>686.1</ele>
    <time>2024-07-09T22:16:44Z</time>
   </trkpt>
   <trkpt lat="51.4514670" lon="-112.6890030">
    <ele>686.1</ele>
    <time>2024-07-09T22:16:45Z</time>
   </trkpt>
   <trkpt lat="51.4514290" lon="-112.6889310">
    <ele>686.1</ele>
    <time>2024-07-09T22:16:46Z</time>
   </trkpt>
   <trkpt lat="51.4513870" lon="-112.6888590">
    <ele>686.0</ele>
    <time>2024-07-09T22:16:47Z</time>
   </trkpt>
   <trkpt lat="51.4513480" lon="-112.6887910">
    <ele>686.0</ele>
    <time>2024-07-09T22:16:48Z</time>
   </trkpt>
   <trkpt lat="51.4513100" lon="-112.6887200">
    <ele>686.0</ele>
    <time>2024-07-09T22:16:49Z</time>
   </trkpt>
   <trkpt lat="51.4512740" lon="-112.6886470">
    <ele>686.0</ele>
    <time>2024-07-09T22:16:50Z</time>
   </trkpt>
   <trkpt lat="51.4512350" lon="-112.6885720">
    <ele>686.0</ele>
    <time>2024-07-09T22:16:51Z</time>
   </trkpt>
   <trkpt lat="51.4512020" lon="-112.6885000">
    <ele>686.0</ele>
    <time>2024-07-09T22:16:52Z</time>
   </trkpt>
   <trkpt lat="51.4511640" lon="-112.6884190">
    <ele>686.0</ele>
    <time>2024-07-09T22:16:53Z</time>
   </trkpt>
   <trkpt lat="51.4511180" lon="-112.6883470">
    <ele>686.0</ele>
    <time>2024-07-09T22:16:54Z</time>
   </trkpt>
   <trkpt lat="51.4510780" lon="-112.6882810">
    <ele>686.0</ele>
    <time>2024-07-09T22:16:55Z</time>
   </trkpt>
   <trkpt lat="51.4510330" lon="-112.6882110">
    <ele>686.0</ele>
    <time>2024-07-09T22:16:56Z</time>
   </trkpt>
   <trkpt lat="51.4509920" lon="-112.6881440">
    <ele>685.9</ele>
    <time>2024-07-09T22:16:57Z</time>
   </trkpt>
   <trkpt lat="51.4509510" lon="-112.6880800">
    <ele>685.9</ele>
    <time>2024-07-09T22:16:58Z</time>
   </trkpt>
   <trkpt lat="51.4509130" lon="-112.6880130">
    <ele>685.9</ele>
    <time>2024-07-09T22:16:59Z</time>
   </trkpt>
   <trkpt lat="51.4508720" lon="-112.6879430">
    <ele>685.9</ele>
    <time>2024-07-09T22:17:00Z</time>
   </trkpt>
   <trkpt lat="51.4508310" lon="-112.6878730">
    <ele>685.8</ele>
    <time>2024-07-09T22:17:01Z</time>
   </trkpt>
   <trkpt lat="51.4507890" lon="-112.6878110">
    <ele>685.8</ele>
    <time>2024-07-09T22:17:02Z</time>
   </trkpt>
   <trkpt lat="51.4507480" lon="-112.6877440">
    <ele>685.8</ele>
    <time>2024-07-09T22:17:03Z</time>
   </trkpt>
   <trkpt lat="51.4507080" lon="-112.6876740">
    <ele>685.7</ele>
    <time>2024-07-09T22:17:04Z</time>
   </trkpt>
   <trkpt lat="51.4506650" lon="-112.6876060">
    <ele>685.7</ele>
    <time>2024-07-09T22:17:05Z</time>
   </trkpt>
   <trkpt lat="51.4506220" lon="-112.6875380">
    <ele>685.6</ele>
    <time>2024-07-09T22:17:06Z</time>
   </trkpt>
   <trkpt lat="51.4505800" lon="-112.6874700">
    <ele>685.6</ele>
    <time>2024-07-09T22:17:07Z</time>
   </trkpt>
   <trkpt lat="51.4505370" lon="-112.6874020">
    <ele>685.6</ele>
    <time>2024-07-09T22:17:08Z</time>
   </trkpt>
   <trkpt lat="51.4504960" lon="-112.6873340">
    <ele>685.5</ele>
    <time>2024-07-09T22:17:09Z</time>
   </trkpt>
   <trkpt lat="51.4504530" lon="-112.6872700">
    <ele>685.5</ele>
    <time>2024-07-09T22:17:10Z</time>
   </trkpt>
   <trkpt lat="51.4504160" lon="-112.6872070">
    <ele>685.5</ele>
    <time>2024-07-09T22:17:11Z</time>
   </trkpt>
   <trkpt lat="51.4503800" lon="-112.6871390">
    <ele>685.5</ele>
    <time>2024-07-09T22:17:12Z</time>
   </trkpt>
   <trkpt lat="51.4503390" lon="-112.6870710">
    <ele>685.5</ele>
    <time>2024-07-09T22:17:13Z</time>
   </trkpt>
   <trkpt lat="51.4502980" lon="-112.6870090">
    <ele>685.5</ele>
    <time>2024-07-09T22:17:14Z</time>
   </trkpt>
   <trkpt lat="51.4502580" lon="-112.6869430">
    <ele>685.5</ele>
    <time>2024-07-09T22:17:15Z</time>
   </trkpt>
   <trkpt lat="51.4502180" lon="-112.6868760">
    <ele>685.5</ele>
    <time>2024-07-09T22:17:16Z</time>
   </trkpt>
   <trkpt lat="51.4501780" lon="-112.6868080">
    <ele>685.5</ele>
    <time>2024-07-09T22:17:17Z</time>
   </trkpt>
   <trkpt lat="51.4501380" lon="-112.6867440">
    <ele>685.5</ele>
    <time>2024-07-09T22:17:18Z</time>
   </trkpt>
   <trkpt lat="51.4501000" lon="-112.6866790">
    <ele>685.5</ele>
    <time>2024-07-09T22:17:19Z</time>
   </trkpt>
   <trkpt lat="51.4500620" lon="-112.6866100">
    <ele>685.5</ele>
    <time>2024-07-09T22:17:20Z</time>
   </trkpt>
   <trkpt lat="51.4500260" lon="-112.6865450">
    <ele>685.5</ele>
    <time>2024-07-09T22:17:21Z</time>
   </trkpt>
   <trkpt lat="51.4499920" lon="-112.6864760">
    <ele>685.5</ele>
    <time>2024-07-09T22:17:22Z</time>
   </trkpt>
   <trkpt lat="51.4499670" lon="-112.6863950">
    <ele>685.5</ele>
    <time>2024-07-09T22:17:23Z</time>
   </trkpt>
   <trkpt lat="51.4499420" lon="-112.6863040">
    <ele>685.4</ele>
    <time>2024-07-09T22:17:24Z</time>
   </trkpt>
   <trkpt lat="51.4499100" lon="-112.6862170">
    <ele>685.4</ele>
    <time>2024-07-09T22:17:25Z</time>
   </trkpt>
   <trkpt lat="51.4498720" lon="-112.6861390">
    <ele>685.4</ele>
    <time>2024-07-09T22:17:26Z</time>
   </trkpt>
   <trkpt lat="51.4498340" lon="-112.6860650">
    <ele>685.5</ele>
    <time>2024-07-09T22:17:27Z</time>
   </trkpt>
   <trkpt lat="51.4497940" lon="-112.6859970">
    <ele>685.5</ele>
    <time>2024-07-09T22:17:28Z</time>
   </trkpt>
   <trkpt lat="51.4497520" lon="-112.6859270">
    <ele>685.5</ele>
    <time>2024-07-09T22:17:29Z</time>
   </trkpt>
   <trkpt lat="51.4497140" lon="-112.6858540">
    <ele>685.6</ele>
    <time>2024-07-09T22:17:30Z</time>
   </trkpt>
   <trkpt lat="51.4496780" lon="-112.6857780">
    <ele>685.6</ele>
    <time>2024-07-09T22:17:31Z</time>
   </trkpt>
   <trkpt lat="51.4496410" lon="-112.6857080">
    <ele>685.7</ele>
    <time>2024-07-09T22:17:32Z</time>
   </trkpt>
   <trkpt lat="51.4496060" lon="-112.6856260">
    <ele>685.7</ele>
    <time>2024-07-09T22:17:33Z</time>
   </trkpt>
   <trkpt lat="51.4495630" lon="-112.6855660">
    <ele>685.7</ele>
    <time>2024-07-09T22:17:34Z</time>
   </trkpt>
   <trkpt lat="51.4495290" lon="-112.6855150">
    <ele>685.7</ele>
    <time>2024-07-09T22:17:35Z</time>
   </trkpt>
   <trkpt lat="51.4494910" lon="-112.6854610">
    <ele>685.7</ele>
    <time>2024-07-09T22:17:36Z</time>
   </trkpt>
   <trkpt lat="51.4494610" lon="-112.6853960">
    <ele>685.7</ele>
    <time>2024-07-09T22:17:37Z</time>
   </trkpt>
   <trkpt lat="51.4494190" lon="-112.6853210">
    <ele>685.8</ele>
    <time>2024-07-09T22:17:38Z</time>
   </trkpt>
   <trkpt lat="51.4493810" lon="-112.6852480">
    <ele>685.8</ele>
    <time>2024-07-09T22:17:39Z</time>
   </trkpt>
   <trkpt lat="51.4493520" lon="-112.6851800">
    <ele>685.8</ele>
    <time>2024-07-09T22:17:40Z</time>
   </trkpt>
   <trkpt lat="51.4493140" lon="-112.6851210">
    <ele>685.8</ele>
    <time>2024-07-09T22:17:41Z</time>
   </trkpt>
   <trkpt lat="51.4492960" lon="-112.6850350">
    <ele>685.9</ele>
    <time>2024-07-09T22:17:42Z</time>
   </trkpt>
   <trkpt lat="51.4493020" lon="-112.6849490">
    <ele>686.5</ele>
    <time>2024-07-09T22:17:43Z</time>
   </trkpt>
   <trkpt lat="51.4493220" lon="-112.6848590">
    <ele>686.5</ele>
    <time>2024-07-09T22:17:44Z</time>
   </trkpt>
   <trkpt lat="51.4493460" lon="-112.6847750">
    <ele>686.5</ele>
    <time>2024-07-09T22:17:45Z</time>
   </trkpt>
   <trkpt lat="51.4493790" lon="-112.6847040">
    <ele>686.5</ele>
    <time>2024-07-09T22:17:46Z</time>
   </trkpt>
   <trkpt lat="51.4494220" lon="-112.6846460">
    <ele>686.3</ele>
    <time>2024-07-09T22:17:47Z</time>
   </trkpt>
   <trkpt lat="51.4494620" lon="-112.6845950">
    <ele>686.1</ele>
    <time>2024-07-09T22:17:48Z</time>
   </trkpt>
   <trkpt lat="51.4495080" lon="-112.6845310">
    <ele>685.8</ele>
    <time>2024-07-09T22:17:49Z</time>
   </trkpt>
   <trkpt lat="51.4495570" lon="-112.6844640">
    <ele>685.5</ele>
    <time>2024-07-09T22:17:51Z</time>
   </trkpt>
   <trkpt lat="51.4496110" lon="-112.6843970">
    <ele>685.2</ele>
    <time>2024-07-09T22:17:52Z</time>
   </trkpt>
   <trkpt lat="51.4496610" lon="-112.6843230">
    <ele>685.0</ele>
    <time>2024-07-09T22:17:53Z</time>
   </trkpt>
   <trkpt lat="51.4497110" lon="-112.6842460">
    <ele>684.7</ele>
    <time>2024-07-09T22:17:54Z</time>
   </trkpt>
   <trkpt lat="51.4497580" lon="-112.6841610">
    <ele>684.6</ele>
    <time>2024-07-09T22:17:55Z</time>
   </trkpt>
   <trkpt lat="51.4498070" lon="-112.6840810">
    <ele>684.4</ele>
    <time>2024-07-09T22:17:56Z</time>
   </trkpt>
   <trkpt lat="51.4498590" lon="-112.6840160">
    <ele>684.3</ele>
    <time>2024-07-09T22:17:57Z</time>
   </trkpt>
   <trkpt lat="51.4499090" lon="-112.6839500">
    <ele>684.2</ele>
    <time>2024-07-09T22:17:58Z</time>
   </trkpt>
   <trkpt lat="51.4499570" lon="-112.6838760">
    <ele>684.1</ele>
    <time>2024-07-09T22:17:59Z</time>
   </trkpt>
   <trkpt lat="51.4500020" lon="-112.6837970">
    <ele>684.0</ele>
    <time>2024-07-09T22:18:00Z</time>
   </trkpt>
   <trkpt lat="51.4500490" lon="-112.6837280">
    <ele>683.9</ele>
    <time>2024-07-09T22:18:01Z</time>
   </trkpt>
   <trkpt lat="51.4500990" lon="-112.6836630">
    <ele>683.8</ele>
    <time>2024-07-09T22:18:02Z</time>
   </trkpt>
   <trkpt lat="51.4501460" lon="-112.6835900">
    <ele>683.7</ele>
    <time>2024-07-09T22:18:03Z</time>
   </trkpt>
   <trkpt lat="51.4501950" lon="-112.6835180">
    <ele>683.7</ele>
    <time>2024-07-09T22:18:04Z</time>
   </trkpt>
   <trkpt lat="51.4502440" lon="-112.6834460">
    <ele>683.6</ele>
    <time>2024-07-09T22:18:05Z</time>
   </trkpt>
   <trkpt lat="51.4502970" lon="-112.6833740">
    <ele>683.5</ele>
    <time>2024-07-09T22:18:06Z</time>
   </trkpt>
   <trkpt lat="51.4503460" lon="-112.6832930">
    <ele>683.4</ele>
    <time>2024-07-09T22:18:07Z</time>
   </trkpt>
   <trkpt lat="51.4503940" lon="-112.6832130">
    <ele>683.3</ele>
    <time>2024-07-09T22:18:08Z</time>
   </trkpt>
   <trkpt lat="51.4504480" lon="-112.6831410">
    <ele>683.2</ele>
    <time>2024-07-09T22:18:09Z</time>
   </trkpt>
   <trkpt lat="51.4505490" lon="-112.6829790">
    <ele>683.1</ele>
    <time>2024-07-09T22:18:10Z</time>
   </trkpt>
   <trkpt lat="51.4506010" lon="-112.6829080">
    <ele>683.0</ele>
    <time>2024-07-09T22:18:11Z</time>
   </trkpt>
   <trkpt lat="51.4506580" lon="-112.6828370">
    <ele>682.9</ele>
    <time>2024-07-09T22:18:12Z</time>
   </trkpt>
   <trkpt lat="51.4507190" lon="-112.6827750">
    <ele>682.8</ele>
    <time>2024-07-09T22:18:13Z</time>
   </trkpt>
   <trkpt lat="51.4507830" lon="-112.6827220">
    <ele>682.7</ele>
    <time>2024-07-09T22:18:14Z</time>
   </trkpt>
   <trkpt lat="51.4508500" lon="-112.6826690">
    <ele>682.6</ele>
    <time>2024-07-09T22:18:15Z</time>
   </trkpt>
   <trkpt lat="51.4509220" lon="-112.6826440">
    <ele>682.6</ele>
    <time>2024-07-09T22:18:16Z</time>
   </trkpt>
   <trkpt lat="51.4509990" lon="-112.6826520">
    <ele>682.5</ele>
    <time>2024-07-09T22:18:17Z</time>
   </trkpt>
   <trkpt lat="51.4510720" lon="-112.6826970">
    <ele>682.4</ele>
    <time>2024-07-09T22:18:18Z</time>
   </trkpt>
   <trkpt lat="51.4511380" lon="-112.6827690">
    <ele>682.4</ele>
    <time>2024-07-09T22:18:19Z</time>
   </trkpt>
   <trkpt lat="51.4511980" lon="-112.6828500">
    <ele>682.4</ele>
    <time>2024-07-09T22:18:20Z</time>
   </trkpt>
   <trkpt lat="51.4512570" lon="-112.6829220">
    <ele>682.4</ele>
    <time>2024-07-09T22:18:21Z</time>
   </trkpt>
   <trkpt lat="51.4513200" lon="-112.6829810">
    <ele>682.4</ele>
    <time>2024-07-09T22:18:22Z</time>
   </trkpt>
   <trkpt lat="51.4513860" lon="-112.6830450">
    <ele>682.5</ele>
    <time>2024-07-09T22:18:23Z</time>
   </trkpt>
   <trkpt lat="51.4514470" lon="-112.6831160">
    <ele>682.5</ele>
    <time>2024-07-09T22:18:24Z</time>
   </trkpt>
   <trkpt lat="51.4515100" lon="-112.6831780">
    <ele>682.5</ele>
    <time>2024-07-09T22:18:25Z</time>
   </trkpt>
   <trkpt lat="51.4515750" lon="-112.6832460">
    <ele>682.6</ele>
    <time>2024-07-09T22:18:26Z</time>
   </trkpt>
   <trkpt lat="51.4516360" lon="-112.6833170">
    <ele>682.6</ele>
    <time>2024-07-09T22:18:27Z</time>
   </trkpt>
   <trkpt lat="51.4517000" lon="-112.6833870">
    <ele>682.6</ele>
    <time>2024-07-09T22:18:28Z</time>
   </trkpt>
   <trkpt lat="51.4517650" lon="-112.6834500">
    <ele>682.6</ele>
    <time>2024-07-09T22:18:29Z</time>
   </trkpt>
   <trkpt lat="51.4518320" lon="-112.6835140">
    <ele>682.6</ele>
    <time>2024-07-09T22:18:30Z</time>
   </trkpt>
   <trkpt lat="51.4518970" lon="-112.6835780">
    <ele>682.7</ele>
    <time>2024-07-09T22:18:31Z</time>
   </trkpt>
   <trkpt lat="51.4519620" lon="-112.6836460">
    <ele>682.7</ele>
    <time>2024-07-09T22:18:32Z</time>
   </trkpt>
   <trkpt lat="51.4520270" lon="-112.6837130">
    <ele>682.7</ele>
    <time>2024-07-09T22:18:33Z</time>
   </trkpt>
   <trkpt lat="51.4520890" lon="-112.6837810">
    <ele>682.7</ele>
    <time>2024-07-09T22:18:34Z</time>
   </trkpt>
   <trkpt lat="51.4521530" lon="-112.6838460">
    <ele>682.8</ele>
    <time>2024-07-09T22:18:35Z</time>
   </trkpt>
   <trkpt lat="51.4522200" lon="-112.6839120">
    <ele>682.8</ele>
    <time>2024-07-09T22:18:36Z</time>
   </trkpt>
   <trkpt lat="51.4522870" lon="-112.6839750">
    <ele>682.8</ele>
    <time>2024-07-09T22:18:37Z</time>
   </trkpt>
   <trkpt lat="51.4523520" lon="-112.6840340">
    <ele>682.8</ele>
    <time>2024-07-09T22:18:38Z</time>
   </trkpt>
   <trkpt lat="51.4524150" lon="-112.6840950">
    <ele>682.9</ele>
    <time>2024-07-09T22:18:39Z</time>
   </trkpt>
   <trkpt lat="51.4524770" lon="-112.6841620">
    <ele>682.9</ele>
    <time>2024-07-09T22:18:40Z</time>
   </trkpt>
   <trkpt lat="51.4525420" lon="-112.6842310">
    <ele>682.9</ele>
    <time>2024-07-09T22:18:41Z</time>
   </trkpt>
   <trkpt lat="51.4526040" lon="-112.6843000">
    <ele>683.0</ele>
    <time>2024-07-09T22:18:42Z</time>
   </trkpt>
   <trkpt lat="51.4526650" lon="-112.6843680">
    <ele>683.0</ele>
    <time>2024-07-09T22:18:43Z</time>
   </trkpt>
   <trkpt lat="51.4527260" lon="-112.6844490">
    <ele>683.0</ele>
    <time>2024-07-09T22:18:44Z</time>
   </trkpt>
   <trkpt lat="51.4527870" lon="-112.6845070">
    <ele>683.0</ele>
    <time>2024-07-09T22:18:45Z</time>
   </trkpt>
   <trkpt lat="51.4528530" lon="-112.6845710">
    <ele>683.1</ele>
    <time>2024-07-09T22:18:46Z</time>
   </trkpt>
   <trkpt lat="51.4529110" lon="-112.6846440">
    <ele>683.1</ele>
    <time>2024-07-09T22:18:47Z</time>
   </trkpt>
   <trkpt lat="51.4529710" lon="-112.6847140">
    <ele>683.1</ele>
    <time>2024-07-09T22:18:48Z</time>
   </trkpt>
   <trkpt lat="51.4530340" lon="-112.6847760">
    <ele>683.2</ele>
    <time>2024-07-09T22:18:49Z</time>
   </trkpt>
   <trkpt lat="51.4530940" lon="-112.6848400">
    <ele>683.2</ele>
    <time>2024-07-09T22:18:50Z</time>
   </trkpt>
   <trkpt lat="51.4531530" lon="-112.6849100">
    <ele>683.2</ele>
    <time>2024-07-09T22:18:51Z</time>
   </trkpt>
   <trkpt lat="51.4532070" lon="-112.6849860">
    <ele>683.2</ele>
    <time>2024-07-09T22:18:52Z</time>
   </trkpt>
   <trkpt lat="51.4532630" lon="-112.6850660">
    <ele>683.2</ele>
    <time>2024-07-09T22:18:53Z</time>
   </trkpt>
   <trkpt lat="51.4533130" lon="-112.6851510">
    <ele>683.2</ele>
    <time>2024-07-09T22:18:54Z</time>
   </trkpt>
   <trkpt lat="51.4533660" lon="-112.6852390">
    <ele>683.3</ele>
    <time>2024-07-09T22:18:55Z</time>
   </trkpt>
   <trkpt lat="51.4534190" lon="-112.6853170">
    <ele>683.3</ele>
    <time>2024-07-09T22:18:56Z</time>
   </trkpt>
   <trkpt lat="51.4534700" lon="-112.6854040">
    <ele>683.3</ele>
    <time>2024-07-09T22:18:57Z</time>
   </trkpt>
   <trkpt lat="51.4535200" lon="-112.6854870">
    <ele>683.3</ele>
    <time>2024-07-09T22:18:58Z</time>
   </trkpt>
   <trkpt lat="51.4535730" lon="-112.6855720">
    <ele>683.3</ele>
    <time>2024-07-09T22:18:59Z</time>
   </trkpt>
   <trkpt lat="51.4536220" lon="-112.6856590">
    <ele>683.4</ele>
    <time>2024-07-09T22:19:00Z</time>
   </trkpt>
   <trkpt lat="51.4536730" lon="-112.6857410">
    <ele>683.4</ele>
    <time>2024-07-09T22:19:01Z</time>
   </trkpt>
   <trkpt lat="51.4537230" lon="-112.6858250">
    <ele>683.4</ele>
    <time>2024-07-09T22:19:02Z</time>
   </trkpt>
   <trkpt lat="51.4537760" lon="-112.6859120">
    <ele>683.5</ele>
    <time>2024-07-09T22:19:03Z</time>
   </trkpt>
   <trkpt lat="51.4538270" lon="-112.6859980">
    <ele>683.5</ele>
    <time>2024-07-09T22:19:04Z</time>
   </trkpt>
   <trkpt lat="51.4538770" lon="-112.6860830">
    <ele>683.5</ele>
    <time>2024-07-09T22:19:05Z</time>
   </trkpt>
   <trkpt lat="51.4539250" lon="-112.6861690">
    <ele>683.6</ele>
    <time>2024-07-09T22:19:06Z</time>
   </trkpt>
   <trkpt lat="51.4539770" lon="-112.6862570">
    <ele>683.6</ele>
    <time>2024-07-09T22:19:07Z</time>
   </trkpt>
   <trkpt lat="51.4540300" lon="-112.6863370">
    <ele>683.6</ele>
    <time>2024-07-09T22:19:08Z</time>
   </trkpt>
   <trkpt lat="51.4540850" lon="-112.6864160">
    <ele>683.6</ele>
    <time>2024-07-09T22:19:09Z</time>
   </trkpt>
   <trkpt lat="51.4541350" lon="-112.6865040">
    <ele>683.7</ele>
    <time>2024-07-09T22:19:10Z</time>
   </trkpt>
   <trkpt lat="51.4541850" lon="-112.6865910">
    <ele>683.7</ele>
    <time>2024-07-09T22:19:11Z</time>
   </trkpt>
   <trkpt lat="51.4542320" lon="-112.6866750">
    <ele>683.7</ele>
    <time>2024-07-09T22:19:12Z</time>
   </trkpt>
   <trkpt lat="51.4542830" lon="-112.6867660">
    <ele>683.7</ele>
    <time>2024-07-09T22:19:13Z</time>
   </trkpt>
   <trkpt lat="51.4543340" lon="-112.6868550">
    <ele>683.8</ele>
    <time>2024-07-09T22:19:14Z</time>
   </trkpt>
   <trkpt lat="51.4543800" lon="-112.6869320">
    <ele>683.8</ele>
    <time>2024-07-09T22:19:15Z</time>
   </trkpt>
   <trkpt lat="51.4544330" lon="-112.6870200">
    <ele>683.8</ele>
    <time>2024-07-09T22:19:16Z</time>
   </trkpt>
   <trkpt lat="51.4544810" lon="-112.6871070">
    <ele>683.8</ele>
    <time>2024-07-09T22:19:17Z</time>
   </trkpt>
   <trkpt lat="51.4545300" lon="-112.6871950">
    <ele>683.8</ele>
    <time>2024-07-09T22:19:18Z</time>
   </trkpt>
   <trkpt lat="51.4545790" lon="-112.6872790">
    <ele>683.8</ele>
    <time>2024-07-09T22:19:19Z</time>
   </trkpt>
   <trkpt lat="51.4546250" lon="-112.6873630">
    <ele>683.9</ele>
    <time>2024-07-09T22:19:20Z</time>
   </trkpt>
   <trkpt lat="51.4546750" lon="-112.6874460">
    <ele>683.9</ele>
    <time>2024-07-09T22:19:21Z</time>
   </trkpt>
   <trkpt lat="51.4547250" lon="-112.6875300">
    <ele>683.9</ele>
    <time>2024-07-09T22:19:22Z</time>
   </trkpt>
   <trkpt lat="51.4547740" lon="-112.6876170">
    <ele>683.9</ele>
    <time>2024-07-09T22:19:23Z</time>
   </trkpt>
   <trkpt lat="51.4548250" lon="-112.6877040">
    <ele>683.9</ele>
    <time>2024-07-09T22:19:24Z</time>
   </trkpt>
   <trkpt lat="51.4548770" lon="-112.6877860">
    <ele>683.9</ele>
    <time>2024-07-09T22:19:25Z</time>
   </trkpt>
   <trkpt lat="51.4549290" lon="-112.6878700">
    <ele>684.0</ele>
    <time>2024-07-09T22:19:26Z</time>
   </trkpt>
   <trkpt lat="51.4549750" lon="-112.6879560">
    <ele>684.0</ele>
    <time>2024-07-09T22:19:27Z</time>
   </trkpt>
   <trkpt lat="51.4550240" lon="-112.6880460">
    <ele>684.0</ele>
    <time>2024-07-09T22:19:28Z</time>
   </trkpt>
   <trkpt lat="51.4550780" lon="-112.6881380">
    <ele>684.0</ele>
    <time>2024-07-09T22:19:29Z</time>
   </trkpt>
   <trkpt lat="51.4551230" lon="-112.6882220">
    <ele>684.0</ele>
    <time>2024-07-09T22:19:30Z</time>
   </trkpt>
   <trkpt lat="51.4551660" lon="-112.6883100">
    <ele>684.0</ele>
    <time>2024-07-09T22:19:31Z</time>
   </trkpt>
   <trkpt lat="51.4552150" lon="-112.6883930">
    <ele>683.9</ele>
    <time>2024-07-09T22:19:32Z</time>
   </trkpt>
   <trkpt lat="51.4552690" lon="-112.6884820">
    <ele>683.9</ele>
    <time>2024-07-09T22:19:33Z</time>
   </trkpt>
   <trkpt lat="51.4553210" lon="-112.6885630">
    <ele>683.9</ele>
    <time>2024-07-09T22:19:34Z</time>
   </trkpt>
   <trkpt lat="51.4553690" lon="-112.6886530">
    <ele>683.9</ele>
    <time>2024-07-09T22:19:35Z</time>
   </trkpt>
   <trkpt lat="51.4554180" lon="-112.6887350">
    <ele>683.8</ele>
    <time>2024-07-09T22:19:36Z</time>
   </trkpt>
   <trkpt lat="51.4554730" lon="-112.6888150">
    <ele>683.8</ele>
    <time>2024-07-09T22:19:37Z</time>
   </trkpt>
   <trkpt lat="51.4555230" lon="-112.6888960">
    <ele>683.8</ele>
    <time>2024-07-09T22:19:38Z</time>
   </trkpt>
   <trkpt lat="51.4555720" lon="-112.6889810">
    <ele>683.8</ele>
    <time>2024-07-09T22:19:39Z</time>
   </trkpt>
   <trkpt lat="51.4556230" lon="-112.6890630">
    <ele>683.8</ele>
    <time>2024-07-09T22:19:40Z</time>
   </trkpt>
   <trkpt lat="51.4556850" lon="-112.6891400">
    <ele>683.8</ele>
    <time>2024-07-09T22:19:41Z</time>
   </trkpt>
   <trkpt lat="51.4557380" lon="-112.6892130">
    <ele>683.9</ele>
    <time>2024-07-09T22:19:42Z</time>
   </trkpt>
   <trkpt lat="51.4557950" lon="-112.6892920">
    <ele>683.9</ele>
    <time>2024-07-09T22:19:43Z</time>
   </trkpt>
   <trkpt lat="51.4558490" lon="-112.6893700">
    <ele>683.9</ele>
    <time>2024-07-09T22:19:44Z</time>
   </trkpt>
   <trkpt lat="51.4559070" lon="-112.6894490">
    <ele>683.9</ele>
    <time>2024-07-09T22:19:45Z</time>
   </trkpt>
   <trkpt lat="51.4559590" lon="-112.6895280">
    <ele>683.8</ele>
    <time>2024-07-09T22:19:46Z</time>
   </trkpt>
   <trkpt lat="51.4560150" lon="-112.6896080">
    <ele>683.8</ele>
    <time>2024-07-09T22:19:47Z</time>
   </trkpt>
   <trkpt lat="51.4560740" lon="-112.6896840">
    <ele>683.7</ele>
    <time>2024-07-09T22:19:48Z</time>
   </trkpt>
   <trkpt lat="51.4561250" lon="-112.6897620">
    <ele>683.6</ele>
    <time>2024-07-09T22:19:49Z</time>
   </trkpt>
   <trkpt lat="51.4561810" lon="-112.6898410">
    <ele>683.6</ele>
    <time>2024-07-09T22:19:50Z</time>
   </trkpt>
   <trkpt lat="51.4562360" lon="-112.6899200">
    <ele>683.5</ele>
    <time>2024-07-09T22:19:51Z</time>
   </trkpt>
   <trkpt lat="51.4562890" lon="-112.6899910">
    <ele>683.5</ele>
    <time>2024-07-09T22:19:52Z</time>
   </trkpt>
   <trkpt lat="51.4563460" lon="-112.6900680">
    <ele>683.5</ele>
    <time>2024-07-09T22:19:53Z</time>
   </trkpt>
   <trkpt lat="51.4564020" lon="-112.6901620">
    <ele>683.5</ele>
    <time>2024-07-09T22:19:54Z</time>
   </trkpt>
   <trkpt lat="51.4564550" lon="-112.6902430">
    <ele>683.4</ele>
    <time>2024-07-09T22:19:55Z</time>
   </trkpt>
   <trkpt lat="51.4565160" lon="-112.6903240">
    <ele>683.4</ele>
    <time>2024-07-09T22:19:56Z</time>
   </trkpt>
   <trkpt lat="51.4565700" lon="-112.6904070">
    <ele>683.4</ele>
    <time>2024-07-09T22:19:57Z</time>
   </trkpt>
   <trkpt lat="51.4566290" lon="-112.6904870">
    <ele>683.5</ele>
    <time>2024-07-09T22:19:58Z</time>
   </trkpt>
   <trkpt lat="51.4566820" lon="-112.6905690">
    <ele>683.5</ele>
    <time>2024-07-09T22:20:00Z</time>
   </trkpt>
   <trkpt lat="51.4567360" lon="-112.6906510">
    <ele>683.5</ele>
    <time>2024-07-09T22:20:01Z</time>
   </trkpt>
   <trkpt lat="51.4567880" lon="-112.6907310">
    <ele>683.5</ele>
    <time>2024-07-09T22:20:02Z</time>
   </trkpt>
   <trkpt lat="51.4568400" lon="-112.6908110">
    <ele>683.5</ele>
    <time>2024-07-09T22:20:03Z</time>
   </trkpt>
   <trkpt lat="51.4568940" lon="-112.6908800">
    <ele>683.4</ele>
    <time>2024-07-09T22:20:04Z</time>
   </trkpt>
   <trkpt lat="51.4569490" lon="-112.6909510">
    <ele>683.4</ele>
    <time>2024-07-09T22:20:05Z</time>
   </trkpt>
   <trkpt lat="51.4570060" lon="-112.6910290">
    <ele>683.4</ele>
    <time>2024-07-09T22:20:06Z</time>
   </trkpt>
   <trkpt lat="51.4571140" lon="-112.6911770">
    <ele>683.5</ele>
    <time>2024-07-09T22:20:07Z</time>
   </trkpt>
   <trkpt lat="51.4571700" lon="-112.6912550">
    <ele>683.5</ele>
    <time>2024-07-09T22:20:09Z</time>
   </trkpt>
   <trkpt lat="51.4572220" lon="-112.6913340">
    <ele>683.6</ele>
    <time>2024-07-09T22:20:10Z</time>
   </trkpt>
   <trkpt lat="51.4573290" lon="-112.6914830">
    <ele>683.7</ele>
    <time>2024-07-09T22:20:11Z</time>
   </trkpt>
   <trkpt lat="51.4573780" lon="-112.6915550">
    <ele>683.8</ele>
    <time>2024-07-09T22:20:12Z</time>
   </trkpt>
   <trkpt lat="51.4574340" lon="-112.6916240">
    <ele>683.8</ele>
    <time>2024-07-09T22:20:13Z</time>
   </trkpt>
   <trkpt lat="51.4574980" lon="-112.6917240">
    <ele>683.8</ele>
    <time>2024-07-09T22:20:14Z</time>
   </trkpt>
   <trkpt lat="51.4575420" lon="-112.6917930">
    <ele>683.8</ele>
    <time>2024-07-09T22:20:15Z</time>
   </trkpt>
   <trkpt lat="51.4576010" lon="-112.6918680">
    <ele>683.8</ele>
    <time>2024-07-09T22:20:16Z</time>
   </trkpt>
   <trkpt lat="51.4576560" lon="-112.6919460">
    <ele>683.8</ele>
    <time>2024-07-09T22:20:17Z</time>
   </trkpt>
   <trkpt lat="51.4577110" lon="-112.6920170">
    <ele>683.8</ele>
    <time>2024-07-09T22:20:18Z</time>
   </trkpt>
   <trkpt lat="51.4577660" lon="-112.6921000">
    <ele>683.9</ele>
    <time>2024-07-09T22:20:19Z</time>
   </trkpt>
   <trkpt lat="51.4578230" lon="-112.6921850">
    <ele>683.9</ele>
    <time>2024-07-09T22:20:20Z</time>
   </trkpt>
   <trkpt lat="51.4578770" lon="-112.6922630">
    <ele>684.0</ele>
    <time>2024-07-09T22:20:21Z</time>
   </trkpt>
   <trkpt lat="51.4579310" lon="-112.6923430">
    <ele>684.1</ele>
    <time>2024-07-09T22:20:22Z</time>
   </trkpt>
   <trkpt lat="51.4579900" lon="-112.6924210">
    <ele>684.2</ele>
    <time>2024-07-09T22:20:23Z</time>
   </trkpt>
   <trkpt lat="51.4580410" lon="-112.6925020">
    <ele>684.2</ele>
    <time>2024-07-09T22:20:24Z</time>
   </trkpt>
   <trkpt lat="51.4580960" lon="-112.6925790">
    <ele>684.2</ele>
    <time>2024-07-09T22:20:25Z</time>
   </trkpt>
   <trkpt lat="51.4581520" lon="-112.6926560">
    <ele>684.3</ele>
    <time>2024-07-09T22:20:26Z</time>
   </trkpt>
   <trkpt lat="51.4582080" lon="-112.6927340">
    <ele>684.3</ele>
    <time>2024-07-09T22:20:27Z</time>
   </trkpt>
   <trkpt lat="51.4582640" lon="-112.6928100">
    <ele>684.4</ele>
    <time>2024-07-09T22:20:28Z</time>
   </trkpt>
   <trkpt lat="51.4583210" lon="-112.6928940">
    <ele>684.4</ele>
    <time>2024-07-09T22:20:29Z</time>
   </trkpt>
   <trkpt lat="51.4583760" lon="-112.6929750">
    <ele>684.5</ele>
    <time>2024-07-09T22:20:30Z</time>
   </trkpt>
   <trkpt lat="51.4584330" lon="-112.6930550">
    <ele>684.5</ele>
    <time>2024-07-09T22:20:31Z</time>
   </trkpt>
   <trkpt lat="51.4584910" lon="-112.6931340">
    <ele>684.5</ele>
    <time>2024-07-09T22:20:32Z</time>
   </trkpt>
   <trkpt lat="51.4585500" lon="-112.6932150">
    <ele>684.5</ele>
    <time>2024-07-09T22:20:33Z</time>
   </trkpt>
   <trkpt lat="51.4586030" lon="-112.6932920">
    <ele>684.5</ele>
    <time>2024-07-09T22:20:34Z</time>
   </trkpt>
   <trkpt lat="51.4586750" lon="-112.6933700">
    <ele>684.4</ele>
    <time>2024-07-09T22:20:35Z</time>
   </trkpt>
   <trkpt lat="51.4587200" lon="-112.6934420">
    <ele>684.4</ele>
    <time>2024-07-09T22:20:36Z</time>
   </trkpt>
   <trkpt lat="51.4587750" lon="-112.6935190">
    <ele>684.4</ele>
    <time>2024-07-09T22:20:37Z</time>
   </trkpt>
   <trkpt lat="51.4588190" lon="-112.6936010">
    <ele>684.4</ele>
    <time>2024-07-09T22:20:38Z</time>
   </trkpt>
   <trkpt lat="51.4588750" lon="-112.6936810">
    <ele>684.3</ele>
    <time>2024-07-09T22:20:39Z</time>
   </trkpt>
   <trkpt lat="51.4589370" lon="-112.6937570">
    <ele>684.3</ele>
    <time>2024-07-09T22:20:40Z</time>
   </trkpt>
   <trkpt lat="51.4589920" lon="-112.6938370">
    <ele>684.3</ele>
    <time>2024-07-09T22:20:41Z</time>
   </trkpt>
   <trkpt lat="51.4590440" lon="-112.6939150">
    <ele>684.2</ele>
    <time>2024-07-09T22:20:42Z</time>
   </trkpt>
   <trkpt lat="51.4590970" lon="-112.6940030">
    <ele>684.2</ele>
    <time>2024-07-09T22:20:43Z</time>
   </trkpt>
   <trkpt lat="51.4591480" lon="-112.6940840">
    <ele>684.2</ele>
    <time>2024-07-09T22:20:44Z</time>
   </trkpt>
   <trkpt lat="51.4592040" lon="-112.6941600">
    <ele>684.2</ele>
    <time>2024-07-09T22:20:45Z</time>
   </trkpt>
   <trkpt lat="51.4592600" lon="-112.6942370">
    <ele>684.1</ele>
    <time>2024-07-09T22:20:46Z</time>
   </trkpt>
   <trkpt lat="51.4593160" lon="-112.6943160">
    <ele>684.1</ele>
    <time>2024-07-09T22:20:47Z</time>
   </trkpt>
   <trkpt lat="51.4593730" lon="-112.6943970">
    <ele>684.1</ele>
    <time>2024-07-09T22:20:48Z</time>
   </trkpt>
   <trkpt lat="51.4594290" lon="-112.6944760">
    <ele>684.1</ele>
    <time>2024-07-09T22:20:49Z</time>
   </trkpt>
   <trkpt lat="51.4594880" lon="-112.6945510">
    <ele>684.1</ele>
    <time>2024-07-09T22:20:50Z</time>
   </trkpt>
   <trkpt lat="51.4595460" lon="-112.6946330">
    <ele>684.1</ele>
    <time>2024-07-09T22:20:51Z</time>
   </trkpt>
   <trkpt lat="51.4595960" lon="-112.6947240">
    <ele>684.1</ele>
    <time>2024-07-09T22:20:52Z</time>
   </trkpt>
   <trkpt lat="51.4596430" lon="-112.6948180">
    <ele>684.1</ele>
    <time>2024-07-09T22:20:53Z</time>
   </trkpt>
   <trkpt lat="51.4596920" lon="-112.6949050">
    <ele>684.2</ele>
    <time>2024-07-09T22:20:54Z</time>
   </trkpt>
   <trkpt lat="51.4597440" lon="-112.6949950">
    <ele>684.3</ele>
    <time>2024-07-09T22:20:55Z</time>
   </trkpt>
   <trkpt lat="51.4597910" lon="-112.6950840">
    <ele>684.3</ele>
    <time>2024-07-09T22:20:56Z</time>
   </trkpt>
   <trkpt lat="51.4598360" lon="-112.6951790">
    <ele>684.3</ele>
    <time>2024-07-09T22:20:57Z</time>
   </trkpt>
   <trkpt lat="51.4598820" lon="-112.6952670">
    <ele>684.3</ele>
    <time>2024-07-09T22:20:58Z</time>
   </trkpt>
   <trkpt lat="51.4599330" lon="-112.6953520">
    <ele>684.3</ele>
    <time>2024-07-09T22:20:59Z</time>
   </trkpt>
   <trkpt lat="51.4599820" lon="-112.6954390">
    <ele>684.3</ele>
    <time>2024-07-09T22:21:00Z</time>
   </trkpt>
   <trkpt lat="51.4600280" lon="-112.6955300">
    <ele>684.3</ele>
    <time>2024-07-09T22:21:01Z</time>
   </trkpt>
   <trkpt lat="51.4600700" lon="-112.6956210">
    <ele>684.4</ele>
    <time>2024-07-09T22:21:02Z</time>
   </trkpt>
   <trkpt lat="51.4601200" lon="-112.6957110">
    <ele>684.4</ele>
    <time>2024-07-09T22:21:03Z</time>
   </trkpt>
   <trkpt lat="51.4601650" lon="-112.6957890">
    <ele>684.5</ele>
    <time>2024-07-09T22:21:04Z</time>
   </trkpt>
   <trkpt lat="51.4602120" lon="-112.6958800">
    <ele>684.5</ele>
    <time>2024-07-09T22:21:05Z</time>
   </trkpt>
   <trkpt lat="51.4602570" lon="-112.6959700">
    <ele>684.6</ele>
    <time>2024-07-09T22:21:06Z</time>
   </trkpt>
   <trkpt lat="51.4603000" lon="-112.6960580">
    <ele>684.6</ele>
    <time>2024-07-09T22:21:07Z</time>
   </trkpt>
   <trkpt lat="51.4603470" lon="-112.6961540">
    <ele>684.7</ele>
    <time>2024-07-09T22:21:08Z</time>
   </trkpt>
   <trkpt lat="51.4603860" lon="-112.6962360">
    <ele>684.7</ele>
    <time>2024-07-09T22:21:09Z</time>
   </trkpt>
   <trkpt lat="51.4604280" lon="-112.6963260">
    <ele>684.8</ele>
    <time>2024-07-09T22:21:10Z</time>
   </trkpt>
   <trkpt lat="51.4604680" lon="-112.6964130">
    <ele>684.8</ele>
    <time>2024-07-09T22:21:11Z</time>
   </trkpt>
   <trkpt lat="51.4605110" lon="-112.6964970">
    <ele>684.9</ele>
    <time>2024-07-09T22:21:12Z</time>
   </trkpt>
   <trkpt lat="51.4605540" lon="-112.6965810">
    <ele>684.9</ele>
    <time>2024-07-09T22:21:13Z</time>
   </trkpt>
   <trkpt lat="51.4605950" lon="-112.6966660">
    <ele>685.0</ele>
    <time>2024-07-09T22:21:14Z</time>
   </trkpt>
   <trkpt lat="51.4606360" lon="-112.6967510">
    <ele>685.0</ele>
    <time>2024-07-09T22:21:15Z</time>
   </trkpt>
   <trkpt lat="51.4606780" lon="-112.6968360">
    <ele>685.0</ele>
    <time>2024-07-09T22:21:16Z</time>
   </trkpt>
   <trkpt lat="51.4607170" lon="-112.6969230">
    <ele>685.1</ele>
    <time>2024-07-09T22:21:17Z</time>
   </trkpt>
   <trkpt lat="51.4607620" lon="-112.6970080">
    <ele>685.1</ele>
    <time>2024-07-09T22:21:18Z</time>
   </trkpt>
   <trkpt lat="51.4608060" lon="-112.6970940">
    <ele>685.1</ele>
    <time>2024-07-09T22:21:19Z</time>
   </trkpt>
   <trkpt lat="51.4608490" lon="-112.6971800">
    <ele>685.0</ele>
    <time>2024-07-09T22:21:20Z</time>
   </trkpt>
   <trkpt lat="51.4608910" lon="-112.6972670">
    <ele>685.0</ele>
    <time>2024-07-09T22:21:21Z</time>
   </trkpt>
   <trkpt lat="51.4609350" lon="-112.6973580">
    <ele>685.0</ele>
    <time>2024-07-09T22:21:22Z</time>
   </trkpt>
   <trkpt lat="51.4609810" lon="-112.6974480">
    <ele>685.1</ele>
    <time>2024-07-09T22:21:23Z</time>
   </trkpt>
   <trkpt lat="51.4610250" lon="-112.6975380">
    <ele>685.0</ele>
    <time>2024-07-09T22:21:24Z</time>
   </trkpt>
   <trkpt lat="51.4610690" lon="-112.6976260">
    <ele>685.0</ele>
    <time>2024-07-09T22:21:25Z</time>
   </trkpt>
   <trkpt lat="51.4611140" lon="-112.6977180">
    <ele>685.0</ele>
    <time>2024-07-09T22:21:26Z</time>
   </trkpt>
   <trkpt lat="51.4611590" lon="-112.6978070">
    <ele>684.9</ele>
    <time>2024-07-09T22:21:27Z</time>
   </trkpt>
   <trkpt lat="51.4612050" lon="-112.6979000">
    <ele>684.9</ele>
    <time>2024-07-09T22:21:28Z</time>
   </trkpt>
   <trkpt lat="51.4612590" lon="-112.6979940">
    <ele>684.8</ele>
    <time>2024-07-09T22:21:29Z</time>
   </trkpt>
   <trkpt lat="51.4613040" lon="-112.6980840">
    <ele>684.8</ele>
    <time>2024-07-09T22:21:30Z</time>
   </trkpt>
   <trkpt lat="51.4613540" lon="-112.6981800">
    <ele>684.8</ele>
    <time>2024-07-09T22:21:31Z</time>
   </trkpt>
   <trkpt lat="51.4614030" lon="-112.6982720">
    <ele>684.7</ele>
    <time>2024-07-09T22:21:32Z</time>
   </trkpt>
   <trkpt lat="51.4614510" lon="-112.6983670">
    <ele>684.7</ele>
    <time>2024-07-09T22:21:33Z</time>
   </trkpt>
   <trkpt lat="51.4614960" lon="-112.6984620">
    <ele>684.6</ele>
    <time>2024-07-09T22:21:34Z</time>
   </trkpt>
   <trkpt lat="51.4615480" lon="-112.6985560">
    <ele>684.6</ele>
    <time>2024-07-09T22:21:35Z</time>
   </trkpt>
   <trkpt lat="51.4615990" lon="-112.6986450">
    <ele>684.5</ele>
    <time>2024-07-09T22:21:36Z</time>
   </trkpt>
   <trkpt lat="51.4616480" lon="-112.6987410">
    <ele>684.5</ele>
    <time>2024-07-09T22:21:37Z</time>
   </trkpt>
   <trkpt lat="51.4616960" lon="-112.6988410">
    <ele>684.4</ele>
    <time>2024-07-09T22:21:38Z</time>
   </trkpt>
   <trkpt lat="51.4617430" lon="-112.6989390">
    <ele>684.4</ele>
    <time>2024-07-09T22:21:39Z</time>
   </trkpt>
   <trkpt lat="51.4617950" lon="-112.6990350">
    <ele>684.3</ele>
    <time>2024-07-09T22:21:40Z</time>
   </trkpt>
   <trkpt lat="51.4618480" lon="-112.6991300">
    <ele>684.3</ele>
    <time>2024-07-09T22:21:41Z</time>
   </trkpt>
   <trkpt lat="51.4619000" lon="-112.6992240">
    <ele>684.3</ele>
    <time>2024-07-09T22:21:42Z</time>
   </trkpt>
   <trkpt lat="51.4619480" lon="-112.6993210">
    <ele>684.3</ele>
    <time>2024-07-09T22:21:43Z</time>
   </trkpt>
   <trkpt lat="51.4619980" lon="-112.6994150">
    <ele>684.3</ele>
    <time>2024-07-09T22:21:44Z</time>
   </trkpt>
   <trkpt lat="51.4620490" lon="-112.6995100">
    <ele>684.4</ele>
    <time>2024-07-09T22:21:45Z</time>
   </trkpt>
   <trkpt lat="51.4621010" lon="-112.6996100">
    <ele>684.4</ele>
    <time>2024-07-09T22:21:46Z</time>
   </trkpt>
   <trkpt lat="51.4621470" lon="-112.6997020">
    <ele>684.4</ele>
    <time>2024-07-09T22:21:47Z</time>
   </trkpt>
   <trkpt lat="51.4621920" lon="-112.6998020">
    <ele>684.5</ele>
    <time>2024-07-09T22:21:48Z</time>
   </trkpt>
   <trkpt lat="51.4622310" lon="-112.6999010">
    <ele>684.5</ele>
    <time>2024-07-09T22:21:49Z</time>
   </trkpt>
   <trkpt lat="51.4622750" lon="-112.7000210">
    <ele>684.6</ele>
    <time>2024-07-09T22:21:50Z</time>
   </trkpt>
   <trkpt lat="51.4622990" lon="-112.7001280">
    <ele>684.7</ele>
    <time>2024-07-09T22:21:51Z</time>
   </trkpt>
   <trkpt lat="51.4623160" lon="-112.7002300">
    <ele>684.8</ele>
    <time>2024-07-09T22:21:52Z</time>
   </trkpt>
   <trkpt lat="51.4623200" lon="-112.7003400">
    <ele>684.9</ele>
    <time>2024-07-09T22:21:53Z</time>
   </trkpt>
   <trkpt lat="51.4623420" lon="-112.7004500">
    <ele>685.0</ele>
    <time>2024-07-09T22:21:54Z</time>
   </trkpt>
   <trkpt lat="51.4623840" lon="-112.7005310">
    <ele>684.4</ele>
    <time>2024-07-09T22:21:55Z</time>
   </trkpt>
   <trkpt lat="51.4624480" lon="-112.7005690">
    <ele>684.2</ele>
    <time>2024-07-09T22:21:56Z</time>
   </trkpt>
   <trkpt lat="51.4625210" lon="-112.7005650">
    <ele>683.9</ele>
    <time>2024-07-09T22:21:57Z</time>
   </trkpt>
   <trkpt lat="51.4625920" lon="-112.7005640">
    <ele>683.6</ele>
    <time>2024-07-09T22:21:58Z</time>
   </trkpt>
   <trkpt lat="51.4626700" lon="-112.7005710">
    <ele>683.3</ele>
    <time>2024-07-09T22:21:59Z</time>
   </trkpt>
   <trkpt lat="51.4627480" lon="-112.7005810">
    <ele>683.0</ele>
    <time>2024-07-09T22:22:00Z</time>
   </trkpt>
   <trkpt lat="51.4628290" lon="-112.7005890">
    <ele>682.7</ele>
    <time>2024-07-09T22:22:01Z</time>
   </trkpt>
   <trkpt lat="51.4629120" lon="-112.7005970">
    <ele>682.5</ele>
    <time>2024-07-09T22:22:02Z</time>
   </trkpt>
   <trkpt lat="51.4629970" lon="-112.7006090">
    <ele>682.3</ele>
    <time>2024-07-09T22:22:03Z</time>
   </trkpt>
   <trkpt lat="51.4630820" lon="-112.7006170">
    <ele>682.1</ele>
    <time>2024-07-09T22:22:04Z</time>
   </trkpt>
   <trkpt lat="51.4631700" lon="-112.7006230">
    <ele>682.0</ele>
    <time>2024-07-09T22:22:05Z</time>
   </trkpt>
   <trkpt lat="51.4632570" lon="-112.7006300">
    <ele>681.9</ele>
    <time>2024-07-09T22:22:06Z</time>
   </trkpt>
   <trkpt lat="51.4633350" lon="-112.7006490">
    <ele>681.8</ele>
    <time>2024-07-09T22:22:07Z</time>
   </trkpt>
   <trkpt lat="51.4634250" lon="-112.7006600">
    <ele>681.8</ele>
    <time>2024-07-09T22:22:08Z</time>
   </trkpt>
   <trkpt lat="51.4635080" lon="-112.7006870">
    <ele>681.7</ele>
    <time>2024-07-09T22:22:09Z</time>
   </trkpt>
   <trkpt lat="51.4635860" lon="-112.7007410">
    <ele>681.7</ele>
    <time>2024-07-09T22:22:10Z</time>
   </trkpt>
   <trkpt lat="51.4636600" lon="-112.7008020">
    <ele>681.7</ele>
    <time>2024-07-09T22:22:11Z</time>
   </trkpt>
   <trkpt lat="51.4637290" lon="-112.7008740">
    <ele>681.7</ele>
    <time>2024-07-09T22:22:12Z</time>
   </trkpt>
   <trkpt lat="51.4637950" lon="-112.7009500">
    <ele>681.7</ele>
    <time>2024-07-09T22:22:13Z</time>
   </trkpt>
   <trkpt lat="51.4638650" lon="-112.7010180">
    <ele>681.7</ele>
    <time>2024-07-09T22:22:14Z</time>
   </trkpt>
   <trkpt lat="51.4639310" lon="-112.7010930">
    <ele>681.7</ele>
    <time>2024-07-09T22:22:15Z</time>
   </trkpt>
   <trkpt lat="51.4639960" lon="-112.7011610">
    <ele>681.6</ele>
    <time>2024-07-09T22:22:16Z</time>
   </trkpt>
   <trkpt lat="51.4640640" lon="-112.7012320">
    <ele>681.5</ele>
    <time>2024-07-09T22:22:17Z</time>
   </trkpt>
   <trkpt lat="51.4641330" lon="-112.7012970">
    <ele>681.5</ele>
    <time>2024-07-09T22:22:18Z</time>
   </trkpt>
   <trkpt lat="51.4641990" lon="-112.7013650">
    <ele>681.4</ele>
    <time>2024-07-09T22:22:19Z</time>
   </trkpt>
   <trkpt lat="51.4642620" lon="-112.7014320">
    <ele>681.4</ele>
    <time>2024-07-09T22:22:20Z</time>
   </trkpt>
   <trkpt lat="51.4643270" lon="-112.7014970">
    <ele>681.4</ele>
    <time>2024-07-09T22:22:21Z</time>
   </trkpt>
   <trkpt lat="51.4643880" lon="-112.7015650">
    <ele>681.4</ele>
    <time>2024-07-09T22:22:22Z</time>
   </trkpt>
   <trkpt lat="51.4644530" lon="-112.7016320">
    <ele>681.4</ele>
    <time>2024-07-09T22:22:23Z</time>
   </trkpt>
   <trkpt lat="51.4645130" lon="-112.7016970">
    <ele>681.4</ele>
    <time>2024-07-09T22:22:24Z</time>
   </trkpt>
   <trkpt lat="51.4645760" lon="-112.7017570">
    <ele>681.5</ele>
    <time>2024-07-09T22:22:25Z</time>
   </trkpt>
   <trkpt lat="51.4646370" lon="-112.7018270">
    <ele>681.5</ele>
    <time>2024-07-09T22:22:26Z</time>
   </trkpt>
   <trkpt lat="51.4646970" lon="-112.7018940">
    <ele>681.5</ele>
    <time>2024-07-09T22:22:27Z</time>
   </trkpt>
   <trkpt lat="51.4647570" lon="-112.7019640">
    <ele>681.6</ele>
    <time>2024-07-09T22:22:28Z</time>
   </trkpt>
   <trkpt lat="51.4648090" lon="-112.7020380">
    <ele>681.6</ele>
    <time>2024-07-09T22:22:29Z</time>
   </trkpt>
   <trkpt lat="51.4648650" lon="-112.7021160">
    <ele>681.6</ele>
    <time>2024-07-09T22:22:30Z</time>
   </trkpt>
   <trkpt lat="51.4649130" lon="-112.7022000">
    <ele>681.7</ele>
    <time>2024-07-09T22:22:31Z</time>
   </trkpt>
   <trkpt lat="51.4649680" lon="-112.7022770">
    <ele>681.7</ele>
    <time>2024-07-09T22:22:32Z</time>
   </trkpt>
   <trkpt lat="51.4650140" lon="-112.7023580">
    <ele>681.7</ele>
    <time>2024-07-09T22:22:33Z</time>
   </trkpt>
   <trkpt lat="51.4650620" lon="-112.7024420">
    <ele>681.7</ele>
    <time>2024-07-09T22:22:34Z</time>
   </trkpt>
   <trkpt lat="51.4651140" lon="-112.7025260">
    <ele>681.7</ele>
    <time>2024-07-09T22:22:35Z</time>
   </trkpt>
   <trkpt lat="51.4651420" lon="-112.7026130">
    <ele>681.7</ele>
    <time>2024-07-09T22:22:36Z</time>
   </trkpt>
   <trkpt lat="51.4651790" lon="-112.7026990">
    <ele>681.7</ele>
    <time>2024-07-09T22:22:37Z</time>
   </trkpt>
   <trkpt lat="51.4652070" lon="-112.7027990">
    <ele>681.8</ele>
    <time>2024-07-09T22:22:38Z</time>
   </trkpt>
   <trkpt lat="51.4652260" lon="-112.7028990">
    <ele>681.8</ele>
    <time>2024-07-09T22:22:39Z</time>
   </trkpt>
   <trkpt lat="51.4652490" lon="-112.7030000">
    <ele>681.8</ele>
    <time>2024-07-09T22:22:40Z</time>
   </trkpt>
   <trkpt lat="51.4652750" lon="-112.7031030">
    <ele>681.9</ele>
    <time>2024-07-09T22:22:41Z</time>
   </trkpt>
   <trkpt lat="51.4652900" lon="-112.7031970">
    <ele>681.9</ele>
    <time>2024-07-09T22:22:42Z</time>
   </trkpt>
   <trkpt lat="51.4653170" lon="-112.7033010">
    <ele>681.9</ele>
    <time>2024-07-09T22:22:43Z</time>
   </trkpt>
   <trkpt lat="51.4653350" lon="-112.7034140">
    <ele>682.0</ele>
    <time>2024-07-09T22:22:44Z</time>
   </trkpt>
   <trkpt lat="51.4653550" lon="-112.7035290">
    <ele>682.0</ele>
    <time>2024-07-09T22:22:45Z</time>
   </trkpt>
   <trkpt lat="51.4653620" lon="-112.7036330">
    <ele>682.0</ele>
    <time>2024-07-09T22:22:46Z</time>
   </trkpt>
   <trkpt lat="51.4653730" lon="-112.7037350">
    <ele>682.0</ele>
    <time>2024-07-09T22:22:47Z</time>
   </trkpt>
   <trkpt lat="51.4653850" lon="-112.7038410">
    <ele>681.9</ele>
    <time>2024-07-09T22:22:48Z</time>
   </trkpt>
   <trkpt lat="51.4653940" lon="-112.7039480">
    <ele>682.0</ele>
    <time>2024-07-09T22:22:49Z</time>
   </trkpt>
   <trkpt lat="51.4653970" lon="-112.7040570">
    <ele>682.0</ele>
    <time>2024-07-09T22:22:50Z</time>
   </trkpt>
   <trkpt lat="51.4654030" lon="-112.7041630">
    <ele>682.0</ele>
    <time>2024-07-09T22:22:51Z</time>
   </trkpt>
   <trkpt lat="51.4654080" lon="-112.7042670">
    <ele>682.0</ele>
    <time>2024-07-09T22:22:52Z</time>
   </trkpt>
   <trkpt lat="51.4654110" lon="-112.7043740">
    <ele>682.0</ele>
    <time>2024-07-09T22:22:53Z</time>
   </trkpt>
   <trkpt lat="51.4654140" lon="-112.7044750">
    <ele>682.0</ele>
    <time>2024-07-09T22:22:54Z</time>
   </trkpt>
   <trkpt lat="51.4654340" lon="-112.7045750">
    <ele>682.0</ele>
    <time>2024-07-09T22:22:55Z</time>
   </trkpt>
   <trkpt lat="51.4654510" lon="-112.7046850">
    <ele>682.0</ele>
    <time>2024-07-09T22:22:56Z</time>
   </trkpt>
   <trkpt lat="51.4654900" lon="-112.7047690">
    <ele>682.0</ele>
    <time>2024-07-09T22:22:57Z</time>
   </trkpt>
   <trkpt lat="51.4655410" lon="-112.7048360">
    <ele>681.9</ele>
    <time>2024-07-09T22:22:58Z</time>
   </trkpt>
   <trkpt lat="51.4656060" lon="-112.7048700">
    <ele>681.8</ele>
    <time>2024-07-09T22:22:59Z</time>
   </trkpt>
   <trkpt lat="51.4656760" lon="-112.7048700">
    <ele>681.8</ele>
    <time>2024-07-09T22:23:00Z</time>
   </trkpt>
   <trkpt lat="51.4657430" lon="-112.7048590">
    <ele>681.8</ele>
    <time>2024-07-09T22:23:01Z</time>
   </trkpt>
   <trkpt lat="51.4658070" lon="-112.7048550">
    <ele>681.8</ele>
    <time>2024-07-09T22:23:02Z</time>
   </trkpt>
   <trkpt lat="51.4658710" lon="-112.7048590">
    <ele>681.8</ele>
    <time>2024-07-09T22:23:03Z</time>
   </trkpt>
   <trkpt lat="51.4659350" lon="-112.7048570">
    <ele>681.8</ele>
    <time>2024-07-09T22:23:04Z</time>
   </trkpt>
   <trkpt lat="51.4659970" lon="-112.7048540">
    <ele>681.9</ele>
    <time>2024-07-09T22:23:05Z</time>
   </trkpt>
   <trkpt lat="51.4660590" lon="-112.7048530">
    <ele>682.0</ele>
    <time>2024-07-09T22:23:06Z</time>
   </trkpt>
   <trkpt lat="51.4661240" lon="-112.7048510">
    <ele>682.1</ele>
    <time>2024-07-09T22:23:07Z</time>
   </trkpt>
   <trkpt lat="51.4661880" lon="-112.7048540">
    <ele>682.2</ele>
    <time>2024-07-09T22:23:08Z</time>
   </trkpt>
   <trkpt lat="51.4662470" lon="-112.7048790">
    <ele>682.4</ele>
    <time>2024-07-09T22:23:09Z</time>
   </trkpt>
   <trkpt lat="51.4663020" lon="-112.7049140">
    <ele>682.5</ele>
    <time>2024-07-09T22:23:10Z</time>
   </trkpt>
   <trkpt lat="51.4663560" lon="-112.7049470">
    <ele>682.6</ele>
    <time>2024-07-09T22:23:11Z</time>
   </trkpt>
   <trkpt lat="51.4664140" lon="-112.7049750">
    <ele>682.6</ele>
    <time>2024-07-09T22:23:12Z</time>
   </trkpt>
   <trkpt lat="51.4664750" lon="-112.7049900">
    <ele>682.7</ele>
    <time>2024-07-09T22:23:13Z</time>
   </trkpt>
   <trkpt lat="51.4665360" lon="-112.7049890">
    <ele>682.7</ele>
    <time>2024-07-09T22:23:14Z</time>
   </trkpt>
   <trkpt lat="51.4665950" lon="-112.7049920">
    <ele>682.8</ele>
    <time>2024-07-09T22:23:15Z</time>
   </trkpt>
   <trkpt lat="51.4666580" lon="-112.7049940">
    <ele>682.8</ele>
    <time>2024-07-09T22:23:16Z</time>
   </trkpt>
   <trkpt lat="51.4667190" lon="-112.7049960">
    <ele>682.8</ele>
    <time>2024-07-09T22:23:17Z</time>
   </trkpt>
   <trkpt lat="51.4667780" lon="-112.7050060">
    <ele>682.8</ele>
    <time>2024-07-09T22:23:18Z</time>
   </trkpt>
   <trkpt lat="51.4668350" lon="-112.7050450">
    <ele>682.8</ele>
    <time>2024-07-09T22:23:19Z</time>
   </trkpt>
   <trkpt lat="51.4668710" lon="-112.7051260">
    <ele>682.7</ele>
    <time>2024-07-09T22:23:20Z</time>
   </trkpt>
   <trkpt lat="51.4668880" lon="-112.7052250">
    <ele>682.4</ele>
    <time>2024-07-09T22:23:21Z</time>
   </trkpt>
   <trkpt lat="51.4668970" lon="-112.7053260">
    <ele>681.5</ele>
    <time>2024-07-09T22:23:22Z</time>
   </trkpt>
   <trkpt lat="51.4669020" lon="-112.7054250">
    <ele>680.6</ele>
    <time>2024-07-09T22:23:23Z</time>
   </trkpt>
   <trkpt lat="51.4669040" lon="-112.7055210">
    <ele>680.2</ele>
    <time>2024-07-09T22:23:24Z</time>
   </trkpt>
   <trkpt lat="51.4669060" lon="-112.7056190">
    <ele>680.2</ele>
    <time>2024-07-09T22:23:25Z</time>
   </trkpt>
   <trkpt lat="51.4669050" lon="-112.7057140">
    <ele>680.1</ele>
    <time>2024-07-09T22:23:26Z</time>
   </trkpt>
   <trkpt lat="51.4669040" lon="-112.7058140">
    <ele>680.2</ele>
    <time>2024-07-09T22:23:27Z</time>
   </trkpt>
   <trkpt lat="51.4669010" lon="-112.7059130">
    <ele>680.2</ele>
    <time>2024-07-09T22:23:28Z</time>
   </trkpt>
   <trkpt lat="51.4669030" lon="-112.7060080">
    <ele>680.3</ele>
    <time>2024-07-09T22:23:29Z</time>
   </trkpt>
   <trkpt lat="51.4669090" lon="-112.7060980">
    <ele>680.5</ele>
    <time>2024-07-09T22:23:30Z</time>
   </trkpt>
   <trkpt lat="51.4669230" lon="-112.7061850">
    <ele>680.7</ele>
    <time>2024-07-09T22:23:31Z</time>
   </trkpt>
   <trkpt lat="51.4669300" lon="-112.7062750">
    <ele>680.8</ele>
    <time>2024-07-09T22:23:32Z</time>
   </trkpt>
   <trkpt lat="51.4669310" lon="-112.7063570">
    <ele>680.9</ele>
    <time>2024-07-09T22:23:33Z</time>
   </trkpt>
   <trkpt lat="51.4669300" lon="-112.7064560">
    <ele>680.9</ele>
    <time>2024-07-09T22:23:34Z</time>
   </trkpt>
   <trkpt lat="51.4669410" lon="-112.7065500">
    <ele>681.0</ele>
    <time>2024-07-09T22:23:35Z</time>
   </trkpt>
   <trkpt lat="51.4669310" lon="-112.7066240">
    <ele>681.0</ele>
    <time>2024-07-09T22:23:36Z</time>
   </trkpt>
   <trkpt lat="51.4669100" lon="-112.7067100">
    <ele>681.0</ele>
    <time>2024-07-09T22:23:37Z</time>
   </trkpt>
   <trkpt lat="51.4668650" lon="-112.7067790">
    <ele>681.0</ele>
    <time>2024-07-09T22:23:38Z</time>
   </trkpt>
   <trkpt lat="51.4668110" lon="-112.7068210">
    <ele>681.0</ele>
    <time>2024-07-09T22:23:39Z</time>
   </trkpt>
   <trkpt lat="51.4667550" lon="-112.7068190">
    <ele>681.0</ele>
    <time>2024-07-09T22:23:40Z</time>
   </trkpt>
   <trkpt lat="51.4666990" lon="-112.7068050">
    <ele>681.0</ele>
    <time>2024-07-09T22:23:41Z</time>
   </trkpt>
   <trkpt lat="51.4666450" lon="-112.7067980">
    <ele>681.0</ele>
    <time>2024-07-09T22:23:42Z</time>
   </trkpt>
   <trkpt lat="51.4665920" lon="-112.7067700">
    <ele>681.0</ele>
    <time>2024-07-09T22:23:43Z</time>
   </trkpt>
   <trkpt lat="51.4665550" lon="-112.7067140">
    <ele>681.0</ele>
    <time>2024-07-09T22:23:44Z</time>
   </trkpt>
   <trkpt lat="51.4665390" lon="-112.7066360">
    <ele>681.0</ele>
    <time>2024-07-09T22:23:45Z</time>
   </trkpt>
   <trkpt lat="51.4665340" lon="-112.7065620">
    <ele>681.0</ele>
    <time>2024-07-09T22:23:46Z</time>
   </trkpt>
   <trkpt lat="51.4665330" lon="-112.7064920">
    <ele>681.0</ele>
    <time>2024-07-09T22:23:47Z</time>
   </trkpt>
   <trkpt lat="51.4665400" lon="-112.7064230">
    <ele>681.0</ele>
    <time>2024-07-09T22:23:48Z</time>
   </trkpt>
   <trkpt lat="51.4665450" lon="-112.7063580">
    <ele>681.0</ele>
    <time>2024-07-09T22:23:49Z</time>
   </trkpt>
   <trkpt lat="51.4665640" lon="-112.7062980">
    <ele>681.0</ele>
    <time>2024-07-09T22:23:50Z</time>
   </trkpt>
   <trkpt lat="51.4665830" lon="-112.7062430">
    <ele>681.0</ele>
    <time>2024-07-09T22:23:51Z</time>
   </trkpt>
   <trkpt lat="51.4666090" lon="-112.7062100">
    <ele>681.0</ele>
    <time>2024-07-09T22:23:52Z</time>
   </trkpt>
   <trkpt lat="51.4666390" lon="-112.7061790">
    <ele>681.0</ele>
    <time>2024-07-09T22:23:53Z</time>
   </trkpt>
  </trkseg>
 </trk>
</gpx>
