{
  "totalMiles": 73.1,
  "elevGainFt": 12800,
  "elevGainM": 3901,
  "maxEleFt": 1917,
  "minEleFt": -114,
  "maxEleM": 584,
  "minEleM": -35,
  "center": [
    -74.37457,
    41.58348
  ],
  "startCoord": [
    -74.663435,
    41.318703
  ],
  "endCoord": [
    -74.087773,
    41.84826
  ],
  "numPoints": 500,
  "coords": "[\n  [-74.66344, 41.31870],\n  [-74.66241, 41.32053],\n  [-74.66093, 41.32220],\n  [-74.65926, 41.32394],\n  [-74.65812, 41.32599],\n  [-74.65614, 41.32745],\n  [-74.65506, 41.32924],\n  [-74.65348, 41.33093],\n  [-74.65201, 41.33271],\n  [-74.65150, 41.33470],\n  [-74.65274, 41.33581],\n  [-74.65386, 41.33384],\n  [-74.65529, 41.33215],\n  [-74.65785, 41.33279],\n  [-74.66012, 41.33295],\n  [-74.66114, 41.33393],\n  [-74.65969, 41.33566],\n  [-74.65963, 41.33776],\n  [-74.65960, 41.33935],\n  [-74.66096, 41.34101],\n  [-74.66282, 41.34215],\n  [-74.66300, 41.34376],\n  [-74.66150, 41.34459],\n  [-74.65974, 41.34615],\n  [-74.65835, 41.34653],\n  [-74.65727, 41.34826],\n  [-74.65548, 41.34975],\n  [-74.65521, 41.35119],\n  [-74.65412, 41.35298],\n  [-74.65329, 41.35473],\n  [-74.65430, 41.35663],\n  [-74.65165, 41.35729],\n  [-74.64922, 41.35842],\n  [-74.64870, 41.35984],\n  [-74.64853, 41.36135],\n  [-74.64671, 41.36306],\n  [-74.64497, 41.36458],\n  [-74.64358, 41.36607],\n  [-74.64317, 41.36769],\n  [-74.64234, 41.36940],\n  [-74.64159, 41.37100],\n  [-74.63941, 41.37201],\n  [-74.63690, 41.37249],\n  [-74.63517, 41.37159],\n  [-74.63285, 41.37060],\n  [-74.63020, 41.37007],\n  [-74.62764, 41.36949],\n  [-74.62583, 41.36803],\n  [-74.62357, 41.36684],\n  [-74.62131, 41.36711],\n  [-74.61920, 41.36873],\n  [-74.61772, 41.37046],\n  [-74.61949, 41.37207],\n  [-74.62060, 41.37387],\n  [-74.62261, 41.37458],\n  [-74.62136, 41.37656],\n  [-74.62065, 41.37836],\n  [-74.61952, 41.38019],\n  [-74.61724, 41.38127],\n  [-74.61563, 41.38279],\n  [-74.61400, 41.38446],\n  [-74.61453, 41.38600],\n  [-74.61681, 41.38688],\n  [-74.61913, 41.38798],\n  [-74.61992, 41.38946],\n  [-74.61863, 41.39118],\n  [-74.62016, 41.39103],\n  [-74.62228, 41.39056],\n  [-74.62335, 41.39230],\n  [-74.62241, 41.39421],\n  [-74.62296, 41.39589],\n  [-74.62355, 41.39701],\n  [-74.62180, 41.39865],\n  [-74.62003, 41.40035],\n  [-74.61828, 41.40202],\n  [-74.61660, 41.40362],\n  [-74.61500, 41.40535],\n  [-74.61496, 41.40451],\n  [-74.61279, 41.40598],\n  [-74.61096, 41.40755],\n  [-74.60866, 41.40825],\n  [-74.60675, 41.40964],\n  [-74.60571, 41.41072],\n  [-74.60599, 41.41215],\n  [-74.60458, 41.41397],\n  [-74.60288, 41.41534],\n  [-74.60159, 41.41709],\n  [-74.60020, 41.41889],\n  [-74.59914, 41.42069],\n  [-74.59803, 41.42256],\n  [-74.59744, 41.42462],\n  [-74.59645, 41.42642],\n  [-74.59583, 41.42824],\n  [-74.59427, 41.43010],\n  [-74.59299, 41.43193],\n  [-74.59168, 41.43371],\n  [-74.59042, 41.43572],\n  [-74.58910, 41.43757],\n  [-74.58785, 41.43929],\n  [-74.58646, 41.44134],\n  [-74.58529, 41.44303],\n  [-74.58389, 41.44494],\n  [-74.58248, 41.44664],\n  [-74.58065, 41.44814],\n  [-74.57856, 41.44957],\n  [-74.57748, 41.45152],\n  [-74.57633, 41.45346],\n  [-74.57509, 41.45533],\n  [-74.57426, 41.45735],\n  [-74.57373, 41.45933],\n  [-74.57217, 41.46119],\n  [-74.57000, 41.46254],\n  [-74.56853, 41.46431],\n  [-74.56740, 41.46619],\n  [-74.56596, 41.46790],\n  [-74.56433, 41.46973],\n  [-74.56267, 41.47140],\n  [-74.56090, 41.47311],\n  [-74.55959, 41.47490],\n  [-74.55738, 41.47609],\n  [-74.55455, 41.47607],\n  [-74.55431, 41.47702],\n  [-74.55501, 41.47923],\n  [-74.55541, 41.48029],\n  [-74.55399, 41.47996],\n  [-74.55389, 41.47823],\n  [-74.55304, 41.48000],\n  [-74.55263, 41.48190],\n  [-74.55068, 41.48333],\n  [-74.55073, 41.48437],\n  [-74.55006, 41.48632],\n  [-74.54926, 41.48825],\n  [-74.54958, 41.49027],\n  [-74.55002, 41.49231],\n  [-74.55081, 41.49407],\n  [-74.55164, 41.49594],\n  [-74.55329, 41.49688],\n  [-74.55276, 41.49887],\n  [-74.55122, 41.50055],\n  [-74.54992, 41.50224],\n  [-74.54783, 41.50373],\n  [-74.54631, 41.50534],\n  [-74.54508, 41.50732],\n  [-74.54526, 41.50897],\n  [-74.54632, 41.51039],\n  [-74.54625, 41.51230],\n  [-74.54413, 41.51259],\n  [-74.54189, 41.51333],\n  [-74.54004, 41.51484],\n  [-74.53818, 41.51637],\n  [-74.53636, 41.51794],\n  [-74.53437, 41.51958],\n  [-74.53256, 41.52125],\n  [-74.53087, 41.52280],\n  [-74.52891, 41.52436],\n  [-74.52696, 41.52583],\n  [-74.52488, 41.52720],\n  [-74.52266, 41.52844],\n  [-74.52016, 41.52968],\n  [-74.51795, 41.53089],\n  [-74.51603, 41.53238],\n  [-74.51425, 41.53398],\n  [-74.51228, 41.53549],\n  [-74.51036, 41.53709],\n  [-74.50845, 41.53869],\n  [-74.50665, 41.54018],\n  [-74.50469, 41.54174],\n  [-74.50284, 41.54309],\n  [-74.50070, 41.54460],\n  [-74.49879, 41.54604],\n  [-74.49682, 41.54747],\n  [-74.49485, 41.54907],\n  [-74.49341, 41.55086],\n  [-74.49202, 41.55271],\n  [-74.49060, 41.55458],\n  [-74.48924, 41.55642],\n  [-74.48782, 41.55828],\n  [-74.48643, 41.56014],\n  [-74.48511, 41.56186],\n  [-74.48656, 41.56367],\n  [-74.48660, 41.56541],\n  [-74.48468, 41.56692],\n  [-74.48378, 41.56902],\n  [-74.48363, 41.57098],\n  [-74.48348, 41.57315],\n  [-74.48270, 41.57479],\n  [-74.48037, 41.57370],\n  [-74.47800, 41.57264],\n  [-74.47556, 41.57155],\n  [-74.47269, 41.57152],\n  [-74.47099, 41.57297],\n  [-74.46904, 41.57446],\n  [-74.46683, 41.57525],\n  [-74.46485, 41.57587],\n  [-74.46289, 41.57741],\n  [-74.46050, 41.57810],\n  [-74.45839, 41.57909],\n  [-74.45777, 41.57826],\n  [-74.45532, 41.57887],\n  [-74.45360, 41.58010],\n  [-74.45185, 41.58156],\n  [-74.45094, 41.58327],\n  [-74.44935, 41.58489],\n  [-74.44880, 41.58654],\n  [-74.44693, 41.58722],\n  [-74.44615, 41.58823],\n  [-74.44411, 41.58891],\n  [-74.44411, 41.59077],\n  [-74.44284, 41.59242],\n  [-74.44082, 41.59361],\n  [-74.43932, 41.59530],\n  [-74.43838, 41.59713],\n  [-74.43779, 41.59890],\n  [-74.43672, 41.60071],\n  [-74.43667, 41.60240],\n  [-74.43582, 41.60391],\n  [-74.43465, 41.60521],\n  [-74.43576, 41.60698],\n  [-74.43473, 41.60850],\n  [-74.43477, 41.61000],\n  [-74.43441, 41.61091],\n  [-74.43289, 41.61219],\n  [-74.43207, 41.61398],\n  [-74.43073, 41.61560],\n  [-74.42882, 41.61668],\n  [-74.42821, 41.61696],\n  [-74.42679, 41.61784],\n  [-74.42622, 41.61965],\n  [-74.42612, 41.62149],\n  [-74.42587, 41.62355],\n  [-74.42546, 41.62553],\n  [-74.42480, 41.62725],\n  [-74.42528, 41.62910],\n  [-74.42439, 41.63081],\n  [-74.42413, 41.63248],\n  [-74.42176, 41.63318],\n  [-74.42145, 41.63501],\n  [-74.42179, 41.63683],\n  [-74.42022, 41.63688],\n  [-74.41931, 41.63582],\n  [-74.41743, 41.63707],\n  [-74.41677, 41.63908],\n  [-74.41618, 41.64072],\n  [-74.41457, 41.64238],\n  [-74.41421, 41.64424],\n  [-74.41363, 41.64610],\n  [-74.41263, 41.64776],\n  [-74.41229, 41.64945],\n  [-74.41057, 41.65079],\n  [-74.40898, 41.65250],\n  [-74.40788, 41.65427],\n  [-74.40712, 41.65610],\n  [-74.40713, 41.65794],\n  [-74.40701, 41.65970],\n  [-74.40749, 41.66147],\n  [-74.40843, 41.66304],\n  [-74.40809, 41.66469],\n  [-74.40872, 41.66504],\n  [-74.40854, 41.66660],\n  [-74.40968, 41.66821],\n  [-74.40873, 41.67002],\n  [-74.40766, 41.67174],\n  [-74.40672, 41.67370],\n  [-74.40519, 41.67539],\n  [-74.40397, 41.67738],\n  [-74.40295, 41.67925],\n  [-74.40167, 41.68118],\n  [-74.40027, 41.68281],\n  [-74.39937, 41.68479],\n  [-74.39816, 41.68646],\n  [-74.39687, 41.68846],\n  [-74.39561, 41.69007],\n  [-74.39441, 41.69201],\n  [-74.39378, 41.69248],\n  [-74.39253, 41.69176],\n  [-74.39069, 41.69022],\n  [-74.39028, 41.68835],\n  [-74.38959, 41.68655],\n  [-74.38760, 41.68509],\n  [-74.38603, 41.68360],\n  [-74.38421, 41.68208],\n  [-74.38172, 41.68120],\n  [-74.37942, 41.68096],\n  [-74.37733, 41.67982],\n  [-74.37578, 41.67898],\n  [-74.37437, 41.67750],\n  [-74.37342, 41.67797],\n  [-74.37207, 41.67781],\n  [-74.37079, 41.67824],\n  [-74.36967, 41.67939],\n  [-74.36861, 41.67865],\n  [-74.36670, 41.67786],\n  [-74.36456, 41.67700],\n  [-74.36345, 41.67557],\n  [-74.36100, 41.67498],